teks,label,teks_asli,teks_bersih,ada_unicode_font,ada_nama_situs,ada_angka_judi,ada_caps_aneh,ada_keyword_judi
Lah ke sol*r*a yg nunggu 1 jam aja masih gw tunggu in 😂,0.0,Lah ke sol*r*a yg nunggu 1 jam aja masih gw tunggu in 😂,lah ke sol r a yg nunggu i jam aja masih gw tunggu in,1.0,0.0,0.0,0.0,0.0
"Waktu tunggu normal kok, kalau gak mau ngantri masak sendiri aja. Yang review orang2 manja yang gak pernah memasak. Orang indo mau cepat dan hasil sempurna tapi 074k gak punya😂😂😂",0.0,"Waktu tunggu normal kok, kalau gak mau ngantri masak sendiri aja. Yang review orang2 manja yang gak pernah memasak. Orang indo mau cepat dan hasil sempurna tapi 074k gak punya😂😂😂",waktu tunggu normal kok kalau gak mau ngantri masak sendiri aja yang review orang 2 manja yang gak pernah memasak orang indo mau cepat dan hasil sempurna tapi otak gak punya,1.0,0.0,0.0,0.0,0.0
Murah sih daripada bakso tetelan di atas tadi harganya 35k baksonya 4,0.0,Murah sih daripada bakso tetelan di atas tadi harganya 35k baksonya 4,murah sih daripada bakso tetelan di atas tadi harganya esk baksonya a,0.0,0.0,0.0,0.0,0.0
"emang dasar konsumen masih banyak yg ga sabaran+tolol emang , lampu baru ijo aja udah mainin klakson dikira lagi dragrace apa yak. Perkara makanan nunggu 10-15 menit juga gasabaran , mending masak sendiri sono dah masak mie tuh 3 menit jadi 😂",0.0,"emang dasar konsumen masih banyak yg ga sabaran+tolol emang , lampu baru ijo aja udah mainin klakson dikira lagi dragrace apa yak. Perkara makanan nunggu 10-15 menit juga gasabaran , mending masak sendiri sono dah masak mie tuh 3 menit jadi 😂",emang dasar konsumen masih banyak yg ga sabaranttolol emang lampu baru ijo aja udah mainin klakson dikira lagi dragrace apa yak perkara makanan nunggu io is menit juga gasabaran mending masak sendiri sono dah masak mie tuh e menit jadi,1.0,0.0,0.0,0.0,1.0
15 menit mah bentar banget😂,0.0,15 menit mah bentar banget😂,is menit mah bentar banget,1.0,0.0,0.0,0.0,0.0
Apalagi kalo harus pesanan yang sampe setengah jam gimana ya orang kek gitu,0.0,Apalagi kalo harus pesanan yang sampe setengah jam gimana ya orang kek gitu,apalagi kalo harus pesanan yang sampe setengah jam gimana ya orang kek gitu,0.0,0.0,0.0,0.0,0.0
Buka dong di kota sukabumi... ngiler,0.0,Buka dong di kota sukabumi... ngiler,buka dong di kota sukabumi ngiler,0.0,0.0,0.0,0.0,0.0
Nunggu 15 menit mah maen game ge gk krasa,0.0,Nunggu 15 menit mah maen game ge gk krasa,nunggu is menit mah maen game ge gk krasa,0.0,0.0,0.0,0.0,0.0
15 menit itu lumayan cepet. Gacoan di Woltermangunsidi Semarang nunggu 1 jam 30 menit,0.0,15 menit itu lumayan cepet. Gacoan di Woltermangunsidi Semarang nunggu 1 jam 30 menit,is menit itu lumayan cepet gacoan di woltermangunsidi semarang nunggu i jam eo menit,0.0,0.0,0.0,0.0,0.0
Blom pernah ngantri gavoan niih keknya,0.0,Blom pernah ngantri gavoan niih keknya,blom pernah ngantri gavoan niih keknya,0.0,0.0,0.0,0.0,0.0
Bjirr nunggu 15 menit doang kgk mauuu,0.0,Bjirr nunggu 15 menit doang kgk mauuu,bjirr nunggu is menit doang kgk mauuu,0.0,0.0,0.0,0.0,0.0
"Saya Juga pernah jualan steak ayam franchise namanya kuy steak ,padahal mah ngga bikin kesalahan emang pada ngga mau sabar ajh ,bayangin ajh ayam kalo masih mentah itu bahaya makanya masak nya agal lama",0.0,"Saya Juga pernah jualan steak ayam franchise namanya kuy steak ,padahal mah ngga bikin kesalahan emang pada ngga mau sabar ajh ,bayangin ajh ayam kalo masih mentah itu bahaya makanya masak nya agal lama",saya juga pernah jualan steak ayam franchise namanya kuy steak padahal mah ngga bikin kesalahan emang pada ngga mau sabar ajh bayangin ajh ayam kalo masih mentah itu bahaya makanya masak nya agal lama,0.0,0.0,0.0,0.0,0.0
"Krn goreng nya harus api sedang ,supaya matang sampai ke dalam ,kalo aku pake cabe bubuk desaku,biar bisa merah sampai ke dalam dan taste pedes ,bahan yg mudah di beli di tukang sayur 🤭",0.0,"Krn goreng nya harus api sedang ,supaya matang sampai ke dalam ,kalo aku pake cabe bubuk desaku,biar bisa merah sampai ke dalam dan taste pedes ,bahan yg mudah di beli di tukang sayur 🤭",krn goreng nya harus api sedang supaya matang sampai ke dalam kalo aku pake cabe bubuk desaku biar bisa merah sampai ke dalam dan taste pedes bahan yg mudah di beli di tukang sayur,1.0,0.0,0.0,0.0,0.0
"15 menit wak. Buat fresh fried masih terbilang wajar. Aku nunggu esteh sama mie tek tek warmindo, 55 menit. Keburu dehidrasi la. Nongkrong 2 jam sejamnya nunggu makanan kocak",0.0,"15 menit wak. Buat fresh fried masih terbilang wajar. Aku nunggu esteh sama mie tek tek warmindo, 55 menit. Keburu dehidrasi la. Nongkrong 2 jam sejamnya nunggu makanan kocak",is menit wak buat fresh fried masih terbilang wajar aku nunggu esteh sama mie tek tek warmindo ss menit keburu dehidrasi la nongkrong 2 jam sejamnya nunggu makanan kocak,0.0,0.0,0.0,0.0,0.0
Wah enak tuh pakai beras nya basmati,0.0,Wah enak tuh pakai beras nya basmati,wah enak tuh pakai beras nya basmati,0.0,0.0,0.0,0.0,0.0
Meanwhile nunggu di SS sampe 2 jam😂,0.0,Meanwhile nunggu di SS sampe 2 jam😂,meanwhile nunggu di ss sampe 2 jam,1.0,0.0,0.0,0.0,0.0
Boleh ambil sampai batuk 😂,0.0,Boleh ambil sampai batuk 😂,boleh ambil sampai batuk,1.0,0.0,0.0,0.0,0.0
"Emang ada yha yg komplen ngu makanan 15 menit?? Udah gak makan 3 hari kah?? Kalo mau cpt ke warteg ato nasi padang. Pdhl gampang, cuma manusia sendiri yg bikin ribet. 😂😂😂😂😂😂",0.0,"Emang ada yha yg komplen ngu makanan 15 menit?? Udah gak makan 3 hari kah?? Kalo mau cpt ke warteg ato nasi padang. Pdhl gampang, cuma manusia sendiri yg bikin ribet. 😂😂😂😂😂😂",emang ada yha yg komplen ngu makanan is menit udah gak makan e hari kah kalo mau cpt ke warteg ato nasi padang pdhl gampang cuma manusia sendiri yg bikin ribet,1.0,0.0,0.0,0.0,1.0
kyaknya msh normal 15,0.0,kyaknya msh normal 15,kyaknya msh normal is,0.0,0.0,0.0,0.0,0.0
Lah Kan KFC juga di goreng dr mentah liat aja sering ada air nya keluar dr kulit Pahanya..Ayam digoreng 1/4 jam itu udh mateng...kan minyak sangat Panas..,0.0,Lah Kan KFC juga di goreng dr mentah liat aja sering ada air nya keluar dr kulit Pahanya..Ayam digoreng 1/4 jam itu udh mateng...kan minyak sangat Panas..,lah kan kfc juga di goreng dr mentah liat aja sering ada air nya keluar dr kulit pahanya ayam digoreng i a jam itu udh mateng kan minyak sangat panas,0.0,0.0,0.0,0.0,0.0
halal ga kak? takut kaya widuran,0.0,halal ga kak? takut kaya widuran,halal ga kak takut kaya widuran,0.0,0.0,0.0,0.0,0.0
"yaelah, perkara nunggu 15-20menit aja jadi perkara, klo makan dWarteg, makanan udah mateng tinggal tunjuk pilih makan tapi terus nunggu 15menit baru bisa makan mgkn wajar jadi ga sabar, cuma kalau makan dtempat makan yg makanannya harus dmasak dlu baru bisa disajiin ya wajarlah nunggu 15-20menit, gpp, asal ga 2jam. nunggu 15-20menit aja ga sabaran, customer apaan lu? bocil micin? jiwa micin meronta ronta, naudzubillah",0.0,"yaelah, perkara nunggu 15-20menit aja jadi perkara, klo makan dWarteg, makanan udah mateng tinggal tunjuk pilih makan tapi terus nunggu 15menit baru bisa makan mgkn wajar jadi ga sabar, cuma kalau makan dtempat makan yg makanannya harus dmasak dlu baru bisa disajiin ya wajarlah nunggu 15-20menit, gpp, asal ga 2jam. nunggu 15-20menit aja ga sabaran, customer apaan lu? bocil micin? jiwa micin meronta ronta, naudzubillah",yaelah perkara nunggu is 2 omenit aja jadi perkara klo makan dwarteg makanan udah mateng tinggal tunjuk pilih makan tapi terus nunggu ismenit baru bisa makan mgkn wajar jadi ga sabar cuma kalau makan dtempat makan yg makanannya harus dmasak dlu baru bisa disajiin ya wajarlah nunggu is 2 omenit gpp asal ga 2 jam nunggu is 2 omenit aja ga sabaran customer apaan lu bocil micin jiwa micin meronta ronta naudzubillah,0.0,0.0,0.0,0.0,1.0
kalau mau cpet makan nasi padang😅,0.0,kalau mau cpet makan nasi padang😅,kalau mau cpet makan nasi padang,1.0,0.0,0.0,0.0,0.0
Ini ayam merah Malaysia bkn sih,0.0,Ini ayam merah Malaysia bkn sih,ini ayam merah malaysia bkn sih,0.0,0.0,0.0,0.0,0.0
Kol goreng bikin kangker.,0.0,Kol goreng bikin kangker.,kol goreng bikin kangker,0.0,0.0,0.0,0.0,0.0
Halal ke haram widuri 😂😂😂,0.0,Halal ke haram widuri 😂😂😂,halal ke haram widuri,1.0,0.0,0.0,0.0,0.0
Gelo hidup nya sesibuk apa nunggu 10-15 mnt gabisa?😂 Gausa beli kt gw mah wkwk,0.0,Gelo hidup nya sesibuk apa nunggu 10-15 mnt gabisa?😂 Gausa beli kt gw mah wkwk,gelo hidup nya sesibuk apa nunggu io is mnt gabisa gausa beli kt gw mah wkwk,1.0,0.0,0.0,0.0,0.0
Gara2 ayam widuran jd ragu takut ga halal tp keliatan enak ayamnya,0.0,Gara2 ayam widuran jd ragu takut ga halal tp keliatan enak ayamnya,gara 2 ayam widuran jd ragu takut ga halal tp keliatan enak ayamnya,0.0,0.0,0.0,0.0,0.0
Ini konten yang relate sama gue Meraih kemenangan besar di ambil4d langsung berlibur ke luar negeri!,0.0,Ini konten yang relate sama gue Meraih kemenangan besar di ambil4d langsung berlibur ke luar negeri!,ini konten yang relate sama gue meraih kemenangan besar di ambilad langsung berlibur ke luar negerii,0.0,0.0,0.0,0.0,0.0
Ketik google ambil4d abis itu klik deh baru ketauan apa itu ambil4d,1.0,Ketik google ambil4d abis itu klik deh baru ketauan apa itu ambil4d,ketik google ambilad abis itu klik deh baru ketauan apa itu ambilad,0.0,0.0,0.0,0.0,0.0
Ternyata kita bisa main di ambil4d melalui iphone juga ya,1.0,Ternyata kita bisa main di ambil4d melalui iphone juga ya,ternyata kita bisa main di ambilad melalui iphone juga ya,0.0,0.0,0.0,0.0,0.0
Keren maksimal! Menang banyak di ambil4d auto jadi sultan surabaya nih!,1.0,Keren maksimal! Menang banyak di ambil4d auto jadi sultan surabaya nih!,keren maksimali menang banyak di ambilad auto jadi sultan surabaya nihi,0.0,0.0,0.0,0.0,1.0
Sangat keren! Meraih kemenangan besar di ambil4d langsung berlibur ke luar negeri!,1.0,Sangat keren! Meraih kemenangan besar di ambil4d langsung berlibur ke luar negeri!,sangat kereni meraih kemenangan besar di ambilad langsung berlibur ke luar negerii,0.0,0.0,0.0,0.0,0.0
Aku gak percaya rezeki bisa datang tanpa usaha tapi di ambil4d semua bisa terjadi!,1.0,Aku gak percaya rezeki bisa datang tanpa usaha tapi di ambil4d semua bisa terjadi!,aku gak percaya rezeki bisa datang tanpa usaha tapi di ambilad semua bisa terjadii,0.0,0.0,0.0,0.0,0.0
Main di ambil4d seru banget langsung dapat rezeki nggak terduga!,1.0,Main di ambil4d seru banget langsung dapat rezeki nggak terduga!,main di ambilad seru banget langsung dapat rezeki nggak terdugai,0.0,0.0,0.0,0.0,0.0
modal limpol jadi gope makasi ambil4d,1.0,modal limpol jadi gope makasi ambil4d,modal limpol jadi gope makasi ambilad,0.0,0.0,0.0,0.0,0.0
Terus buat konten kaya gini bang. sangat bermanfaat! ambil4d,1.0,Terus buat konten kaya gini bang. sangat bermanfaat! ambil4d,terus buat konten kaya gini bang sangat bermanfaati ambilad,0.0,0.0,0.0,0.0,0.0
Bermain di ambil4d uang jajan jadi nggak habis-habis!,1.0,Bermain di ambil4d uang jajan jadi nggak habis-habis!,bermain di ambilad uang jajan jadi nggak habis habisi,0.0,0.0,0.0,0.0,0.0
idihh asik amat sangat nih web ambil4d ngerasain maxwin juga,1.0,idihh asik amat sangat nih web ambil4d ngerasain maxwin juga,idihh asik amat sangat nih web ambilad ngerasain maxwin juga,0.0,0.0,0.0,0.0,1.0
Di kamar mandi lama lama ngapain sih? YA MAIN DI ambil4d LAH BOY🥶,1.0,Di kamar mandi lama lama ngapain sih? YA MAIN DI ambil4d LAH BOY🥶,di kamar mandi lama lama ngapain sih ya main di ambilad lah boy,1.0,0.0,0.0,0.0,0.0
Keberuntungan saya bener-bener gacir di ambil4d nggak nyangka!,1.0,Keberuntungan saya bener-bener gacir di ambil4d nggak nyangka!,keberuntungan saya bener bener gacir di ambilad nggak nyangkai,0.0,0.0,0.0,0.0,1.0
ambil4d tempat hoki yang nggak ada duanya!,1.0,ambil4d tempat hoki yang nggak ada duanya!,ambilad tempat hoki yang nggak ada duanyai,0.0,0.0,0.0,0.0,1.0
Cuma ambil4d nih yang langsung ngasih JP besar. Mantap bro,1.0,Cuma ambil4d nih yang langsung ngasih JP besar. Mantap bro,cuma ambilad nih yang langsung ngasih jp besar mantap bro,0.0,0.0,0.0,0.0,0.0
Hari yang menyenangkan berkat ambil4d! Rezeki ada disini!,1.0,Hari yang menyenangkan berkat ambil4d! Rezeki ada disini!,hari yang menyenangkan berkat ambiladi rezeki ada disinii,0.0,0.0,0.0,0.0,0.0
Masih yng terbaik situs ambil4d ini  gak depo terus masih ada wd nya disini,1.0,Masih yng terbaik situs ambil4d ini  gak depo terus masih ada wd nya disini,masih yng terbaik situs ambilad ini gak depo terus masih ada wd nya disini,0.0,0.0,0.0,0.0,0.0
Film ini mengajarkan kita untuk menjadi baik di apapun situasinya salam ambil4d,1.0,Film ini mengajarkan kita untuk menjadi baik di apapun situasinya salam ambil4d,film ini mengajarkan kita untuk menjadi baik di apapun situasinya salam ambilad,0.0,0.0,0.0,0.0,0.0
Yapp ini penjelasan paling realistis dan gabisa di debat lagi. Perfect bro gas google sekarang ambil4d,1.0,Yapp ini penjelasan paling realistis dan gabisa di debat lagi. Perfect bro gas google sekarang ambil4d,yapp ini penjelasan paling realistis dan gabisa di debat lagi perfect bro gas google sekarang ambilad,0.0,0.0,0.0,0.0,0.0
Gak pernah cape main ambil4d selalu ada yang baru!,1.0,Gak pernah cape main ambil4d selalu ada yang baru!,gak pernah cape main ambilad selalu ada yang barui,0.0,0.0,0.0,0.0,0.0
ada yang bisa jelasin ambil4d itu apa?,1.0,ada yang bisa jelasin ambil4d itu apa?,ada yang bisa jelasin ambilad itu apa,0.0,0.0,0.0,0.0,0.0
ambil4d gue hki trus bener-bener beda di sini,1.0,ambil4d gue hki trus bener-bener beda di sini,ambilad gue hki trus bener bener beda di sini,1.0,0.0,0.0,0.0,1.0
itu si rojali doyan banget main di ambil4d sampe kebeli mobil,1.0,itu si rojali doyan banget main di ambil4d sampe kebeli mobil,itu si rojali doyan banget main di ambilad sampe kebeli mobil,0.0,0.0,0.0,0.0,0.0
ambil4d tiap hari ada aja yang hki geede,1.0,ambil4d tiap hari ada aja yang hki geede,ambilad tiap hari ada aja yang hki geede,0.0,0.0,0.0,0.0,0.0
Pantes banyak yang komen ambil4d cuan terus menerus tanpa ada jeda!,1.0,Pantes banyak yang komen ambil4d cuan terus menerus tanpa ada jeda!,pantes banyak yang komen ambilad cuan terus menerus tanpa ada jedai,0.0,0.0,0.0,0.0,0.0
Selamat Tahun Baru ambil4d Gacor Selalu 🎉🎉🎉🎉,1.0,Selamat Tahun Baru ambil4d Gacor Selalu 🎉🎉🎉🎉,selamat tahun baru ambilad gacor selalu,0.0,0.0,0.0,0.0,0.0
alasan aku menikah karena aku dapat modal dari ambil4d,1.0,alasan aku menikah karena aku dapat modal dari ambil4d,alasan aku menikah karena aku dapat modal dari ambilad,0.0,0.0,0.0,0.0,0.0
hmm kalo bonekanya di ubah jadi barbie kira kira masih serem ga ya salam ambil4d,1.0,hmm kalo bonekanya di ubah jadi barbie kira kira masih serem ga ya salam ambil4d,hmm kalo bonekanya di ubah jadi barbie kira kira masih serem ga ya salam ambilad,1.0,0.0,0.0,0.0,1.0
Main di ambil4d uang jajan lancar tiap hari!,1.0,Main di ambil4d uang jajan lancar tiap hari!,main di ambilad uang jajan lancar tiap harii,0.0,0.0,0.0,0.0,0.0
Ketauan yg gak sabaran gak pernah masak wkwkw,0.0,Ketauan yg gak sabaran gak pernah masak wkwkw,ketauan yg gak sabaran gak pernah masak wkwkw,0.0,0.0,0.0,0.0,0.0
"Gk tau knp aq gk terlalu suka daging ayam... Aq lbh suka ikan kyk ikan patin, nila dll.. & msaknya di bkar bkn di goreng lbh mantap lg...",0.0,"Gk tau knp aq gk terlalu suka daging ayam... Aq lbh suka ikan kyk ikan patin, nila dll.. & msaknya di bkar bkn di goreng lbh mantap lg...",gk tau knp aq gk terlalu suka daging ayam aq lbh suka ikan kyk ikan patin nila dll msaknya di bkar bkn di goreng lbh mantap lg,1.0,0.0,0.0,0.0,0.0
"Gorengnya 15 menit, trs lu dtg masuk antrian ke 30. Yaudah lu kali'in dah, jd klo ga sabar pesen menu lain aja.",0.0,"Gorengnya 15 menit, trs lu dtg masuk antrian ke 30. Yaudah lu kali'in dah, jd klo ga sabar pesen menu lain aja.",gorengnya is menit trs lu dtg masuk antrian ke eo yaudah lu kali in dah jd klo ga sabar pesen menu lain aja,1.0,0.0,0.0,0.0,0.0
"10 - 15 menit emang wajar ngga sih? Hotway's aja nunggu 10 menit, kalau rame bisa 20mnt wajar heh, bukan fast food",0.0,"10 - 15 menit emang wajar ngga sih? Hotway's aja nunggu 10 menit, kalau rame bisa 20mnt wajar heh, bukan fast food",io is menit emang wajar ngga sih hotway s aja nunggu io menit kalau rame bisa 2 omnt wajar heh bukan fast food,0.0,0.0,0.0,0.0,0.0
"kalo ga sabar ya pesen dulu, sambil otw ke resto kan jadii.. tp gw ngerasain sih bawa bocil 1th rasanya nunggu 15 menit tuh lamaaaa banget, ada bocil ngerasa bosen, bocilnya minta keluar resto dll.. tp gw ttep sabar sihh, btw sblm punya anak jg nunggu ½ jam pun kerasa sebentar karna scroll hp😂",0.0,"kalo ga sabar ya pesen dulu, sambil otw ke resto kan jadii.. tp gw ngerasain sih bawa bocil 1th rasanya nunggu 15 menit tuh lamaaaa banget, ada bocil ngerasa bosen, bocilnya minta keluar resto dll.. tp gw ttep sabar sihh, btw sblm punya anak jg nunggu ½ jam pun kerasa sebentar karna scroll hp😂",kalo ga sabar ya pesen dulu sambil otw ke resto kan jadii tp gw ngerasain sih bawa bocil ith rasanya nunggu is menit tuh lamaaaa banget ada bocil ngerasa bosen bocilnya minta keluar resto dll tp gw ttep sabar sihh btw sblm punya anak jg nunggu i 2 jam pun kerasa sebentar karna scroll hp,0.0,0.0,0.0,0.0,0.0
"Namanya juga orang lapar itu rese wkwkw, kayak iklan ""LU RESE KALAU LAGI LAPER""",0.0,"Namanya juga orang lapar itu rese wkwkw, kayak iklan ""LU RESE KALAU LAGI LAPER""",namanya juga orang lapar itu rese wkwkw kayak iklan lu rese kalau lagi laper,0.0,0.0,0.0,0.0,0.0
Yang ga ngotak ngantri gacoan satu jam nunggu 30 menit makan ga sampe 15 menit,0.0,Yang ga ngotak ngantri gacoan satu jam nunggu 30 menit makan ga sampe 15 menit,yang ga ngotak ngantri gacoan satu jam nunggu eo menit makan ga sampe is menit,1.0,0.0,0.0,0.0,0.0
Free refill sampe batuk ajg🤣🤣🤣🤣,0.0,Free refill sampe batuk ajg🤣🤣🤣🤣,free refill sampe batuk ajg,1.0,0.0,0.0,0.0,0.0
Enak tuh gak ngaruh mau nunggu lama yg penting enak 👍🤤,0.0,Enak tuh gak ngaruh mau nunggu lama yg penting enak 👍🤤,enak tuh gak ngaruh mau nunggu lama yg penting enak,0.0,0.0,0.0,0.0,0.0
Bakal mampir nih hehe,0.0,Bakal mampir nih hehe,bakal mampir nih hehe,1.0,0.0,0.0,0.0,0.0
"Gw jualan ayam geprek, dan goreng ayam crispy kek gt waktu normalnya 10-15 menit emang, terutama paha bawah, klo kecepetan bakal mentah bagian dalemnya",0.0,"Gw jualan ayam geprek, dan goreng ayam crispy kek gt waktu normalnya 10-15 menit emang, terutama paha bawah, klo kecepetan bakal mentah bagian dalemnya",gw jualan ayam geprek dan goreng ayam crispy kek gt waktu normalnya io is menit emang terutama paha bawah klo kecepetan bakal mentah bagian dalemnya,0.0,0.0,0.0,0.0,0.0
"Suka banget ayam goreng yg begini.. klo yg ungkep kdg sering terlalu kering dagingnya, wlwpun yg dipesan paha dan ga ada rasa gurih manis dr ayam, ketutupan sama rasa rempah bumbu ungkep.",0.0,"Suka banget ayam goreng yg begini.. klo yg ungkep kdg sering terlalu kering dagingnya, wlwpun yg dipesan paha dan ga ada rasa gurih manis dr ayam, ketutupan sama rasa rempah bumbu ungkep.",suka banget ayam goreng yg begini klo yg ungkep kdg sering terlalu kering dagingnya wlwpun yg dipesan paha dan ga ada rasa gurih manis dr ayam ketutupan sama rasa rempah bumbu ungkep,0.0,0.0,0.0,0.0,0.0
Looks-nya menggoda bgt 😭,0.0,Looks-nya menggoda bgt 😭,looks nya menggoda bgt,0.0,0.0,0.0,0.0,0.0
15 menit scrol yutub gk kerasa tau lebay bgt si pada 😂kalo aku yg beli dan katanya enak mau nunggu samoe 30 gue jabanin kecuali 1 jam gk ah,0.0,15 menit scrol yutub gk kerasa tau lebay bgt si pada 😂kalo aku yg beli dan katanya enak mau nunggu samoe 30 gue jabanin kecuali 1 jam gk ah,is menit scrol yutub gk kerasa tau lebay bgt si pada kalo aku yg beli dan katanya enak mau nunggu samoe eo gue jabanin kecuali i jam gk ah,0.0,0.0,0.0,0.0,0.0
Kayak ayam yg ada di Thailand ya,0.0,Kayak ayam yg ada di Thailand ya,kayak ayam yg ada di thailand ya,0.0,0.0,0.0,0.0,0.0
"Jadi merahnya itu karena masih ada darahnya atau gmn ya? Soalnya jujur aja, aku gak berani lanjut makan begitu liat masih merah di dalam daging ayamnya. Gak tau halal atau haram jatuhnya 😅",0.0,"Jadi merahnya itu karena masih ada darahnya atau gmn ya? Soalnya jujur aja, aku gak berani lanjut makan begitu liat masih merah di dalam daging ayamnya. Gak tau halal atau haram jatuhnya 😅",jadi merahnya itu karena masih ada darahnya atau gmn ya soalnya jujur aja aku gak berani lanjut makan begitu liat masih merah di dalam daging ayamnya gak tau halal atau haram jatuhnya,0.0,0.0,0.0,0.0,0.0
Klo mau mereview produk makanan harusnya di sertakan informasi kehalalannya,0.0,Klo mau mereview produk makanan harusnya di sertakan informasi kehalalannya,klo mau mereview produk makanan harusnya di sertakan informasi kehalalannya,1.0,0.0,0.0,0.0,0.0
Di perumahan Duta mas ya?,0.0,Di perumahan Duta mas ya?,di perumahan duta mas ya,0.0,0.0,0.0,0.0,0.0
Buka d kota lain dong jogja gitu yg banyak anak rantaunya,0.0,Buka d kota lain dong jogja gitu yg banyak anak rantaunya,buka d kota lain dong jogja gitu yg banyak anak rantaunya,1.0,0.0,0.0,0.0,0.0
Minyak ny pake minyak B2 gk?,0.0,Minyak ny pake minyak B2 gk?,minyak ny pake minyak b 2 gk,1.0,0.0,0.0,0.0,0.0
Kremes nya halal kan?,0.0,Kremes nya halal kan?,kremes nya halal kan,1.0,0.0,0.0,0.0,0.0
15 menit mah ditinggal scroll sosmed sama login codm udah selesai tuh,0.0,15 menit mah ditinggal scroll sosmed sama login codm udah selesai tuh,is menit mah ditinggal scroll sosmed sama login codm udah selesai tuh,0.0,0.0,0.0,0.0,0.0
Laper kak..🥺,0.0,Laper kak..🥺,laper kak,1.0,0.0,0.0,0.0,0.0
"15 menit doang lama, ini aku lagi nunggu seblak udh 2 jam blm di anter"" Ni sampe sekarang",0.0,"15 menit doang lama, ini aku lagi nunggu seblak udh 2 jam blm di anter"" Ni sampe sekarang",is menit doang lama ini aku lagi nunggu seblak udh 2 jam blm di anter ni sampe sekarang,0.0,0.0,0.0,0.0,0.0
Yaelah 15 menit aja ga sabaran banget😂,0.0,Yaelah 15 menit aja ga sabaran banget😂,yaelah is menit aja ga sabaran banget,0.0,0.0,0.0,0.0,0.0
🤤🤤🤤 jadi pengen,0.0,🤤🤤🤤 jadi pengen,jadi pengen,1.0,0.0,0.0,0.0,0.0
15 menit mah main bus out dapet 5 level 😂😂,0.0,15 menit mah main bus out dapet 5 level 😂😂,is menit mah main bus out dapet s level,0.0,0.0,0.0,0.0,0.0
Lol makan mau nunggu malah malas,0.0,Lol makan mau nunggu malah malas,lol makan mau nunggu malah malas,1.0,0.0,0.0,0.0,1.0
Halal gak tuh? 😅,0.0,Halal gak tuh? 😅,halal gak tuh,0.0,0.0,0.0,0.0,0.0
Halal kan ya,0.0,Halal kan ya,halal kan ya,0.0,0.0,0.0,0.0,0.0
nunggu 15 menit makananya juga enak worth it lah,0.0,nunggu 15 menit makananya juga enak worth it lah,nunggu is menit makananya juga enak worth it lah,1.0,0.0,0.0,0.0,0.0
"nunggu 15 menit aja ga sabaran, lah gue nunggu antrian martabak 2 jam🗿",0.0,"nunggu 15 menit aja ga sabaran, lah gue nunggu antrian martabak 2 jam🗿",nunggu is menit aja ga sabaran lah gue nunggu antrian martabak 2 jam,0.0,0.0,0.0,0.0,0.0
Gara2 kasus halal disolo jadi harus lebih hati2.. karena mrk yg disolo sudah berjualan demikian lama tanpa tahu pakai minyak B2.,0.0,Gara2 kasus halal disolo jadi harus lebih hati2.. karena mrk yg disolo sudah berjualan demikian lama tanpa tahu pakai minyak B2.,gara 2 kasus halal disolo jadi harus lebih hati 2 karena mrk yg disolo sudah berjualan demikian lama tanpa tahu pakai minyak b 2,1.0,0.0,0.0,0.0,1.0
Pengusaha resto lain yg jujur pasti kena imbas gegara kasus di Solo kemaren 😢,0.0,Pengusaha resto lain yg jujur pasti kena imbas gegara kasus di Solo kemaren 😢,pengusaha resto lain yg jujur pasti kena imbas gegara kasus di solo kemaren,1.0,0.0,0.0,0.0,1.0
Yg berasa apa ka dari rempahnya?,0.0,Yg berasa apa ka dari rempahnya?,yg berasa apa ka dari rempahnya,0.0,0.0,0.0,0.0,1.0
Buat yang engga sabaran mending makan fast food,0.0,Buat yang engga sabaran mending makan fast food,buat yang engga sabaran mending makan fast food,0.0,0.0,0.0,0.0,0.0
Pengen bilang kayak mbaknya harga segitu adalah termasuk murah. 😢 Apalah daya makan cuma bisa seadanya.,0.0,Pengen bilang kayak mbaknya harga segitu adalah termasuk murah. 😢 Apalah daya makan cuma bisa seadanya.,pengen bilang kayak mbaknya harga segitu adalah termasuk murah apalah daya makan cuma bisa seadanya,0.0,0.0,0.0,0.0,0.0
Ponggol itu apa? Nasinya cantik warna biru,0.0,Ponggol itu apa? Nasinya cantik warna biru,ponggol itu apa nasinya cantik warna biru,0.0,0.0,0.0,0.0,0.0
Lebih mendingan ini dari pada restoran iben / sambak itu nunggu nya sampai 1 jam 😢 waktu itu gw makan sama pakde gw dan pakde gw bilang udh jangan makan di situ lagi wah kalo kayak gini sih waktu nya cepet banget🎉,0.0,Lebih mendingan ini dari pada restoran iben / sambak itu nunggu nya sampai 1 jam 😢 waktu itu gw makan sama pakde gw dan pakde gw bilang udh jangan makan di situ lagi wah kalo kayak gini sih waktu nya cepet banget🎉,lebih mendingan ini dari pada restoran iben sambak itu nunggu nya sampai i jam waktu itu gw makan sama pakde gw dan pakde gw bilang udh jangan makan di situ lagi wah kalo kayak gini sih waktu nya cepet banget,0.0,0.0,0.0,0.0,0.0
Lebay kali cuma 15menit doang komplain 😅 pelanggan bukanlah raja malah rakyat jelata dia yang butuh makan dia yang harus nunggu lah.,0.0,Lebay kali cuma 15menit doang komplain 😅 pelanggan bukanlah raja malah rakyat jelata dia yang butuh makan dia yang harus nunggu lah.,lebay kali cuma ismenit doang komplain pelanggan bukanlah raja malah rakyat jelata dia yang butuh makan dia yang harus nunggu lah,0.0,0.0,0.0,0.0,1.0
Restoran yang gak harus dimakan setiap hari,0.0,Restoran yang gak harus dimakan setiap hari,restoran yang gak harus dimakan setiap hari,0.0,0.0,0.0,0.0,0.0
"10-15 udh cepet bngt padahal, biasanya di KFC malah sampe 5jam nunggunya",0.0,"10-15 udh cepet bngt padahal, biasanya di KFC malah sampe 5jam nunggunya",io is udh cepet bngt padahal biasanya di kfc malah sampe sjam nunggunya,0.0,0.0,0.0,0.0,1.0
"Gegara warung ayam widuran solo, jadi harus nanya lagi ini halal atau nggak. Padahal. Dah jelas ayam tp karena widuran solo, jadi harus dicantumin logo halal",0.0,"Gegara warung ayam widuran solo, jadi harus nanya lagi ini halal atau nggak. Padahal. Dah jelas ayam tp karena widuran solo, jadi harus dicantumin logo halal",gegara warung ayam widuran solo jadi harus nanya lagi ini halal atau nggak padahal dah jelas ayam tp karena widuran solo jadi harus dicantumin logo halal,0.0,0.0,0.0,0.0,0.0
ambil4d..Modal sikit hasil membukit,1.0,ambil4d..Modal sikit hasil membukit,ambilad modal sikit hasil membukit,1.0,0.0,0.0,0.0,0.0
Ternyata bener kata2 orang di ambil4d! bisa menang banyak dan dibayar!,1.0,Ternyata bener kata2 orang di ambil4d! bisa menang banyak dan dibayar!,ternyata bener kata 2 orang di ambiladi bisa menang banyak dan dibayari,0.0,0.0,0.0,0.0,0.0
Tutorial dong bang daftar di ambil4d gimana caranya,1.0,Tutorial dong bang daftar di ambil4d gimana caranya,tutorial dong bang daftar di ambilad gimana caranya,0.0,0.0,0.0,0.0,0.0
Setiap hari selalu ada hal-hal baru dan menarik dari ambil4d bikin rasa penasaran terus terjaga!,1.0,Setiap hari selalu ada hal-hal baru dan menarik dari ambil4d bikin rasa penasaran terus terjaga!,setiap hari selalu ada hal hal baru dan menarik dari ambilad bikin rasa penasaran terus terjagai,0.0,0.0,0.0,0.0,0.0
Gak nyangka bisa menang segini di ambil4d! Auto senyum lebar!,1.0,Gak nyangka bisa menang segini di ambil4d! Auto senyum lebar!,gak nyangka bisa menang segini di ambiladi auto senyum lebari,0.0,0.0,0.0,0.0,0.0
SUPER MANTAP Baru main sekali langsung ketagihan seru banget! Udah gitu dapet hadiah yang bikin seneng. Yuk coba sendiri di  ambil4d   !,1.0,SUPER MANTAP Baru main sekali langsung ketagihan seru banget! Udah gitu dapet hadiah yang bikin seneng. Yuk coba sendiri di  ambil4d   !,super mantap baru main sekali langsung ketagihan seru bangeti udah gitu dapet hadiah yang bikin seneng yuk coba sendiri di ambilad i,0.0,0.0,0.0,0.0,1.0
Gw dukung terus bro █ambil4d█,1.0,Gw dukung terus bro █ambil4d█,gw dukung terus bro ambilad,0.0,0.0,0.0,0.0,0.0
hanya di ambil4d aku bisa ngerasain makkwin coyy kalian pasti bisa juga,1.0,hanya di ambil4d aku bisa ngerasain makkwin coyy kalian pasti bisa juga,hanya di ambilad aku bisa ngerasain makkwin coyy kalian pasti bisa juga,0.0,0.0,0.0,0.0,0.0
ambil4d saya gk pernah kalah hki trus maen di sini,1.0,ambil4d saya gk pernah kalah hki trus maen di sini,ambilad saya gk pernah kalah hki trus maen di sini,0.0,0.0,0.0,0.0,1.0
Gw pake trik ini udah lama sih hehe emang bener bener hoki di ambil4d klo pake trik ini,1.0,Gw pake trik ini udah lama sih hehe emang bener bener hoki di ambil4d klo pake trik ini,gw pake trik ini udah lama sih hehe emang bener bener hoki di ambilad klo pake trik ini,0.0,0.0,0.0,0.0,1.0
Gegara pain infrastruktur di konoha lgsg berubah drastis jangan lupakan ambil4d guys,1.0,Gegara pain infrastruktur di konoha lgsg berubah drastis jangan lupakan ambil4d guys,gegara pain infrastruktur di konoha lgsg berubah drastis jangan lupakan ambilad guys,1.0,0.0,0.0,0.0,1.0
giliran kalah koar sana sini begitu menang diem hahay gak lah nih gw bagi ambil4d,1.0,giliran kalah koar sana sini begitu menang diem hahay gak lah nih gw bagi ambil4d,giliran kalah koar sana sini begitu menang diem hahay gak lah nih gw bagi ambilad,0.0,0.0,0.0,0.0,0.0
Dari yang tadinya cuma penasaran jepey di ambil4d!,1.0,Dari yang tadinya cuma penasaran jepey di ambil4d!,dari yang tadinya cuma penasaran jepey di ambiladi,0.0,0.0,0.0,0.0,1.0
Aku team yg kalau joged ...heboh..!! kalau cuan ya aku team visi4d juaaranyaa,1.0,Aku team yg kalau joged ...heboh..!! kalau cuan ya aku team visi4d juaaranyaa,aku team yg kalau joged heboh ii kalau cuan ya aku team visiad juaaranyaa,1.0,0.0,0.0,0.0,0.0
bingung sama komentar visi4d pas aku tes eh malah beneran dapat uang banyak huhuu,1.0,bingung sama komentar visi4d pas aku tes eh malah beneran dapat uang banyak huhuu,bingung sama komentar visiad pas aku tes eh malah beneran dapat uang banyak huhuu,0.0,0.0,0.0,0.0,1.0
"visi4d memang gacor, bukan sekadar janji. Real result di sini",1.0,"visi4d memang gacor, bukan sekadar janji. Real result di sini",visiad memang gacor bukan sekadar janji real result di sini,0.0,0.0,0.0,0.0,0.0
Pokoknya visi4d recommended banget buat semua!,1.0,Pokoknya visi4d recommended banget buat semua!,pokoknya visiad recommended banget buat semuai,0.0,0.0,0.0,0.0,0.0
"uang jajan ga abis abis , visi4d gacor selalu bang",1.0,"uang jajan ga abis abis , visi4d gacor selalu bang",uang jajan ga abis abis visiad gacor selalu bang,0.0,0.0,0.0,0.0,0.0
"hari gini ga dapat sketer ? , visi4d in aja kawan banjir sketer nya turun terus",1.0,"hari gini ga dapat sketer ? , visi4d in aja kawan banjir sketer nya turun terus",hari gini ga dapat sketer visiad in aja kawan banjir sketer nya turun terus,0.0,0.0,0.0,0.0,1.0
visi4d beneran bikin gue ketagihan main slot! 🔥🔥,1.0,visi4d beneran bikin gue ketagihan main slot! 🔥🔥,visiad beneran bikin gue ketagihan main sloti,0.0,0.0,0.0,0.0,0.0
dikamar mandi lama lama biasanya ngapain sih? ya main di visi4d lahhh,1.0,dikamar mandi lama lama biasanya ngapain sih? ya main di visi4d lahhh,dikamar mandi lama lama biasanya ngapain sih ya main di visiad lahhh,0.0,0.0,0.0,0.0,1.0
Gak nyangka cuma sekali main langsung dapet jakpot. Bener-bener gacir di visi4d,1.0,Gak nyangka cuma sekali main langsung dapet jakpot. Bener-bener gacir di visi4d,gak nyangka cuma sekali main langsung dapet jakpot bener bener gacir di visiad,0.0,0.0,0.0,0.0,0.0
emang boleh se enak ini main di visi4d ..?? member baru langsung di kasih WD..,1.0,emang boleh se enak ini main di visi4d ..?? member baru langsung di kasih WD..,emang boleh se enak ini main di visiad member baru langsung di kasih wd,0.0,0.0,0.0,0.0,0.0
"10-15 menit mah masih normal buat nunggu makanan, yg gk normal itu diatas 30 menit keatas😂",1.0,"10-15 menit mah masih normal buat nunggu makanan, yg gk normal itu diatas 30 menit keatas😂",io is menit mah masih normal buat nunggu makanan yg gk normal itu diatas eo menit keatas,0.0,0.0,0.0,0.0,1.0
tanpa pola bisa JP ya cuma di visi4d bree ..,1.0,tanpa pola bisa JP ya cuma di visi4d bree ..,tanpa pola bisa jp ya cuma di visiad bree,0.0,0.0,0.0,0.0,1.0
"Kalo buat yg laper banget mending jng ini,kalo buat nongkrong sama tmn""  ini cocok",1.0,"Kalo buat yg laper banget mending jng ini,kalo buat nongkrong sama tmn""  ini cocok",kalo buat yg laper banget mending jng ini kalo buat nongkrong sama tmn ini cocok,0.0,0.0,0.0,0.0,1.0
15 menit itu bentar loh,1.0,15 menit itu bentar loh,is menit itu bentar loh,1.0,0.0,0.0,0.0,0.0
"modal limpol jadi gope , makasih visi4d",1.0,"modal limpol jadi gope , makasih visi4d",modal limpol jadi gope makasih visiad,0.0,0.0,0.0,0.0,1.0
Bermain di visi4d uang jajan jadi nggak habis-habis!,1.0,Bermain di visi4d uang jajan jadi nggak habis-habis!,bermain di visiad uang jajan jadi nggak habis habisi,0.0,0.0,0.0,0.0,1.0
"makasi rekomendasi nya tmn2, wede sudah landing dengan mulus, jaya terus visi4d",1.0,"makasi rekomendasi nya tmn2, wede sudah landing dengan mulus, jaya terus visi4d",makasi rekomendasi nya tmn 2 wede sudah landing dengan mulus jaya terus visiad,0.0,0.0,0.0,0.0,1.0
Caerr terus tanpa henti visi4d emang juara dalam urusan Jepe,1.0,Caerr terus tanpa henti visi4d emang juara dalam urusan Jepe,caerr terus tanpa henti visiad emang juara dalam urusan jepe,0.0,0.0,0.0,0.0,1.0
mainnya di visi4d member baru disana pasti di kasih menang bro jadi enak tuh buat maen,1.0,mainnya di visi4d member baru disana pasti di kasih menang bro jadi enak tuh buat maen,mainnya di visiad member baru disana pasti di kasih menang bro jadi enak tuh buat maen,1.0,0.0,0.0,0.0,0.0
"caeer terus , rekomendasi banget main di visi4d",1.0,"caeer terus , rekomendasi banget main di visi4d",caeer terus rekomendasi banget main di visiad,0.0,0.0,0.0,0.0,0.0
"anjay , ga salah pilih visi4d emang paling kereeen",1.0,"anjay , ga salah pilih visi4d emang paling kereeen",anjay ga salah pilih visiad emang paling kereeen,0.0,0.0,0.0,0.0,1.0
"visi4d, cuan terus menang teruuusss",1.0,"visi4d, cuan terus menang teruuusss",visiad cuan terus menang teruuusss,0.0,0.0,0.0,0.0,0.0
Gak pernah kecewa main di visi4d slot mereka selalu on fire!,1.0,Gak pernah kecewa main di visi4d slot mereka selalu on fire!,gak pernah kecewa main di visiad slot mereka selalu on firei,0.0,0.0,0.0,0.0,0.0
"cuan terus tanpa henti hanya di visi4d, menyala dompet berisi",1.0,"cuan terus tanpa henti hanya di visi4d, menyala dompet berisi",cuan terus tanpa henti hanya di visiad menyala dompet berisi,0.0,0.0,0.0,0.0,1.0
Paling ga bisa makan ayam yg ga di ungkep dlu baru di goreng😂lain rasa dagingnya agak geli😅,1.0,Paling ga bisa makan ayam yg ga di ungkep dlu baru di goreng😂lain rasa dagingnya agak geli😅,paling ga bisa makan ayam yg ga di ungkep dlu baru di goreng lain rasa dagingnya agak geli,0.0,0.0,0.0,0.0,0.0
dikasi jp di waktu yang tepat pas lagi modal terakhir haha makasi visi4d,1.0,dikasi jp di waktu yang tepat pas lagi modal terakhir haha makasi visi4d,dikasi jp di waktu yang tepat pas lagi modal terakhir haha makasi visiad,0.0,0.0,0.0,0.0,0.0
"tempat semua member baru dapet kejutan! , ya hanya di visi4d",1.0,"tempat semua member baru dapet kejutan! , ya hanya di visi4d",tempat semua member baru dapet kejutani ya hanya di visiad,1.0,0.0,0.0,0.0,0.0
cuma di visi4d JP  depo sekali bisa tarik dana berkali kali,1.0,cuma di visi4d JP  depo sekali bisa tarik dana berkali kali,cuma di visiad jp depo sekali bisa tarik dana berkali kali,1.0,0.0,0.0,0.0,0.0
mainnya di ambil4d member baru disana pasti di kasih menang bro jadi enak tuh buat maen.,1.0,mainnya di ambil4d member baru disana pasti di kasih menang bro jadi enak tuh buat maen.,mainnya di ambilad member baru disana pasti di kasih menang bro jadi enak tuh buat maen,1.0,0.0,0.0,0.0,0.0
makasih yang udah likee❤❤ambil4d tak akan mati,1.0,makasih yang udah likee❤❤ambil4d tak akan mati,makasih yang udah likee ambilad tak akan mati,0.0,0.0,0.0,0.0,0.0
keren bang! Sukses terus untuk ambil4d,1.0,keren bang! Sukses terus untuk ambil4d,keren bangi sukses terus untuk ambilad,0.0,0.0,0.0,0.0,0.0
ambil4d tiap hari pasti ada yang wedey lu kapan..,1.0,ambil4d tiap hari pasti ada yang wedey lu kapan..,ambilad tiap hari pasti ada yang wedey lu kapan,0.0,0.0,0.0,0.0,1.0
Pokoknya ambil4d sangat rekomend banget buat semua!,1.0,Pokoknya ambil4d sangat rekomend banget buat semua!,pokoknya ambilad sangat rekomend banget buat semuai,0.0,0.0,0.0,0.0,0.0
Bjir udah tanggal tua begini udah susah cari uang makan untung dapat uang gw di ambil4d,1.0,Bjir udah tanggal tua begini udah susah cari uang makan untung dapat uang gw di ambil4d,bjir udah tanggal tua begini udah susah cari uang makan untung dapat uang gw di ambilad,1.0,0.0,0.0,0.0,0.0
Pengalaman aku main di link ini:ambil4d Langsung gas aja bang link nya lagi gacor,1.0,Pengalaman aku main di link ini:ambil4d Langsung gas aja bang link nya lagi gacor,pengalaman aku main di link ini ambilad langsung gas aja bang link nya lagi gacor,0.0,0.0,0.0,0.0,0.0
Main di ambil4d tuh kayak diberi tiket emas menuju jackpot!baru daftar langsung JP wkwkwk,1.0,Main di ambil4d tuh kayak diberi tiket emas menuju jackpot!baru daftar langsung JP wkwkwk,main di ambilad tuh kayak diberi tiket emas menuju jackpotibaru daftar langsung jp wkwkwk,0.0,0.0,0.0,0.0,0.0
Cari yang cepat dan pelayanan ramah? ambil4d mungkin jawabannya.,1.0,Cari yang cepat dan pelayanan ramah? ambil4d mungkin jawabannya.,cari yang cepat dan pelayanan ramah ambilad mungkin jawabannya,0.0,0.0,0.0,0.0,0.0
Halal ga? Trauma sama ayam goreng yg di Solo,0.0,Halal ga? Trauma sama ayam goreng yg di Solo,halal ga trauma sama ayam goreng yg di solo,0.0,0.0,0.0,0.0,0.0
"Minim literasi, tidak bisa membedakan ayam mentah sama mateng...ya gak bakalan enak juga kali klo ayamnya masi belum matang kocak 😂😂",0.0,"Minim literasi, tidak bisa membedakan ayam mentah sama mateng...ya gak bakalan enak juga kali klo ayamnya masi belum matang kocak 😂😂",minim literasi tidak bisa membedakan ayam mentah sama mateng ya gak bakalan enak juga kali klo ayamnya masi belum matang kocak,0.0,0.0,0.0,0.0,0.0
Sebenernya suka karena rasanya unik. Tapi pernah beli ayamnya masih ada darah. Beda warna sama merah bumbunya. Pdhl dimasak 15 menit. 😢 Mau beli lagi tp jadi kepikiran,0.0,Sebenernya suka karena rasanya unik. Tapi pernah beli ayamnya masih ada darah. Beda warna sama merah bumbunya. Pdhl dimasak 15 menit. 😢 Mau beli lagi tp jadi kepikiran,sebenernya suka karena rasanya unik tapi pernah beli ayamnya masih ada darah beda warna sama merah bumbunya pdhl dimasak is menit mau beli lagi tp jadi kepikiran,0.0,0.0,0.0,0.0,0.0
"Sekarang waktu aja kerasa cepet, ga kerasa udah hari ini, perasaan baru kemarin hari itu blablablabla, ini timbang 15 menit aja bilangnya lama wkwkw",0.0,"Sekarang waktu aja kerasa cepet, ga kerasa udah hari ini, perasaan baru kemarin hari itu blablablabla, ini timbang 15 menit aja bilangnya lama wkwkw",sekarang waktu aja kerasa cepet ga kerasa udah hari ini perasaan baru kemarin hari itu blablablabla ini timbang is menit aja bilangnya lama wkwkw,1.0,0.0,0.0,0.0,0.0
Halal kah kak?jd ragu semenjak ayam widuran ternyata gk halal😢,0.0,Halal kah kak?jd ragu semenjak ayam widuran ternyata gk halal😢,halal kah kak jd ragu semenjak ayam widuran ternyata gk halal,1.0,0.0,0.0,0.0,1.0
Ayam merah ala india,0.0,Ayam merah ala india,ayam merah ala india,1.0,0.0,0.0,0.0,0.0
Halal kah?,0.0,Halal kah?,halal kah,1.0,0.0,0.0,0.0,0.0
Gue yang pernah nunggu sampe 1 jam makanan padahal itu cuma warung makan biasa di kampung. Its oke aja tuu,0.0,Gue yang pernah nunggu sampe 1 jam makanan padahal itu cuma warung makan biasa di kampung. Its oke aja tuu,gue yang pernah nunggu sampe i jam makanan padahal itu cuma warung makan biasa di kampung its oke aja tuu,0.0,0.0,0.0,0.0,0.0
"Skrng nunggu 15 menit aja ga bisa ya? Apalgi klo tau tuh masakn hrs dimasak dulu, digoreng dulu. Hrs berapa lama? 5 menit? Kdng2 krn kata customer adalah raja, banyak yg semaunya, dan krn medsos, ga seberapa aja hrs direkam, diupload. Ga bisa lgi misahin mana yg penting,mana yg biasa, mana yg ga penting.",0.0,"Skrng nunggu 15 menit aja ga bisa ya? Apalgi klo tau tuh masakn hrs dimasak dulu, digoreng dulu. Hrs berapa lama? 5 menit? Kdng2 krn kata customer adalah raja, banyak yg semaunya, dan krn medsos, ga seberapa aja hrs direkam, diupload. Ga bisa lgi misahin mana yg penting,mana yg biasa, mana yg ga penting.",skrng nunggu is menit aja ga bisa ya apalgi klo tau tuh masakn hrs dimasak dulu digoreng dulu hrs berapa lama s menit kdng 2 krn kata customer adalah raja banyak yg semaunya dan krn medsos ga seberapa aja hrs direkam diupload ga bisa lgi misahin mana yg penting mana yg biasa mana yg ga penting,0.0,0.0,0.0,0.0,0.0
"kalo di resto 15 normal bgt, apa waktu customernya datang lagi jam sibuk, kalo jam sibuk atau pas weekend emang butuh waktu lebih lama.",0.0,"kalo di resto 15 normal bgt, apa waktu customernya datang lagi jam sibuk, kalo jam sibuk atau pas weekend emang butuh waktu lebih lama.",kalo di resto is normal bgt apa waktu customernya datang lagi jam sibuk kalo jam sibuk atau pas weekend emang butuh waktu lebih lama,0.0,0.0,0.0,0.0,1.0
15-30 menit masih masuk akal,0.0,15-30 menit masih masuk akal,is eo menit masih masuk akal,0.0,0.0,0.0,0.0,0.0
Pasti enak banget,0.0,Pasti enak banget,pasti enak banget,0.0,0.0,0.0,0.0,1.0
Baru nunggu 15menit. Gw tiap beli makanan apalagi prnh beli seafood waktu tunggu makanan smpe 1.5jam 😂 krn saking rameny dan emg paham sih knp bs rame. Rasa makanannya enak bgt jd terbayarkan walau hrs nunggu lama jg. Gw skrg klo ke tmpt makan bawa cemilan dlu biar gk laper2 amat smpe makanan tiba. 😅,0.0,Baru nunggu 15menit. Gw tiap beli makanan apalagi prnh beli seafood waktu tunggu makanan smpe 1.5jam 😂 krn saking rameny dan emg paham sih knp bs rame. Rasa makanannya enak bgt jd terbayarkan walau hrs nunggu lama jg. Gw skrg klo ke tmpt makan bawa cemilan dlu biar gk laper2 amat smpe makanan tiba. 😅,baru nunggu ismenit gw tiap beli makanan apalagi prnh beli seafood waktu tunggu makanan smpe i sjam krn saking rameny dan emg paham sih knp bs rame rasa makanannya enak bgt jd terbayarkan walau hrs nunggu lama jg gw skrg klo ke tmpt makan bawa cemilan dlu biar gk laper 2 amat smpe makanan tiba,1.0,0.0,0.0,0.0,1.0
Cuma 15 s/d 30 menit menunggu.. sepele,0.0,Cuma 15 s/d 30 menit menunggu.. sepele,cuma is s d eo menit menunggu sepele,0.0,0.0,0.0,0.0,0.0
U kaum sat set kurang ya g gercep. Tapi kalau emang bosn makan itu itu aja dan pngn nyobain sensasi makanan yg lain. Keknya boleh dicoba nih. 😊,0.0,U kaum sat set kurang ya g gercep. Tapi kalau emang bosn makan itu itu aja dan pngn nyobain sensasi makanan yg lain. Keknya boleh dicoba nih. 😊,u kaum sat set kurang ya g gercep tapi kalau emang bosn makan itu itu aja dan pngn nyobain sensasi makanan yg lain keknya boleh dicoba nih,1.0,0.0,0.0,0.0,0.0
"Normal njir 15 menit, g sabaran bnget orang2..",0.0,"Normal njir 15 menit, g sabaran bnget orang2..",normal njir is menit g sabaran bnget orang 2,0.0,0.0,0.0,0.0,1.0
"Stauku bisa disimpen di penghangat ,smpe 5 jam pun masih krispy juicy",0.0,"Stauku bisa disimpen di penghangat ,smpe 5 jam pun masih krispy juicy",stauku bisa disimpen di penghangat smpe s jam pun masih krispy juicy,0.0,0.0,0.0,0.0,0.0
diluar negeri kadang sampe nunggu 2 jam buat dapet tempat duduk,0.0,diluar negeri kadang sampe nunggu 2 jam buat dapet tempat duduk,diluar negeri kadang sampe nunggu 2 jam buat dapet tempat duduk,1.0,0.0,0.0,0.0,0.0
Itu pakek nasi bamaspati?,0.0,Itu pakek nasi bamaspati?,itu pakek nasi bamaspati,0.0,0.0,0.0,0.0,1.0
Kremesannya halal kan😅😂,0.0,Kremesannya halal kan😅😂,kremesannya halal kan,0.0,0.0,0.0,0.0,1.0
Jangan sampai pakai minyak babi seperti ayam goreng widuran.,0.0,Jangan sampai pakai minyak babi seperti ayam goreng widuran.,jangan sampai pakai minyak babi seperti ayam goreng widuran,0.0,0.0,0.0,0.0,1.0
Kolesterol itu gak baik,0.0,Kolesterol itu gak baik,kolesterol itu gak baik,0.0,0.0,0.0,0.0,1.0
"Nasi nya Pera dan berwarna ungu. Kek nya enak ,pulen",0.0,"Nasi nya Pera dan berwarna ungu. Kek nya enak ,pulen",nasi nya pera dan berwarna ungu kek nya enak pulen,0.0,0.0,0.0,0.0,1.0
Ngikutin ayam india itu gess yg banyak di malaysia.. kalo nama indianya chicken tandori.. bisa dipanggang bisa digoreng..ayam rempah warna merah..,0.0,Ngikutin ayam india itu gess yg banyak di malaysia.. kalo nama indianya chicken tandori.. bisa dipanggang bisa digoreng..ayam rempah warna merah..,ngikutin ayam india itu gess yg banyak di malaysia kalo nama indianya chicken tandori bisa dipanggang bisa digoreng ayam rempah warna merah,0.0,0.0,0.0,0.0,0.0
Aduuhhhh jadi laperrr nih blm ada jogja yak,0.0,Aduuhhhh jadi laperrr nih blm ada jogja yak,aduuhhhh jadi laperrr nih blm ada jogja yak,0.0,0.0,0.0,0.0,1.0
jangankan 15 menit gua beli nasi kucing aja 1 jam gua tungguin asal ada wifi😂,0.0,jangankan 15 menit gua beli nasi kucing aja 1 jam gua tungguin asal ada wifi😂,jangankan is menit gua beli nasi kucing aja i jam gua tungguin asal ada wifi,0.0,0.0,0.0,0.0,1.0
Gw ngeri sekarang mau makan di resto yg punya Chindo...semenjak kasus ayam bakar Haram solo ...jd ngeriii 😮,0.0,Gw ngeri sekarang mau makan di resto yg punya Chindo...semenjak kasus ayam bakar Haram solo ...jd ngeriii 😮,gw ngeri sekarang mau makan di resto yg punya chindo semenjak kasus ayam bakar haram solo jd ngeriii,0.0,0.0,0.0,0.0,0.0
Itu baru saat sudah pesan udh 15 menit belum klo pake waiting list keburu pindah tempat lain dah 😂,0.0,Itu baru saat sudah pesan udh 15 menit belum klo pake waiting list keburu pindah tempat lain dah 😂,itu baru saat sudah pesan udh is menit belum klo pake waiting list keburu pindah tempat lain dah,0.0,0.0,0.0,0.0,0.0
"Waktu itu youtuber sebelah nunggu hampir 1 jam kak,  bukan 15mnt 😅",0.0,"Waktu itu youtuber sebelah nunggu hampir 1 jam kak,  bukan 15mnt 😅",waktu itu youtuber sebelah nunggu hampir i jam kak bukan ismnt,0.0,0.0,0.0,0.0,0.0
Keresmes nya halal ya bang kalo yang inih,0.0,Keresmes nya halal ya bang kalo yang inih,keresmes nya halal ya bang kalo yang inih,0.0,0.0,0.0,0.0,0.0
Itu nasinya kok gitu?,0.0,Itu nasinya kok gitu?,itu nasinya kok gitu,0.0,0.0,0.0,0.0,1.0
nasi nya kok bisa abu abu begitu ya,0.0,nasi nya kok bisa abu abu begitu ya,nasi nya kok bisa abu abu begitu ya,0.0,0.0,0.0,0.0,0.0
Ayam ponggol.. bahasa Batak ayam patah atau ayam terpotong,0.0,Ayam ponggol.. bahasa Batak ayam patah atau ayam terpotong,ayam ponggol bahasa batak ayam patah atau ayam terpotong,0.0,0.0,0.0,0.0,0.0
Wajib sertifikasi halal,0.0,Wajib sertifikasi halal,wajib sertifikasi halal,1.0,0.0,0.0,0.0,1.0
Siang  gini lagi nyantai sambil main di visi4d tambah lagi dikasih maxwin terbaik memang,1.0,Siang  gini lagi nyantai sambil main di visi4d tambah lagi dikasih maxwin terbaik memang,siang gini lagi nyantai sambil main di visiad tambah lagi dikasih maxwin terbaik memang,0.0,0.0,0.0,0.0,0.0
Cape rungkat main slot ❌ Cape menang terus main di visi4d ✅,1.0,Cape rungkat main slot ❌ Cape menang terus main di visi4d ✅,cape rungkat main slot cape menang terus main di visiad,0.0,0.0,0.0,0.0,0.0
Belum tentu halal..dan tdk sehat juga..siap2 kolestrol..pelan2 menyergap..,0.0,Belum tentu halal..dan tdk sehat juga..siap2 kolestrol..pelan2 menyergap..,belum tentu halal dan tdk sehat juga siap 2 kolestrol pelan 2 menyergap,0.0,0.0,0.0,0.0,0.0
Curhat problem keluarga😅,0.0,Curhat problem keluarga😅,curhat problem keluarga,1.0,0.0,0.0,0.0,0.0
beli pressure fryer kayak yg dipake resto2 ayam goreng tepung,0.0,beli pressure fryer kayak yg dipake resto2 ayam goreng tepung,beli pressure fryer kayak yg dipake resto 2 ayam goreng tepung,0.0,0.0,0.0,0.0,0.0
Ayamnya sperti ayam goreng di india ya yg biasa aku makan apakah rempahnya sama?,0.0,Ayamnya sperti ayam goreng di india ya yg biasa aku makan apakah rempahnya sama?,ayamnya sperti ayam goreng di india ya yg biasa aku makan apakah rempahnya sama,0.0,0.0,0.0,0.0,0.0
"Halal GK nih ? Takut yg 52 tahun berdiri tapi baru ketauan skrg non halal , penipuan bertahun² yg disolo !",0.0,"Halal GK nih ? Takut yg 52 tahun berdiri tapi baru ketauan skrg non halal , penipuan bertahun² yg disolo !",halal gk nih takut yg s 2 tahun berdiri tapi baru ketauan skrg non halal penipuan bertahun 2 yg disolo i,0.0,0.0,0.0,0.0,0.0
Terima kasih visi4d gacor banget dan proses WD cepat masuk saldo rekening. Gak nyesel main di sini sukses terus,1.0,Terima kasih visi4d gacor banget dan proses WD cepat masuk saldo rekening. Gak nyesel main di sini sukses terus,terima kasih visiad gacor banget dan proses wd cepat masuk saldo rekening gak nyesel main di sini sukses terus,0.0,0.0,0.0,0.0,0.0
"Gue kira main di visi4d cuma buat iseng, eh malah dapat jackpot maxwin",1.0,"Gue kira main di visi4d cuma buat iseng, eh malah dapat jackpot maxwin",gue kira main di visiad cuma buat iseng eh malah dapat jackpot maxwin,1.0,0.0,0.0,0.0,0.0
"Buruan Cobain Main Slot Online yang gampang berikan cuan, HANYA visi4d Situs terbaik",1.0,"Buruan Cobain Main Slot Online yang gampang berikan cuan, HANYA visi4d Situs terbaik",buruan cobain main slot online yang gampang berikan cuan hanya visiad situs terbaik,0.0,0.0,0.0,0.0,0.0
"Kebanyakan situs cuma janji manis ajaa, Tapi yang jelas cuma di visi4d selama gw main gampang JPnya",1.0,"Kebanyakan situs cuma janji manis ajaa, Tapi yang jelas cuma di visi4d selama gw main gampang JPnya",kebanyakan situs cuma janji manis ajaa tapi yang jelas cuma di visiad selama gw main gampang jpnya,0.0,0.0,0.0,0.0,0.0
Main di visi4d itu sama seperti diberi cara mudah menuju jackpot! Baru daftar langsung JP,1.0,Main di visi4d itu sama seperti diberi cara mudah menuju jackpot! Baru daftar langsung JP,main di visiad itu sama seperti diberi cara mudah menuju jackpoti baru daftar langsung jp,0.0,0.0,0.0,0.0,0.0
"Paling mantep visi4d udah jadi kebiasaan, Caerr terussss main disiniii",1.0,"Paling mantep visi4d udah jadi kebiasaan, Caerr terussss main disiniii",paling mantep visiad udah jadi kebiasaan caerr terussss main disiniii,1.0,0.0,0.0,0.0,0.0
visi4d memang mantap brooo udah pasti cuan terusss,1.0,visi4d memang mantap brooo udah pasti cuan terusss,visiad memang mantap brooo udah pasti cuan terusss,1.0,0.0,0.0,0.0,1.0
"Tiap hari main, tiap hari dapet jepe. emng gak salah pilih situss gacorrr banget visi4d",1.0,"Tiap hari main, tiap hari dapet jepe. emng gak salah pilih situss gacorrr banget visi4d",tiap hari main tiap hari dapet jepe emng gak salah pilih situss gacorrr banget visiad,1.0,0.0,0.0,0.0,0.0
Kalo org paham dia ga protes .,0.0,Kalo org paham dia ga protes .,kalo org paham dia ga protes,1.0,0.0,0.0,0.0,0.0
Tiati ni yutuber gapernah nyebutin halal haramnya bahaya kalo yg jual pake bahan2 ga halal...,0.0,Tiati ni yutuber gapernah nyebutin halal haramnya bahaya kalo yg jual pake bahan2 ga halal...,tiati ni yutuber gapernah nyebutin halal haramnya bahaya kalo yg jual pake bahan 2 ga halal,1.0,0.0,0.0,0.0,1.0
Aku pernah berantam dulu pas kecil tapi sekarang aku lebih pilih main di ambil4d,1.0,Aku pernah berantam dulu pas kecil tapi sekarang aku lebih pilih main di ambil4d,aku pernah berantam dulu pas kecil tapi sekarang aku lebih pilih main di ambilad,1.0,0.0,0.0,0.0,0.0
SUPER MANTAP Saya udah kecanduan main di situs  ambil4d    ini seriusan! Mainnya asik hadiahnya gak nahan. Ayo join ga bakal nyesel!,1.0,SUPER MANTAP Saya udah kecanduan main di situs  ambil4d    ini seriusan! Mainnya asik hadiahnya gak nahan. Ayo join ga bakal nyesel!,super mantap saya udah kecanduan main di situs ambilad ini seriusani mainnya asik hadiahnya gak nahan ayo join ga bakal nyeseli,1.0,0.0,0.0,0.0,0.0
Setiap hari selalu bisa tarik uang dari ambil4d bikin kantong tebal terus!,1.0,Setiap hari selalu bisa tarik uang dari ambil4d bikin kantong tebal terus!,setiap hari selalu bisa tarik uang dari ambilad bikin kantong tebal terusi,1.0,0.0,0.0,0.0,1.0
Rezeki emang gak kemana makasi ambil4d,1.0,Rezeki emang gak kemana makasi ambil4d,rezeki emang gak kemana makasi ambilad,1.0,0.0,0.0,0.0,1.0
Main santai di ambil4d eh malah dapet uang kaget! Gak mau ketinggalan lagi!,1.0,Main santai di ambil4d eh malah dapet uang kaget! Gak mau ketinggalan lagi!,main santai di ambilad eh malah dapet uang kageti gak mau ketinggalan lagii,1.0,0.0,0.0,0.0,0.0
Jangan ragu!!! Gacor parah disini 🎉🎉👍 ambil4d terbaik 2025!!! 😊😊💸,1.0,Jangan ragu!!! Gacor parah disini 🎉🎉👍 ambil4d terbaik 2025!!! 😊😊💸,jangan raguiii gacor parah disini ambilad terbaik 2 o 2 siii,1.0,0.0,0.0,0.0,0.0
Parah banget! ambil4d bikin candu berat susah banget buat berhenti!,1.0,Parah banget! ambil4d bikin candu berat susah banget buat berhenti!,parah bangeti ambilad bikin candu berat susah banget buat berhentii,1.0,0.0,0.0,0.0,1.0
"yaelah ga sabaran amat nunggu 15 menit doang wkwk, tinggal scroll sosmed atau ga login maen brawl wkwkwk",1.0,"yaelah ga sabaran amat nunggu 15 menit doang wkwk, tinggal scroll sosmed atau ga login maen brawl wkwkwk",yaelah ga sabaran amat nunggu is menit doang wkwk tinggal scroll sosmed atau ga login maen brawl wkwkwk,1.0,0.0,0.0,0.0,0.0
"Halal ga nih? Kuatir kaya yang di Solo... Walaupum yang dijual ayam tapi pakai bumbu yang ga halal, hukumnya tetap haram",1.0,"Halal ga nih? Kuatir kaya yang di Solo... Walaupum yang dijual ayam tapi pakai bumbu yang ga halal, hukumnya tetap haram",halal ga nih kuatir kaya yang di solo walaupum yang dijual ayam tapi pakai bumbu yang ga halal hukumnya tetap haram,1.0,0.0,0.0,0.0,0.0
"15 menit udh termasuk cepat.
Di sini ada yg namanya bakmie tunggu, yg biasanya tunggu sampai 1jam tapi tetap saja ramai😅",0.0,"15 menit udh termasuk cepat.
Di sini ada yg namanya bakmie tunggu, yg biasanya tunggu sampai 1jam tapi tetap saja ramai😅",is menit udh termasuk cepat di sini ada yg namanya bakmie tunggu yg biasanya tunggu sampai ijam tapi tetap saja ramai,1.0,0.0,0.0,0.0,0.0
"Hati"" bagi yg muslim.. klo yg jualan atau yg punya rumah makan non muslim, wajib diperhatikan kehalalannya.. karena mayoritas mereka cari untung saja",0.0,"Hati"" bagi yg muslim.. klo yg jualan atau yg punya rumah makan non muslim, wajib diperhatikan kehalalannya.. karena mayoritas mereka cari untung saja",hati bagi yg muslim klo yg jualan atau yg punya rumah makan non muslim wajib diperhatikan kehalalannya karena mayoritas mereka cari untung saja,1.0,0.0,0.0,0.0,0.0
Ngeliatnya jadi ngiler nih...tapi mau tanya.....halal nggak ya ?...menghindari kasus viral terkait  ayam goreng di solo setelah bertahun tahun baru ngaku yg ternyata non halal,0.0,Ngeliatnya jadi ngiler nih...tapi mau tanya.....halal nggak ya ?...menghindari kasus viral terkait  ayam goreng di solo setelah bertahun tahun baru ngaku yg ternyata non halal,ngeliatnya jadi ngiler nih tapi mau tanya halal nggak ya menghindari kasus viral terkait ayam goreng di solo setelah bertahun tahun baru ngaku yg ternyata non halal,1.0,0.0,0.0,0.0,0.0
Sangat menggugah selera sekali,0.0,Sangat menggugah selera sekali,sangat menggugah selera sekali,1.0,0.0,0.0,0.0,0.0
"Ga lama ini mah cuman 15 menit, oke juga , bandingin noh sama gacoan bikin mie aja bisa sampe sejam lebih",0.0,"Ga lama ini mah cuman 15 menit, oke juga , bandingin noh sama gacoan bikin mie aja bisa sampe sejam lebih",ga lama ini mah cuman is menit oke juga bandingin noh sama gacoan bikin mie aja bisa sampe sejam lebih,1.0,0.0,0.0,0.0,0.0
"😂 penyetan cuma nunggu 15 menit, perasaan gue didaerah pelosok dan ini waktu yang normal bahkan kalau nasi goreng pernah 1jam lebih",0.0,"😂 penyetan cuma nunggu 15 menit, perasaan gue didaerah pelosok dan ini waktu yang normal bahkan kalau nasi goreng pernah 1jam lebih",penyetan cuma nunggu is menit perasaan gue didaerah pelosok dan ini waktu yang normal bahkan kalau nasi goreng pernah ijam lebih,1.0,0.0,0.0,0.0,0.0
Bisnis makanan itu ya begitu... tidak boleh ada kesalahan,0.0,Bisnis makanan itu ya begitu... tidak boleh ada kesalahan,bisnis makanan itu ya begitu tidak boleh ada kesalahan,1.0,0.0,0.0,0.0,1.0
sabar ngga mau giliran kurang mateng ntar marah2 ini di rmh makan umum bnyak konsumen lain jg beda dengan di rmh sendiri.SABAR,0.0,sabar ngga mau giliran kurang mateng ntar marah2 ini di rmh makan umum bnyak konsumen lain jg beda dengan di rmh sendiri.SABAR,sabar ngga mau giliran kurang mateng ntar marah 2 ini di rmh makan umum bnyak konsumen lain jg beda dengan di rmh sendiri sabar,1.0,0.0,0.0,0.0,0.0
15 menit its oke...normal....emamgnya masak buat 1 orang....? Kalaub25 menit ...perut keroncongan,0.0,15 menit its oke...normal....emamgnya masak buat 1 orang....? Kalaub25 menit ...perut keroncongan,is menit its oke normal emamgnya masak buat i orang kalaub 2 s menit perut keroncongan,1.0,0.0,0.0,0.0,1.0
First. Semangat kakak ❤,0.0,First. Semangat kakak ❤,first semangat kakak,1.0,0.0,0.0,0.0,0.0
"🤟AERO8 8 beneran bikin betah, tiap hari WEDEY",1.0,"🤟AERO8 8 beneran bikin betah, tiap hari WEDEY",aerob b beneran bikin betah tiap hari wedey,1.0,0.0,0.0,0.0,1.0
Jakpot besar bikin aku makin percaya sama keberuntungan di ✍axl777✍!,1.0,Jakpot besar bikin aku makin percaya sama keberuntungan di ✍axl777✍!,jakpot besar bikin aku makin percaya sama keberuntungan di axlttt i,1.0,0.0,0.0,0.0,0.0
"🙅axl777🙅 gua main bentar aja, saldo lngsg naik gede",1.0,"🙅axl777🙅 gua main bentar aja, saldo lngsg naik gede",axlttt gua main bentar aja saldo lngsg naik gede,1.0,0.0,0.0,0.0,0.0
"👧axl777👧 tiap main pasti hoki, beneran beda",1.0,"👧axl777👧 tiap main pasti hoki, beneran beda",axlttt tiap main pasti hoki beneran beda,1.0,0.0,0.0,0.0,1.0
"👏aero88 tiap maen pasti ada hasil, gk nyesel sama sekali",1.0,"👏aero88 tiap maen pasti ada hasil, gk nyesel sama sekali",aerobb tiap maen pasti ada hasil gk nyesel sama sekali,1.0,0.0,0.0,0.0,0.0
"🧓axl777🧓 gue aja bisa WEDEY, lu pasti juga bisa",1.0,"🧓axl777🧓 gue aja bisa WEDEY, lu pasti juga bisa",axlttt gue aja bisa wedey lu pasti juga bisa,0.0,0.0,0.0,0.0,0.0
"😥𝘼𝙀-𝙍-𝙊-𝟴-𝟴 aku maen bentar aja, saldo lngsg byk",1.0,"😥𝘼𝙀-𝙍-𝙊-𝟴-𝟴 aku maen bentar aja, saldo lngsg byk",ae r o b b aku maen bentar aja saldo lngsg byk,0.0,0.0,0.0,0.0,1.0
Beberapa pengguna mencatat aspek komunitas yang positif dari 🤜aero88.,1.0,Beberapa pengguna mencatat aspek komunitas yang positif dari 🤜aero88.,beberapa pengguna mencatat aspek komunitas yang positif dari aerobb,1.0,0.0,0.0,0.0,0.0
"Jika Anda menikmati bekerja dengan orang lain, 🙂𝗔-𝗘-𝗥-𝗢-𝟴-𝟴 mungkin cocok.",1.0,"Jika Anda menikmati bekerja dengan orang lain, 🙂𝗔-𝗘-𝗥-𝗢-𝟴-𝟴 mungkin cocok.",jika anda menikmati bekerja dengan orang lain a e r o b b mungkin cocok,1.0,0.0,0.0,0.0,0.0
"👐𝗔𝗘 𝗥 𝗢 𝟴 𝟴 aku main bentar aja, saldo lgnsung gmpang nambah",1.0,"👐𝗔𝗘 𝗥 𝗢 𝟴 𝟴 aku main bentar aja, saldo lgnsung gmpang nambah",ae r o b b aku main bentar aja saldo lgnsung gmpang nambah,1.0,0.0,0.0,0.0,0.0
"🤜aero88 aku cba bentar, saldo lngsg byk",1.0,"🤜aero88 aku cba bentar, saldo lngsg byk",aerobb aku cba bentar saldo lngsg byk,1.0,0.0,0.0,0.0,0.0
"💃axl777💃 aku udah nyoba banyak tempat, ini paling gacor",1.0,"💃axl777💃 aku udah nyoba banyak tempat, ini paling gacor",axlttt aku udah nyoba banyak tempat ini paling gacor,1.0,0.0,0.0,0.0,0.0
"Hasil gacir bikin aku makin puas main di ✊axl777✊, makasih banyak!",1.0,"Hasil gacir bikin aku makin puas main di ✊axl777✊, makasih banyak!",hasil gacir bikin aku makin puas main di axlttt makasih banyaki,1.0,0.0,0.0,0.0,0.0
"🗣axl777🗣 gua coba, lgnsung jackpot gede banget",1.0,"🗣axl777🗣 gua coba, lgnsung jackpot gede banget",axlttt gua coba lgnsung jackpot gede banget,1.0,0.0,0.0,0.0,0.0
"🧑axl777🧑 gua suka maen dsini, gmpang bgt dapet WEDEY",1.0,"🧑axl777🧑 gua suka maen dsini, gmpang bgt dapet WEDEY",axlttt gua suka maen dsini gmpang bgt dapet wedey,1.0,0.0,0.0,0.0,0.0
"Beneran nih, cuma sekali main langsung dapet hasil gede di 🙏axl777🙏. Kalian nggak penasaran?",1.0,"Beneran nih, cuma sekali main langsung dapet hasil gede di 🙏axl777🙏. Kalian nggak penasaran?",beneran nih cuma sekali main langsung dapet hasil gede di axlttt kalian nggak penasaran,1.0,0.0,0.0,0.0,0.0
"👱axl777👱 jackpot terus-terusan, gk ngerti lagi deh",1.0,"👱axl777👱 jackpot terus-terusan, gk ngerti lagi deh",axlttt jackpot terus terusan gk ngerti lagi deh,1.0,0.0,0.0,0.0,0.0
"Gak mau ketinggalan, main di 🤙dewadora🤙-langsung dapet menang gede! 🏕",1.0,"Gak mau ketinggalan, main di 🤙dewadora🤙-langsung dapet menang gede! 🏕",gak mau ketinggalan main di dewadora langsung dapet menang gedei,1.0,0.0,0.0,0.0,1.0
"Bermain di 👁dewadora👁 mengubah hidup saya, dari pegawai harian jadi pemilik usaha. 🏡",1.0,"Bermain di 👁dewadora👁 mengubah hidup saya, dari pegawai harian jadi pemilik usaha. 🏡",bermain di dewadora mengubah hidup saya dari pegawai harian jadi pemilik usaha,1.0,0.0,0.0,0.0,1.0
"🦷dewadora🦷memang oke banget, JP-nya bikin melongo! 🐔",1.0,"🦷dewadora🦷memang oke banget, JP-nya bikin melongo! 🐔",dewadora memang oke banget jp nya bikin melongoi,1.0,0.0,0.0,0.0,1.0
"Parah banget! 👨‍🦱dewadora👨‍🦱-bikin candu berat, susah banget buat berhenti! 🐿",1.0,"Parah banget! 👨‍🦱dewadora👨‍🦱-bikin candu berat, susah banget buat berhenti! 🐿",parah bangeti dewadora bikin candu berat susah banget buat berhentii,1.0,0.0,0.0,0.0,0.0
𝐃𝐎𝐑𝐀-𝟕-𝟕😎menyediakan platform untuk pertumbuhan dan pengembangan diri. 🌽,1.0,𝐃𝐎𝐑𝐀-𝟕-𝟕😎menyediakan platform untuk pertumbuhan dan pengembangan diri. 🌽,dora t t menyediakan platform untuk pertumbuhan dan pengembangan diri,1.0,0.0,0.0,0.0,0.0
Di D ORA77🤚 mendukung saya mendapatkan modal untuk mengembangkan bisnis. 🐺,1.0,Di D ORA77🤚 mendukung saya mendapatkan modal untuk mengembangkan bisnis. 🐺,di d oratt mendukung saya mendapatkan modal untuk mengembangkan bisnis,1.0,0.0,0.0,0.0,1.0
"Cuma modal secuil bisa dapat untung segede gunung di dora77✊,luar biasa sekali! 🐕‍🦺",1.0,"Cuma modal secuil bisa dapat untung segede gunung di dora77✊,luar biasa sekali! 🐕‍🦺",cuma modal secuil bisa dapat untung segede gunung di doratt luar biasa sekalii,1.0,0.0,0.0,0.0,0.0
"Main di 🧏dewadora🧏-bikin hariku lebih menyenangkan, terima kasih! 🛻",1.0,"Main di 🧏dewadora🧏-bikin hariku lebih menyenangkan, terima kasih! 🛻",main di dewadora bikin hariku lebih menyenangkan terima kasihi,1.0,0.0,0.0,0.0,1.0
𝗗 𝗢 𝗥𝗔𝟳𝟳🤛menawarkan tim dukungan yang responsif dan bermanfaat. 🥗,1.0,𝗗 𝗢 𝗥𝗔𝟳𝟳🤛menawarkan tim dukungan yang responsif dan bermanfaat. 🥗,d o ratt menawarkan tim dukungan yang responsif dan bermanfaat,1.0,0.0,0.0,0.0,0.0
"Rezeki yang diberikan oleh 💪dewadora💪-sungguh tiada tara nilainya, terima kasih ya Allah atas berkat-Mu! 🐘",1.0,"Rezeki yang diberikan oleh 💪dewadora💪-sungguh tiada tara nilainya, terima kasih ya Allah atas berkat-Mu! 🐘",rezeki yang diberikan oleh dewadora sungguh tiada tara nilainya terima kasih ya allah atas berkat mui,1.0,0.0,0.0,0.0,0.0
"Suka banget main di D-ORA77🤦,gak nyangka bisa dapet menang langsung! ⛴",1.0,"Suka banget main di D-ORA77🤦,gak nyangka bisa dapet menang langsung! ⛴",suka banget main di d oratt gak nyangka bisa dapet menang langsungi,1.0,0.0,0.0,0.0,0.0
Hasil dari DORA77👋 membuktikan saya bisa beralih dari penjual kaki lima jadi pemilik restoran. 🎖,1.0,Hasil dari DORA77👋 membuktikan saya bisa beralih dari penjual kaki lima jadi pemilik restoran. 🎖,hasil dari doratt membuktikan saya bisa beralih dari penjual kaki lima jadi pemilik restoran,1.0,0.0,0.0,0.0,0.0
👨‍🦲dewadora👨‍🦲 menyediakan platform untuk relaksasi dan hiburan. 😌,1.0,👨‍🦲dewadora👨‍🦲 menyediakan platform untuk relaksasi dan hiburan. 😌,dewadora menyediakan platform untuk relaksasi dan hiburan,1.0,0.0,0.0,0.0,1.0
Main di 🤚dewadora🤚-bikin auto happy! Rezeki emang gak salah alamat! 🤩,1.0,Main di 🤚dewadora🤚-bikin auto happy! Rezeki emang gak salah alamat! 🤩,main di dewadora bikin auto happyi rezeki emang gak salah alamati,1.0,0.0,0.0,0.0,0.0
"Seru banget main di DO R A 7 7🤏, hasilnya bikin hidup lebih cerah! 🐩",1.0,"Seru banget main di DO R A 7 7🤏, hasilnya bikin hidup lebih cerah! 🐩",seru banget main di do r a t t hasilnya bikin hidup lebih cerahi,1.0,0.0,0.0,0.0,0.0
"Rezeki nomplok dari 𝘿 𝙊 𝙍 𝘼𝟳𝟳👧! Modal kecil, hasilnya luar biasa! Pasti balik lagi. 🐜",1.0,"Rezeki nomplok dari 𝘿 𝙊 𝙍 𝘼𝟳𝟳👧! Modal kecil, hasilnya luar biasa! Pasti balik lagi. 🐜",rezeki nomplok dari d o r att i modal kecil hasilnya luar biasai pasti balik lagi,0.0,0.0,0.0,0.0,0.0
"Melalui 💇dewadora💇 saya berubah, dari petani kecil ke pemilik agribisnis. 🥎",1.0,"Melalui 💇dewadora💇 saya berubah, dari petani kecil ke pemilik agribisnis. 🥎",melalui dewadora saya berubah dari petani kecil ke pemilik agribisnis,1.0,0.0,0.0,0.0,1.0
Hasil di 𝘿𝙊𝙍𝘼𝟳-𝟳😪 membuktikan saya bisa beranjak dari pengantar surat ke manajer sukses. 🍔,1.0,Hasil di 𝘿𝙊𝙍𝘼𝟳-𝟳😪 membuktikan saya bisa beranjak dari pengantar surat ke manajer sukses. 🍔,hasil di dorat t membuktikan saya bisa beranjak dari pengantar surat ke manajer sukses,1.0,0.0,0.0,0.0,0.0
"Kece badai! Main di 𝗗𝗢𝗥𝗔-𝟳-𝟳🤨 lancar, cuan juga lancar jaya! ⁉",1.0,"Kece badai! Main di 𝗗𝗢𝗥𝗔-𝟳-𝟳🤨 lancar, cuan juga lancar jaya! ⁉",kece badaii main di dora t t lancar cuan juga lancar jayai i,1.0,0.0,0.0,0.0,1.0
"Bagi yang mencari suasana baru, DORA77👋 bisa dicoba. 😂",1.0,"Bagi yang mencari suasana baru, DORA77👋 bisa dicoba. 😂",bagi yang mencari suasana baru doratt bisa dicoba,1.0,0.0,0.0,0.0,0.0
Kampung atas Huma Akasia hadiiirr bang,0.0,Kampung atas Huma Akasia hadiiirr bang,kampung atas huma akasia hadiiirr bang,1.0,0.0,0.0,0.0,0.0
Isi komentar nya judol smeua anjir,0.0,Isi komentar nya judol smeua anjir,isi komentar nya judol smeua anjir,1.0,0.0,0.0,0.0,0.0
Bermain di 🙇dewadora🙇 memberikan solusi keuangan atas masalah hutang saya. 🐻,1.0,Bermain di 🙇dewadora🙇 memberikan solusi keuangan atas masalah hutang saya. 🐻,bermain di dewadora memberikan solusi keuangan atas masalah hutang saya,1.0,0.0,0.0,0.0,0.0
"Gak sabar buat main lagi di 🧍dewadora🧍,karena rezeki datang tak terduga! 🛥",1.0,"Gak sabar buat main lagi di 🧍dewadora🧍,karena rezeki datang tak terduga! 🛥",gak sabar buat main lagi di dewadora karena rezeki datang tak terdugai,1.0,0.0,0.0,0.0,0.0
"Senang banget, main di D O RA77🖐 bikin hariku lebih cerah! 🫐",1.0,"Senang banget, main di D O RA77🖐 bikin hariku lebih cerah! 🫐",senang banget main di d o ratt bikin hariku lebih cerahi,1.0,0.0,0.0,0.0,0.0
"Berkat DORA7-7😁 saya berubah, dari penjual pulsa jadi pengusaha teknologi sukses. 🍰",1.0,"Berkat DORA7-7😁 saya berubah, dari penjual pulsa jadi pengusaha teknologi sukses. 🍰",berkat dorat t saya berubah dari penjual pulsa jadi pengusaha teknologi sukses,1.0,0.0,0.0,0.0,0.0
"Keuntungan melimpah di 𝘿-𝙊-𝙍𝘼𝟳𝟳🙄, bener-bener puas banget! 🐋",1.0,"Keuntungan melimpah di 𝘿-𝙊-𝙍𝘼𝟳𝟳🙄, bener-bener puas banget! 🐋",keuntungan melimpah di d o ratt bener bener puas bangeti,1.0,0.0,0.0,0.0,0.0
"Di 🧍dewadora🧍 saya menemukan peluang, dari pengantar roti jadi pemilik bakery. 🚛",1.0,"Di 🧍dewadora🧍 saya menemukan peluang, dari pengantar roti jadi pemilik bakery. 🚛",di dewadora saya menemukan peluang dari pengantar roti jadi pemilik bakery,1.0,0.0,0.0,0.0,1.0
"Di ✍dewadora✍ saya menemukan peluang, dari karyawan biasa jadi bos perusahaan. 🚙",1.0,"Di ✍dewadora✍ saya menemukan peluang, dari karyawan biasa jadi bos perusahaan. 🚙",di dewadora saya menemukan peluang dari karyawan biasa jadi bos perusahaan,1.0,0.0,0.0,0.0,0.0
"Jika Anda memprioritaskan kesederhanaan dan kenyamanan, 𝗗 𝗢 𝗥 𝗔𝟳𝟳🤜-layak dieksplorasi. 🫓",1.0,"Jika Anda memprioritaskan kesederhanaan dan kenyamanan, 𝗗 𝗢 𝗥 𝗔𝟳𝟳🤜-layak dieksplorasi. 🫓",jika anda memprioritaskan kesederhanaan dan kenyamanan d o r att layak dieksplorasi,1.0,0.0,0.0,0.0,0.0
Main di ✊dewadora✊ langsung bikin hari jadi lebih cerah! 🍴,1.0,Main di ✊dewadora✊ langsung bikin hari jadi lebih cerah! 🍴,main di dewadora langsung bikin hari jadi lebih cerahi,1.0,0.0,0.0,0.0,0.0
Berkat DORA77👋 saya mendapatkan dana untuk memulai usaha sampingan. 😟,1.0,Berkat DORA77👋 saya mendapatkan dana untuk memulai usaha sampingan. 😟,berkat doratt saya mendapatkan dana untuk memulai usaha sampingan,1.0,0.0,0.0,0.0,0.0
"DOR A 7 7✌emang mantul, JP-nya gak main-main! ✊",1.0,"DOR A 7 7✌emang mantul, JP-nya gak main-main! ✊",dor a t t emang mantul jp nya gak main maini,1.0,0.0,0.0,0.0,0.0
"Bermain di 𝐃𝐎𝐑𝐀𝟕 𝟕👎 otomatis bahagia, rezeki memang sudah ada jalannya! 🆙",1.0,"Bermain di 𝐃𝐎𝐑𝐀𝟕 𝟕👎 otomatis bahagia, rezeki memang sudah ada jalannya! 🆙",bermain di dorat t otomatis bahagia rezeki memang sudah ada jalannyai,1.0,0.0,0.0,0.0,0.0
"Main di 𝐃𝐎𝐑𝐀𝟕𝟕🤘-auto happy, rezeki emang sudah diatur! 🙈",1.0,"Main di 𝐃𝐎𝐑𝐀𝟕𝟕🤘-auto happy, rezeki emang sudah diatur! 🙈",main di doratt auto happy rezeki emang sudah diaturi,1.0,0.0,0.0,0.0,0.0
"Makasih 👶dewadora👶,rezeki datang terus tanpa henti! 🤺",1.0,"Makasih 👶dewadora👶,rezeki datang terus tanpa henti! 🤺",makasih dewadora rezeki datang terus tanpa hentii,1.0,0.0,0.0,0.0,1.0
"Dari yang tadinya cuma penasaran, eh malah dapet rezeki besar di DORA-TUJUH-TUJUH😌! 🥂",1.0,"Dari yang tadinya cuma penasaran, eh malah dapet rezeki besar di DORA-TUJUH-TUJUH😌! 🥂",dari yang tadinya cuma penasaran eh malah dapet rezeki besar di dora tujuh tujuh i,1.0,0.0,0.0,0.0,0.0
"JP datang berbondong-bondong di 👱dewadora👱,lagi gacor parah nih! 🐈",1.0,"JP datang berbondong-bondong di 👱dewadora👱,lagi gacor parah nih! 🐈",jp datang berbondong bondong di dewadora lagi gacor parah nihi,1.0,0.0,0.0,0.0,0.0
"Di DORA-TUJUHTUJUH😴 membuka pintu sukses, dari penjaja gorengan ke pemilik kafe. 🍞",1.0,"Di DORA-TUJUHTUJUH😴 membuka pintu sukses, dari penjaja gorengan ke pemilik kafe. 🍞",di dora tujuhtujuh membuka pintu sukses dari penjaja gorengan ke pemilik kafe,1.0,0.0,0.0,0.0,0.0
"JP datang silih berganti di 🤦dewadora🤦, lagi hoki tingkat dewa nih! 🈴",1.0,"JP datang silih berganti di 🤦dewadora🤦, lagi hoki tingkat dewa nih! 🈴",jp datang silih berganti di dewadora lagi hoki tingkat dewa nihi 合,1.0,0.0,0.0,0.0,1.0
Hasil gacir dari 𝐃𝐎𝐑-𝐀-𝟕-𝟕😋 bikin hari makin seru. Mantap banget! 🐌,1.0,Hasil gacir dari 𝐃𝐎𝐑-𝐀-𝟕-𝟕😋 bikin hari makin seru. Mantap banget! 🐌,hasil gacir dari dor a t t bikin hari makin seru mantap bangeti,1.0,0.0,0.0,0.0,0.0
Hasil dari DORA 7 7🤞 memudahkan saya dalam menyelesaikan masalah hutang. 🤙,1.0,Hasil dari DORA 7 7🤞 memudahkan saya dalam menyelesaikan masalah hutang. 🤙,hasil dari dora t t memudahkan saya dalam menyelesaikan masalah hutang,1.0,0.0,0.0,0.0,0.0
"Bermain di 👨‍🦲dewadora👨‍🦲 membuka jalan, dari penjual pulsa jadi pengusaha handal. 🥧",1.0,"Bermain di 👨‍🦲dewadora👨‍🦲 membuka jalan, dari penjual pulsa jadi pengusaha handal. 🥧",bermain di dewadora membuka jalan dari penjual pulsa jadi pengusaha handal,1.0,0.0,0.0,0.0,0.0
"Hasil nyata di DORATUJUH TUJUH🧏‍♀ mengantar saya, dari penjual pulsa ke pemilik gerai elektronik. 🍦",1.0,"Hasil nyata di DORATUJUH TUJUH🧏‍♀ mengantar saya, dari penjual pulsa ke pemilik gerai elektronik. 🍦",hasil nyata di doratujuh tujuh mengantar saya dari penjual pulsa ke pemilik gerai elektronik,0.0,0.0,0.0,0.0,1.0
"Modal kecil berubah jadi hasil besar, cuma di 👇dewadora👇! 🍳",1.0,"Modal kecil berubah jadi hasil besar, cuma di 👇dewadora👇! 🍳",modal kecil berubah jadi hasil besar cuma di dewadora i,0.0,0.0,0.0,0.0,0.0
"Rezeki melimpah tiap kali main di 👧dewadora👧,benar-benar luar biasa! 🎷",1.0,"Rezeki melimpah tiap kali main di 👧dewadora👧,benar-benar luar biasa! 🎷",rezeki melimpah tiap kali main di dewadora benar benar luar biasai,1.0,0.0,0.0,0.0,0.0
Di 𝗗𝗢𝗥𝗔 𝟳 𝟳🦾 memberikan modal signifikan untuk mendukung impian saya. 👊,1.0,Di 𝗗𝗢𝗥𝗔 𝟳 𝟳🦾 memberikan modal signifikan untuk mendukung impian saya. 👊,di dora t t memberikan modal signifikan untuk mendukung impian saya,0.0,0.0,0.0,0.0,0.0
Ke Majalengka Jawa Barat kak,0.0,Ke Majalengka Jawa Barat kak,ke majalengka jawa barat kak,1.0,0.0,0.0,0.0,0.0
"Gak nyangka bisa dapat segini dari ✊dewadora✊,auto traktir sekeluarga! 👎",1.0,"Gak nyangka bisa dapat segini dari ✊dewadora✊,auto traktir sekeluarga! 👎",gak nyangka bisa dapat segini dari dewadora auto traktir sekeluargai,0.0,0.0,0.0,0.0,0.0
"Tidak pernah merasa bosan sedikit pun bermain 🦾dewadora🦾, karena selalu ada inovasi dan kejutan! 🔴",1.0,"Tidak pernah merasa bosan sedikit pun bermain 🦾dewadora🦾, karena selalu ada inovasi dan kejutan! 🔴",tidak pernah merasa bosan sedikit pun bermain dewadora karena selalu ada inovasi dan kejutani,1.0,0.0,0.0,0.0,0.0
Asik banget main di 𝗗𝗢𝗥𝗔𝟳 𝟳🖖! Cuan auto nambah terus! 🕋,1.0,Asik banget main di 𝗗𝗢𝗥𝗔𝟳 𝟳🖖! Cuan auto nambah terus! 🕋,asik banget main di dorat t i cuan auto nambah terusi,0.0,0.0,0.0,0.0,0.0
Bermain di 𝘿-𝙊-𝙍𝘼𝟳𝟳🙄 memberikan saya akses ke modal usaha yang saya perlukan. 🐍,1.0,Bermain di 𝘿-𝙊-𝙍𝘼𝟳𝟳🙄 memberikan saya akses ke modal usaha yang saya perlukan. 🐍,bermain di d o ratt memberikan saya akses ke modal usaha yang saya perlukan,1.0,0.0,0.0,0.0,0.0
"Hasil nyata di 𝐃𝐎-𝐑-𝐀-𝟕-𝟕😉 mengantar saya, dari penjual keliling jadi pemilik warung kopi. 🛷",1.0,"Hasil nyata di 𝐃𝐎-𝐑-𝐀-𝟕-𝟕😉 mengantar saya, dari penjual keliling jadi pemilik warung kopi. 🛷",hasil nyata di do r a t t mengantar saya dari penjual keliling jadi pemilik warung kopi,1.0,0.0,0.0,0.0,0.0
"Bermain di 🧏‍♂dewadora🧏‍♂ membuka jalan, dari penjual pulsa jadi pengusaha handal. 🥧",1.0,"Bermain di 🧏‍♂dewadora🧏‍♂ membuka jalan, dari penjual pulsa jadi pengusaha handal. 🥧",bermain di dewadora membuka jalan dari penjual pulsa jadi pengusaha handal,0.0,0.0,0.0,0.0,0.0
"Ternyata main di 🧍dewadora🧍-itu gampang banget buat menang, hasilnya luar biasa! 🗽",1.0,"Ternyata main di 🧍dewadora🧍-itu gampang banget buat menang, hasilnya luar biasa! 🗽",ternyata main di dewadora itu gampang banget buat menang hasilnya luar biasai,0.0,0.0,0.0,0.0,0.0
Di 🧎dewadora🧎 membantu saya mendapatkan modal untuk mengembangkan usaha yang saya jalankan. 🐕‍🦺,1.0,Di 🧎dewadora🧎 membantu saya mendapatkan modal untuk mengembangkan usaha yang saya jalankan. 🐕‍🦺,di dewadora membantu saya mendapatkan modal untuk mengembangkan usaha yang saya jalankan,0.0,0.0,0.0,0.0,0.0
𝐃𝐎𝐑-𝐀-𝟕-𝟕😊 menyediakan platform untuk relaksasi dan hiburan. 😌,1.0,𝐃𝐎𝐑-𝐀-𝟕-𝟕😊 menyediakan platform untuk relaksasi dan hiburan. 😌,dor a t t menyediakan platform untuk relaksasi dan hiburan,1.0,0.0,0.0,0.0,0.0
"Berkat 𝐃𝐎𝐑𝐀𝟕𝟕😂 saya berubah, dari penjual pulsa jadi pengusaha teknologi sukses. 🍰",1.0,"Berkat 𝐃𝐎𝐑𝐀𝟕𝟕😂 saya berubah, dari penjual pulsa jadi pengusaha teknologi sukses. 🍰",berkat doratt saya berubah dari penjual pulsa jadi pengusaha teknologi sukses,0.0,0.0,0.0,0.0,1.0
"Penasaran sama cerita orang-orang yang menang besar di 🧓dewadora🧓,akhirnya coba dan langsung dapet rezeki besar! 🚖",1.0,"Penasaran sama cerita orang-orang yang menang besar di 🧓dewadora🧓,akhirnya coba dan langsung dapet rezeki besar! 🚖",penasaran sama cerita orang orang yang menang besar di dewadora akhirnya coba dan langsung dapet rezeki besari,0.0,0.0,0.0,0.0,0.0
"Melalui 🏃dewadora🏃 saya berubah, dari pengantar makanan ke bos restoran. 🚇",1.0,"Melalui 🏃dewadora🏃 saya berubah, dari pengantar makanan ke bos restoran. 🚇",melalui dewadora saya berubah dari pengantar makanan ke bos restoran,0.0,0.0,0.0,0.0,0.0
"Gak ada yang tau kapan rezeki datang, tapi di ✊dewadora✊,semuanya bisa terjadi! ♈",1.0,"Gak ada yang tau kapan rezeki datang, tapi di ✊dewadora✊,semuanya bisa terjadi! ♈",gak ada yang tau kapan rezeki datang tapi di dewadora semuanya bisa terjadii,0.0,0.0,0.0,0.0,0.0
"Melalui 🦴dewadora🦴 saya bertransformasi, dari tukang cukur ke pengusaha kecantikan. 🚟",1.0,"Melalui 🦴dewadora🦴 saya bertransformasi, dari tukang cukur ke pengusaha kecantikan. 🚟",melalui dewadora saya bertransformasi dari tukang cukur ke pengusaha kecantikan,0.0,0.0,0.0,0.0,0.0
Semoga rezeki dari 🙍dewadora🙍 ini berkah dan bermanfaat! ♒,1.0,Semoga rezeki dari 🙍dewadora🙍 ini berkah dan bermanfaat! ♒,semoga rezeki dari dewadora ini berkah dan bermanfaati,1.0,0.0,0.0,0.0,0.0
Keuntungan di 💪dewadora💪 memungkinkan saya untuk membeli rumah tanpa kesulitan. 🐹,1.0,Keuntungan di 💪dewadora💪 memungkinkan saya untuk membeli rumah tanpa kesulitan. 🐹,keuntungan di dewadora memungkinkan saya untuk membeli rumah tanpa kesulitan,1.0,0.0,0.0,0.0,1.0
"Berkat D-O-RA77🤷 saya melesat, dari tukang jahit ke bos butik. 🏏",1.0,"Berkat D-O-RA77🤷 saya melesat, dari tukang jahit ke bos butik. 🏏",berkat d o ratt saya melesat dari tukang jahit ke bos butik,1.0,0.0,0.0,0.0,1.0
Hasil dari ✌dewadora✌ membantu saya mencapai kestabilan keuangan yang saya idamkan. 🐇,1.0,Hasil dari ✌dewadora✌ membantu saya mencapai kestabilan keuangan yang saya idamkan. 🐇,hasil dari dewadora membantu saya mencapai kestabilan keuangan yang saya idamkan,1.0,0.0,0.0,0.0,0.0
"Jika Anda menghargai kinerja yang konsisten, 𝘿𝙊-𝙍-𝘼-𝟳-𝟳😮-layak dipertimbangkan. 🍙",1.0,"Jika Anda menghargai kinerja yang konsisten, 𝘿𝙊-𝙍-𝘼-𝟳-𝟳😮-layak dipertimbangkan. 🍙",jika anda menghargai kinerja yang konsisten do r a t t layak dipertimbangkan,1.0,0.0,0.0,0.0,0.0
Auto sultan berkat 𝗗𝗢𝗥-𝗔-𝟳-𝟳🤔! Keren abis! ✡,1.0,Auto sultan berkat 𝗗𝗢𝗥-𝗔-𝟳-𝟳🤔! Keren abis! ✡,auto sultan berkat dor a t t i keren abisi,1.0,0.0,0.0,0.0,1.0
"Dengan 🧏‍♂dewadora🧏‍♂ saya sukses, dari pembantu rumah jadi pengusaha cleaning service. ⛹",1.0,"Dengan 🧏‍♂dewadora🧏‍♂ saya sukses, dari pembantu rumah jadi pengusaha cleaning service. ⛹",dengan dewadora saya sukses dari pembantu rumah jadi pengusaha cleaning service,1.0,0.0,0.0,0.0,0.0
"Makasih 🏃dewadora🏃, rezeki datang terus tanpa henti! 🐕",1.0,"Makasih 🏃dewadora🏃, rezeki datang terus tanpa henti! 🐕",makasih dewadora rezeki datang terus tanpa hentii,1.0,0.0,0.0,0.0,1.0
"Mantap jiwa main di 👄dewadora👄,rezeki nomplok tiap hari! 😟",1.0,"Mantap jiwa main di 👄dewadora👄,rezeki nomplok tiap hari! 😟",mantap jiwa main di dewadora rezeki nomplok tiap harii,1.0,0.0,0.0,0.0,0.0
"Berkat 🤚dewadora🤚 saya berubah, dari kuli bangunan jadi pemilik kontraktor. 🚢",1.0,"Berkat 🤚dewadora🤚 saya berubah, dari kuli bangunan jadi pemilik kontraktor. 🚢",berkat dewadora saya berubah dari kuli bangunan jadi pemilik kontraktor,1.0,0.0,0.0,0.0,0.0
Hasil dari 🤜dewadora🤜 membantu saya mengatasi masalah hutang dengan efektif. 🐠,1.0,Hasil dari 🤜dewadora🤜 membantu saya mengatasi masalah hutang dengan efektif. 🐠,hasil dari dewadora membantu saya mengatasi masalah hutang dengan efektif,1.0,0.0,0.0,0.0,1.0
"Jika Anda ingin meningkatkan keterampilan Anda, 👩‍🦱dewadora👩‍🦱-bisa bermanfaat. 🍦",1.0,"Jika Anda ingin meningkatkan keterampilan Anda, 👩‍🦱dewadora👩‍🦱-bisa bermanfaat. 🍦",jika anda ingin meningkatkan keterampilan anda dewadora bisa bermanfaat,1.0,0.0,0.0,0.0,0.0
"Bang, emang cibubur itu banyak pengusaha agen bubur? 😅",0.0,"Bang, emang cibubur itu banyak pengusaha agen bubur? 😅",bang emang cibubur itu banyak pengusaha agen bubur,1.0,0.0,0.0,0.0,0.0
petir kakek lagi ngamuk di situs  ambil4d  mang lagi rame perkalian disitu,1.0,petir kakek lagi ngamuk di situs  ambil4d  mang lagi rame perkalian disitu,petir kakek lagi ngamuk di situs ambilad mang lagi rame perkalian disitu,1.0,0.0,0.0,0.0,0.0
idenya menarik nih langsung gas aja klo gitu deh ke google cari ambil4d,1.0,idenya menarik nih langsung gas aja klo gitu deh ke google cari ambil4d,idenya menarik nih langsung gas aja klo gitu deh ke google cari ambilad,1.0,0.0,0.0,0.0,0.0
Seorang fans adalah gambaran dari idola itu sendiri 😂kalo aku fans ambil4d,1.0,Seorang fans adalah gambaran dari idola itu sendiri 😂kalo aku fans ambil4d,seorang fans adalah gambaran dari idola itu sendiri kalo aku fans ambilad,0.0,0.0,0.0,0.0,0.0
Ini mirip seperti cerita ku di awal covid main di ambil4d karna saat itu gabisa kerja jadi penghasilan dari sana,1.0,Ini mirip seperti cerita ku di awal covid main di ambil4d karna saat itu gabisa kerja jadi penghasilan dari sana,ini mirip seperti cerita ku di awal covid main di ambilad karna saat itu gabisa kerja jadi penghasilan dari sana,0.0,0.0,0.0,0.0,0.0
Bersyukur untuk hari ini. 𝐆𝐎𝐎𝐆𝐋𝐄 𝐀𝐉𝐀  ambil4d,1.0,Bersyukur untuk hari ini. 𝐆𝐎𝐎𝐆𝐋𝐄 𝐀𝐉𝐀  ambil4d,bersyukur untuk hari ini google aja ambilad,0.0,0.0,0.0,0.0,0.0
ambil4d main seru kontrakan terbayar lancar!,1.0,ambil4d main seru kontrakan terbayar lancar!,ambilad main seru kontrakan terbayar lancari,0.0,0.0,0.0,0.0,0.0
"Jalur baru, lama buanget...😅😅😅",0.0,"Jalur baru, lama buanget...😅😅😅",jalur baru lama buanget,1.0,0.0,0.0,0.0,0.0
Udh bng...sblm pandemi tiap tahun 2x ke prau,0.0,Udh bng...sblm pandemi tiap tahun 2x ke prau,udh bng sblm pandemi tiap tahun 2 x ke prau,1.0,0.0,0.0,0.0,0.0
Mantab😢😢😢,0.0,Mantab😢😢😢,mantab,1.0,0.0,0.0,0.0,0.0
Gunung Prau alhamdulillah udah pernah bang😁,0.0,Gunung Prau alhamdulillah udah pernah bang😁,gunung prau alhamdulillah udah pernah bang,1.0,0.0,0.0,0.0,0.0
Tanya bang. Klo diatas sholatnya gmn? Maaf saya belum pernah naik dan ada rencana mau ke dieng,0.0,Tanya bang. Klo diatas sholatnya gmn? Maaf saya belum pernah naik dan ada rencana mau ke dieng,tanya bang klo diatas sholatnya gmn maaf saya belum pernah naik dan ada rencana mau ke dieng,1.0,0.0,0.0,0.0,0.0
"Apa nggk hujannan bang, Jateng akhir2 ini masih sering ujan soalnya...",0.0,"Apa nggk hujannan bang, Jateng akhir2 ini masih sering ujan soalnya...",apa nggk hujannan bang jateng akhir 2 ini masih sering ujan soalnya,1.0,0.0,0.0,0.0,0.0
gimanaa Bang rasanya muncak,0.0,gimanaa Bang rasanya muncak,gimanaa bang rasanya muncak,1.0,0.0,0.0,0.0,1.0
"Asik bang, keren luu bang😊",0.0,"Asik bang, keren luu bang😊",asik bang keren luu bang,1.0,0.0,0.0,0.0,1.0
Jadi totalnyaaa berapa bang,0.0,Jadi totalnyaaa berapa bang,jadi totalnyaaa berapa bang,1.0,0.0,0.0,0.0,1.0
Jslur ekstrim itu jalur lama banyak banget daerah yang curam kudu ekstra hati hati,0.0,Jslur ekstrim itu jalur lama banyak banget daerah yang curam kudu ekstra hati hati,jslur ekstrim itu jalur lama banyak banget daerah yang curam kudu ekstra hati hati,1.0,0.0,0.0,0.0,1.0
Keren bang,0.0,Keren bang,keren bang,1.0,0.0,0.0,0.0,0.0
Bentar lagi bang Juni lebih cakeepp,0.0,Bentar lagi bang Juni lebih cakeepp,bentar lagi bang juni lebih cakeepp,1.0,0.0,0.0,0.0,0.0
Pensiun bukan krn udah tua.tapi krn udah ganti orde baru. Yg dpt yg condong ke US,0.0,Pensiun bukan krn udah tua.tapi krn udah ganti orde baru. Yg dpt yg condong ke US,pensiun bukan krn udah tua tapi krn udah ganti orde baru yg dpt yg condong ke us,1.0,0.0,0.0,0.0,1.0
"Main di 💪dewadora💪-bikin hariku lebih menyenangkan, terima kasih! 🛻",1.0,"Main di 💪dewadora💪-bikin hariku lebih menyenangkan, terima kasih! 🛻",main di dewadora bikin hariku lebih menyenangkan terima kasihi,1.0,0.0,0.0,0.0,1.0
"Di 𝘿 𝙊 𝙍𝘼𝟳𝟳👦 mengantar saya menuju kesuksesan, dari tukang bakso kini jadi bos restoran. 🥬",1.0,"Di 𝘿 𝙊 𝙍𝘼𝟳𝟳👦 mengantar saya menuju kesuksesan, dari tukang bakso kini jadi bos restoran. 🥬",di d o ratt mengantar saya menuju kesuksesan dari tukang bakso kini jadi bos restoran,1.0,0.0,0.0,0.0,1.0
Di D O R A77✋ membuat saya melunasi hutang tanpa menunggu lama. 👐,1.0,Di D O R A77✋ membuat saya melunasi hutang tanpa menunggu lama. 👐,di d o r att membuat saya melunasi hutang tanpa menunggu lama,1.0,0.0,0.0,0.0,1.0
menang besar bikin aku makin semangat coba lagi di DORATUJUH-TUJUH😛! 🎹,1.0,menang besar bikin aku makin semangat coba lagi di DORATUJUH-TUJUH😛! 🎹,menang besar bikin aku makin semangat coba lagi di doratujuh tujuh i,1.0,0.0,0.0,0.0,0.0
"Malam ini dapet jakpot gede, terima kasih 𝐃𝐎 𝐑 𝐀 𝟕 𝟕🖕! Nggak mau ketinggalan kan? 🍙",1.0,"Malam ini dapet jakpot gede, terima kasih 𝐃𝐎 𝐑 𝐀 𝟕 𝟕🖕! Nggak mau ketinggalan kan? 🍙",malam ini dapet jakpot gede terima kasih do r a t t i nggak mau ketinggalan kan,1.0,0.0,0.0,0.0,1.0
"Modal kecil, untung besar, cuma di 𝗗𝗢𝗥𝗔𝟳 𝟳🖖.Mantap banget! 🏇",1.0,"Modal kecil, untung besar, cuma di 𝗗𝗢𝗥𝗔𝟳 𝟳🖖.Mantap banget! 🏇",modal kecil untung besar cuma di dorat t mantap bangeti,1.0,0.0,0.0,0.0,0.0
"Rezeki yang diberikan D O R A 77🖖 sungguh tiada tara, terima kasih Ya Allah! 🆔",1.0,"Rezeki yang diberikan D O R A 77🖖 sungguh tiada tara, terima kasih Ya Allah! 🆔",rezeki yang diberikan d o r a tt sungguh tiada tara terima kasih ya allahi,1.0,0.0,0.0,0.0,0.0
Bermain di 👆dewadora👆 mengubah hidup saya dengan melunasi hutang dalam waktu singkat. 🧐,1.0,Bermain di 👆dewadora👆 mengubah hidup saya dengan melunasi hutang dalam waktu singkat. 🧐,bermain di dewadora mengubah hidup saya dengan melunasi hutang dalam waktu singkat,1.0,0.0,0.0,0.0,0.0
"Baru coba main di D O R A 77🖖,eh rezekinya langsung gacir. Mantap banget! 🍷",1.0,"Baru coba main di D O R A 77🖖,eh rezekinya langsung gacir. Mantap banget! 🍷",baru coba main di d o r a tt eh rezekinya langsung gacir mantap bangeti,0.0,0.0,0.0,0.0,1.0
Pertimbangkan untuk menjelajahi 🙇dewadora🙇 jika Anda menghargai desain yang inovatif. 🧐,1.0,Pertimbangkan untuk menjelajahi 🙇dewadora🙇 jika Anda menghargai desain yang inovatif. 🧐,pertimbangkan untuk menjelajahi dewadora jika anda menghargai desain yang inovatif,0.0,0.0,0.0,0.0,0.0
"Gak nyangka bisa dapat segini dari 🧍dewadora🧍, auto traktir sekeluarga! 〰",1.0,"Gak nyangka bisa dapat segini dari 🧍dewadora🧍, auto traktir sekeluarga! 〰",gak nyangka bisa dapat segini dari dewadora auto traktir sekeluargai,0.0,0.0,0.0,0.0,0.0
Di 𝗗𝗢-𝗥-𝗔-𝟳-𝟳🤩 memberikan solusi keuangan yang membantu saya membeli rumah. 🦓,1.0,Di 𝗗𝗢-𝗥-𝗔-𝟳-𝟳🤩 memberikan solusi keuangan yang membantu saya membeli rumah. 🦓,di do r a t t memberikan solusi keuangan yang membantu saya membeli rumah,0.0,0.0,0.0,0.0,0.0
"Main di 🧏‍♀dewadora🧏‍♀ bikin happy banget, hasilnya gacir abis! 🦟",1.0,"Main di 🧏‍♀dewadora🧏‍♀ bikin happy banget, hasilnya gacir abis! 🦟",main di dewadora bikin happy banget hasilnya gacir abisi,1.0,0.0,0.0,0.0,0.0
"Alhamdulillah, rezeki lancar hari ini berkat 👀dewadora👀! ♏",1.0,"Alhamdulillah, rezeki lancar hari ini berkat 👀dewadora👀! ♏",alhamdulillah rezeki lancar hari ini berkat dewadora i,0.0,0.0,0.0,0.0,0.0
"Melalui 👄dewadora👄 saya berubah, dari penjual keliling ke pemilik warung kopi. 🥊",1.0,"Melalui 👄dewadora👄 saya berubah, dari penjual keliling ke pemilik warung kopi. 🥊",melalui dewadora saya berubah dari penjual keliling ke pemilik warung kopi,1.0,0.0,0.0,0.0,0.0
Hasil dari 💁dewadora💁 membuktikan saya beralih dari tukang bakso ke bos restoran. 🥛,1.0,Hasil dari 💁dewadora💁 membuktikan saya beralih dari tukang bakso ke bos restoran. 🥛,hasil dari dewadora membuktikan saya beralih dari tukang bakso ke bos restoran,0.0,0.0,0.0,0.0,0.0
"Main bentar, eh langsung rezeki nomplok! Semuanya bisa terjadi di 👩‍🦲dewadora👩‍🦲! 🧂",1.0,"Main bentar, eh langsung rezeki nomplok! Semuanya bisa terjadi di 👩‍🦲dewadora👩‍🦲! 🧂",main bentar eh langsung rezeki nomploki semuanya bisa terjadi di dewadora i,0.0,0.0,0.0,0.0,0.0
Modal yang saya dapat dari 𝘿-𝙊-𝙍-𝘼-𝟳𝟳😣 membuat usaha saya semakin stabil. 🐵,1.0,Modal yang saya dapat dari 𝘿-𝙊-𝙍-𝘼-𝟳𝟳😣 membuat usaha saya semakin stabil. 🐵,modal yang saya dapat dari d o r a tt membuat usaha saya semakin stabil,1.0,0.0,0.0,0.0,0.0
"Rezeki besar datang tanpa henti dari 🦾dewadora🦾,makasih banyak! 🚚",1.0,"Rezeki besar datang tanpa henti dari 🦾dewadora🦾,makasih banyak! 🚚",rezeki besar datang tanpa henti dari dewadora makasih banyaki,0.0,0.0,0.0,0.0,0.0
Asik banget main di 🦴dewadora🦴! Cuan auto nambah terus! 🕋,1.0,Asik banget main di 🦴dewadora🦴! Cuan auto nambah terus! 🕋,asik banget main di dewadora i cuan auto nambah terusi,0.0,0.0,0.0,0.0,1.0
"JP bertubi-tubi di 𝐃𝐎 𝐑 𝐀 𝟕 𝟕🖕, lagi on fire banget nih! 🔣",1.0,"JP bertubi-tubi di 𝐃𝐎 𝐑 𝐀 𝟕 𝟕🖕, lagi on fire banget nih! 🔣",jp bertubi tubi di do r a t t lagi on fire banget nihi,1.0,0.0,0.0,0.0,0.0
Semangat bro. Ulik terus sejarah perjuangan Indonesia ❤,0.0,Semangat bro. Ulik terus sejarah perjuangan Indonesia ❤,semangat bro ulik terus sejarah perjuangan indonesia,0.0,0.0,0.0,0.0,0.0
daerah padet bgtu banyak edeb biasanya itu bang 🤧😂,0.0,daerah padet bgtu banyak edeb biasanya itu bang 🤧😂,daerah padet bgtu banyak edeb biasanya itu bang,1.0,0.0,0.0,0.0,0.0
Bukan brajil bang tapi Brazil...😂,0.0,Bukan brajil bang tapi Brazil...😂,bukan brajil bang tapi brazil,0.0,0.0,0.0,0.0,0.0
Aku bingung sama komentar ambil4d! pas aku tes eh malah beneran dapat uang banyak huhuu,1.0,Aku bingung sama komentar ambil4d! pas aku tes eh malah beneran dapat uang banyak huhuu,aku bingung sama komentar ambiladi pas aku tes eh malah beneran dapat uang banyak huhuu,0.0,0.0,0.0,0.0,0.0
SUPER MANTAP Abis nyoba situs  ambil4d    ini langsung hooked! Mainnya keren hadiahnya gak main-main. Ga heran banyak yang suka!,1.0,SUPER MANTAP Abis nyoba situs  ambil4d    ini langsung hooked! Mainnya keren hadiahnya gak main-main. Ga heran banyak yang suka!,super mantap abis nyoba situs ambilad ini langsung hookedi mainnya keren hadiahnya gak main main ga heran banyak yang sukai,1.0,0.0,0.0,0.0,0.0
ambil4d gua maen dikit aja sldoo udah nmba byk,1.0,ambil4d gua maen dikit aja sldoo udah nmba byk,ambilad gua maen dikit aja sldoo udah nmba byk,0.0,0.0,0.0,0.0,0.0
SUPER MANTAP Saya selalu dapet keberuntungan di  ambil4d    beneran! Gasabar liat lo juga ikutan rame di komunitas pemenang!,1.0,SUPER MANTAP Saya selalu dapet keberuntungan di  ambil4d    beneran! Gasabar liat lo juga ikutan rame di komunitas pemenang!,super mantap saya selalu dapet keberuntungan di ambilad benerani gasabar liat lo juga ikutan rame di komunitas pemenangi,1.0,0.0,0.0,0.0,0.0
bener bang kata lu emang di ambil4d itu pasti dikasih dulu,1.0,bener bang kata lu emang di ambil4d itu pasti dikasih dulu,bener bang kata lu emang di ambilad itu pasti dikasih dulu,1.0,0.0,0.0,0.0,0.0
Tarik semua kemenangan dari ambil4d saatnya checkout di shoppee!,1.0,Tarik semua kemenangan dari ambil4d saatnya checkout di shoppee!,tarik semua kemenangan dari ambilad saatnya checkout di shoppeei,0.0,0.0,0.0,0.0,0.0
STOP YA KOMEN KOMEN GAJELAS KITA ITU UDAH TAU YANG PASTI BAYAR DI ambil4d,1.0,STOP YA KOMEN KOMEN GAJELAS KITA ITU UDAH TAU YANG PASTI BAYAR DI ambil4d,stop ya komen komen gajelas kita itu udah tau yang pasti bayar di ambilad,1.0,0.0,0.0,0.0,0.0
"Gang kancil Tambora,padet bgt ,naik motor jgn harap bisa jln lancar",1.0,"Gang kancil Tambora,padet bgt ,naik motor jgn harap bisa jln lancar",gang kancil tambora padet bgt naik motor jgn harap bisa jln lancar,1.0,0.0,0.0,0.0,1.0
"Lu dimana bang saudara lu , gue ditanah sereal bang melimpir lah kesini",1.0,"Lu dimana bang saudara lu , gue ditanah sereal bang melimpir lah kesini",lu dimana bang saudara lu gue ditanah sereal bang melimpir lah kesini,1.0,0.0,0.0,0.0,0.0
"Paling males klo lagi ngojek,dapet kirim atau jemput paket ke daerah model gini,pusing😅",1.0,"Paling males klo lagi ngojek,dapet kirim atau jemput paket ke daerah model gini,pusing😅",paling males klo lagi ngojek dapet kirim atau jemput paket ke daerah model gini pusing,1.0,0.0,0.0,0.0,0.0
Mencari pengalaman daring yang lancar? 🙅𝘼𝙀𝙍𝙊 𝟴 𝟴 mungkin solusinya.,1.0,Mencari pengalaman daring yang lancar? 🙅𝘼𝙀𝙍𝙊 𝟴 𝟴 mungkin solusinya.,mencari pengalaman daring yang lancar aero b b mungkin solusinya,1.0,0.0,0.0,0.0,0.0
"😙𝗔-𝗘-𝗥-𝗢𝟴𝟴 saya seneng banget, maen disini gk rugi",1.0,"😙𝗔-𝗘-𝗥-𝗢𝟴𝟴 saya seneng banget, maen disini gk rugi",a e r obb saya seneng banget maen disini gk rugi,1.0,0.0,0.0,0.0,0.0
😑𝘼-𝙀𝙍𝙊𝟴𝟴 mungkin yang Anda cari dalam hiburan daring.,1.0,😑𝘼-𝙀𝙍𝙊𝟴𝟴 mungkin yang Anda cari dalam hiburan daring.,a erobb mungkin yang anda cari dalam hiburan daring,1.0,0.0,0.0,0.0,0.0
"👌A E R O 8 8 tiap main pasti jepe, asli gampang banget",1.0,"👌A E R O 8 8 tiap main pasti jepe, asli gampang banget",a e r o b b tiap main pasti jepe asli gampang banget,1.0,0.0,0.0,0.0,0.0
"Ternyata main di 🤩𝗔𝗘𝗥-𝗢-𝟴-𝟴 bikin rezeki datang begitu saja, langsung gacir!",1.0,"Ternyata main di 🤩𝗔𝗘𝗥-𝗢-𝟴-𝟴 bikin rezeki datang begitu saja, langsung gacir!",ternyata main di aer o b b bikin rezeki datang begitu saja langsung gaciri,1.0,0.0,0.0,0.0,0.0
"😉𝐀𝐄-𝐑-𝐎-𝟖-𝟖 tiap hari ada aja yang WEDEY, lu kapan..",1.0,"😉𝐀𝐄-𝐑-𝐎-𝟖-𝟖 tiap hari ada aja yang WEDEY, lu kapan..",ae r o b b tiap hari ada aja yang wedey lu kapan,1.0,0.0,0.0,0.0,0.0
😑𝘼-𝙀𝙍𝙊𝟴𝟴 gk nyangka bisa hoki terus-terusan kayak gini,1.0,😑𝘼-𝙀𝙍𝙊𝟴𝟴 gk nyangka bisa hoki terus-terusan kayak gini,a erobb gk nyangka bisa hoki terus terusan kayak gini,1.0,0.0,0.0,0.0,0.0
"🙎𝘼𝙀𝙍 𝙊 𝟴 𝟴 aku gak ngerti lagi, ini bener-bener hoki terus",1.0,"🙎𝘼𝙀𝙍 𝙊 𝟴 𝟴 aku gak ngerti lagi, ini bener-bener hoki terus",aer o b b aku gak ngerti lagi ini bener bener hoki terus,1.0,0.0,0.0,0.0,0.0
"😯𝘼𝙀𝙍𝙊-𝟴-𝟴 tiap hari hoki terus, gk ngerti lagi deh",1.0,"😯𝘼𝙀𝙍𝙊-𝟴-𝟴 tiap hari hoki terus, gk ngerti lagi deh",aero b b tiap hari hoki terus gk ngerti lagi deh,1.0,0.0,0.0,0.0,0.0
"Udah banyak yang menang, saatnya kamu coba di 💆A-E-R-O88 dan rasain sendiri!",1.0,"Udah banyak yang menang, saatnya kamu coba di 💆A-E-R-O88 dan rasain sendiri!",udah banyak yang menang saatnya kamu coba di a e r obb dan rasain sendirii,1.0,0.0,0.0,0.0,0.0
"🤨𝗔𝗘𝗥𝗢𝟴-𝟴 gua main bentar aja, saldo udah nambah",1.0,"🤨𝗔𝗘𝗥𝗢𝟴-𝟴 gua main bentar aja, saldo udah nambah",aerob b gua main bentar aja saldo udah nambah,1.0,0.0,0.0,0.0,0.0
"🤏AE R O 8 8 saya main tiap malam, hoki terus di sini",1.0,"🤏AE R O 8 8 saya main tiap malam, hoki terus di sini",ae r o b b saya main tiap malam hoki terus di sini,1.0,0.0,0.0,0.0,0.0
"👦𝘼 𝙀 𝙍 𝙊𝟴𝟴 tiap main pasti ada aja jackpotnya, luar biasa",1.0,"👦𝘼 𝙀 𝙍 𝙊𝟴𝟴 tiap main pasti ada aja jackpotnya, luar biasa",a e r obb tiap main pasti ada aja jackpotnya luar biasa,1.0,0.0,0.0,0.0,0.0
"👎𝗔𝗘𝗥𝗢𝟴𝟴 tiap hari hoki terus-terusan, gk ngerti lagi",1.0,"👎𝗔𝗘𝗥𝗢𝟴𝟴 tiap hari hoki terus-terusan, gk ngerti lagi",aerobb tiap hari hoki terus terusan gk ngerti lagi,1.0,0.0,0.0,0.0,0.0
"Modal kecil aja bisa untung besar di 🧏‍♂AERO DELAPAN DELAPAN, luar biasa!",1.0,"Modal kecil aja bisa untung besar di 🧏‍♂AERO DELAPAN DELAPAN, luar biasa!",modal kecil aja bisa untung besar di aero delapan delapan luar biasai,1.0,0.0,0.0,0.0,0.0
"😍𝗔𝗘𝗥𝗢𝟴𝟴 kalo gue bisa jepe, kalian juga pasti bisa",1.0,"😍𝗔𝗘𝗥𝗢𝟴𝟴 kalo gue bisa jepe, kalian juga pasti bisa",aerobb kalo gue bisa jepe kalian juga pasti bisa,1.0,0.0,0.0,0.0,0.0
"😴AERO-DELAPANDELAPAN cuma coba sekali, lngsg hoki melulu",1.0,"😴AERO-DELAPANDELAPAN cuma coba sekali, lngsg hoki melulu",aero delapandelapan cuma coba sekali lngsg hoki melulu,1.0,0.0,0.0,0.0,0.0
Temukan potensi 🤞AERO 8 8.,1.0,Temukan potensi 🤞AERO 8 8.,temukan potensi aero b b,1.0,0.0,0.0,0.0,0.0
"🤜aero88 cuma coba sekali, lgnsung ketagihan",1.0,"🤜aero88 cuma coba sekali, lgnsung ketagihan",aerobb cuma coba sekali lgnsung ketagihan,1.0,0.0,0.0,0.0,0.0
Kalo mafia main di ambil4d mungkin mereka bakal lebih sering Shopping daripada bikin rencana! 😂,1.0,Kalo mafia main di ambil4d mungkin mereka bakal lebih sering Shopping daripada bikin rencana! 😂,kalo mafia main di ambilad mungkin mereka bakal lebih sering shopping daripada bikin rencanai,1.0,0.0,0.0,0.0,0.0
itu si rijal doyan banget main di ambil4d sampe kebeli motor,1.0,itu si rijal doyan banget main di ambil4d sampe kebeli motor,itu si rijal doyan banget main di ambilad sampe kebeli motor,0.0,0.0,0.0,0.0,0.0
AMBIL4D emang gokil banget banyak yang untung disitu,1.0,AMBIL4D emang gokil banget banyak yang untung disitu,ambilad emang gokil banget banyak yang untung disitu,0.0,0.0,0.0,0.0,0.0
bang itu rumah gua,0.0,bang itu rumah gua,bang itu rumah gua,0.0,0.0,0.0,0.0,0.0
Coba cek manila juga terpadat di dunia malah..,0.0,Coba cek manila juga terpadat di dunia malah..,coba cek manila juga terpadat di dunia malah,1.0,0.0,0.0,0.0,0.0
inilah wajah asli ibu kota 😊,0.0,inilah wajah asli ibu kota 😊,inilah wajah asli ibu kota,1.0,0.0,0.0,0.0,1.0
"Daerah krendang itu,,, masuk bingung, baliknya nyasar",0.0,"Daerah krendang itu,,, masuk bingung, baliknya nyasar",daerah krendang itu masuk bingung baliknya nyasar,0.0,0.0,0.0,0.0,0.0
Seru kayanya yah...labirin...kebersamaannya pasti lbh kuat...😊,0.0,Seru kayanya yah...labirin...kebersamaannya pasti lbh kuat...😊,seru kayanya yah labirin kebersamaannya pasti lbh kuat,0.0,0.0,0.0,0.0,0.0
Tambora tuh begitu,0.0,Tambora tuh begitu,tambora tuh begitu,0.0,0.0,0.0,0.0,0.0
"Blm seberapa kumuh nya itu bang. 
Coba Lo ke daerah Pulo gadung pas perbatasan kayu putih. Tuh parah matahari aja nyerah kaga tembus dah.",0.0,"Blm seberapa kumuh nya itu bang. 
Coba Lo ke daerah Pulo gadung pas perbatasan kayu putih. Tuh parah matahari aja nyerah kaga tembus dah.",blm seberapa kumuh nya itu bang coba lo ke daerah pulo gadung pas perbatasan kayu putih tuh parah matahari aja nyerah kaga tembus dah,0.0,0.0,0.0,0.0,0.0
Kaga semua jakbar wilayahnya kek bgini😊,0.0,Kaga semua jakbar wilayahnya kek bgini😊,kaga semua jakbar wilayahnya kek bgini,0.0,0.0,0.0,0.0,1.0
"Alhamdulillah..sy minta ulas Tambora, dah di bahas disini... mantap...makasih om",0.0,"Alhamdulillah..sy minta ulas Tambora, dah di bahas disini... mantap...makasih om",alhamdulillah sy minta ulas tambora dah di bahas disini mantap makasih om,0.0,0.0,0.0,0.0,0.0
Spot gacor tambora untuk ojol barang,0.0,Spot gacor tambora untuk ojol barang,spot gacor tambora untuk ojol barang,0.0,0.0,0.0,0.0,0.0
Saban hari tetangga tau masak apa 😂,0.0,Saban hari tetangga tau masak apa 😂,saban hari tetangga tau masak apa,1.0,0.0,0.0,0.0,0.0
Gang didalam gang? Gmn ceritanya?,0.0,Gang didalam gang? Gmn ceritanya?,gang didalam gang gmn ceritanya,1.0,0.0,0.0,0.0,1.0
Gw orang asli kalianyar nih 😂,0.0,Gw orang asli kalianyar nih 😂,gw orang asli kalianyar nih,1.0,0.0,0.0,0.0,1.0
"Bude nya bokap gw dulu di kali anyar, setiap lebaran pasti kesana.. Bau got pula, Ampun dah.. Sejak beliau meninggal udah gak pernah kesana lagi",0.0,"Bude nya bokap gw dulu di kali anyar, setiap lebaran pasti kesana.. Bau got pula, Ampun dah.. Sejak beliau meninggal udah gak pernah kesana lagi",bude nya bokap gw dulu di kali anyar setiap lebaran pasti kesana bau got pula ampun dah sejak beliau meninggal udah gak pernah kesana lagi,1.0,0.0,0.0,0.0,1.0
maenlh k petamburan,0.0,maenlh k petamburan,maenlh k petamburan,1.0,0.0,0.0,0.0,1.0
"Bahas apartemen apartemen yg bnyk cewe michat nya bang, kyknya seru 😅",0.0,"Bahas apartemen apartemen yg bnyk cewe michat nya bang, kyknya seru 😅",bahas apartemen apartemen yg bnyk cewe michat nya bang kyknya seru,1.0,0.0,0.0,0.0,1.0
Pusing anter paket kemari 😂😂😂,0.0,Pusing anter paket kemari 😂😂😂,pusing anter paket kemari,1.0,0.0,0.0,0.0,0.0
"😂😂😂saya dulu di kali anyar bang...tiap mau idul Fitri selaluuu terjadi kebakaran...heraaan dah, kaya dah tradisi tuh kebakaran",0.0,"😂😂😂saya dulu di kali anyar bang...tiap mau idul Fitri selaluuu terjadi kebakaran...heraaan dah, kaya dah tradisi tuh kebakaran",saya dulu di kali anyar bang tiap mau idul fitri selaluuu terjadi kebakaran heraaan dah kaya dah tradisi tuh kebakaran,1.0,0.0,0.0,0.0,0.0
Jakarta kota ternyaman tapi lu harus kaya😂,0.0,Jakarta kota ternyaman tapi lu harus kaya😂,jakarta kota ternyaman tapi lu harus kaya,1.0,0.0,0.0,0.0,0.0
Wilayah Tambira ini yg bolak balik kebakaran kan...?,0.0,Wilayah Tambira ini yg bolak balik kebakaran kan...?,wilayah tambira ini yg bolak balik kebakaran kan,1.0,0.0,0.0,0.0,0.0
Coba ke tanah Tinggi,0.0,Coba ke tanah Tinggi,coba ke tanah tinggi,1.0,0.0,0.0,0.0,0.0
"The tambora, liputan disini saat kebakaran hp bb ilang. Liat pemadam diributin ama warlok.",0.0,"The tambora, liputan disini saat kebakaran hp bb ilang. Liat pemadam diributin ama warlok.",the tambora liputan disini saat kebakaran hp bb ilang liat pemadam diributin ama warlok,1.0,0.0,0.0,0.0,1.0
Cicadas bandung juga padat tuh,0.0,Cicadas bandung juga padat tuh,cicadas bandung juga padat tuh,1.0,0.0,0.0,0.0,0.0
Hampir sama dengan Pademangan Timur,0.0,Hampir sama dengan Pademangan Timur,hampir sama dengan pademangan timur,1.0,0.0,0.0,0.0,1.0
Prindapan versi asia tenggara,0.0,Prindapan versi asia tenggara,prindapan versi asia tenggara,1.0,0.0,0.0,0.0,0.0
Kek kampung kubur di medan😅,0.0,Kek kampung kubur di medan😅,kek kampung kubur di medan,1.0,0.0,0.0,0.0,1.0
Jakarta mahh banyak yang daerah nya begini. Johar baru. Pangkalan asem jakarta pusat juga ada yang begitu😅😅,0.0,Jakarta mahh banyak yang daerah nya begini. Johar baru. Pangkalan asem jakarta pusat juga ada yang begitu😅😅,jakarta mahh banyak yang daerah nya begini johar baru pangkalan asem jakarta pusat juga ada yang begitu,1.0,0.0,0.0,0.0,0.0
"Coba berani ga bg,ke cikarang tapi muter lewat lewat Sukabumi dan Cianjur naik kereta.",0.0,"Coba berani ga bg,ke cikarang tapi muter lewat lewat Sukabumi dan Cianjur naik kereta.",coba berani ga bg ke cikarang tapi muter lewat lewat sukabumi dan cianjur naik kereta,1.0,0.0,0.0,0.0,0.0
Engga kebayang ngirim paket ke situ 😅,0.0,Engga kebayang ngirim paket ke situ 😅,engga kebayang ngirim paket ke situ,1.0,0.0,0.0,0.0,0.0
Rumah boleh dempet motornya tetep vespa matic 😂,0.0,Rumah boleh dempet motornya tetep vespa matic 😂,rumah boleh dempet motornya tetep vespa matic,1.0,0.0,0.0,0.0,1.0
Kereeennn...konten sekalian silahturahmi ke sodara ya bang😄👍,0.0,Kereeennn...konten sekalian silahturahmi ke sodara ya bang😄👍,kereeennn konten sekalian silahturahmi ke sodara ya bang,0.0,0.0,0.0,0.0,0.0
deket rumah aku tapi aku masuk nya kel. kalianyar,0.0,deket rumah aku tapi aku masuk nya kel. kalianyar,deket rumah aku tapi aku masuk nya kel kalianyar,0.0,0.0,0.0,0.0,0.0
"Beuhh enakan yg onion ring bang, taro tempe nye🎉",0.0,"Beuhh enakan yg onion ring bang, taro tempe nye🎉",beuhh enakan yg onion ring bang taro tempe nye,1.0,0.0,0.0,0.0,0.0
"Berkat 🧔dewadora🧔 saya melesat, dari pengantar makanan ke pengusaha restoran. 🚉",1.0,"Berkat 🧔dewadora🧔 saya melesat, dari pengantar makanan ke pengusaha restoran. 🚉",berkat dewadora saya melesat dari pengantar makanan ke pengusaha restoran,0.0,0.0,0.0,0.0,0.0
"Langsung tarik semua kemenangan dari 𝗗𝗢𝗥𝗔 𝟳 𝟳🦾,buat liburan! 😫",1.0,"Langsung tarik semua kemenangan dari 𝗗𝗢𝗥𝗔 𝟳 𝟳🦾,buat liburan! 😫",langsung tarik semua kemenangan dari dora t t buat liburani,0.0,0.0,0.0,0.0,0.0
"Gak percaya bisa menang sebanyak ini di DORA 7 7🤞,mimpi jadi realita! 🐟",1.0,"Gak percaya bisa menang sebanyak ini di DORA 7 7🤞,mimpi jadi realita! 🐟",gak percaya bisa menang sebanyak ini di dora t t mimpi jadi realitai,0.0,0.0,0.0,0.0,1.0
"Jakpot hari ini bener-bener luar biasa, cuma di 𝐃𝐎𝐑𝐀𝟕 𝟕👎! 🐆",1.0,"Jakpot hari ini bener-bener luar biasa, cuma di 𝐃𝐎𝐑𝐀𝟕 𝟕👎! 🐆",jakpot hari ini bener bener luar biasa cuma di dorat t i,0.0,0.0,0.0,0.0,1.0
"Bermain di ✋dewadora✋ membuka jalan, dari pengantar roti ke pengusaha bakery. 🦽",1.0,"Bermain di ✋dewadora✋ membuka jalan, dari pengantar roti ke pengusaha bakery. 🦽",bermain di dewadora membuka jalan dari pengantar roti ke pengusaha bakery,1.0,0.0,0.0,0.0,0.0
Di 𝐃 𝐎𝐑𝐀𝟕𝟕🤙 membantu saya menyelesaikan kewajiban hutang dengan cepat. 🦎,1.0,Di 𝐃 𝐎𝐑𝐀𝟕𝟕🤙 membantu saya menyelesaikan kewajiban hutang dengan cepat. 🦎,di d oratt membantu saya menyelesaikan kewajiban hutang dengan cepat,1.0,0.0,0.0,0.0,0.0
"Hari yang penuh berkah dan kebahagiaan berkat D-O-R-A77💆,rezeki datang menghampiri tanpa permisi! 🦦",1.0,"Hari yang penuh berkah dan kebahagiaan berkat D-O-R-A77💆,rezeki datang menghampiri tanpa permisi! 🦦",hari yang penuh berkah dan kebahagiaan berkat d o r att rezeki datang menghampiri tanpa permisii,1.0,0.0,0.0,0.0,0.0
"Melalui 💪dewadora💪 saya berubah, dari penjual kecil ke bos usaha. 🏪",1.0,"Melalui 💪dewadora💪 saya berubah, dari penjual kecil ke bos usaha. 🏪",melalui dewadora saya berubah dari penjual kecil ke bos usaha,1.0,0.0,0.0,0.0,0.0
"Keuntungan melimpah di 𝐃𝐎𝐑 𝐀 𝟕 𝟕☝, bener-bener puas banget! 🐋",1.0,"Keuntungan melimpah di 𝐃𝐎𝐑 𝐀 𝟕 𝟕☝, bener-bener puas banget! 🐋",keuntungan melimpah di dor a t t bener bener puas bangeti,1.0,0.0,0.0,0.0,0.0
Suka kejutan? Langsung coba main di 🖐dewadora🖐-dan rasakan rezekinya! ☦,1.0,Suka kejutan? Langsung coba main di 🖐dewadora🖐-dan rasakan rezekinya! ☦,suka kejutan langsung coba main di dewadora dan rasakan rezekinyai,1.0,0.0,0.0,0.0,0.0
Pokoknya main di 𝘿𝙊𝙍𝘼 𝟳 𝟳🙅 recommended banget deh! ♎,1.0,Pokoknya main di 𝘿𝙊𝙍𝘼 𝟳 𝟳🙅 recommended banget deh! ♎,pokoknya main di dora t t recommended banget dehi,1.0,0.0,0.0,0.0,0.0
"Di 👩‍🦰dewadora👩‍🦰 mendukung transformasi saya, dari pengantar roti jadi bos bakery. 🦼",1.0,"Di 👩‍🦰dewadora👩‍🦰 mendukung transformasi saya, dari pengantar roti jadi bos bakery. 🦼",di dewadora mendukung transformasi saya dari pengantar roti jadi bos bakery,1.0,0.0,0.0,0.0,0.0
"Berkat 🧑dewadora🧑 saya melesat, dari pengantar roti ke bos bakery. 🚚",1.0,"Berkat 🧑dewadora🧑 saya melesat, dari pengantar roti ke bos bakery. 🚚",berkat dewadora saya melesat dari pengantar roti ke bos bakery,1.0,0.0,0.0,0.0,0.0
"🧔dewadora🧔 bikin ketagihan, pengen main terus dan terus! 🎦",1.0,"🧔dewadora🧔 bikin ketagihan, pengen main terus dan terus! 🎦",dewadora bikin ketagihan pengen main terus dan terusi,1.0,0.0,0.0,0.0,0.0
"Di 🤚dewadora🤚 mendukung transformasi saya, dari tukang sayur jadi bos supermarket. 🍾",1.0,"Di 🤚dewadora🤚 mendukung transformasi saya, dari tukang sayur jadi bos supermarket. 🍾",di dewadora mendukung transformasi saya dari tukang sayur jadi bos supermarket,1.0,0.0,0.0,0.0,1.0
"Berkat DORA-7-7😀 saya melesat, dari tukang ojek ke bos transportasi. 🥣",1.0,"Berkat DORA-7-7😀 saya melesat, dari tukang ojek ke bos transportasi. 🥣",berkat dora t t saya melesat dari tukang ojek ke bos transportasi,1.0,0.0,0.0,0.0,0.0
"Dapet rezeki besar dari 👩‍🦱dewadora👩‍🦱,nggak nyangka main jadi seasyik ini! 🥤",1.0,"Dapet rezeki besar dari 👩‍🦱dewadora👩‍🦱,nggak nyangka main jadi seasyik ini! 🥤",dapet rezeki besar dari dewadora nggak nyangka main jadi seasyik inii,1.0,0.0,0.0,0.0,1.0
Berkat 🙇dewadora🙇 saya mendapatkan dana yang membantu usaha saya tumbuh pesat. 🐩,1.0,Berkat 🙇dewadora🙇 saya mendapatkan dana yang membantu usaha saya tumbuh pesat. 🐩,berkat dewadora saya mendapatkan dana yang membantu usaha saya tumbuh pesat,1.0,0.0,0.0,0.0,0.0
"Rekomendasi terbaik buat cari hiburan yang gacir, pastinya 𝘿𝙊𝙍𝘼-𝟳-𝟳😯! 🦓",1.0,"Rekomendasi terbaik buat cari hiburan yang gacir, pastinya 𝘿𝙊𝙍𝘼-𝟳-𝟳😯! 🦓",rekomendasi terbaik buat cari hiburan yang gacir pastinya dora t t i,1.0,0.0,0.0,0.0,0.0
"Di dora77✊ saya menemukan peluang, dari pegawai harian jadi pemilik usaha. 🏢",1.0,"Di dora77✊ saya menemukan peluang, dari pegawai harian jadi pemilik usaha. 🏢",di doratt saya menemukan peluang dari pegawai harian jadi pemilik usaha,1.0,0.0,0.0,0.0,0.0
🧑dewadora🧑 memberikan kesempatan untuk mencapai potensi penuh Anda. 🐷,1.0,🧑dewadora🧑 memberikan kesempatan untuk mencapai potensi penuh Anda. 🐷,dewadora memberikan kesempatan untuk mencapai potensi penuh anda,1.0,0.0,0.0,0.0,0.0
"Gak ada yang tau kapan rezeki datang, tapi di 𝘿-𝙊-𝙍-𝘼𝟳𝟳😏,semuanya bisa terjadi! ♈",1.0,"Gak ada yang tau kapan rezeki datang, tapi di 𝘿-𝙊-𝙍-𝘼𝟳𝟳😏,semuanya bisa terjadi! ♈",gak ada yang tau kapan rezeki datang tapi di d o r att semuanya bisa terjadii,1.0,0.0,0.0,0.0,0.0
"Baru coba main di 🦻dewadora🦻,eh rezekinya langsung gacir. Mantap banget! 🏀",1.0,"Baru coba main di 🦻dewadora🦻,eh rezekinya langsung gacir. Mantap banget! 🏀",baru coba main di dewadora eh rezekinya langsung gacir mantap bangeti,1.0,0.0,0.0,0.0,0.0
"Berkat 🚶dewadora🚶 saya melesat, dari tukang ojek ke bos transportasi. 🥣",1.0,"Berkat 🚶dewadora🚶 saya melesat, dari tukang ojek ke bos transportasi. 🥣",berkat dewadora saya melesat dari tukang ojek ke bos transportasi,1.0,0.0,0.0,0.0,0.0
"Alhamdulillah, rezeki lancar hari ini berkat D-O-RA77🤷! 😋",1.0,"Alhamdulillah, rezeki lancar hari ini berkat D-O-RA77🤷! 😋",alhamdulillah rezeki lancar hari ini berkat d o ratt i,1.0,0.0,0.0,0.0,0.0
Senang banget bisa dapet rezeki hari ini dari 🤜dewadora🤜! 😝,1.0,Senang banget bisa dapet rezeki hari ini dari 🤜dewadora🤜! 😝,senang banget bisa dapet rezeki hari ini dari dewadora i,1.0,0.0,0.0,0.0,0.0
"menang besar banget di 🧍dewadora🧍,recommended banget buat yang cari hiburan! 🍹",1.0,"menang besar banget di 🧍dewadora🧍,recommended banget buat yang cari hiburan! 🍹",menang besar banget di dewadora recommended banget buat yang cari hiburani,1.0,0.0,0.0,0.0,0.0
Tamansari juga padat,0.0,Tamansari juga padat,tamansari juga padat,1.0,0.0,0.0,0.0,0.0
sama kek Tanah Abang,0.0,sama kek Tanah Abang,sama kek tanah abang,1.0,0.0,0.0,0.0,0.0
Kaga usah lu ke jkt... coba lu ke citayem... lu disana brasa di jkt sama padatnya.. trmasuk kreta krl nya,0.0,Kaga usah lu ke jkt... coba lu ke citayem... lu disana brasa di jkt sama padatnya.. trmasuk kreta krl nya,kaga usah lu ke jkt coba lu ke citayem lu disana brasa di jkt sama padatnya trmasuk kreta krl nya,1.0,0.0,0.0,0.0,0.0
Bang coba ke India,0.0,Bang coba ke India,bang coba ke india,1.0,0.0,0.0,0.0,0.0
mujib.. jib.. jin.. jib.. di pulo jahe pulo gadung ma kalibaru cilincing juga padat rapat kumuh gitu..,0.0,mujib.. jib.. jin.. jib.. di pulo jahe pulo gadung ma kalibaru cilincing juga padat rapat kumuh gitu..,mujib jib jin jib di pulo jahe pulo gadung ma kalibaru cilincing juga padat rapat kumuh gitu,1.0,0.0,0.0,0.0,1.0
Aku pernah ngontrak di dekat stasiun angke..gang nya emang sempit2..,0.0,Aku pernah ngontrak di dekat stasiun angke..gang nya emang sempit2..,aku pernah ngontrak di dekat stasiun angke gang nya emang sempit 2,1.0,0.0,0.0,0.0,0.0
Coba vlog gang daerah pulogadung bang,0.0,Coba vlog gang daerah pulogadung bang,coba vlog gang daerah pulogadung bang,1.0,0.0,0.0,0.0,0.0
Padet alias kumuh bang. Kaki belonjor aja kg bisa..😂😂,0.0,Padet alias kumuh bang. Kaki belonjor aja kg bisa..😂😂,padet alias kumuh bang kaki belonjor aja kg bisa,1.0,0.0,0.0,0.0,0.0
"Gue waktu awal ngurir disitu aja suka bnget nyenggol emak"" lagi masak,robohin motor orang sama ngalah mulu sama odong"" 😂",0.0,"Gue waktu awal ngurir disitu aja suka bnget nyenggol emak"" lagi masak,robohin motor orang sama ngalah mulu sama odong"" 😂",gue waktu awal ngurir disitu aja suka bnget nyenggol emak lagi masak robohin motor orang sama ngalah mulu sama odong,1.0,0.0,0.0,0.0,0.0
"Tanjung duren juga lumayan padat, tapi versi nyaman",0.0,"Tanjung duren juga lumayan padat, tapi versi nyaman",tanjung duren juga lumayan padat tapi versi nyaman,1.0,0.0,0.0,0.0,0.0
Lebih padat dari Manila?,0.0,Lebih padat dari Manila?,lebih padat dari manila,1.0,0.0,0.0,0.0,0.0
Gw dulu tinggal disono. Sekali kebakaran bisa 300-400 rumah padahal cuma sebentar saking padatnya rumah rumahnya,0.0,Gw dulu tinggal disono. Sekali kebakaran bisa 300-400 rumah padahal cuma sebentar saking padatnya rumah rumahnya,gw dulu tinggal disono sekali kebakaran bisa eoo aoo rumah padahal cuma sebentar saking padatnya rumah rumahnya,1.0,0.0,0.0,0.0,0.0
Abang coba sih ke gaga rawa kompeni naik angkot jaklingko 08,0.0,Abang coba sih ke gaga rawa kompeni naik angkot jaklingko 08,abang coba sih ke gaga rawa kompeni naik angkot jaklingko ob,1.0,0.0,0.0,0.0,0.0
Lu harus cobain makan taro tempe itu pake indome soto+telor bang,0.0,Lu harus cobain makan taro tempe itu pake indome soto+telor bang,lu harus cobain makan taro tempe itu pake indome sotottelor bang,1.0,0.0,0.0,0.0,0.0
Hampir sama dgn Wilayah Manggarai.. sebelum kebakaran,0.0,Hampir sama dgn Wilayah Manggarai.. sebelum kebakaran,hampir sama dgn wilayah manggarai sebelum kebakaran,1.0,0.0,0.0,0.0,0.0
Gw ga mau komen bang,0.0,Gw ga mau komen bang,gw ga mau komen bang,1.0,0.0,0.0,0.0,1.0
Bermain di 😌AERO-DELAPAN-DELAPAN jadi bukti kalau keberuntungan bisa datang kapan aja!,0.0,Bermain di 😌AERO-DELAPAN-DELAPAN jadi bukti kalau keberuntungan bisa datang kapan aja!,bermain di aero delapan delapan jadi bukti kalau keberuntungan bisa datang kapan ajai,1.0,0.0,0.0,0.0,0.0
"🤙𝐀 𝐄𝐑𝐎𝟖𝟖 aku cba bentar, eh lngsg WEDEY gede",1.0,"🤙𝐀 𝐄𝐑𝐎𝟖𝟖 aku cba bentar, eh lngsg WEDEY gede",a erobb aku cba bentar eh lngsg wedey gede,1.0,0.0,0.0,0.0,0.0
"Wah! JP super besar di 🤔𝗔𝗘𝗥𝗢-𝟴-𝟴, pecah rekor lagi!",1.0,"Wah! JP super besar di 🤔𝗔𝗘𝗥𝗢-𝟴-𝟴, pecah rekor lagi!",wahi jp super besar di aero b b pecah rekor lagii,1.0,0.0,0.0,0.0,0.0
"😅𝐀-𝐄-𝐑-𝐎-𝟖𝟖 jackpot terus-terusan, gue sampe kaget",1.0,"😅𝐀-𝐄-𝐑-𝐎-𝟖𝟖 jackpot terus-terusan, gue sampe kaget",a e r o bb jackpot terus terusan gue sampe kaget,1.0,0.0,0.0,0.0,0.0
😮𝘼𝙀𝙍-𝙊-𝟴-𝟴 tiap maen pasti ada aja jackpotnya,1.0,😮𝘼𝙀𝙍-𝙊-𝟴-𝟴 tiap maen pasti ada aja jackpotnya,aer o b b tiap maen pasti ada aja jackpotnya,1.0,0.0,0.0,0.0,0.0
"😏𝘼-𝙀-𝙍-𝙊-𝟴𝟴 aku baru coba, eh malah jackpot mulu",1.0,"😏𝘼-𝙀-𝙍-𝙊-𝟴𝟴 aku baru coba, eh malah jackpot mulu",a e r o bb aku baru coba eh malah jackpot mulu,1.0,0.0,0.0,0.0,0.0
"😯𝘼𝙀𝙍𝙊-𝟴-𝟴 aku maen bentar, saldo udah naik 2x lipat",1.0,"😯𝘼𝙀𝙍𝙊-𝟴-𝟴 aku maen bentar, saldo udah naik 2x lipat",aero b b aku maen bentar saldo udah naik 2 x lipat,1.0,0.0,0.0,0.0,0.0
"😙𝗔-𝗘-𝗥-𝗢𝟴𝟴 gua coba cba, saldo lngsg nambah gede",1.0,"😙𝗔-𝗘-𝗥-𝗢𝟴𝟴 gua coba cba, saldo lngsg nambah gede",a e r obb gua coba cba saldo lngsg nambah gede,1.0,0.0,0.0,0.0,0.0
"💪𝗔𝗘𝗥𝗢 𝟴 𝟴 gua bru main bentar, saldo langsung nambah",1.0,"💪𝗔𝗘𝗥𝗢 𝟴 𝟴 gua bru main bentar, saldo langsung nambah",aero b b gua bru main bentar saldo langsung nambah,1.0,0.0,0.0,0.0,0.0
"Alhamdulillah, rezeki lancar jaya berkat 🖖A E R O 88!",1.0,"Alhamdulillah, rezeki lancar jaya berkat 🖖A E R O 88!",alhamdulillah rezeki lancar jaya berkat a e r o bbi,1.0,0.0,0.0,0.0,0.0
"Aku gak nyangka, pertama kali coba di 😏𝘼-𝙀-𝙍-𝙊-𝟴𝟴 langsung dapet rezeki yang nggak terduga!",1.0,"Aku gak nyangka, pertama kali coba di 😏𝘼-𝙀-𝙍-𝙊-𝟴𝟴 langsung dapet rezeki yang nggak terduga!",aku gak nyangka pertama kali coba di a e r o bb langsung dapet rezeki yang nggak terdugai,1.0,0.0,0.0,0.0,1.0
"😃𝐀-𝐄-𝐑𝐎𝟖𝟖 gua maen bentar, lngsg jekpot gede",1.0,"😃𝐀-𝐄-𝐑𝐎𝟖𝟖 gua maen bentar, lngsg jekpot gede",a e robb gua maen bentar lngsg jekpot gede,1.0,0.0,0.0,0.0,0.0
"Mantap jiwa main di 😪𝘼𝙀𝙍𝙊𝟴-𝟴, rezeki nomplok tiap hari!",1.0,"Mantap jiwa main di 😪𝘼𝙀𝙍𝙊𝟴-𝟴, rezeki nomplok tiap hari!",mantap jiwa main di aerob b rezeki nomplok tiap harii,1.0,0.0,0.0,0.0,0.0
"🤙𝐀 𝐄𝐑𝐎𝟖𝟖 jekpot terus-terusan, enak banget maen di sini",1.0,"🤙𝐀 𝐄𝐑𝐎𝟖𝟖 jekpot terus-terusan, enak banget maen di sini",a erobb jekpot terus terusan enak banget maen di sini,1.0,0.0,0.0,0.0,0.0
"👇𝐀𝐄𝐑 𝐎 𝟖 𝟖 aku bru dftr, lgnsung dikasih menang",1.0,"👇𝐀𝐄𝐑 𝐎 𝟖 𝟖 aku bru dftr, lgnsung dikasih menang",aer o b b aku bru dftr lgnsung dikasih menang,1.0,0.0,0.0,0.0,0.0
"😃𝐀-𝐄-𝐑𝐎𝟖𝟖 bru dftr langsung hoki, serius!s",1.0,"😃𝐀-𝐄-𝐑𝐎𝟖𝟖 bru dftr langsung hoki, serius!s",a e robb bru dftr langsung hoki seriusis,1.0,0.0,0.0,0.0,0.0
😘𝗔-𝗘𝗥𝗢𝟴𝟴 menyediakan ruang untuk koneksi profesional.,1.0,😘𝗔-𝗘𝗥𝗢𝟴𝟴 menyediakan ruang untuk koneksi profesional.,a erobb menyediakan ruang untuk koneksi profesional,1.0,0.0,0.0,0.0,0.0
"Gacir terus tiap main di 🙍𝘼𝙀𝙍 𝙊 𝟴 𝟴, makasih atas keberuntungannya!",1.0,"Gacir terus tiap main di 🙍𝘼𝙀𝙍 𝙊 𝟴 𝟴, makasih atas keberuntungannya!",gacir terus tiap main di aer o b b makasih atas keberuntungannyai,0.0,0.0,0.0,0.0,0.0
"🧑AE-R-O-8-8 lu harus coba sih, rugi kalo enggak",1.0,"🧑AE-R-O-8-8 lu harus coba sih, rugi kalo enggak",ae r o b b lu harus coba sih rugi kalo enggak,0.0,0.0,0.0,0.0,0.0
"✊𝗔 𝗘𝗥𝗢𝟴𝟴 jepe terus, sampe bingung mau WEDEY kapan",1.0,"✊𝗔 𝗘𝗥𝗢𝟴𝟴 jepe terus, sampe bingung mau WEDEY kapan",a erobb jepe terus sampe bingung mau wedey kapan,0.0,0.0,0.0,0.0,0.0
Kontennya relate banget sama kehidupanku hehe ambil4d!,1.0,Kontennya relate banget sama kehidupanku hehe ambil4d!,kontennya relate banget sama kehidupanku hehe ambiladi,0.0,0.0,0.0,0.0,0.0
Senang banget hasil dari ambil4d bikin hariku makin ceria!,1.0,Senang banget hasil dari ambil4d bikin hariku makin ceria!,senang banget hasil dari ambilad bikin hariku makin ceriai,1.0,0.0,0.0,0.0,1.0
emang terbaik si abang ini ambil4dI👍,1.0,emang terbaik si abang ini ambil4dI👍,emang terbaik si abang ini ambiladi,1.0,0.0,0.0,0.0,0.0
di ambil4d itu bukan candu bang tapi emang beneran dapat uang,1.0,di ambil4d itu bukan candu bang tapi emang beneran dapat uang,di ambilad itu bukan candu bang tapi emang beneran dapat uang,1.0,0.0,0.0,0.0,0.0
saya sangat menghargai konten ini ambil4d mungkin pilihan yang baik.,1.0,saya sangat menghargai konten ini ambil4d mungkin pilihan yang baik.,saya sangat menghargai konten ini ambilad mungkin pilihan yang baik,1.0,0.0,0.0,0.0,0.0
Anjingggggg coment nya situs judol semua,1.0,Anjingggggg coment nya situs judol semua,anjingggggg coment nya situs judol semua,1.0,0.0,0.0,0.0,0.0
Rezeki ngucur terus auto shopping bareng ambil4d,1.0,Rezeki ngucur terus auto shopping bareng ambil4d,rezeki ngucur terus auto shopping bareng ambilad,1.0,0.0,0.0,0.0,1.0
Hasil di DORA-TUJUHTUJUH😴 membuat saya merasa lega karena hutang telah terbayar. 🦁,1.0,Hasil di DORA-TUJUHTUJUH😴 membuat saya merasa lega karena hutang telah terbayar. 🦁,hasil di dora tujuhtujuh membuat saya merasa lega karena hutang telah terbayar,1.0,0.0,0.0,0.0,1.0
✍dewadora✍menawarkan kesempatan untuk terhubung dengan pemain lain. 🍒,1.0,✍dewadora✍menawarkan kesempatan untuk terhubung dengan pemain lain. 🍒,dewadora menawarkan kesempatan untuk terhubung dengan pemain lain,1.0,0.0,0.0,0.0,0.0
"Rezeki besar datang tanpa henti dari DORA77👋,makasih banyak! 🚚",1.0,"Rezeki besar datang tanpa henti dari DORA77👋,makasih banyak! 🚚",rezeki besar datang tanpa henti dari doratt makasih banyaki,1.0,0.0,0.0,0.0,0.0
"Jika Anda menghargai dukungan pelanggan, 🧑dewadora🧑 mungkin pilihan yang baik. 🤟",1.0,"Jika Anda menghargai dukungan pelanggan, 🧑dewadora🧑 mungkin pilihan yang baik. 🤟",jika anda menghargai dukungan pelanggan dewadora mungkin pilihan yang baik,1.0,0.0,0.0,0.0,0.0
"Jangan tunggu lama-lama, langsung coba di 🧑dewadora🧑-dan rasakan sendiri menangnya! 🏢",1.0,"Jangan tunggu lama-lama, langsung coba di 🧑dewadora🧑-dan rasakan sendiri menangnya! 🏢",jangan tunggu lama lama langsung coba di dewadora dan rasakan sendiri menangnyai,1.0,0.0,0.0,0.0,0.0
"Berkat 𝐃𝐎𝐑𝐀𝟕 𝟕👎 saya melesat, dari penjual kecil ke pengusaha sukses. 🏩",1.0,"Berkat 𝐃𝐎𝐑𝐀𝟕 𝟕👎 saya melesat, dari penjual kecil ke pengusaha sukses. 🏩",berkat dorat t saya melesat dari penjual kecil ke pengusaha sukses,1.0,0.0,0.0,0.0,0.0
Hasil dari DORA 7 7🤞 membuktikan saya bisa beralih dari tukang ojek jadi pemilik armada. 🍽,1.0,Hasil dari DORA 7 7🤞 membuktikan saya bisa beralih dari tukang ojek jadi pemilik armada. 🍽,hasil dari dora t t membuktikan saya bisa beralih dari tukang ojek jadi pemilik armada,1.0,0.0,0.0,0.0,1.0
Keuntungan dari 👉dewadora👉 membuka jalan bagi saya untuk mengembangkan usaha. 🦩,1.0,Keuntungan dari 👉dewadora👉 membuka jalan bagi saya untuk mengembangkan usaha. 🦩,keuntungan dari dewadora membuka jalan bagi saya untuk mengembangkan usaha,1.0,0.0,0.0,0.0,0.0
"Wih, dapet banyak nih hari ini main di 👍dewadora👍! Rezeki emang gak kemana! ☸",1.0,"Wih, dapet banyak nih hari ini main di 👍dewadora👍! Rezeki emang gak kemana! ☸",wih dapet banyak nih hari ini main di dewadora i rezeki emang gak kemanai,0.0,0.0,0.0,0.0,0.0
"Rezeki hari ini datang dari 🧑dewadora🧑, nggak nyangka! 🦛",1.0,"Rezeki hari ini datang dari 🧑dewadora🧑, nggak nyangka! 🦛",rezeki hari ini datang dari dewadora nggak nyangkai,0.0,0.0,0.0,0.0,0.0
"Di 👨‍🦳dewadora👨‍🦳 mendukung transformasi saya, dari penjual asongan jadi bos toko. ⛱",1.0,"Di 👨‍🦳dewadora👨‍🦳 mendukung transformasi saya, dari penjual asongan jadi bos toko. ⛱",di dewadora mendukung transformasi saya dari penjual asongan jadi bos toko,0.0,0.0,0.0,0.0,0.0
Di 𝘿-𝙊𝙍𝘼𝟳𝟳😶 memberikan solusi keuangan untuk membeli rumah dengan mudah. 🦡,1.0,Di 𝘿-𝙊𝙍𝘼𝟳𝟳😶 memberikan solusi keuangan untuk membeli rumah dengan mudah. 🦡,di d oratt memberikan solusi keuangan untuk membeli rumah dengan mudah,0.0,0.0,0.0,0.0,1.0
Bermain di 💃dewadora💃 mendukung saya dalam melunasi hutang yang membebani. 🦐,1.0,Bermain di 💃dewadora💃 mendukung saya dalam melunasi hutang yang membebani. 🦐,bermain di dewadora mendukung saya dalam melunasi hutang yang membebani,0.0,0.0,0.0,0.0,0.0
Di 𝐃 𝐎 𝐑 𝐀𝟕𝟕👈 menyediakan modal tambahan yang membantu saya membeli rumah. 🦢,1.0,Di 𝐃 𝐎 𝐑 𝐀𝟕𝟕👈 menyediakan modal tambahan yang membantu saya membeli rumah. 🦢,di d o r att menyediakan modal tambahan yang membantu saya membeli rumah,1.0,0.0,0.0,0.0,0.0
Berkat 𝘿𝙊 𝙍 𝘼 𝟳 𝟳🙍 saya memperoleh dana untuk memulai usaha yang saya impikan. 🐮,1.0,Berkat 𝘿𝙊 𝙍 𝘼 𝟳 𝟳🙍 saya memperoleh dana untuk memulai usaha yang saya impikan. 🐮,berkat do r a t t saya memperoleh dana untuk memulai usaha yang saya impikan,1.0,0.0,0.0,0.0,0.0
"Coba-coba main dan ternyata rezeki datang, langsung gacir di 𝗗𝗢𝗥𝗔 𝟳 𝟳🦾! 🌭",1.0,"Coba-coba main dan ternyata rezeki datang, langsung gacir di 𝗗𝗢𝗥𝗔 𝟳 𝟳🦾! 🌭",coba coba main dan ternyata rezeki datang langsung gacir di dora t t i,0.0,0.0,0.0,0.0,0.0
Pertimbangkan untuk menjelajahi 𝘿-𝙊-𝙍-𝘼𝟳𝟳😏-jika Anda menghargai pertumbuhan pribadi. 🎂,1.0,Pertimbangkan untuk menjelajahi 𝘿-𝙊-𝙍-𝘼𝟳𝟳😏-jika Anda menghargai pertumbuhan pribadi. 🎂,pertimbangkan untuk menjelajahi d o r att jika anda menghargai pertumbuhan pribadi,0.0,0.0,0.0,0.0,0.0
"Jangan sampai ketinggalan, main di 👱dewadora👱 dan rasakan sendiri! 🥏",1.0,"Jangan sampai ketinggalan, main di 👱dewadora👱 dan rasakan sendiri! 🥏",jangan sampai ketinggalan main di dewadora dan rasakan sendirii,0.0,0.0,0.0,0.0,0.0
Modal usaha saya bertambah berkat hasil positif dari 👴dewadora👴. 🐎,1.0,Modal usaha saya bertambah berkat hasil positif dari 👴dewadora👴. 🐎,modal usaha saya bertambah berkat hasil positif dari dewadora,1.0,0.0,0.0,0.0,0.0
Bermain di 🤚dewadora🤚 membantu saya mengatasi masalah hutang yang menghantui. 😕,1.0,Bermain di 🤚dewadora🤚 membantu saya mengatasi masalah hutang yang menghantui. 😕,bermain di dewadora membantu saya mengatasi masalah hutang yang menghantui,0.0,0.0,0.0,0.0,0.0
"Di 👆dewadora👆 saya menemukan peluang, dari petani kecil jadi pemilik agribisnis. 🏉",1.0,"Di 👆dewadora👆 saya menemukan peluang, dari petani kecil jadi pemilik agribisnis. 🏉",di dewadora saya menemukan peluang dari petani kecil jadi pemilik agribisnis,0.0,0.0,0.0,0.0,0.0
"Bermain di 🤘dewadora🤘 mengubah hidup saya, dari pembantu rumah jadi pengusaha cleaning service. 🏂",1.0,"Bermain di 🤘dewadora🤘 mengubah hidup saya, dari pembantu rumah jadi pengusaha cleaning service. 🏂",bermain di dewadora mengubah hidup saya dari pembantu rumah jadi pengusaha cleaning service,0.0,0.0,0.0,0.0,0.0
"Begitu mantap dan memuaskan! Bermain di 🧑dewadora🧑 selalu lancar tanpa hambatan, rezeki pun mengalir dengan sangat deras! 🟥",1.0,"Begitu mantap dan memuaskan! Bermain di 🧑dewadora🧑 selalu lancar tanpa hambatan, rezeki pun mengalir dengan sangat deras! 🟥",begitu mantap dan memuaskani bermain di dewadora selalu lancar tanpa hambatan rezeki pun mengalir dengan sangat derasi,0.0,0.0,0.0,0.0,0.0
D-O-RA77🤷menawarkan lingkungan yang dinamis dan menarik. 🍳,1.0,D-O-RA77🤷menawarkan lingkungan yang dinamis dan menarik. 🍳,d o ratt menawarkan lingkungan yang dinamis dan menarik,1.0,0.0,0.0,0.0,0.0
"Pengalaman luar biasa tiap main di 🙇dewadora🙇,bener-bener gacir! 🚵",1.0,"Pengalaman luar biasa tiap main di 🙇dewadora🙇,bener-bener gacir! 🚵",pengalaman luar biasa tiap main di dewadora bener bener gaciri,1.0,0.0,0.0,0.0,0.0
Berkat 👏dewadora👏 saya mendapatkan peluang modal yang mendukung impian usaha saya. 🐦,1.0,Berkat 👏dewadora👏 saya mendapatkan peluang modal yang mendukung impian usaha saya. 🐦,berkat dewadora saya mendapatkan peluang modal yang mendukung impian usaha saya,0.0,0.0,0.0,0.0,1.0
"Dengan 🤞dewadora🤞 saya sukses, dari tukang jahit jadi pengusaha fashion. 🥅",1.0,"Dengan 🤞dewadora🤞 saya sukses, dari tukang jahit jadi pengusaha fashion. 🥅",dengan dewadora saya sukses dari tukang jahit jadi pengusaha fashion,1.0,0.0,0.0,0.0,0.0
Judol semua🗿,0.0,Judol semua🗿,judol semua,0.0,0.0,0.0,0.0,0.0
"Jika Anda menghargai komunitas yang solid, DORATUJUHTUJUH😫-mungkin cocok. 🍆",1.0,"Jika Anda menghargai komunitas yang solid, DORATUJUHTUJUH😫-mungkin cocok. 🍆",jika anda menghargai komunitas yang solid doratujuhtujuh mungkin cocok,0.0,0.0,0.0,0.0,0.0
Modal tambahan dari 🙆dewadora🙆 membantu saya dalam membayar hutang secara efektif. 🦥,1.0,Modal tambahan dari 🙆dewadora🙆 membantu saya dalam membayar hutang secara efektif. 🦥,modal tambahan dari dewadora membantu saya dalam membayar hutang secara efektif,1.0,0.0,0.0,0.0,0.0
"Dapet rezeki besar dari 🤞dewadora🤞,nggak nyangka main jadi seasyik ini! 🥣",1.0,"Dapet rezeki besar dari 🤞dewadora🤞,nggak nyangka main jadi seasyik ini! 🥣",dapet rezeki besar dari dewadora nggak nyangka main jadi seasyik inii,1.0,0.0,0.0,0.0,1.0
"Akhirnya menang besar juga di 𝗗 𝗢𝗥𝗔𝟳𝟳👊,jangan cuma denger cerita sukses orang lain! 🛶",1.0,"Akhirnya menang besar juga di 𝗗 𝗢𝗥𝗔𝟳𝟳👊,jangan cuma denger cerita sukses orang lain! 🛶",akhirnya menang besar juga di d oratt jangan cuma denger cerita sukses orang laini,1.0,0.0,0.0,0.0,1.0
"Ternyata main di 👁dewadora👁-itu gacir beneran, hasilnya langsung terlihat! 🛳",1.0,"Ternyata main di 👁dewadora👁-itu gacir beneran, hasilnya langsung terlihat! 🛳",ternyata main di dewadora itu gacir beneran hasilnya langsung terlihati,1.0,0.0,0.0,0.0,1.0
Mencari kegiatan baru? 🙏dewadora🙏 menawarkan pengalaman yang menarik. 😀,1.0,Mencari kegiatan baru? 🙏dewadora🙏 menawarkan pengalaman yang menarik. 😀,mencari kegiatan baru dewadora menawarkan pengalaman yang menarik,1.0,0.0,0.0,0.0,1.0
"Di 𝐃 𝐎𝐑𝐀𝟕𝟕🤙 mendukung transformasi saya, dari buruh pabrik jadi pemilik usaha besar. 🍲",1.0,"Di 𝐃 𝐎𝐑𝐀𝟕𝟕🤙 mendukung transformasi saya, dari buruh pabrik jadi pemilik usaha besar. 🍲",di d oratt mendukung transformasi saya dari buruh pabrik jadi pemilik usaha besar,1.0,0.0,0.0,0.0,1.0
"Bermain di D-O-R-A-77💇 membantu saya bertransformasi, dari penjaja nasi goreng jadi pemilik warung makan. 🎂",1.0,"Bermain di D-O-R-A-77💇 membantu saya bertransformasi, dari penjaja nasi goreng jadi pemilik warung makan. 🎂",bermain di d o r a tt membantu saya bertransformasi dari penjaja nasi goreng jadi pemilik warung makan,1.0,0.0,0.0,0.0,0.0
"Hasil nyata di 𝐃-𝐎-𝐑-𝐀𝟕𝟕😄 mengantar saya, dari tukang cukur jadi pemilik salon. 🚄",1.0,"Hasil nyata di 𝐃-𝐎-𝐑-𝐀𝟕𝟕😄 mengantar saya, dari tukang cukur jadi pemilik salon. 🚄",hasil nyata di d o r att mengantar saya dari tukang cukur jadi pemilik salon,1.0,0.0,0.0,0.0,1.0
"Gak pernah bosen main 🧠dewadora🧠,selalu ada update dan inovasi terbaru! 🦩",1.0,"Gak pernah bosen main 🧠dewadora🧠,selalu ada update dan inovasi terbaru! 🦩",gak pernah bosen main dewadora selalu ada update dan inovasi terbarui,1.0,0.0,0.0,0.0,0.0
"Hanya dengan modal kecil bisa meraih untung berlipat di 👩‍🦲dewadora👩‍🦲,sungguh luar biasa! 🐳",1.0,"Hanya dengan modal kecil bisa meraih untung berlipat di 👩‍🦲dewadora👩‍🦲,sungguh luar biasa! 🐳",hanya dengan modal kecil bisa meraih untung berlipat di dewadora sungguh luar biasai,1.0,0.0,0.0,0.0,0.0
"Di 👐dewadora👐 saya menemukan peluang, dari tukang sayur jadi pemilik supermarket. 🥃",1.0,"Di 👐dewadora👐 saya menemukan peluang, dari tukang sayur jadi pemilik supermarket. 🥃",di dewadora saya menemukan peluang dari tukang sayur jadi pemilik supermarket,1.0,0.0,0.0,0.0,1.0
"Main santai di D O R A77✋, hasilnya bikin senyum lebar. Terima kasih banyak! 🐍",1.0,"Main santai di D O R A77✋, hasilnya bikin senyum lebar. Terima kasih banyak! 🐍",main santai di d o r att hasilnya bikin senyum lebar terima kasih banyaki,1.0,0.0,0.0,0.0,1.0
"Terima kasih 𝘿-𝙊-𝙍-𝘼𝟳𝟳😏,keberuntungan terus datang! 🥍",1.0,"Terima kasih 𝘿-𝙊-𝙍-𝘼𝟳𝟳😏,keberuntungan terus datang! 🥍",terima kasih d o r att keberuntungan terus datangi,1.0,0.0,0.0,0.0,0.0
Hasil di 𝗗𝗢𝗥-𝗔-𝟳-𝟳🤔 membuat saya bisa menutup semua hutang dengan mudah. 🐊,1.0,Hasil di 𝗗𝗢𝗥-𝗔-𝟳-𝟳🤔 membuat saya bisa menutup semua hutang dengan mudah. 🐊,hasil di dor a t t membuat saya bisa menutup semua hutang dengan mudah,1.0,0.0,0.0,0.0,0.0
"Iseng-iseng mencoba bermain dora77✊, justru malah menjadi ahli, rezeki terus menerus datang! 🈁",1.0,"Iseng-iseng mencoba bermain dora77✊, justru malah menjadi ahli, rezeki terus menerus datang! 🈁",iseng iseng mencoba bermain doratt justru malah menjadi ahli rezeki terus menerus datangi ココ,0.0,0.0,0.0,0.0,0.0
"Hasil nyata di 𝐃 𝐎 𝐑 𝐀 𝟕 𝟕👆 mengantar saya, dari penjual keliling jadi pemilik warung kopi. 🛷",1.0,"Hasil nyata di 𝐃 𝐎 𝐑 𝐀 𝟕 𝟕👆 mengantar saya, dari penjual keliling jadi pemilik warung kopi. 🛷",hasil nyata di d o r a t t mengantar saya dari penjual keliling jadi pemilik warung kopi,0.0,0.0,0.0,0.0,0.0
"Cuma modal secuil bisa dapat untung segede gunung di 👎dewadora👎,luar biasa sekali! 🐕‍🦺",1.0,"Cuma modal secuil bisa dapat untung segede gunung di 👎dewadora👎,luar biasa sekali! 🐕‍🦺",cuma modal secuil bisa dapat untung segede gunung di dewadora luar biasa sekalii,0.0,0.0,0.0,0.0,0.0
Main di 🧓dewadora🧓-bikin lupa waktu! Hiburan yang pas banget! 😍,1.0,Main di 🧓dewadora🧓-bikin lupa waktu! Hiburan yang pas banget! 😍,main di dewadora bikin lupa waktui hiburan yang pas bangeti,0.0,0.0,0.0,0.0,0.0
"Keuntungan besar bikin hari ini makin ceria, makasih 👧dewadora👧! 🛹",1.0,"Keuntungan besar bikin hari ini makin ceria, makasih 👧dewadora👧! 🛹",keuntungan besar bikin hari ini makin ceria makasih dewadora i,0.0,0.0,0.0,0.0,0.0
𝐃𝐎𝐑 𝐀 𝟕 𝟕👇menawarkan pendekatan yang berbeda untuk keterlibatan daring. 🧆,1.0,𝐃𝐎𝐑 𝐀 𝟕 𝟕👇menawarkan pendekatan yang berbeda untuk keterlibatan daring. 🧆,dor a t t menawarkan pendekatan yang berbeda untuk keterlibatan daring,0.0,0.0,0.0,0.0,0.0
"Dengan 👩dewadora👩 saya sukses, dari penjual bakso jadi pemilik restoran. 🎲",1.0,"Dengan 👩dewadora👩 saya sukses, dari penjual bakso jadi pemilik restoran. 🎲",dengan dewadora saya sukses dari penjual bakso jadi pemilik restoran,0.0,0.0,0.0,0.0,0.0
"Sungguh luar biasa dan bikin nagih! 🤘dewadora🤘-membuat ketagihan yang tak tertahankan, sangat sulit untuk berhenti bermain! 🐃",1.0,"Sungguh luar biasa dan bikin nagih! 🤘dewadora🤘-membuat ketagihan yang tak tertahankan, sangat sulit untuk berhenti bermain! 🐃",sungguh luar biasa dan bikin nagihi dewadora membuat ketagihan yang tak tertahankan sangat sulit untuk berhenti bermaini,0.0,0.0,0.0,0.0,0.0
Modal usaha saya semakin tumbuh berkat keunggulan dari D O R A 7 7👌. 🐰,1.0,Modal usaha saya semakin tumbuh berkat keunggulan dari D O R A 7 7👌. 🐰,modal usaha saya semakin tumbuh berkat keunggulan dari d o r a t t,1.0,0.0,0.0,0.0,0.0
👩‍🦲dewadora👩‍🦲 menyediakan pengalaman daring yang mudah dan tanpa repot. 👌,1.0,👩‍🦲dewadora👩‍🦲 menyediakan pengalaman daring yang mudah dan tanpa repot. 👌,dewadora menyediakan pengalaman daring yang mudah dan tanpa repot,1.0,0.0,0.0,0.0,0.0
"Jakpot langsung mengalir begitu main di 𝘿𝙊𝙍𝘼 𝟳 𝟳🙅, nggak bisa percaya! 🫕",1.0,"Jakpot langsung mengalir begitu main di 𝘿𝙊𝙍𝘼 𝟳 𝟳🙅, nggak bisa percaya! 🫕",jakpot langsung mengalir begitu main di dora t t nggak bisa percayai,1.0,0.0,0.0,0.0,0.0
"Cuma main sebentar, tapi langsung dapet jakpot besar. Coba deh di 🗣dewadora🗣! 🎱",1.0,"Cuma main sebentar, tapi langsung dapet jakpot besar. Coba deh di 🗣dewadora🗣! 🎱",cuma main sebentar tapi langsung dapet jakpot besar coba deh di dewadora i,1.0,0.0,0.0,0.0,0.0
"Di jemur kak di wajan, simpan di aspal bekasi 😅",0.0,"Di jemur kak di wajan, simpan di aspal bekasi 😅",di jemur kak di wajan simpan di aspal bekasi,1.0,0.0,0.0,0.0,1.0
gabut gabut,0.0,gabut gabut,gabut gabut,1.0,0.0,0.0,0.0,1.0
Jepit di ketek juga masak,0.0,Jepit di ketek juga masak,jepit di ketek juga masak,1.0,0.0,0.0,0.0,0.0
"Coba bikin kak goreng telor di terik matahari.. semangat kak, ditunggu ya..",0.0,"Coba bikin kak goreng telor di terik matahari.. semangat kak, ditunggu ya..",coba bikin kak goreng telor di terik matahari semangat kak ditunggu ya,1.0,0.0,0.0,0.0,0.0
Bromo tuh gx pernah ngecewain...aish kangen pengen kesnaa lgi😮😊,0.0,Bromo tuh gx pernah ngecewain...aish kangen pengen kesnaa lgi😮😊,bromo tuh gx pernah ngecewain aish kangen pengen kesnaa lgi,1.0,0.0,0.0,0.0,0.0
Apakah masih ada mafia wisata di sana,0.0,Apakah masih ada mafia wisata di sana,apakah masih ada mafia wisata di sana,1.0,0.0,0.0,0.0,0.0
Keuntungan dari 𝘿𝙊 𝙍 𝘼 𝟳 𝟳🙍 memudahkan saya untuk memiliki rumah sendiri. 😝,1.0,Keuntungan dari 𝘿𝙊 𝙍 𝘼 𝟳 𝟳🙍 memudahkan saya untuk memiliki rumah sendiri. 😝,keuntungan dari do r a t t memudahkan saya untuk memiliki rumah sendiri,1.0,0.0,0.0,0.0,1.0
"Melalui 𝘿𝙊𝙍𝘼-𝟳-𝟳😯 saya bertransformasi, dari tukang cukur ke pengusaha kecantikan. 🚟",1.0,"Melalui 𝘿𝙊𝙍𝘼-𝟳-𝟳😯 saya bertransformasi, dari tukang cukur ke pengusaha kecantikan. 🚟",melalui dora t t saya bertransformasi dari tukang cukur ke pengusaha kecantikan,1.0,0.0,0.0,0.0,0.0
"Rekomendasi terbaik buat cari keberuntungan, cuma di 𝐃 𝐎 𝐑 𝐀 𝟕 𝟕👆! 🏅",1.0,"Rekomendasi terbaik buat cari keberuntungan, cuma di 𝐃 𝐎 𝐑 𝐀 𝟕 𝟕👆! 🏅",rekomendasi terbaik buat cari keberuntungan cuma di d o r a t t i,1.0,0.0,0.0,0.0,0.0
"Ternyata keberuntungan ada di 👇dewadora👇, langsung dapet jakpot besar tanpa diduga! 🦪",1.0,"Ternyata keberuntungan ada di 👇dewadora👇, langsung dapet jakpot besar tanpa diduga! 🦪",ternyata keberuntungan ada di dewadora langsung dapet jakpot besar tanpa didugai,1.0,0.0,0.0,0.0,1.0
"Setiap hari selalu ada hal-hal baru dan menarik dari 🙎dewadora🙎, bikin rasa penasaran terus terjaga! 🈵",1.0,"Setiap hari selalu ada hal-hal baru dan menarik dari 🙎dewadora🙎, bikin rasa penasaran terus terjaga! 🈵",setiap hari selalu ada hal hal baru dan menarik dari dewadora bikin rasa penasaran terus terjagai 満,0.0,0.0,0.0,0.0,0.0
"Ternyata main di 𝐃𝐎𝐑𝐀𝟕𝟕😂-itu gampang banget buat menang, hasilnya luar biasa! 🗽",1.0,"Ternyata main di 𝐃𝐎𝐑𝐀𝟕𝟕😂-itu gampang banget buat menang, hasilnya luar biasa! 🗽",ternyata main di doratt itu gampang banget buat menang hasilnya luar biasai,0.0,0.0,0.0,0.0,0.0
Langsung coba di D O R A 7 7👌 dan jangan lewatkan kesempatan besar ini! 🏏,1.0,Langsung coba di D O R A 7 7👌 dan jangan lewatkan kesempatan besar ini! 🏏,langsung coba di d o r a t t dan jangan lewatkan kesempatan besar inii,1.0,0.0,0.0,0.0,0.0
"Berkat 👨‍🦳dewadora👨‍🦳 saya melesat, dari pengantar makanan ke pengusaha restoran. 🚉",1.0,"Berkat 👨‍🦳dewadora👨‍🦳 saya melesat, dari pengantar makanan ke pengusaha restoran. 🚉",berkat dewadora saya melesat dari pengantar makanan ke pengusaha restoran,1.0,0.0,0.0,0.0,0.0
"Keberuntungan saya bener-bener gacir di DORATUJUHTUJUH😫, nggak nyangka! 🐀",1.0,"Keberuntungan saya bener-bener gacir di DORATUJUHTUJUH😫, nggak nyangka! 🐀",keberuntungan saya bener bener gacir di doratujuhtujuh nggak nyangkai,1.0,0.0,0.0,0.0,0.0
Berkat 🦷dewadora🦷 saya mendapatkan dana yang mendukung pertumbuhan usaha. 🦘,1.0,Berkat 🦷dewadora🦷 saya mendapatkan dana yang mendukung pertumbuhan usaha. 🦘,berkat dewadora saya mendapatkan dana yang mendukung pertumbuhan usaha,1.0,0.0,0.0,0.0,0.0
"Gak nyangka bisa dapat segini dari D-O-R-A-77💇,auto traktir sekeluarga! 👎",1.0,"Gak nyangka bisa dapat segini dari D-O-R-A-77💇,auto traktir sekeluarga! 👎",gak nyangka bisa dapat segini dari d o r a tt auto traktir sekeluargai,1.0,0.0,0.0,0.0,0.0
"Keberuntungan saya bener-bener gacir di DORATUJUH-TUJUH😛, nggak nyangka! 🐀",1.0,"Keberuntungan saya bener-bener gacir di DORATUJUH-TUJUH😛, nggak nyangka! 🐀",keberuntungan saya bener bener gacir di doratujuh tujuh nggak nyangkai,1.0,0.0,0.0,0.0,0.0
"Modal kecil, untung besar, cuma di 𝗗-𝗢-𝗥-𝗔𝟳𝟳😚. Mantap banget! 🐕‍🦺",1.0,"Modal kecil, untung besar, cuma di 𝗗-𝗢-𝗥-𝗔𝟳𝟳😚. Mantap banget! 🐕‍🦺",modal kecil untung besar cuma di d o r att mantap bangeti,1.0,0.0,0.0,0.0,0.0
"Dari yang tadinya cuma penasaran, eh malah dapet rezeki besar di 🧑dewadora🧑! 🛖",1.0,"Dari yang tadinya cuma penasaran, eh malah dapet rezeki besar di 🧑dewadora🧑! 🛖",dari yang tadinya cuma penasaran eh malah dapet rezeki besar di dewadora i,1.0,0.0,0.0,0.0,0.0
𝘿𝙊𝙍 𝘼 𝟳 𝟳🙎 memang daebak! JP-nya bikin speechless! 🈷,1.0,𝘿𝙊𝙍 𝘼 𝟳 𝟳🙎 memang daebak! JP-nya bikin speechless! 🈷,dor a t t memang daebaki jp nya bikin speechlessi 月,1.0,0.0,0.0,0.0,1.0
Keuntungan di 𝘿-𝙊-𝙍-𝘼-𝟳𝟳😣 membuat usaha saya semakin berkembang dan stabil. 🐪,1.0,Keuntungan di 𝘿-𝙊-𝙍-𝘼-𝟳𝟳😣 membuat usaha saya semakin berkembang dan stabil. 🐪,keuntungan di d o r a tt membuat usaha saya semakin berkembang dan stabil,1.0,0.0,0.0,0.0,0.0
"Gak mau ketinggalan, main di 🙆dewadora🙆-langsung dapet menang gede! 🏕",1.0,"Gak mau ketinggalan, main di 🙆dewadora🙆-langsung dapet menang gede! 🏕",gak mau ketinggalan main di dewadora langsung dapet menang gedei,1.0,0.0,0.0,0.0,1.0
Hasil gacir dari 👴dewadora👴 bikin hari makin seru. Mantap banget! 🐌,1.0,Hasil gacir dari 👴dewadora👴 bikin hari makin seru. Mantap banget! 🐌,hasil gacir dari dewadora bikin hari makin seru mantap bangeti,1.0,0.0,0.0,0.0,0.0
"Sungguh luar biasa! 𝘿𝙊𝙍𝘼𝟳𝟳👶 membuat ketagihan berat, sulit untuk berhenti! 🆘",1.0,"Sungguh luar biasa! 𝘿𝙊𝙍𝘼𝟳𝟳👶 membuat ketagihan berat, sulit untuk berhenti! 🆘",sungguh luar biasai doratt membuat ketagihan berat sulit untuk berhentii,1.0,0.0,0.0,0.0,1.0
Bermain di D-ORA77🤦 membuat saya mampu menutup hutang dengan mudah dan cepat. 🍋,1.0,Bermain di D-ORA77🤦 membuat saya mampu menutup hutang dengan mudah dan cepat. 🍋,bermain di d oratt membuat saya mampu menutup hutang dengan mudah dan cepat,1.0,0.0,0.0,0.0,0.0
"Aku cuma coba-coba, eh dapet menang gede di 👐dewadora👐! 🕎",1.0,"Aku cuma coba-coba, eh dapet menang gede di 👐dewadora👐! 🕎",aku cuma coba coba eh dapet menang gede di dewadora i,1.0,0.0,0.0,0.0,1.0
"Alhamdulillah, rezeki nggak kemana! Baru main di 🧑dewadora🧑,langsung dapat menang besar! Thank you banget! 🧊",1.0,"Alhamdulillah, rezeki nggak kemana! Baru main di 🧑dewadora🧑,langsung dapat menang besar! Thank you banget! 🧊",alhamdulillah rezeki nggak kemanai baru main di dewadora langsung dapat menang besari thank you bangeti,1.0,0.0,0.0,0.0,0.0
👉𝐀 𝐄 𝐑 𝐎 𝟖𝟖 udah join belum.. Yang lain udah WD loh,1.0,👉𝐀 𝐄 𝐑 𝐎 𝟖𝟖 udah join belum.. Yang lain udah WD loh,a e r o bb udah join belum yang lain udah wd loh,1.0,0.0,0.0,0.0,0.0
"🙍𝘼𝙀𝙍 𝙊 𝟴 𝟴 modal kecil lngsg jackpot, beneran worth it!",1.0,"🙍𝘼𝙀𝙍 𝙊 𝟴 𝟴 modal kecil lngsg jackpot, beneran worth it!",aer o b b modal kecil lngsg jackpot beneran worth iti,1.0,0.0,0.0,0.0,1.0
"🧑AER-O-8-8 aku main bentar, saldo lngsg byk",1.0,"🧑AER-O-8-8 aku main bentar, saldo lngsg byk",aer o b b aku main bentar saldo lngsg byk,1.0,0.0,0.0,0.0,0.0
"🖐axl777🖐 aku cba bentar, jepe gede lgnsung",1.0,"🖐axl777🖐 aku cba bentar, jepe gede lgnsung",axlttt aku cba bentar jepe gede lgnsung,1.0,0.0,0.0,0.0,0.0
"👊axl777👊 aku cba2, lngsg WEDEY gede",1.0,"👊axl777👊 aku cba2, lngsg WEDEY gede",axlttt aku cba 2 lngsg wedey gede,1.0,0.0,0.0,0.0,0.0
Terima kasih 😴AERO-DELAPANDELAPAN! Hari ini menang besar dan bisa buat kebutuhan keluarga.,1.0,Terima kasih 😴AERO-DELAPANDELAPAN! Hari ini menang besar dan bisa buat kebutuhan keluarga.,terima kasih aero delapandelapani hari ini menang besar dan bisa buat kebutuhan keluarga,1.0,0.0,0.0,0.0,0.0
💇A-E-R-O-88 lu gak percaya.. Coba aja lgnsung sendiri,1.0,💇A-E-R-O-88 lu gak percaya.. Coba aja lgnsung sendiri,a e r o bb lu gak percaya coba aja lgnsung sendiri,0.0,0.0,0.0,0.0,0.0
"👇axl777👇 jekpot terus-terusan, lu harus coba!",1.0,"👇axl777👇 jekpot terus-terusan, lu harus coba!",axlttt jekpot terus terusan lu harus cobai,0.0,0.0,0.0,0.0,0.0
"👧axl777👧 gua cba bentar, langsung dapet jackpot gede",1.0,"👧axl777👧 gua cba bentar, langsung dapet jackpot gede",axlttt gua cba bentar langsung dapet jackpot gede,0.0,0.0,0.0,0.0,0.0
Pertimbangkan untuk menjelajahi 🙆axl777🙆 jika Anda menghargai komunitas dan rasa memiliki.,1.0,Pertimbangkan untuk menjelajahi 🙆axl777🙆 jika Anda menghargai komunitas dan rasa memiliki.,pertimbangkan untuk menjelajahi axlttt jika anda menghargai komunitas dan rasa memiliki,1.0,0.0,0.0,0.0,0.0
"Seru banget main di 🤳axl777🤳, hasilnya bikin hidup lebih cerah!",1.0,"Seru banget main di 🤳axl777🤳, hasilnya bikin hidup lebih cerah!",seru banget main di axlttt hasilnya bikin hidup lebih cerahi,0.0,0.0,0.0,0.0,0.0
"Main di 👶axl777👶 bikin hariku lebih menyenangkan, terima kasih!",1.0,"Main di 👶axl777👶 bikin hariku lebih menyenangkan, terima kasih!",main di axlttt bikin hariku lebih menyenangkan terima kasihi,0.0,0.0,0.0,0.0,0.0
"Sangat menyenangkan bermain di 🧑AER-O-8-8, tiba-tiba mendapatkan JP besar, rezeki memang tidak akan tertukar!",1.0,"Sangat menyenangkan bermain di 🧑AER-O-8-8, tiba-tiba mendapatkan JP besar, rezeki memang tidak akan tertukar!",sangat menyenangkan bermain di aer o b b tiba tiba mendapatkan jp besar rezeki memang tidak akan tertukari,0.0,0.0,0.0,0.0,0.0
"👩‍🦳axl777👩‍🦳 aku main dikit, saldo lngsg nambah gede",1.0,"👩‍🦳axl777👩‍🦳 aku main dikit, saldo lngsg nambah gede",axlttt aku main dikit saldo lngsg nambah gede,0.0,0.0,0.0,0.0,0.0
"✋axl777✋ gua suka maen dsini, gmpang bgt dapet WEDEY",1.0,"✋axl777✋ gua suka maen dsini, gmpang bgt dapet WEDEY",axlttt gua suka maen dsini gmpang bgt dapet wedey,1.0,0.0,0.0,0.0,1.0
Di 🙅dewadora🙅 memberikan solusi keuangan untuk melunasi hutang saya. 😏,1.0,Di 🙅dewadora🙅 memberikan solusi keuangan untuk melunasi hutang saya. 😏,di dewadora memberikan solusi keuangan untuk melunasi hutang saya,1.0,0.0,0.0,0.0,1.0
"Di D ORA77🤚 saya mendapat peluang, dari sopir angkot jadi pengusaha sukses. 🧈",1.0,"Di D ORA77🤚 saya mendapat peluang, dari sopir angkot jadi pengusaha sukses. 🧈",di d oratt saya mendapat peluang dari sopir angkot jadi pengusaha sukses,1.0,0.0,0.0,0.0,0.0
"Di DOR-A-7-7🧑 saya menemukan peluang, dari petani kecil jadi pemilik agribisnis. 🏉",1.0,"Di DOR-A-7-7🧑 saya menemukan peluang, dari petani kecil jadi pemilik agribisnis. 🏉",di dor a t t saya menemukan peluang dari petani kecil jadi pemilik agribisnis,1.0,0.0,0.0,0.0,1.0
"Hasil nyata di 🤏dewadora🤏 mengantar saya, dari tukang kayu jadi pemilik toko furniture. 🚴",1.0,"Hasil nyata di 🤏dewadora🤏 mengantar saya, dari tukang kayu jadi pemilik toko furniture. 🚴",hasil nyata di dewadora mengantar saya dari tukang kayu jadi pemilik toko furniture,1.0,0.0,0.0,0.0,0.0
"Kece banget! Main di DORA77🙇 lancar, cuan juga lancar! 🔁",1.0,"Kece banget! Main di DORA77🙇 lancar, cuan juga lancar! 🔁",kece bangeti main di doratt lancar cuan juga lancari,1.0,0.0,0.0,0.0,0.0
"Berkat 👨‍🦰dewadora👨‍🦰 saya melesat, dari petani kecil ke bos agribisnis. 🏐",1.0,"Berkat 👨‍🦰dewadora👨‍🦰 saya melesat, dari petani kecil ke bos agribisnis. 🏐",berkat dewadora saya melesat dari petani kecil ke bos agribisnis,1.0,0.0,0.0,0.0,1.0
"Keren sekali! Berhasil meraih kemenangan yang sangat besar di 𝗗-𝗢-𝗥-𝗔-𝟳𝟳🙂,saatnya untuk berlibur mewah ke tempat impian! 🦒",1.0,"Keren sekali! Berhasil meraih kemenangan yang sangat besar di 𝗗-𝗢-𝗥-𝗔-𝟳𝟳🙂,saatnya untuk berlibur mewah ke tempat impian! 🦒",keren sekalii berhasil meraih kemenangan yang sangat besar di d o r a tt saatnya untuk berlibur mewah ke tempat impiani,1.0,0.0,0.0,0.0,1.0
"Sangat menyenangkan dan seru sekali bermain di 🖕dewadora🖕, tiba-tiba mendapatkan JP yang sangat besar, rezeki memang tidak akan pernah tertukar dengan yang lain! 🟩",1.0,"Sangat menyenangkan dan seru sekali bermain di 🖕dewadora🖕, tiba-tiba mendapatkan JP yang sangat besar, rezeki memang tidak akan pernah tertukar dengan yang lain! 🟩",sangat menyenangkan dan seru sekali bermain di dewadora tiba tiba mendapatkan jp yang sangat besar rezeki memang tidak akan pernah tertukar dengan yang laini,1.0,0.0,0.0,0.0,0.0
"Cuma modal secuil bisa dapat untung segede gunung di 👊dewadora👊,luar biasa sekali! 🐕‍🦺",1.0,"Cuma modal secuil bisa dapat untung segede gunung di 👊dewadora👊,luar biasa sekali! 🐕‍🦺",cuma modal secuil bisa dapat untung segede gunung di dewadora luar biasa sekalii,1.0,0.0,0.0,0.0,0.0
"Lagi santai-santai, eh dapet rezeki gede dari 🤚dewadora🤚. Kalian nggak mau ketinggalan kan? 🥫",1.0,"Lagi santai-santai, eh dapet rezeki gede dari 🤚dewadora🤚. Kalian nggak mau ketinggalan kan? 🥫",lagi santai santai eh dapet rezeki gede dari dewadora kalian nggak mau ketinggalan kan,1.0,0.0,0.0,0.0,0.0
Hasil dari DORA 7 7🤞 membantu saya menyelesaikan kewajiban keuangan. 👏,1.0,Hasil dari DORA 7 7🤞 membantu saya menyelesaikan kewajiban keuangan. 👏,hasil dari dora t t membantu saya menyelesaikan kewajiban keuangan,1.0,0.0,0.0,0.0,1.0
"Keren maksimal! Menang banyak di 🙋dewadora🙋,auto jadi sultan dadakan! 🐁",1.0,"Keren maksimal! Menang banyak di 🙋dewadora🙋,auto jadi sultan dadakan! 🐁",keren maksimali menang banyak di dewadora auto jadi sultan dadakani,1.0,0.0,0.0,0.0,0.0
"Main sekali, langsung dapet menang besar. 𝗗-𝗢-𝗥-𝗔𝟳𝟳😚-bener-bener gacir! 🏘",1.0,"Main sekali, langsung dapet menang besar. 𝗗-𝗢-𝗥-𝗔𝟳𝟳😚-bener-bener gacir! 🏘",main sekali langsung dapet menang besar d o r att bener bener gaciri,1.0,0.0,0.0,0.0,0.0
"Bermain di 🤙dewadora🤙 membuka jalan, dari penjual kaki lima ke bos restoran. 🎪",1.0,"Bermain di 🤙dewadora🤙 membuka jalan, dari penjual kaki lima ke bos restoran. 🎪",bermain di dewadora membuka jalan dari penjual kaki lima ke bos restoran,1.0,0.0,0.0,0.0,0.0
"Bermain di 👦dewadora👦 mengubah nasib saya, dari tukang bakso jadi bos restoran. 🫘",1.0,"Bermain di 👦dewadora👦 mengubah nasib saya, dari tukang bakso jadi bos restoran. 🫘",bermain di dewadora mengubah nasib saya dari tukang bakso jadi bos restoran,1.0,0.0,0.0,0.0,1.0
"Malam ini dapet jakpot gede, terima kasih 𝐃 𝐎𝐑𝐀𝟕𝟕🤙! Nggak mau ketinggalan kan? 🍙",1.0,"Malam ini dapet jakpot gede, terima kasih 𝐃 𝐎𝐑𝐀𝟕𝟕🤙! Nggak mau ketinggalan kan? 🍙",malam ini dapet jakpot gede terima kasih d oratt i nggak mau ketinggalan kan,0.0,0.0,0.0,0.0,0.0
Di 👩dewadora👩 memberikan modal usaha yang mendukung pertumbuhan bisnis saya. 😛,1.0,Di 👩dewadora👩 memberikan modal usaha yang mendukung pertumbuhan bisnis saya. 😛,di dewadora memberikan modal usaha yang mendukung pertumbuhan bisnis saya,1.0,0.0,0.0,0.0,1.0
"Keberuntungan besar bikin aku makin cinta sama 𝘿𝙊𝙍𝘼𝟳 𝟳🙆,thank you! 🪘",1.0,"Keberuntungan besar bikin aku makin cinta sama 𝘿𝙊𝙍𝘼𝟳 𝟳🙆,thank you! 🪘",keberuntungan besar bikin aku makin cinta sama dorat t thank youi,1.0,0.0,0.0,0.0,0.0
"Main di 𝐃𝐎𝐑𝐀𝟕-𝟕😍 bikin dompet tebal, rezeki berlimpah! 💲",1.0,"Main di 𝐃𝐎𝐑𝐀𝟕-𝟕😍 bikin dompet tebal, rezeki berlimpah! 💲",main di dorat t bikin dompet tebal rezeki berlimpahi,1.0,0.0,0.0,0.0,1.0
Mirip gambar di uang 1000 rupiah ❤❤,0.0,Mirip gambar di uang 1000 rupiah ❤❤,mirip gambar di uang iooo rupiah,1.0,0.0,0.0,0.0,1.0
"Iih,jadi pengen foto prewedding disana😊❤",0.0,"Iih,jadi pengen foto prewedding disana😊❤",iih jadi pengen foto prewedding disana,1.0,0.0,0.0,0.0,1.0
Udah boleh bang ke Bromo? Jangan lupa oleh²nya sayuran ijo ya bang🤓,0.0,Udah boleh bang ke Bromo? Jangan lupa oleh²nya sayuran ijo ya bang🤓,udah boleh bang ke bromo jangan lupa oleh 2 nya sayuran ijo ya bang,1.0,0.0,0.0,0.0,1.0
Itu pasti kawah Ijen ya,0.0,Itu pasti kawah Ijen ya,itu pasti kawah ijen ya,1.0,0.0,0.0,0.0,1.0
Inilah alam.allah swt tlah mmberikan ny untuk manusia..knapa sbagian kita tega merusak ny.,0.0,Inilah alam.allah swt tlah mmberikan ny untuk manusia..knapa sbagian kita tega merusak ny.,inilah alam allah swt tlah mmberikan ny untuk manusia knapa sbagian kita tega merusak ny,1.0,0.0,0.0,0.0,0.0
Keren.... Lukisan Allah,0.0,Keren.... Lukisan Allah,keren lukisan allah,1.0,0.0,0.0,0.0,0.0
Bang coba motoran dari bekasi ke bromo berapa lama,0.0,Bang coba motoran dari bekasi ke bromo berapa lama,bang coba motoran dari bekasi ke bromo berapa lama,1.0,0.0,0.0,0.0,0.0
Masyaallah indah buat Allah,0.0,Masyaallah indah buat Allah,masyaallah indah buat allah,1.0,0.0,0.0,0.0,1.0
Masya Allah... Allahu Akbar...Maha Besar Allah dgn segala KuasaNya ❤❤,0.0,Masya Allah... Allahu Akbar...Maha Besar Allah dgn segala KuasaNya ❤❤,masya allah allahu akbar maha besar allah dgn segala kuasanya,1.0,0.0,0.0,0.0,0.0
"Buset bagus banget, tapi kalo Handphonenya jatuh wasalam 😂",0.0,"Buset bagus banget, tapi kalo Handphonenya jatuh wasalam 😂",buset bagus banget tapi kalo handphonenya jatuh wasalam,1.0,0.0,0.0,0.0,1.0
mirip di negara bekasi,0.0,mirip di negara bekasi,mirip di negara bekasi,1.0,0.0,0.0,0.0,1.0
Gila bromo cakep banget,0.0,Gila bromo cakep banget,gila bromo cakep banget,1.0,0.0,0.0,0.0,1.0
Kaya video pembunuhan,0.0,Kaya video pembunuhan,kaya video pembunuhan,1.0,0.0,0.0,0.0,0.0
Kayak demo mahasiswa di gedung DPR 😂,0.0,Kayak demo mahasiswa di gedung DPR 😂,kayak demo mahasiswa di gedung dpr,1.0,0.0,0.0,0.0,0.0
Vibes tahun 90an,0.0,Vibes tahun 90an,vibes tahun goan,1.0,0.0,0.0,0.0,1.0
kamera jaman penjajahan,0.0,kamera jaman penjajahan,kamera jaman penjajahan,1.0,0.0,0.0,0.0,1.0
grafik kamera kartel jir,0.0,grafik kamera kartel jir,grafik kamera kartel jir,1.0,0.0,0.0,0.0,1.0
Vibes kartel mya kental,0.0,Vibes kartel mya kental,vibes kartel mya kental,1.0,0.0,0.0,0.0,1.0
Grafik pembunuhan bngt😂,0.0,Grafik pembunuhan bngt😂,grafik pembunuhan bngt,1.0,0.0,0.0,0.0,1.0
Hasilnya kayak cideo scandal 😂,0.0,Hasilnya kayak cideo scandal 😂,hasilnya kayak cideo scandal,1.0,0.0,0.0,0.0,0.0
Vidio dan foto nya kayak tahun 90 han,0.0,Vidio dan foto nya kayak tahun 90 han,vidio dan foto nya kayak tahun go han,1.0,0.0,0.0,0.0,0.0
Grafik pembunuhan😂,0.0,Grafik pembunuhan😂,grafik pembunuhan,1.0,0.0,0.0,0.0,1.0
Grafik Majapahit pembunuhan,0.0,Grafik Majapahit pembunuhan,grafik majapahit pembunuhan,1.0,0.0,0.0,0.0,1.0
Kualitasnya kayak film Bandung Lautan Asmara Itenas,0.0,Kualitasnya kayak film Bandung Lautan Asmara Itenas,kualitasnya kayak film bandung lautan asmara itenas,1.0,0.0,0.0,0.0,1.0
Kok kayak kamera kartel ya😂,0.0,Kok kayak kamera kartel ya😂,kok kayak kamera kartel ya,1.0,0.0,0.0,0.0,0.0
"S𝙞tus ga𝘤or, pas𝘵i 𝐦enang di DORA TUJUHTUJUH🙋 🦗",1.0,"S𝙞tus ga𝘤or, pas𝘵i 𝐦enang di DORA TUJUHTUJUH🙋 🦗",situs gacor pasti menang di dora tujuhtujuh,1.0,0.0,0.0,0.0,0.0
"Pecah banɡet 𝘥i 𝘿-𝙊-𝙍𝘼𝟳𝟳🙄, jep𝙚 🐳",1.0,"Pecah banɡet 𝘥i 𝘿-𝙊-𝙍𝘼𝟳𝟳🙄, jep𝙚 🐳",pecah banget di d o ratt jepe,1.0,0.0,0.0,0.0,0.0
"Biki𝐧 kеtagihan 𝐦ain di DORA7 7🤟, 𝘨acor 𝘣ener! 🗽",1.0,"Biki𝐧 kеtagihan 𝐦ain di DORA7 7🤟, 𝘨acor 𝘣ener! 🗽",bikin ketagihan main di dorat t gacor beneri,1.0,0.0,0.0,0.0,0.0
"𝘿𝙊𝙍𝘼𝟳𝟳👶 m𝐞kswin, pe𝘤ah paraһ 🟪",1.0,"𝘿𝙊𝙍𝘼𝟳𝟳👶 m𝐞kswin, pe𝘤ah paraһ 🟪",doratt mekswin pecah parah,1.0,0.0,0.0,0.0,0.0
Utanɡ l𝘶nas sek𝙚tika аbis m𝘦kswin 𝘥i 𝐃 𝐎 𝐑𝐀𝟕𝟕🖕 🥊,1.0,Utanɡ l𝘶nas sek𝙚tika аbis m𝘦kswin 𝘥i 𝐃 𝐎 𝐑𝐀𝟕𝟕🖕 🥊,utang lunas seketika abis mekswin di d o ratt,1.0,0.0,0.0,0.0,1.0
"gachоr abis 𝙙i 𝐃𝐎𝐑 𝐀 𝟕 𝟕☝, m𝐞nang τerus",1.0,"gachоr abis 𝙙i 𝐃𝐎𝐑 𝐀 𝟕 𝟕☝, m𝐞nang τerus",gachor abis di dor a t t menang τerus,1.0,0.0,0.0,0.0,0.0
"𝘿𝙊𝙍-𝘼-𝟳-𝟳🤐 Situ𝙨 κaya gin𝙞 mah jar𝐚ng, 𝘥e 𝙥o kecil autо meksw𝐢n",1.0,"𝘿𝙊𝙍-𝘼-𝟳-𝟳🤐 Situ𝙨 κaya gin𝙞 mah jar𝐚ng, 𝘥e 𝙥o kecil autо meksw𝐢n",dor a t t situs κaya gini mah jarang de po kecil auto mekswin,1.0,0.0,0.0,0.0,0.0
Jepe langsun𝘨 ma𝙞n dі DOR A 7 7✌ 🥚,1.0,Jepe langsun𝘨 ma𝙞n dі DOR A 7 7✌ 🥚,jepe langsung main di dor a t t,1.0,0.0,0.0,0.0,0.0
"Situ𝐬 g𝙖cir, p𝘢sti mena𝘯g 𝐝i 𝐃𝐎𝐑𝐀𝟕 𝟕👎 ❇",1.0,"Situ𝐬 g𝙖cir, p𝘢sti mena𝘯g 𝐝i 𝐃𝐎𝐑𝐀𝟕 𝟕👎 ❇",situs gacir pasti menang di dorat t,1.0,0.0,0.0,0.0,0.0
"𝙜achor abi𝘴 d𝙞 𝐃𝐎𝐑𝐀𝟕𝟕🤘, 𝐦enang teru𝘴",1.0,"𝙜achor abi𝘴 d𝙞 𝐃𝐎𝐑𝐀𝟕𝟕🤘, 𝐦enang teru𝘴",gachor abis di doratt menang terus,1.0,0.0,0.0,0.0,1.0
"𝐏ecah ba𝐧get di 𝘿-𝙊𝙍𝘼𝟳𝟳😶, 𝙘uan mu𝘭u 🍰",1.0,"𝐏ecah ba𝐧get di 𝘿-𝙊𝙍𝘼𝟳𝟳😶, 𝙘uan mu𝘭u 🍰",pecah banget di d oratt cuan mulu,1.0,0.0,0.0,0.0,0.0
"DORA7 7🤟 B𝐚ru mae𝐧 𝐮dah meks𝐰in, gil𝘢! 🐇",1.0,"DORA7 7🤟 B𝐚ru mae𝐧 𝐮dah meks𝐰in, gil𝘢! 🐇",dorat t baru maen udah mekswin gilai,1.0,0.0,0.0,0.0,0.0
jepey 𝘥i 𝐃𝐎𝐑𝐀𝟕𝟕😂 gampanɡ bange𝐭,1.0,jepey 𝘥i 𝐃𝐎𝐑𝐀𝟕𝟕😂 gampanɡ bange𝐭,jepey di doratt gampang banget,1.0,0.0,0.0,0.0,0.0
bro kembali ke tahun 90,0.0,bro kembali ke tahun 90,bro kembali ke tahun go,1.0,0.0,0.0,0.0,0.0
kayak video mengenang jir,0.0,kayak video mengenang jir,kayak video mengenang jir,1.0,0.0,0.0,0.0,0.0
Kamera nya masih VGA,0.0,Kamera nya masih VGA,kamera nya masih vga,1.0,0.0,0.0,0.0,0.0
kamera tragedi,0.0,kamera tragedi,kamera tragedi,1.0,0.0,0.0,0.0,0.0
Haha mainan 2012 ketika pesen online masih by web dan payment transfer langsung ke atm hooo nostalgia,0.0,Haha mainan 2012 ketika pesen online masih by web dan payment transfer langsung ke atm hooo nostalgia,haha mainan 2 oi 2 ketika pesen online masih by web dan payment transfer langsung ke atm hooo nostalgia,1.0,0.0,0.0,0.0,1.0
Berasa nostalgia gak sih?,0.0,Berasa nostalgia gak sih?,berasa nostalgia gak sih,1.0,0.0,0.0,0.0,0.0
Video kubah terbang kah ?,0.0,Video kubah terbang kah ?,video kubah terbang kah,0.0,0.0,0.0,0.0,0.0
Jelek bang hasilnya,0.0,Jelek bang hasilnya,jelek bang hasilnya,0.0,0.0,0.0,0.0,0.0
"🤗𝗔𝗘-𝗥-𝗢-𝟴-𝟴 tiap main pasti ada hasil, gak mungkin rugi",1.0,"🤗𝗔𝗘-𝗥-𝗢-𝟴-𝟴 tiap main pasti ada hasil, gak mungkin rugi",ae r o b b tiap main pasti ada hasil gak mungkin rugi,0.0,0.0,0.0,0.0,0.0
"👇axl777👇 gilak, bru main udah balik modal",1.0,"👇axl777👇 gilak, bru main udah balik modal",axlttt gilak bru main udah balik modal,0.0,0.0,0.0,0.0,0.0
"👏axl777👏 gue aja bisa, berarti kalian juga bisa",1.0,"👏axl777👏 gue aja bisa, berarti kalian juga bisa",axlttt gue aja bisa berarti kalian juga bisa,1.0,0.0,0.0,0.0,0.0
"💪axl777💪 aku maen dikit, saldo lngsg nambah banyak",1.0,"💪axl777💪 aku maen dikit, saldo lngsg nambah banyak",axlttt aku maen dikit saldo lngsg nambah banyak,0.0,0.0,0.0,0.0,0.0
"👏aero88 jackpot gampang banget, gk ribet",1.0,"👏aero88 jackpot gampang banget, gk ribet",aerobb jackpot gampang banget gk ribet,0.0,0.0,0.0,0.0,0.0
"😫AERODELAPANDELAPAN aku cba, WD gede lgnsung",1.0,"😫AERODELAPANDELAPAN aku cba, WD gede lgnsung",aerodelapandelapan aku cba wd gede lgnsung,0.0,0.0,0.0,0.0,0.0
Pertimbangkan untuk melihat 🗣axl777🗣 jika Anda mencari sesuatu yang baru.,1.0,Pertimbangkan untuk melihat 🗣axl777🗣 jika Anda mencari sesuatu yang baru.,pertimbangkan untuk melihat axlttt jika anda mencari sesuatu yang baru,0.0,0.0,0.0,0.0,0.0
Mantul! Main di 🙎axl777🙎 bikin happy dan rezeki nomplok!,1.0,Mantul! Main di 🙎axl777🙎 bikin happy dan rezeki nomplok!,mantuli main di axlttt bikin happy dan rezeki nomploki,1.0,0.0,0.0,0.0,1.0
"😣𝘼-𝙀-𝙍-𝙊-𝟴-𝟴 gua main bentar aja, saldo lngsg naik",1.0,"😣𝘼-𝙀-𝙍-𝙊-𝟴-𝟴 gua main bentar aja, saldo lngsg naik",a e r o b b gua main bentar aja saldo lngsg naik,0.0,0.0,0.0,0.0,0.0
"😥𝘼𝙀-𝙍-𝙊-𝟴-𝟴 tiap maen pasti ada hasil, gk nyesel",1.0,"😥𝘼𝙀-𝙍-𝙊-𝟴-𝟴 tiap maen pasti ada hasil, gk nyesel",ae r o b b tiap maen pasti ada hasil gk nyesel,1.0,0.0,0.0,0.0,0.0
"🧑A-E-R-O-8-8 gua jepe gede, gk nyangka bener2 hoki",1.0,"🧑A-E-R-O-8-8 gua jepe gede, gk nyangka bener2 hoki",a e r o b b gua jepe gede gk nyangka bener 2 hoki,1.0,0.0,0.0,0.0,0.0
"👧𝘼 𝙀 𝙍 𝙊 𝟴𝟴 aku main dikit, langsung dapet hasil gede",1.0,"👧𝘼 𝙀 𝙍 𝙊 𝟴𝟴 aku main dikit, langsung dapet hasil gede",a e r o bb aku main dikit langsung dapet hasil gede,1.0,0.0,0.0,0.0,1.0
"Nggak percaya bisa dapet jakpot di ✍axl777✍, ternyata benar-benar gacir!",1.0,"Nggak percaya bisa dapet jakpot di ✍axl777✍, ternyata benar-benar gacir!",nggak percaya bisa dapet jakpot di axlttt ternyata benar benar gaciri,1.0,0.0,0.0,0.0,0.0
"🤜axl777🤜 gak nyesel coba di sini, hoki terus",1.0,"🤜axl777🤜 gak nyesel coba di sini, hoki terus",axlttt gak nyesel coba di sini hoki terus,1.0,0.0,0.0,0.0,0.0
Vibenya kek thn 90'an keren,1.0,Vibenya kek thn 90'an keren,vibenya kek thn go an keren,1.0,0.0,0.0,0.0,0.0
Kayak footage band punk jaman dulu,1.0,Kayak footage band punk jaman dulu,kayak footage band punk jaman dulu,1.0,0.0,0.0,0.0,0.0
kayak video pembunuhan 😂😂,1.0,kayak video pembunuhan 😂😂,kayak video pembunuhan,1.0,0.0,0.0,0.0,0.0
👇dewadora👇menawarkan pengalaman yang efisien dan ringkas. 🍕,1.0,👇dewadora👇menawarkan pengalaman yang efisien dan ringkas. 🍕,dewadora menawarkan pengalaman yang efisien dan ringkas,1.0,0.0,0.0,0.0,0.0
"Hasil gacir bikin hariku makin cerah, makasih banyak ☝dewadora☝! 🏆",1.0,"Hasil gacir bikin hariku makin cerah, makasih banyak ☝dewadora☝! 🏆",hasil gacir bikin hariku makin cerah makasih banyak dewadora i,1.0,0.0,0.0,0.0,1.0
"Teman-teman pada menang, aku juga ikutan coba, dan akhirnya dapet menang di 𝗗-𝗢-𝗥-𝗔𝟳𝟳😚! ☯",1.0,"Teman-teman pada menang, aku juga ikutan coba, dan akhirnya dapet menang di 𝗗-𝗢-𝗥-𝗔𝟳𝟳😚! ☯",teman teman pada menang aku juga ikutan coba dan akhirnya dapet menang di d o r att i,1.0,0.0,0.0,0.0,0.0
Beberapa pengguna mencatat aspek komunitas yang positif dari D-O-RA77🤷. 🧈,1.0,Beberapa pengguna mencatat aspek komunitas yang positif dari D-O-RA77🤷. 🧈,beberapa pengguna mencatat aspek komunitas yang positif dari d o ratt,1.0,0.0,0.0,0.0,0.0
"Main di ✍dewadora✍ bikin hariku lebih menyenangkan, terima kasih! 🍞",1.0,"Main di ✍dewadora✍ bikin hariku lebih menyenangkan, terima kasih! 🍞",main di dewadora bikin hariku lebih menyenangkan terima kasihi,1.0,0.0,0.0,0.0,1.0
Akhirnya dapet menang besar setelah coba-coba di 🖐dewadora🖐.Kamu kapan coba? 🚋,1.0,Akhirnya dapet menang besar setelah coba-coba di 🖐dewadora🖐.Kamu kapan coba? 🚋,akhirnya dapet menang besar setelah coba coba di dewadora kamu kapan coba,1.0,0.0,0.0,0.0,1.0
"Bermain bersama teman-teman di 𝐃𝐎 𝐑 𝐀 𝟕 𝟕🖕 semakin seru dan asyik, semakin banyak pula rezekinya! ㊙",1.0,"Bermain bersama teman-teman di 𝐃𝐎 𝐑 𝐀 𝟕 𝟕🖕 semakin seru dan asyik, semakin banyak pula rezekinya! ㊙",bermain bersama teman teman di do r a t t semakin seru dan asyik semakin banyak pula rezekinyai 秘,1.0,0.0,0.0,0.0,1.0
"Gak nyangka bisa dapat segini dari 𝐃𝐎𝐑 𝐀 𝟕 𝟕☝,auto traktir sekeluarga! 👎",1.0,"Gak nyangka bisa dapat segini dari 𝐃𝐎𝐑 𝐀 𝟕 𝟕☝,auto traktir sekeluarga! 👎",gak nyangka bisa dapat segini dari dor a t t auto traktir sekeluargai,1.0,0.0,0.0,0.0,0.0
"Rezeki dari 💃dewadora💃 emang gak ada duanya, terima kasih ya Allah atas limpahan rezeki-Mu! 🔲",1.0,"Rezeki dari 💃dewadora💃 emang gak ada duanya, terima kasih ya Allah atas limpahan rezeki-Mu! 🔲",rezeki dari dewadora emang gak ada duanya terima kasih ya allah atas limpahan rezeki mui,1.0,0.0,0.0,0.0,0.0
Gak nyangka bisa menang segini di 🙍dewadora🙍! Auto senyum lebar! ☯,1.0,Gak nyangka bisa menang segini di 🙍dewadora🙍! Auto senyum lebar! ☯,gak nyangka bisa menang segini di dewadora i auto senyum lebari,1.0,0.0,0.0,0.0,0.0
Keuntungan di 𝐃𝐎𝐑 𝐀 𝟕 𝟕👇 memungkinkan saya merealisasikan impian beli rumah. 😒,1.0,Keuntungan di 𝐃𝐎𝐑 𝐀 𝟕 𝟕👇 memungkinkan saya merealisasikan impian beli rumah. 😒,keuntungan di dor a t t memungkinkan saya merealisasikan impian beli rumah,1.0,0.0,0.0,0.0,1.0
"Iseng-iseng main 🧏‍♀dewadora🧏‍♀,malah jadi hobi, cuan terus! 👍",1.0,"Iseng-iseng main 🧏‍♀dewadora🧏‍♀,malah jadi hobi, cuan terus! 👍",iseng iseng main dewadora malah jadi hobi cuan terusi,1.0,0.0,0.0,0.0,1.0
Rezeki dari 🧔dewadora🧔 emang gak terduga! Terima kasih ya Tuhan! ♐,1.0,Rezeki dari 🧔dewadora🧔 emang gak terduga! Terima kasih ya Tuhan! ♐,rezeki dari dewadora emang gak terdugai terima kasih ya tuhani,1.0,0.0,0.0,0.0,1.0
"Modal kecil, untung besar, cuma di 🧍dewadora🧍.Mantap banget! 🏇",1.0,"Modal kecil, untung besar, cuma di 🧍dewadora🧍.Mantap banget! 🏇",modal kecil untung besar cuma di dewadora mantap bangeti,1.0,0.0,0.0,0.0,1.0
"Rezeki yang diberikan oleh 🧑dewadora🧑 sungguh tiada tara nilainya, terima kasih ya Allah atas berkat-Mu! 🟢",1.0,"Rezeki yang diberikan oleh 🧑dewadora🧑 sungguh tiada tara nilainya, terima kasih ya Allah atas berkat-Mu! 🟢",rezeki yang diberikan oleh dewadora sungguh tiada tara nilainya terima kasih ya allah atas berkat mui,1.0,0.0,0.0,0.0,0.0
"Melalui 👍dewadora👍 saya berubah, dari tukang sayur ke pemilik supermarket modern. 🍻",1.0,"Melalui 👍dewadora👍 saya berubah, dari tukang sayur ke pemilik supermarket modern. 🍻",melalui dewadora saya berubah dari tukang sayur ke pemilik supermarket modern,1.0,0.0,0.0,0.0,0.0
"Bener-bener gacir banget main di 👋dewadora👋. Modal kecil, hasilnya luar biasa! 🐝",1.0,"Bener-bener gacir banget main di 👋dewadora👋. Modal kecil, hasilnya luar biasa! 🐝",bener bener gacir banget main di dewadora modal kecil hasilnya luar biasai,1.0,0.0,0.0,0.0,1.0
"Keberuntungan hari ini benar-benar tak terduga, cuma di DOR-A-7-7🧑! 🥥",1.0,"Keberuntungan hari ini benar-benar tak terduga, cuma di DOR-A-7-7🧑! 🥥",keberuntungan hari ini benar benar tak terduga cuma di dor a t t i,1.0,0.0,0.0,0.0,0.0
"Berkat dora77😘 saya melesat, dari pengantar roti ke bos bakery. 🚚",1.0,"Berkat dora77😘 saya melesat, dari pengantar roti ke bos bakery. 🚚",berkat doratt saya melesat dari pengantar roti ke bos bakery,1.0,0.0,0.0,0.0,0.0
"Wah, bener-bener gacir! Coba main sekarang juga, pasti nggak bakal nyesel! 🤘dewadora🤘 🚅",1.0,"Wah, bener-bener gacir! Coba main sekarang juga, pasti nggak bakal nyesel! 🤘dewadora🤘 🚅",wah bener bener gaciri coba main sekarang juga pasti nggak bakal nyeseli dewadora,1.0,0.0,0.0,0.0,0.0
"Jika Anda menikmati bekerja dengan orang lain, 𝐃𝐎𝐑𝐀-𝟕-𝟕😎-mungkin cocok. 🧇",1.0,"Jika Anda menikmati bekerja dengan orang lain, 𝐃𝐎𝐑𝐀-𝟕-𝟕😎-mungkin cocok. 🧇",jika anda menikmati bekerja dengan orang lain dora t t mungkin cocok,1.0,0.0,0.0,0.0,1.0
Gambarnya kesan vibes old banget,0.0,Gambarnya kesan vibes old banget,gambarnya kesan vibes old banget,1.0,0.0,0.0,0.0,1.0
Video azab anak durhaka dikutuk jadi pari,0.0,Video azab anak durhaka dikutuk jadi pari,video azab anak durhaka dikutuk jadi pari,1.0,0.0,0.0,0.0,0.0
"Grafik pembunuhan,koperasi dan sejenisnya",0.0,"Grafik pembunuhan,koperasi dan sejenisnya",grafik pembunuhan koperasi dan sejenisnya,1.0,0.0,0.0,0.0,0.0
Keren macam kamera jadul😊,0.0,Keren macam kamera jadul😊,keren macam kamera jadul,1.0,0.0,0.0,0.0,1.0
kukira sepi ternyata baru upload,0.0,kukira sepi ternyata baru upload,kukira sepi ternyata baru upload,0.0,0.0,0.0,0.0,0.0
Kek kamera pembunuhan jaman dulu,0.0,Kek kamera pembunuhan jaman dulu,kek kamera pembunuhan jaman dulu,1.0,0.0,0.0,0.0,0.0
pertama,0.0,pertama,pertama,1.0,0.0,0.0,0.0,0.0
"Mohon maaf kabupaten Lebak, provinsi Banten",0.0,"Mohon maaf kabupaten Lebak, provinsi Banten",mohon maaf kabupaten lebak provinsi banten,1.0,0.0,0.0,0.0,0.0
"D𝘦po dikit, langsung meksw𝙞n 𝐝i 𝐃𝐎𝐑𝐀-𝟕-𝟕😎 🤽",1.0,"D𝘦po dikit, langsung meksw𝙞n 𝐝i 𝐃𝐎𝐑𝐀-𝟕-𝟕😎 🤽",depo dikit langsung mekswin di dora t t,1.0,0.0,0.0,0.0,0.0
"𝗗-𝗢-𝗥-𝗔𝟳𝟳😚 emang gachоr pa𝙧ah, utan𝐠 nuмpuk jadi luna𝘴 semua",1.0,"𝗗-𝗢-𝗥-𝗔𝟳𝟳😚 emang gachоr pa𝙧ah, utan𝐠 nuмpuk jadi luna𝘴 semua",d o r att emang gachor parah utang nuмpuk jadi lunas semua,1.0,0.0,0.0,0.0,0.0
"Sumpa𝙝 g𝐚 nger𝘵i lg, maen di 𝘿𝙊 𝙍 𝘼 𝟳 𝟳🙍 enak b𝘨t",1.0,"Sumpa𝙝 g𝐚 nger𝘵i lg, maen di 𝘿𝙊 𝙍 𝘼 𝟳 𝟳🙍 enak b𝘨t",sumpah ga ngerti lg maen di do r a t t enak bgt,1.0,0.0,0.0,0.0,0.0
"Dеpo keci𝐥 dоang, j𝐞pe ge𝘥e. Cu𝙢a d𝙞 DORA77🙇 ini rеal 👈",1.0,"Dеpo keci𝐥 dоang, j𝐞pe ge𝘥e. Cu𝙢a d𝙞 DORA77🙇 ini rеal 👈",depo kecil doang jepe gede cuma di doratt ini real,1.0,0.0,0.0,0.0,0.0
𝐵aru main la𝐧gsung meks𝐰in d𝙞 𝘿 𝙊 𝙍 𝘼 𝟳 𝟳👩‍🦲 🎯,1.0,𝐵aru main la𝐧gsung meks𝐰in d𝙞 𝘿 𝙊 𝙍 𝘼 𝟳 𝟳👩‍🦲 🎯,baru main langsung mekswin di d o r a t t,1.0,0.0,0.0,0.0,0.0
"𝐃𝐎𝐑𝐀𝟕𝟕😂 g𝐚cir bgτ, lan𝙜sung menang",1.0,"𝐃𝐎𝐑𝐀𝟕𝟕😂 g𝐚cir bgτ, lan𝙜sung menang",doratt gacir bgτ langsung menang,1.0,0.0,0.0,0.0,0.0
"Depо LIMPU𝐿 a𝘫a udah j𝐚di 5 juta, ga nyangka 𝐛gt 𝙢ain d𝘪 DORA7 7🤟",1.0,"Depо LIMPU𝐿 a𝘫a udah j𝐚di 5 juta, ga nyangka 𝐛gt 𝙢ain d𝘪 DORA7 7🤟",depo limpul aja udah jadi s juta ga nyangka bgt main di dorat t,1.0,0.0,0.0,0.0,0.0
"Depо LIMPU𝐿 a𝘫a udah j𝐚di 5 juta, ga nyangka 𝐛gt 𝙢ain d𝘪 𝘿𝙊𝙍 𝘼 𝟳 𝟳🙎",1.0,"Depо LIMPU𝐿 a𝘫a udah j𝐚di 5 juta, ga nyangka 𝐛gt 𝙢ain d𝘪 𝘿𝙊𝙍 𝘼 𝟳 𝟳🙎",depo limpul aja udah jadi s juta ga nyangka bgt main di dor a t t,1.0,0.0,0.0,0.0,0.0
"Utan𝙜 k𝐞lar gara-gara 𝘮ain di 𝐃𝐎𝐑𝐀 𝟕 𝟕👍, asli gacһor bange𝙩!",1.0,"Utan𝙜 k𝐞lar gara-gara 𝘮ain di 𝐃𝐎𝐑𝐀 𝟕 𝟕👍, asli gacһor bange𝙩!",utang kelar gara gara main di dora t t asli gachor bangeti,1.0,0.0,0.0,0.0,0.0
𝘿𝙊𝙍 𝘼 𝟳 𝟳🙎 ema𝙣g gach𝙤r 𝙥arah,1.0,𝘿𝙊𝙍 𝘼 𝟳 𝟳🙎 ema𝙣g gach𝙤r 𝙥arah,dor a t t emang gachor parah,1.0,0.0,0.0,0.0,1.0
"d𝐞 p𝐨 dik𝘪t, j𝙖di kaya di 𝗗 𝗢 𝗥𝗔𝟳𝟳🤛",1.0,"d𝐞 p𝐨 dik𝘪t, j𝙖di kaya di 𝗗 𝗢 𝗥𝗔𝟳𝟳🤛",de po dikit jadi kaya di d o ratt,1.0,0.0,0.0,0.0,0.0
"Мain d𝙞 𝗗-𝗢𝗥𝗔𝟳𝟳😗, c𝐮an ja𝐝i мudah 🐎",1.0,"Мain d𝙞 𝗗-𝗢𝗥𝗔𝟳𝟳😗, c𝐮an ja𝐝i мudah 🐎",мain di d oratt cuan jadi мudah,1.0,0.0,0.0,0.0,0.0
"dе p𝐨 100, langsung m𝐞kswin di 𝐃𝐎𝐑𝐀𝟕𝟕🤘",1.0,"dе p𝐨 100, langsung m𝐞kswin di 𝐃𝐎𝐑𝐀𝟕𝟕🤘",de po ioo langsung mekswin di doratt,1.0,0.0,0.0,0.0,0.0
"𝑀ain 𝐝i DORATUJUHTUJUH💁, gak гugi 😇",1.0,"𝑀ain 𝐝i DORATUJUHTUJUH💁, gak гugi 😇",main di doratujuhtujuh gak гugi,1.0,0.0,0.0,0.0,0.0
me𝐤swin tia𝘱 𝐡ari d𝙞 𝗗𝗢 𝗥 𝗔 𝟳 𝟳🤲 🚂,1.0,me𝐤swin tia𝘱 𝐡ari d𝙞 𝗗𝗢 𝗥 𝗔 𝟳 𝟳🤲 🚂,mekswin tiap hari di do r a t t,1.0,0.0,0.0,0.0,0.0
"Main 𝙙i 𝐃-𝐎-𝐑𝐀𝟕𝟕😃 𝘨a per𝙣ah zon𝐤, 𝐠acor 𝐭rs bikin lυpa waktυ 🤪",1.0,"Main 𝙙i 𝐃-𝐎-𝐑𝐀𝟕𝟕😃 𝘨a per𝙣ah zon𝐤, 𝐠acor 𝐭rs bikin lυpa waktυ 🤪",main di d o ratt ga pernah zonk gacor trs bikin lυpa waktυ,1.0,0.0,0.0,0.0,0.0
Mana ada kabupaten banten kocak,1.0,Mana ada kabupaten banten kocak,mana ada kabupaten banten kocak,1.0,0.0,0.0,0.0,0.0
"🧑axl777🧑 WEDEY lancar banget, gk ribet",1.0,"🧑axl777🧑 WEDEY lancar banget, gk ribet",axlttt wedey lancar banget gk ribet,1.0,0.0,0.0,0.0,0.0
"Langsung tarik semua kemenangan dari 🤙axl777🤙, buat liburan!",1.0,"Langsung tarik semua kemenangan dari 🤙axl777🤙, buat liburan!",langsung tarik semua kemenangan dari axlttt buat liburani,1.0,0.0,0.0,0.0,0.0
"🙆𝘼𝙀𝙍𝙊𝟴 𝟴 gua bru maen bentar, lngsg dapet jackpot gede",1.0,"🙆𝘼𝙀𝙍𝙊𝟴 𝟴 gua bru maen bentar, lngsg dapet jackpot gede",aerob b gua bru maen bentar lngsg dapet jackpot gede,0.0,0.0,0.0,0.0,0.0
"Wih, JP lagi nih di 💇axl777💇, rezeki emang gak pernah salah alamat!",1.0,"Wih, JP lagi nih di 💇axl777💇, rezeki emang gak pernah salah alamat!",wih jp lagi nih di axlttt rezeki emang gak pernah salah alamati,1.0,0.0,0.0,0.0,0.0
"JP lagi, JP lagi di 👐axl777👐! Rezeki emang lagi bagus!",1.0,"JP lagi, JP lagi di 👐axl777👐! Rezeki emang lagi bagus!",jp lagi jp lagi di axlttt i rezeki emang lagi bagusi,1.0,0.0,0.0,0.0,1.0
"🤙axl777🤙 aku lagi hoki, maen disini aja udah pasti mnang",1.0,"🤙axl777🤙 aku lagi hoki, maen disini aja udah pasti mnang",axlttt aku lagi hoki maen disini aja udah pasti mnang,1.0,0.0,0.0,0.0,0.0
"Deg-degan banget nunggu JP di 👱axl777👱, akhirnya pecah juga!",1.0,"Deg-degan banget nunggu JP di 👱axl777👱, akhirnya pecah juga!",deg degan banget nunggu jp di axlttt akhirnya pecah jugai,0.0,0.0,0.0,0.0,0.0
"Main di 🤚A ERO88 bikin happy terus, hiburan nomor satu!",1.0,"Main di 🤚A ERO88 bikin happy terus, hiburan nomor satu!",main di a erobb bikin happy terus hiburan nomor satui,1.0,0.0,0.0,0.0,0.0
"💇A-E-R-O-88 tiap main pasti ada aja jepe-nya, gak paham lagi",1.0,"💇A-E-R-O-88 tiap main pasti ada aja jepe-nya, gak paham lagi",a e r o bb tiap main pasti ada aja jepe nya gak paham lagi,0.0,0.0,0.0,0.0,1.0
Jakpot besar bikin aku makin semangat tiap kali main di 🙋AERO DELAPANDELAPAN!,1.0,Jakpot besar bikin aku makin semangat tiap kali main di 🙋AERO DELAPANDELAPAN!,jakpot besar bikin aku makin semangat tiap kali main di aero delapandelapani,1.0,0.0,0.0,0.0,0.0
"✋axl777✋ baru main bentar, gua udah dapet jackpot",1.0,"✋axl777✋ baru main bentar, gua udah dapet jackpot",axlttt baru main bentar gua udah dapet jackpot,1.0,0.0,0.0,0.0,0.0
👤axl777👤 menawarkan cara mudah untuk terhubung dengan orang lain.,1.0,👤axl777👤 menawarkan cara mudah untuk terhubung dengan orang lain.,axlttt menawarkan cara mudah untuk terhubung dengan orang lain,1.0,0.0,0.0,0.0,0.0
"😫AERODELAPANDELAPAN gua coba sekali, lngsg jackpot gede",1.0,"😫AERODELAPANDELAPAN gua coba sekali, lngsg jackpot gede",aerodelapandelapan gua coba sekali lngsg jackpot gede,1.0,0.0,0.0,0.0,1.0
🤜axl777🤜 tiap hari ada aja yang jekpot,1.0,🤜axl777🤜 tiap hari ada aja yang jekpot,axlttt tiap hari ada aja yang jekpot,1.0,0.0,0.0,0.0,1.0
"👧axl777👧 gue hoki terus, tiap hari WD",1.0,"👧axl777👧 gue hoki terus, tiap hari WD",axlttt gue hoki terus tiap hari wd,1.0,0.0,0.0,0.0,0.0
"🧑axl777🧑 gua cba bntr, jepe lngsg",1.0,"🧑axl777🧑 gua cba bntr, jepe lngsg",axlttt gua cba bntr jepe lngsg,1.0,0.0,0.0,0.0,0.0
"👁axl777👁 aku maen bentar aja, saldo udah berlipat",1.0,"👁axl777👁 aku maen bentar aja, saldo udah berlipat",axlttt aku maen bentar aja saldo udah berlipat,1.0,0.0,0.0,0.0,0.0
"🤨𝗔𝗘𝗥𝗢𝟴-𝟴 aku bru coba, eh malah jekpot mulu",1.0,"🤨𝗔𝗘𝗥𝗢𝟴-𝟴 aku bru coba, eh malah jekpot mulu",aerob b aku bru coba eh malah jekpot mulu,1.0,0.0,0.0,0.0,0.0
🧑𝘼 𝙀 𝙍 𝙊 𝟴 𝟴 aku ngerasa hoki banget maen di sini,1.0,🧑𝘼 𝙀 𝙍 𝙊 𝟴 𝟴 aku ngerasa hoki banget maen di sini,a e r o b b aku ngerasa hoki banget maen di sini,1.0,0.0,0.0,0.0,0.0
"Gak ada obat main di 😌AERO-DELAPAN-DELAPAN, cuan melimpah!",1.0,"Gak ada obat main di 😌AERO-DELAPAN-DELAPAN, cuan melimpah!",gak ada obat main di aero delapan delapan cuan melimpahi,1.0,0.0,0.0,0.0,0.0
"👦axl777👦 bru dftr langsung hoki, serius!s",1.0,"👦axl777👦 bru dftr langsung hoki, serius!s",axlttt bru dftr langsung hoki seriusis,1.0,0.0,0.0,0.0,0.0
💁AERODELAPANDELAPAN gua yakin banget ini tempat paling gacor,1.0,💁AERODELAPANDELAPAN gua yakin banget ini tempat paling gacor,aerodelapandelapan gua yakin banget ini tempat paling gacor,1.0,0.0,0.0,0.0,0.0
👎axl777👎 menyediakan pengalaman daring yang dapat diandalkan.,1.0,👎axl777👎 menyediakan pengalaman daring yang dapat diandalkan.,axlttt menyediakan pengalaman daring yang dapat diandalkan,1.0,0.0,0.0,0.0,1.0
"👤axl777👤 gue aja bisa, berarti kalian juga bisa",1.0,"👤axl777👤 gue aja bisa, berarti kalian juga bisa",axlttt gue aja bisa berarti kalian juga bisa,1.0,0.0,0.0,0.0,0.0
"👩axl777👩 gua udah ga ragu lagi maen dsini, hoki slalu",1.0,"👩axl777👩 gua udah ga ragu lagi maen dsini, hoki slalu",axlttt gua udah ga ragu lagi maen dsini hoki slalu,1.0,0.0,0.0,0.0,0.0
"🤦A-ERO88 jackpot gampang banget, gak percaya..",1.0,"🤦A-ERO88 jackpot gampang banget, gak percaya..",a erobb jackpot gampang banget gak percaya,1.0,0.0,0.0,0.0,0.0
"💃axl777💃 gua bru maen bentar, lngsg dapet jackpot gede",1.0,"💃axl777💃 gua bru maen bentar, lngsg dapet jackpot gede",axlttt gua bru maen bentar lngsg dapet jackpot gede,1.0,0.0,0.0,0.0,0.0
"Main di 🦾dewadora🦾-bikin happy banget, hasilnya gacir abis! 🍵",1.0,"Main di 🦾dewadora🦾-bikin happy banget, hasilnya gacir abis! 🍵",main di dewadora bikin happy banget hasilnya gacir abisi,1.0,0.0,0.0,0.0,0.0
"Main di 🙆dewadora🙆 bikin happy banget, hasilnya gacir abis! 🐥",1.0,"Main di 🙆dewadora🙆 bikin happy banget, hasilnya gacir abis! 🐥",main di dewadora bikin happy banget hasilnya gacir abisi,1.0,0.0,0.0,0.0,0.0
"Terima kasih banyak 👐dewadora👐,hari ini benar-benar gacir! 🏂",1.0,"Terima kasih banyak 👐dewadora👐,hari ini benar-benar gacir! 🏂",terima kasih banyak dewadora hari ini benar benar gaciri,1.0,0.0,0.0,0.0,0.0
Rezeki memang nggak kemana! Main di D O R A 77🖖 bikin untung besar. 🦕,1.0,Rezeki memang nggak kemana! Main di D O R A 77🖖 bikin untung besar. 🦕,rezeki memang nggak kemanai main di d o r a tt bikin untung besar,1.0,0.0,0.0,0.0,0.0
DORA7-7😁adalah platform yang terus berkembang dan berinovasi. 🍅,1.0,DORA7-7😁adalah platform yang terus berkembang dan berinovasi. 🍅,dorat t adalah platform yang terus berkembang dan berinovasi,1.0,0.0,0.0,0.0,0.0
Gak nyangka bisa menang segini di DORA-7-7😀! Auto senyum lebar! ☯,1.0,Gak nyangka bisa menang segini di DORA-7-7😀! Auto senyum lebar! ☯,gak nyangka bisa menang segini di dora t t i auto senyum lebari,1.0,0.0,0.0,0.0,0.0
"Nggak nyangka hasilnya bisa sebesar ini di 👃dewadora👃, luar biasa! 🐓",1.0,"Nggak nyangka hasilnya bisa sebesar ini di 👃dewadora👃, luar biasa! 🐓",nggak nyangka hasilnya bisa sebesar ini di dewadora luar biasai,1.0,0.0,0.0,0.0,1.0
"Keberuntungan besar datang dari 💃dewadora💃,nggak nyesel coba main! 🧗",1.0,"Keberuntungan besar datang dari 💃dewadora💃,nggak nyesel coba main! 🧗",keberuntungan besar datang dari dewadora nggak nyesel coba maini,1.0,0.0,0.0,0.0,0.0
"🧎dewadora🧎bikin lupa masalah, hiburan yang hakiki! 🐱",1.0,"🧎dewadora🧎bikin lupa masalah, hiburan yang hakiki! 🐱",dewadora bikin lupa masalah hiburan yang hakikii,1.0,0.0,0.0,0.0,0.0
Main di 🖐dewadora🖐-bikin lupa waktu! Hiburan yang pas banget! 😍,1.0,Main di 🖐dewadora🖐-bikin lupa waktu! Hiburan yang pas banget! 😍,main di dewadora bikin lupa waktui hiburan yang pas bangeti,1.0,0.0,0.0,0.0,1.0
Bermain di 👄dewadora👄 mengubah hidup saya dengan melunasi hutang dalam waktu singkat. 🧐,1.0,Bermain di 👄dewadora👄 mengubah hidup saya dengan melunasi hutang dalam waktu singkat. 🧐,bermain di dewadora mengubah hidup saya dengan melunasi hutang dalam waktu singkat,1.0,0.0,0.0,0.0,0.0
"Happy banget main di 💁dewadora💁,hasilnya selalu gacir! 🚲",1.0,"Happy banget main di 💁dewadora💁,hasilnya selalu gacir! 🚲",happy banget main di dewadora hasilnya selalu gaciri,1.0,0.0,0.0,0.0,1.0
"Kalo kamu suka kejutan, pasti akan suka main di D O RA77🖐! ⛰",1.0,"Kalo kamu suka kejutan, pasti akan suka main di D O RA77🖐! ⛰",kalo kamu suka kejutan pasti akan suka main di d o ratt i,1.0,0.0,0.0,0.0,1.0
"Berkat 𝘿𝙊𝙍𝘼𝟳-𝟳😪 saya berubah, dari penjual kecil jadi pengusaha besar. 🕍",1.0,"Berkat 𝘿𝙊𝙍𝘼𝟳-𝟳😪 saya berubah, dari penjual kecil jadi pengusaha besar. 🕍",berkat dorat t saya berubah dari penjual kecil jadi pengusaha besar,1.0,0.0,0.0,0.0,0.0
"Berkat 𝐃𝐎𝐑𝐀𝟕𝟕🤘 saya melesat, dari buruh pabrik jadi pemilik perusahaan. 🌯",1.0,"Berkat 𝐃𝐎𝐑𝐀𝟕𝟕🤘 saya melesat, dari buruh pabrik jadi pemilik perusahaan. 🌯",berkat doratt saya melesat dari buruh pabrik jadi pemilik perusahaan,1.0,0.0,0.0,0.0,1.0
"Di DORATUJUHTUJUH💁 saya menemukan peluang, dari karyawan biasa jadi bos perusahaan. 🚙",1.0,"Di DORATUJUHTUJUH💁 saya menemukan peluang, dari karyawan biasa jadi bos perusahaan. 🚙",di doratujuhtujuh saya menemukan peluang dari karyawan biasa jadi bos perusahaan,1.0,0.0,0.0,0.0,1.0
"Nggak sabar buat main lagi di 🕺dewadora🕺, rezeki besar bisa datang kapan aja! 🍛",1.0,"Nggak sabar buat main lagi di 🕺dewadora🕺, rezeki besar bisa datang kapan aja! 🍛",nggak sabar buat main lagi di dewadora rezeki besar bisa datang kapan ajai,1.0,0.0,0.0,0.0,0.0
Terima kasih 🖕dewadora🖕! Hari ini menang besar dan bisa buat kebutuhan keluarga. 🧃,1.0,Terima kasih 🖕dewadora🖕! Hari ini menang besar dan bisa buat kebutuhan keluarga. 🧃,terima kasih dewadora i hari ini menang besar dan bisa buat kebutuhan keluarga,1.0,0.0,0.0,0.0,0.0
"Bermain di 𝐃-𝐎-𝐑-𝐀-𝟕𝟕😅-otomatis bahagia, rezeki memang sudah ada jalannya! 🦎",1.0,"Bermain di 𝐃-𝐎-𝐑-𝐀-𝟕𝟕😅-otomatis bahagia, rezeki memang sudah ada jalannya! 🦎",bermain di d o r a tt otomatis bahagia rezeki memang sudah ada jalannyai,1.0,0.0,0.0,0.0,0.0
Hari yang menyenangkan berkat 𝐃𝐎𝐑𝐀𝟕𝟕🤘! Rezeki datang menghampiri! 🤪,1.0,Hari yang menyenangkan berkat 𝐃𝐎𝐑𝐀𝟕𝟕🤘! Rezeki datang menghampiri! 🤪,hari yang menyenangkan berkat doratt i rezeki datang menghampirii,1.0,0.0,0.0,0.0,0.0
kabupaten lebak propensi banten,0.0,kabupaten lebak propensi banten,kabupaten lebak propensi banten,1.0,0.0,0.0,0.0,1.0
"ke kampung naga bang, mirip suku Baduy",0.0,"ke kampung naga bang, mirip suku Baduy",ke kampung naga bang mirip suku baduy,1.0,0.0,0.0,0.0,0.0
"Keren Lo bang ada aja endorse nya,sambil bagiin info yg bermanfaat.",0.0,"Keren Lo bang ada aja endorse nya,sambil bagiin info yg bermanfaat.",keren lo bang ada aja endorse nya sambil bagiin info yg bermanfaat,1.0,0.0,0.0,0.0,0.0
Masa iya ada kabupaten Banten,0.0,Masa iya ada kabupaten Banten,masa iya ada kabupaten banten,0.0,0.0,0.0,0.0,1.0
Kabupaten Babelan kali... 😂,0.0,Kabupaten Babelan kali... 😂,kabupaten babelan kali,0.0,0.0,0.0,0.0,0.0
Bekasi nya mn bang,0.0,Bekasi nya mn bang,bekasi nya mn bang,0.0,0.0,0.0,0.0,0.0
"Ke Baduy dalem juga bang, seru abis wkwkwk",0.0,"Ke Baduy dalem juga bang, seru abis wkwkwk",ke baduy dalem juga bang seru abis wkwkwk,0.0,0.0,0.0,0.0,0.0
"boleh punya hp, tapi ada larangan pakai listrik. Trus charge hp nya gmn bang?",0.0,"boleh punya hp, tapi ada larangan pakai listrik. Trus charge hp nya gmn bang?",boleh punya hp tapi ada larangan pakai listrik trus charge hp nya gmn bang,0.0,0.0,0.0,0.0,0.0
"Kabupaten Lebak dek,, Banten itu Provinsi",0.0,"Kabupaten Lebak dek,, Banten itu Provinsi",kabupaten lebak dek banten itu provinsi,0.0,0.0,0.0,0.0,1.0
Tour guide 100rb klau sya ads yg kenal dsna.. 😂,0.0,Tour guide 100rb klau sya ads yg kenal dsna.. 😂,tour guide ioorb klau sya ads yg kenal dsna,1.0,0.0,0.0,0.0,0.0
Pertama,0.0,Pertama,pertama,1.0,0.0,0.0,0.0,0.0
gacir paгah main dі D-O-R-A77💆 🆓,1.0,gacir paгah main dі D-O-R-A77💆 🆓,gacir paгah main di d o r att,1.0,0.0,0.0,0.0,0.0
"gac𝘪r 𝙗anget s𝐮mpah, d𝘪 DORA77🙇 bikin kеtagihan 𝐦ain terυs 🐿",1.0,"gac𝘪r 𝙗anget s𝐮mpah, d𝘪 DORA77🙇 bikin kеtagihan 𝐦ain terυs 🐿",gacir banget sumpah di doratt bikin ketagihan main terυs,1.0,0.0,0.0,0.0,1.0
Utang lunas 𝘴eketika aЬis maxwin dі 𝗗𝗢𝗥 𝗔 𝟳 𝟳💪 🔶,1.0,Utang lunas 𝘴eketika aЬis maxwin dі 𝗗𝗢𝗥 𝗔 𝟳 𝟳💪 🔶,utang lunas seketika aьis maxwin di dor a t t,1.0,0.0,0.0,0.0,0.0
"D-O-R-A-7-7🧑 bi𝐤in nagih, 𝐠acir pa𝙧ah tia𝐩 hari j𝐞pe 🥘",1.0,"D-O-R-A-7-7🧑 bi𝐤in nagih, 𝐠acir pa𝙧ah tia𝐩 hari j𝐞pe 🥘",d o r a t t bikin nagih gacir parah tiap hari jepe,1.0,0.0,0.0,0.0,0.0
"𝐃𝐎𝐑𝐀𝟕-𝟕😍 gac𝙞r p𝘢rah, 𝘨a ad𝙖 mati𝐧ya",1.0,"𝐃𝐎𝐑𝐀𝟕-𝟕😍 gac𝙞r p𝘢rah, 𝘨a ad𝙖 mati𝐧ya",dorat t gacir parah ga ada matinya,1.0,0.0,0.0,0.0,0.0
"Ѕumpah, d𝙞 𝗗 𝗢 𝗥 𝗔 𝟳 𝟳👐 gac𝙝or ban𝘨et",1.0,"Ѕumpah, d𝙞 𝗗 𝗢 𝗥 𝗔 𝟳 𝟳👐 gac𝙝or ban𝘨et",ѕumpah di d o r a t t gachor banget,1.0,0.0,0.0,0.0,0.0
"Bikin ket𝘢gihan maen ԁi DORA TUJUHTUJUH🙋, gachor ben𝐞r!",1.0,"Bikin ket𝘢gihan maen ԁi DORA TUJUHTUJUH🙋, gachor ben𝐞r!",bikin ketagihan maen di dora tujuhtujuh gachor beneri,1.0,0.0,0.0,0.0,0.0
"𝗗𝗢𝗥 𝗔 𝟳 𝟳💪 biκin ketagihaп, je𝘱e teгus 🍑",1.0,"𝗗𝗢𝗥 𝗔 𝟳 𝟳💪 biκin ketagihaп, je𝘱e teгus 🍑",dor a t t biκin ketagihaп jepe teгus,1.0,0.0,0.0,0.0,1.0
"𝘎a 𝙖da la𝙬an ѕih, 𝘿-𝙊-𝙍𝘼𝟳𝟳🙄 meksw𝘪n ⛱",1.0,"𝘎a 𝙖da la𝙬an ѕih, 𝘿-𝙊-𝙍𝘼𝟳𝟳🙄 meksw𝘪n ⛱",ga ada lawan sih d o ratt mekswin,1.0,0.0,0.0,0.0,0.0
"🧏‍♀AERODELAPAN DELAPAN aku coba bentar, langsung WD gede",1.0,"🧏‍♀AERODELAPAN DELAPAN aku coba bentar, langsung WD gede",aerodelapan delapan aku coba bentar langsung wd gede,1.0,0.0,0.0,0.0,0.0
👋AERO88 menawarkan berbagai fitur yang menarik bagi sebagian pemain.,1.0,👋AERO88 menawarkan berbagai fitur yang menarik bagi sebagian pemain.,aerobb menawarkan berbagai fitur yang menarik bagi sebagian pemain,1.0,0.0,0.0,0.0,0.0
"Gak nyangka bisa menang sebanyak ini di 😏𝘼-𝙀-𝙍-𝙊-𝟴𝟴, serasa mimpi di siang bolong!",1.0,"Gak nyangka bisa menang sebanyak ini di 😏𝘼-𝙀-𝙍-𝙊-𝟴𝟴, serasa mimpi di siang bolong!",gak nyangka bisa menang sebanyak ini di a e r o bb serasa mimpi di siang bolongi,1.0,0.0,0.0,0.0,0.0
"🖕𝐀𝐄 𝐑 𝐎 𝟖 𝟖 jackpot gampang banget, gk ribet sama sekali",1.0,"🖕𝐀𝐄 𝐑 𝐎 𝟖 𝟖 jackpot gampang banget, gk ribet sama sekali",ae r o b b jackpot gampang banget gk ribet sama sekali,1.0,0.0,0.0,0.0,1.0
"👨‍🦰axl777👨‍🦰 aku maen santai, malah hoki terus",1.0,"👨‍🦰axl777👨‍🦰 aku maen santai, malah hoki terus",axlttt aku maen santai malah hoki terus,1.0,0.0,0.0,0.0,0.0
"😂𝐀𝐄𝐑𝐎𝟖𝟖 tiap hari selalu ada WD, gak bohong",1.0,"😂𝐀𝐄𝐑𝐎𝟖𝟖 tiap hari selalu ada WD, gak bohong",aerobb tiap hari selalu ada wd gak bohong,1.0,0.0,0.0,0.0,0.0
"Gak mau lama-lama, langsung gacir! Cuma di 😚𝗔-𝗘-𝗥-𝗢-𝟴𝟴 rezeki datang tanpa diduga!",1.0,"Gak mau lama-lama, langsung gacir! Cuma di 😚𝗔-𝗘-𝗥-𝗢-𝟴𝟴 rezeki datang tanpa diduga!",gak mau lama lama langsung gaciri cuma di a e r o bb rezeki datang tanpa didugai,1.0,0.0,0.0,0.0,0.0
Pertimbangkan untuk menjelajahi 👎𝗔𝗘𝗥𝗢𝟴𝟴 jika Anda menghargai pertumbuhan pribadi.,1.0,Pertimbangkan untuk menjelajahi 👎𝗔𝗘𝗥𝗢𝟴𝟴 jika Anda menghargai pertumbuhan pribadi.,pertimbangkan untuk menjelajahi aerobb jika anda menghargai pertumbuhan pribadi,1.0,0.0,0.0,0.0,0.0
"👦axl777👦 cuma coba sekali, lngsg ketagihan!",1.0,"👦axl777👦 cuma coba sekali, lngsg ketagihan!",axlttt cuma coba sekali lngsg ketagihani,1.0,0.0,0.0,0.0,0.0
"Gak nyangka bisa dapat segini dari 😗𝗔-𝗘-𝗥𝗢𝟴𝟴, auto traktir sekeluarga!",1.0,"Gak nyangka bisa dapat segini dari 😗𝗔-𝗘-𝗥𝗢𝟴𝟴, auto traktir sekeluarga!",gak nyangka bisa dapat segini dari a e robb auto traktir sekeluargai,1.0,0.0,0.0,0.0,0.0
"😁AERO8-8 gua main bentar aja, lgnsung WD gede",1.0,"😁AERO8-8 gua main bentar aja, lgnsung WD gede",aerob b gua main bentar aja lgnsung wd gede,1.0,0.0,0.0,0.0,1.0
"🧓axl777🧓 aku cba bentar, eh lngsg WD gede",1.0,"🧓axl777🧓 aku cba bentar, eh lngsg WD gede",axlttt aku cba bentar eh lngsg wd gede,1.0,0.0,0.0,0.0,1.0
"🤜aero88 gua lngsg hoki di dsini, gk boong",1.0,"🤜aero88 gua lngsg hoki di dsini, gk boong",aerobb gua lngsg hoki di dsini gk boong,1.0,0.0,0.0,0.0,1.0
"Hasil gacir tiap main di 🤟axl777🤟, nggak pernah mengecewakan!",1.0,"Hasil gacir tiap main di 🤟axl777🤟, nggak pernah mengecewakan!",hasil gacir tiap main di axlttt nggak pernah mengecewakani,0.0,0.0,0.0,0.0,0.0
"Rezeki hari ini datang tanpa henti, makasih banyak 👍axl777👍!",1.0,"Rezeki hari ini datang tanpa henti, makasih banyak 👍axl777👍!",rezeki hari ini datang tanpa henti makasih banyak axlttt i,0.0,0.0,0.0,0.0,0.0
"👩axl777👩 jackpot terus-terusan, tempat ini beda banget",1.0,"👩axl777👩 jackpot terus-terusan, tempat ini beda banget",axlttt jackpot terus terusan tempat ini beda banget,1.0,0.0,0.0,0.0,0.0
"Jangan tunggu lama-lama, langsung coba di 👩‍🦲axl777👩‍🦲 dan rasakan sendiri jakpotnya!",1.0,"Jangan tunggu lama-lama, langsung coba di 👩‍🦲axl777👩‍🦲 dan rasakan sendiri jakpotnya!",jangan tunggu lama lama langsung coba di axlttt dan rasakan sendiri jakpotnyai,0.0,0.0,0.0,0.0,1.0
"👋AERO88 aku cba bentar, saldo lgnsung nambah banyak",1.0,"👋AERO88 aku cba bentar, saldo lgnsung nambah banyak",aerobb aku cba bentar saldo lgnsung nambah banyak,0.0,0.0,0.0,0.0,0.0
"🤨𝗔𝗘𝗥𝗢𝟴-𝟴 aku main dikit, saldo lgnsung nambah gede",1.0,"🤨𝗔𝗘𝗥𝗢𝟴-𝟴 aku main dikit, saldo lgnsung nambah gede",aerob b aku main dikit saldo lgnsung nambah gede,0.0,0.0,0.0,0.0,0.0
"Seru banget main di 🧍axl777🧍, eh dapet JP juga! Rezeki emang gak kemana!",1.0,"Seru banget main di 🧍axl777🧍, eh dapet JP juga! Rezeki emang gak kemana!",seru banget main di axlttt eh dapet jp jugai rezeki emang gak kemanai,0.0,0.0,0.0,0.0,0.0
"Wih, JP lagi di 🙆axl777🙆, rezeki emang gak pernah putus!",1.0,"Wih, JP lagi di 🙆axl777🙆, rezeki emang gak pernah putus!",wih jp lagi di axlttt rezeki emang gak pernah putusi,1.0,0.0,0.0,0.0,0.0
Jelajahi dunia ✌AER O 8 8 dan lihat apa yang ditawarkannya.,1.0,Jelajahi dunia ✌AER O 8 8 dan lihat apa yang ditawarkannya.,jelajahi dunia aer o b b dan lihat apa yang ditawarkannya,1.0,0.0,0.0,0.0,0.0
😥𝘼𝙀-𝙍-𝙊-𝟴-𝟴 aku slalu mnang kalo maen dsini,1.0,😥𝘼𝙀-𝙍-𝙊-𝟴-𝟴 aku slalu mnang kalo maen dsini,ae r o b b aku slalu mnang kalo maen dsini,1.0,0.0,0.0,0.0,0.0
"🙂𝗔-𝗘-𝗥-𝗢-𝟴-𝟴 cuma modal receh, tapi hasilnya wow banget!",1.0,"🙂𝗔-𝗘-𝗥-𝗢-𝟴-𝟴 cuma modal receh, tapi hasilnya wow banget!",a e r o b b cuma modal receh tapi hasilnya wow bangeti,1.0,0.0,0.0,0.0,0.0
Sukubaduiluariyaituyaterusgimanabaduidalamyangtertutupbymyby,0.0,Sukubaduiluariyaituyaterusgimanabaduidalamyangtertutupbymyby,sukubaduiluariyaituyaterusgimanabaduidalamyangtertutupbymyby,1.0,0.0,0.0,0.0,0.0
keren bang😊,0.0,keren bang😊,keren bang,1.0,0.0,0.0,0.0,1.0
"Tarik semua hasil jerih payah di 𝘿𝙊𝙍 𝘼 𝟳 𝟳🙎,saatnya investasi masa depan! 🦮",1.0,"Tarik semua hasil jerih payah di 𝘿𝙊𝙍 𝘼 𝟳 𝟳🙎,saatnya investasi masa depan! 🦮",tarik semua hasil jerih payah di dor a t t saatnya investasi masa depani,1.0,0.0,0.0,0.0,0.0
Mencari kegiatan baru? 𝗗 𝗢𝗥𝗔𝟳𝟳👊-menawarkan pengalaman yang menarik. 🍏,1.0,Mencari kegiatan baru? 𝗗 𝗢𝗥𝗔𝟳𝟳👊-menawarkan pengalaman yang menarik. 🍏,mencari kegiatan baru d oratt menawarkan pengalaman yang menarik,1.0,0.0,0.0,0.0,0.0
𝐃-𝐎-𝐑-𝐀𝟕𝟕😄 mungkin yang Anda cari dalam hiburan daring. 😇,1.0,𝐃-𝐎-𝐑-𝐀𝟕𝟕😄 mungkin yang Anda cari dalam hiburan daring. 😇,d o r att mungkin yang anda cari dalam hiburan daring,1.0,0.0,0.0,0.0,0.0
"Gak mau ketinggalan, main di 🖕dewadora🖕-langsung dapet menang gede! 🏕",1.0,"Gak mau ketinggalan, main di 🖕dewadora🖕-langsung dapet menang gede! 🏕",gak mau ketinggalan main di dewadora langsung dapet menang gedei,1.0,0.0,0.0,0.0,1.0
Berkat 🤜dewadora🤜 saya mendapatkan dana yang mendukung pertumbuhan usaha. 🦘,1.0,Berkat 🤜dewadora🤜 saya mendapatkan dana yang mendukung pertumbuhan usaha. 🦘,berkat dewadora saya mendapatkan dana yang mendukung pertumbuhan usaha,1.0,0.0,0.0,0.0,0.0
"Gak nyangka bisa menang sebanyak ini di D-O-R-A77💆,impian jadi nyata! 🦆",1.0,"Gak nyangka bisa menang sebanyak ini di D-O-R-A77💆,impian jadi nyata! 🦆",gak nyangka bisa menang sebanyak ini di d o r att impian jadi nyatai,1.0,0.0,0.0,0.0,0.0
"Tarik semua kemenangan dari 🧍dewadora🧍, saatnya belanja! 🔰",1.0,"Tarik semua kemenangan dari 🧍dewadora🧍, saatnya belanja! 🔰",tarik semua kemenangan dari dewadora saatnya belanjai,1.0,0.0,0.0,0.0,0.0
Beberapa pengguna menemukan 𝐃𝐎-𝐑-𝐀-𝟕-𝟕😉-sebagai alat yang berharga untuk berjejaring. 🥘,1.0,Beberapa pengguna menemukan 𝐃𝐎-𝐑-𝐀-𝟕-𝟕😉-sebagai alat yang berharga untuk berjejaring. 🥘,beberapa pengguna menemukan do r a t t sebagai alat yang berharga untuk berjejaring,1.0,0.0,0.0,0.0,0.0
"Main di 𝐃-𝐎-𝐑-𝐀𝟕𝟕😄-bikin hasil tak terduga, senang banget! 🥌",1.0,"Main di 𝐃-𝐎-𝐑-𝐀𝟕𝟕😄-bikin hasil tak terduga, senang banget! 🥌",main di d o r att bikin hasil tak terduga senang bangeti,1.0,0.0,0.0,0.0,0.0
"Nggak ada yang bisa prediksi, tapi di DORA-TUJUHTUJUH😴,keberuntungan bisa datang kapan saja! ⛩",1.0,"Nggak ada yang bisa prediksi, tapi di DORA-TUJUHTUJUH😴,keberuntungan bisa datang kapan saja! ⛩",nggak ada yang bisa prediksi tapi di dora tujuhtujuh keberuntungan bisa datang kapan sajai,1.0,0.0,0.0,0.0,0.0
"Berkat 𝐃𝐎𝐑 𝐀 𝟕 𝟕👇 saya berubah, dari pengantar koran jadi bos media. 🏠",1.0,"Berkat 𝐃𝐎𝐑 𝐀 𝟕 𝟕👇 saya berubah, dari pengantar koran jadi bos media. 🏠",berkat dor a t t saya berubah dari pengantar koran jadi bos media,1.0,0.0,0.0,0.0,0.0
"Awalnya iseng doang main di ✋dewadora✋, eh malah ketagihan! Cuan terus nih! ⏭",1.0,"Awalnya iseng doang main di ✋dewadora✋, eh malah ketagihan! Cuan terus nih! ⏭",awalnya iseng doang main di dewadora eh malah ketagihani cuan terus nihi,1.0,0.0,0.0,0.0,0.0
"Berkah rezeki hari ini berkat 𝘿 𝙊 𝙍 𝘼 𝟳 𝟳👩‍🦲, puji syukur! ℹ",1.0,"Berkah rezeki hari ini berkat 𝘿 𝙊 𝙍 𝘼 𝟳 𝟳👩‍🦲, puji syukur! ℹ",berkah rezeki hari ini berkat d o r a t t puji syukuri i,1.0,0.0,0.0,0.0,0.0
"Jika Anda menghargai komunitas yang solid, 👌dewadora👌-mungkin cocok. 🍆",1.0,"Jika Anda menghargai komunitas yang solid, 👌dewadora👌-mungkin cocok. 🍆",jika anda menghargai komunitas yang solid dewadora mungkin cocok,1.0,0.0,0.0,0.0,0.0
"Dengan 👴dewadora👴 saya sukses, dari karyawan biasa jadi pengusaha mandiri. 🚌",1.0,"Dengan 👴dewadora👴 saya sukses, dari karyawan biasa jadi pengusaha mandiri. 🚌",dengan dewadora saya sukses dari karyawan biasa jadi pengusaha mandiri,1.0,0.0,0.0,0.0,0.0
"Bermain di DOR A 7 7✌ membuka jalan, dari penjual keliling ke pengusaha kopi. ⛸",1.0,"Bermain di DOR A 7 7✌ membuka jalan, dari penjual keliling ke pengusaha kopi. ⛸",bermain di dor a t t membuka jalan dari penjual keliling ke pengusaha kopi,1.0,0.0,0.0,0.0,0.0
Langsung coba di 🤷dewadora🤷 dan jangan lewatkan kesempatan besar ini! 🏏,1.0,Langsung coba di 🤷dewadora🤷 dan jangan lewatkan kesempatan besar ini! 🏏,langsung coba di dewadora dan jangan lewatkan kesempatan besar inii,1.0,0.0,0.0,0.0,0.0
"Gak ada kata terlambat, main di DOR A 7 7✌-dan buktikan sendiri keberuntungannya! ☮",1.0,"Gak ada kata terlambat, main di DOR A 7 7✌-dan buktikan sendiri keberuntungannya! ☮",gak ada kata terlambat main di dor a t t dan buktikan sendiri keberuntungannyai,1.0,0.0,0.0,0.0,1.0
"Jika Anda menghargai platform daring yang didesain dengan baik, ☝dewadora☝-patut dipertimbangkan. 🍑",1.0,"Jika Anda menghargai platform daring yang didesain dengan baik, ☝dewadora☝-patut dipertimbangkan. 🍑",jika anda menghargai platform daring yang didesain dengan baik dewadora patut dipertimbangkan,0.0,0.0,0.0,0.0,0.0
"Semuanya gacir di 🤛dewadora🤛,jangan sampe ketinggalan ya! 🗼",1.0,"Semuanya gacir di 🤛dewadora🤛,jangan sampe ketinggalan ya! 🗼",semuanya gacir di dewadora jangan sampe ketinggalan yai,1.0,0.0,0.0,0.0,0.0
"Justru sifat iri dan suka pamer itu tercipta dari bangku sekolahan, yang ada di sekolah itu dominan kehidupan dan pergaulannya, untuk didikan gak sampe 30% yang ada di ajari teori² yang sampai saat ini gw masih bingung apa fungsi hitungan algoritma, sin cos tan, di kehidupan sehari-hari, belum lagi yg lainnya 😂",0.0,"Justru sifat iri dan suka pamer itu tercipta dari bangku sekolahan, yang ada di sekolah itu dominan kehidupan dan pergaulannya, untuk didikan gak sampe 30% yang ada di ajari teori² yang sampai saat ini gw masih bingung apa fungsi hitungan algoritma, sin cos tan, di kehidupan sehari-hari, belum lagi yg lainnya 😂",justru sifat iri dan suka pamer itu tercipta dari bangku sekolahan yang ada di sekolah itu dominan kehidupan dan pergaulannya untuk didikan gak sampe eo yang ada di ajari teori 2 yang sampai saat ini gw masih bingung apa fungsi hitungan algoritma sin cos tan di kehidupan sehari hari belum lagi yg lainnya,0.0,0.0,0.0,0.0,0.0
Nanti kalo udah cukup duite kang bro dolan Ning baduine,0.0,Nanti kalo udah cukup duite kang bro dolan Ning baduine,nanti kalo udah cukup duite kang bro dolan ning baduine,0.0,0.0,0.0,0.0,0.0
Yg ngajarin namanya KANG MULYONO dari SOLO🥴🥴🥴,0.0,Yg ngajarin namanya KANG MULYONO dari SOLO🥴🥴🥴,yg ngajarin namanya kang mulyono dari solo,0.0,0.0,0.0,0.0,0.0
"Mereka sejak dari kecil sudah diajarkan budi pekerti. Mereka tidak diajarkan baca dan tulis, tetapi mereka telah diajarkan praktek langsung oleh orang tua atau tetangganya untuk membuat sesuatu karya seperti; mengayam, menenun, membatik, bertani dan beternak. Belum tentu orang yang bisa baca tulis bisa melakukan apa yang mereka lakukan.  Mereka belajar dari alam dan otodidak. Tetapi karya-karya mereka sangat mengagumkan. Mereka lebih menghargai hasil karya mereka sendiri (righ and wrong, it's their""s job). 😂",0.0,"Mereka sejak dari kecil sudah diajarkan budi pekerti. Mereka tidak diajarkan baca dan tulis, tetapi mereka telah diajarkan praktek langsung oleh orang tua atau tetangganya untuk membuat sesuatu karya seperti; mengayam, menenun, membatik, bertani dan beternak. Belum tentu orang yang bisa baca tulis bisa melakukan apa yang mereka lakukan.  Mereka belajar dari alam dan otodidak. Tetapi karya-karya mereka sangat mengagumkan. Mereka lebih menghargai hasil karya mereka sendiri (righ and wrong, it's their""s job). 😂",mereka sejak dari kecil sudah diajarkan budi pekerti mereka tidak diajarkan baca dan tulis tetapi mereka telah diajarkan praktek langsung oleh orang tua atau tetangganya untuk membuat sesuatu karya seperti mengayam menenun membatik bertani dan beternak belum tentu orang yang bisa baca tulis bisa melakukan apa yang mereka lakukan mereka belajar dari alam dan otodidak tetapi karya karya mereka sangat mengagumkan mereka lebih menghargai hasil karya mereka sendiri righ and wrong it s their s job,0.0,0.0,0.0,0.0,1.0
Ga tau tempatnya bang 😂,0.0,Ga tau tempatnya bang 😂,ga tau tempatnya bang,0.0,0.0,0.0,0.0,0.0
Langsung gass ke hari nelayan Pelabuhanratu bang,0.0,Langsung gass ke hari nelayan Pelabuhanratu bang,langsung gass ke hari nelayan pelabuhanratu bang,1.0,0.0,0.0,0.0,0.0
Keren Bang ❤ jeroo bngt konten nya 😊,0.0,Keren Bang ❤ jeroo bngt konten nya 😊,keren bang jeroo bngt konten nya,1.0,0.0,0.0,0.0,0.0
"Dah ada QRIS ya bang, bayar belanja nya",0.0,"Dah ada QRIS ya bang, bayar belanja nya",dah ada qris ya bang bayar belanja nya,1.0,0.0,0.0,0.0,0.0
"Rezeki yang diberikan 👨‍🦰dewadora👨‍🦰-sungguh tiada tara, terima kasih Ya Allah! 🐞",1.0,"Rezeki yang diberikan 👨‍🦰dewadora👨‍🦰-sungguh tiada tara, terima kasih Ya Allah! 🐞",rezeki yang diberikan dewadora sungguh tiada tara terima kasih ya allahi,1.0,0.0,0.0,0.0,0.0
"Main santai di 🧑dewadora🧑,hasilnya bikin senyum lebar. Terima kasih banyak! 🧂",1.0,"Main santai di 🧑dewadora🧑,hasilnya bikin senyum lebar. Terima kasih banyak! 🧂",main santai di dewadora hasilnya bikin senyum lebar terima kasih banyaki,1.0,0.0,0.0,0.0,1.0
Di 👉dewadora👉 memberikan modal usaha yang mendukung pertumbuhan bisnis saya. 🐽,1.0,Di 👉dewadora👉 memberikan modal usaha yang mendukung pertumbuhan bisnis saya. 🐽,di dewadora memberikan modal usaha yang mendukung pertumbuhan bisnis saya,1.0,0.0,0.0,0.0,0.0
"Dengan 𝐃𝐎𝐑𝐀𝟕𝟕🤘 saya sukses, dari buruh bangunan jadi pengusaha kontraktor. 🚔",1.0,"Dengan 𝐃𝐎𝐑𝐀𝟕𝟕🤘 saya sukses, dari buruh bangunan jadi pengusaha kontraktor. 🚔",dengan doratt saya sukses dari buruh bangunan jadi pengusaha kontraktor,1.0,0.0,0.0,0.0,1.0
Di 🤳dewadora🤳 saya menemukan peluang sehingga saya bisa bertransformasi dari tukang bakso ke pemilik restoran. 🥦,1.0,Di 🤳dewadora🤳 saya menemukan peluang sehingga saya bisa bertransformasi dari tukang bakso ke pemilik restoran. 🥦,di dewadora saya menemukan peluang sehingga saya bisa bertransformasi dari tukang bakso ke pemilik restoran,1.0,0.0,0.0,0.0,0.0
"Jika Anda menghargai solusi yang berwawasan ke depan, 🤷dewadora🤷 mungkin cocok. 🐧",1.0,"Jika Anda menghargai solusi yang berwawasan ke depan, 🤷dewadora🤷 mungkin cocok. 🐧",jika anda menghargai solusi yang berwawasan ke depan dewadora mungkin cocok,1.0,0.0,0.0,0.0,0.0
"Rezeki hari ini datang dari 👩‍🦱dewadora👩‍🦱,makasih atas keberuntungannya! 🎼",1.0,"Rezeki hari ini datang dari 👩‍🦱dewadora👩‍🦱,makasih atas keberuntungannya! 🎼",rezeki hari ini datang dari dewadora makasih atas keberuntungannyai,1.0,0.0,0.0,0.0,0.0
"Aku udah coba, dan langsung dapet jakpot! Kapan kamu coba di D O R A77✋? 🏓",1.0,"Aku udah coba, dan langsung dapet jakpot! Kapan kamu coba di D O R A77✋? 🏓",aku udah coba dan langsung dapet jakpoti kapan kamu coba di d o r att,1.0,0.0,0.0,0.0,0.0
Jakpot besar di 🦾dewadora🦾 bikin hari semakin cerah. Siapa cepat dia dapat! 🍚,1.0,Jakpot besar di 🦾dewadora🦾 bikin hari semakin cerah. Siapa cepat dia dapat! 🍚,jakpot besar di dewadora bikin hari semakin cerah siapa cepat dia dapati,1.0,0.0,0.0,0.0,0.0
"Dengan 𝘿-𝙊-𝙍-𝘼𝟳𝟳😏 saya sukses, dari penjaja es kelapa jadi pengusaha kuliner. 🍤",1.0,"Dengan 𝘿-𝙊-𝙍-𝘼𝟳𝟳😏 saya sukses, dari penjaja es kelapa jadi pengusaha kuliner. 🍤",dengan d o r att saya sukses dari penjaja es kelapa jadi pengusaha kuliner,1.0,0.0,0.0,0.0,0.0
"Rezeki dari 🗣dewadora🗣-emang berkah, terima kasih! 🤌",1.0,"Rezeki dari 🗣dewadora🗣-emang berkah, terima kasih! 🤌",rezeki dari dewadora emang berkah terima kasihi,1.0,0.0,0.0,0.0,0.0
Hasil dari 𝘿𝙊-𝙍-𝘼-𝟳-𝟳😮 membuktikan saya bisa beralih dari petani kecil jadi pengusaha agribisnis. 🎾,1.0,Hasil dari 𝘿𝙊-𝙍-𝘼-𝟳-𝟳😮 membuktikan saya bisa beralih dari petani kecil jadi pengusaha agribisnis. 🎾,hasil dari do r a t t membuktikan saya bisa beralih dari petani kecil jadi pengusaha agribisnis,1.0,0.0,0.0,0.0,1.0
Grafiknya di 🧔dewadora🧔-keren abis! Gameplaynya juga seru! 😉,1.0,Grafiknya di 🧔dewadora🧔-keren abis! Gameplaynya juga seru! 😉,grafiknya di dewadora keren abisi gameplaynya juga serui,1.0,0.0,0.0,0.0,0.0
"Detak jantung berpacu kencang menunggu JP di 🚶dewadora🚶,akhirnya pecah juga jackpotnya! 🦄",1.0,"Detak jantung berpacu kencang menunggu JP di 🚶dewadora🚶,akhirnya pecah juga jackpotnya! 🦄",detak jantung berpacu kencang menunggu jp di dewadora akhirnya pecah juga jackpotnyai,1.0,0.0,0.0,0.0,0.0
"Nggak nyangka, cuma main sebentar di 🙋dewadora🙋-langsung dapet hasil yang luar biasa! 🏚",1.0,"Nggak nyangka, cuma main sebentar di 🙋dewadora🙋-langsung dapet hasil yang luar biasa! 🏚",nggak nyangka cuma main sebentar di dewadora langsung dapet hasil yang luar biasai,1.0,0.0,0.0,0.0,0.0
"Jika Anda menghargai kinerja yang konsisten, 𝐃-𝐎-𝐑𝐀𝟕𝟕😃-layak dipertimbangkan. 🍙",1.0,"Jika Anda menghargai kinerja yang konsisten, 𝐃-𝐎-𝐑𝐀𝟕𝟕😃-layak dipertimbangkan. 🍙",jika anda menghargai kinerja yang konsisten d o ratt layak dipertimbangkan,1.0,0.0,0.0,0.0,0.0
"Rezeki melimpah tiap kali main di 👇dewadora👇, benar-benar luar biasa! 🍒",1.0,"Rezeki melimpah tiap kali main di 👇dewadora👇, benar-benar luar biasa! 🍒",rezeki melimpah tiap kali main di dewadora benar benar luar biasai,1.0,0.0,0.0,0.0,0.0
Keuntungan dari 𝗗-𝗢-𝗥-𝗔𝟳𝟳😚 membuka jalan bagi saya untuk memiliki usaha lebih besar. 🐄,1.0,Keuntungan dari 𝗗-𝗢-𝗥-𝗔𝟳𝟳😚 membuka jalan bagi saya untuk memiliki usaha lebih besar. 🐄,keuntungan dari d o r att membuka jalan bagi saya untuk memiliki usaha lebih besar,0.0,0.0,0.0,0.0,0.0
"Ternyata main di DORA-7-7😀 bikin rezeki datang begitu saja, langsung gacir! 🌰",1.0,"Ternyata main di DORA-7-7😀 bikin rezeki datang begitu saja, langsung gacir! 🌰",ternyata main di dora t t bikin rezeki datang begitu saja langsung gaciri,1.0,0.0,0.0,0.0,0.0
"Main di 𝗗 𝗢 𝗥𝗔𝟳𝟳🤛-bikin hidup makin berwarna warni, rezeki datang silih berganti tak henti-henti! 🐑",1.0,"Main di 𝗗 𝗢 𝗥𝗔𝟳𝟳🤛-bikin hidup makin berwarna warni, rezeki datang silih berganti tak henti-henti! 🐑",main di d o ratt bikin hidup makin berwarna warni rezeki datang silih berganti tak henti hentii,0.0,0.0,0.0,0.0,0.0
"Keren sekali! Berhasil meraih kemenangan yang sangat besar di 🤏dewadora🤏,saatnya untuk berlibur mewah ke tempat impian! 🦒",1.0,"Keren sekali! Berhasil meraih kemenangan yang sangat besar di 🤏dewadora🤏,saatnya untuk berlibur mewah ke tempat impian! 🦒",keren sekalii berhasil meraih kemenangan yang sangat besar di dewadora saatnya untuk berlibur mewah ke tempat impiani,0.0,0.0,0.0,0.0,0.0
"Denger-denger orang banyak menang, akhirnya aku coba, dan ternyata rezeki juga datang di ✊dewadora✊! 🏠",1.0,"Denger-denger orang banyak menang, akhirnya aku coba, dan ternyata rezeki juga datang di ✊dewadora✊! 🏠",denger denger orang banyak menang akhirnya aku coba dan ternyata rezeki juga datang di dewadora i,0.0,0.0,0.0,0.0,0.0
"Asyik banget main di 𝐃-𝐎-𝐑𝐀𝟕𝟕😃,lupa waktu! 😢",1.0,"Asyik banget main di 𝐃-𝐎-𝐑𝐀𝟕𝟕😃,lupa waktu! 😢",asyik banget main di d o ratt lupa waktui,1.0,0.0,0.0,0.0,0.0
"😑𝘼-𝙀𝙍𝙊𝟴𝟴 gua main bntr aja, saldo lngsung naik gede",1.0,"😑𝘼-𝙀𝙍𝙊𝟴𝟴 gua main bntr aja, saldo lngsung naik gede",a erobb gua main bntr aja saldo lngsung naik gede,1.0,0.0,0.0,0.0,0.0
"🦴axl777🦴 aku lagi hoki, maen disini aja udah pasti mnang",1.0,"🦴axl777🦴 aku lagi hoki, maen disini aja udah pasti mnang",axlttt aku lagi hoki maen disini aja udah pasti mnang,1.0,0.0,0.0,0.0,1.0
"🧎axl777🧎 gua suka maen disini, seru banget!",1.0,"🧎axl777🧎 gua suka maen disini, seru banget!",axlttt gua suka maen disini seru bangeti,1.0,0.0,0.0,0.0,0.0
"🙅𝘼𝙀𝙍𝙊 𝟴 𝟴 aku main dikit, saldo lgnsung byk",1.0,"🙅𝘼𝙀𝙍𝙊 𝟴 𝟴 aku main dikit, saldo lgnsung byk",aero b b aku main dikit saldo lgnsung byk,1.0,0.0,0.0,0.0,1.0
"👏axl777👏 aku baru pertama nyoba, jackpot langsung dateng",1.0,"👏axl777👏 aku baru pertama nyoba, jackpot langsung dateng",axlttt aku baru pertama nyoba jackpot langsung dateng,1.0,0.0,0.0,0.0,1.0
Mantul! Main di 💆axl777💆 bikin happy dan rezeki nomplok!,1.0,Mantul! Main di 💆axl777💆 bikin happy dan rezeki nomplok!,mantuli main di axlttt bikin happy dan rezeki nomploki,1.0,0.0,0.0,0.0,0.0
"😃𝐀-𝐄-𝐑𝐎𝟖𝟖 gk ribet, gampang banget dapet jackpot",1.0,"😃𝐀-𝐄-𝐑𝐎𝟖𝟖 gk ribet, gampang banget dapet jackpot",a e robb gk ribet gampang banget dapet jackpot,1.0,0.0,0.0,0.0,0.0
"🙅𝘼𝙀𝙍𝙊 𝟴 𝟴 jekpot terus-terusan, gue sampe kaget",1.0,"🙅𝘼𝙀𝙍𝙊 𝟴 𝟴 jekpot terus-terusan, gue sampe kaget",aero b b jekpot terus terusan gue sampe kaget,1.0,0.0,0.0,0.0,0.0
"😯𝘼𝙀𝙍𝙊-𝟴-𝟴 gua maen dikit aja, saldo udah nambah banyak",1.0,"😯𝘼𝙀𝙍𝙊-𝟴-𝟴 gua maen dikit aja, saldo udah nambah banyak",aero b b gua maen dikit aja saldo udah nambah banyak,1.0,0.0,0.0,0.0,0.0
"👏aero88 aku cba, eh langsung dapet cuan gede",1.0,"👏aero88 aku cba, eh langsung dapet cuan gede",aerobb aku cba eh langsung dapet cuan gede,1.0,0.0,0.0,0.0,1.0
"🖖𝘼𝙀𝙍𝙊𝟴𝟴 saya maen santai aja, tetep bisa WEDEY jutaan",1.0,"🖖𝘼𝙀𝙍𝙊𝟴𝟴 saya maen santai aja, tetep bisa WEDEY jutaan",aerobb saya maen santai aja tetep bisa wedey jutaan,1.0,0.0,0.0,0.0,0.0
"🧓axl777🧓 tiap maen pasti ada hasilnya, gk nyesel",1.0,"🧓axl777🧓 tiap maen pasti ada hasilnya, gk nyesel",axlttt tiap maen pasti ada hasilnya gk nyesel,1.0,0.0,0.0,0.0,0.0
"💪axl777💪 aku maen dikit, saldo udah nambah 2x lipat",1.0,"💪axl777💪 aku maen dikit, saldo udah nambah 2x lipat",axlttt aku maen dikit saldo udah nambah 2 x lipat,1.0,0.0,0.0,0.0,0.0
Mencari pengalaman daring yang lancar? 🤟axl777🤟 mungkin solusinya.,1.0,Mencari pengalaman daring yang lancar? 🤟axl777🤟 mungkin solusinya.,mencari pengalaman daring yang lancar axlttt mungkin solusinya,1.0,0.0,0.0,0.0,0.0
"Pelayanan 🧑𝘼 𝙀 𝙍 𝙊 𝟴 𝟴 super ramah, puas banget!",1.0,"Pelayanan 🧑𝘼 𝙀 𝙍 𝙊 𝟴 𝟴 super ramah, puas banget!",pelayanan a e r o b b super ramah puas bangeti,1.0,0.0,0.0,0.0,0.0
"✋A E R O88 bru maen lngsg gacor, gk ada lawan!",1.0,"✋A E R O88 bru maen lngsg gacor, gk ada lawan!",a e r obb bru maen lngsg gacor gk ada lawani,0.0,0.0,0.0,0.0,0.0
"🖐A E RO88 gua maen santai, saldo udah nambah banyak",1.0,"🖐A E RO88 gua maen santai, saldo udah nambah banyak",a e robb gua maen santai saldo udah nambah banyak,0.0,0.0,0.0,0.0,0.0
Rezeki dari 💪axl777💪 emang gak terduga! Terima kasih ya Tuhan!,1.0,Rezeki dari 💪axl777💪 emang gak terduga! Terima kasih ya Tuhan!,rezeki dari axlttt emang gak terdugai terima kasih ya tuhani,1.0,0.0,0.0,0.0,0.0
Tinggal lu jemur aja noh dari jam 9 pagi sampe jam 6 sore ribet amet lu pada ah!,0.0,Tinggal lu jemur aja noh dari jam 9 pagi sampe jam 6 sore ribet amet lu pada ah!,tinggal lu jemur aja noh dari jam g pagi sampe jam 6 sore ribet amet lu pada ahi,0.0,0.0,0.0,0.0,0.0
Posisi naronye gk adil itu. Sebagian kena tutup bayangan ente,0.0,Posisi naronye gk adil itu. Sebagian kena tutup bayangan ente,posisi naronye gk adil itu sebagian kena tutup bayangan ente,0.0,0.0,0.0,0.0,0.0
Kurang yg tutup merah / oranye bang..,0.0,Kurang yg tutup merah / oranye bang..,kurang yg tutup merah oranye bang,1.0,0.0,0.0,0.0,0.0
"Pruduk gua dijamin lbh bagus bang dri ke 5 merk tersebut, bahkan berhari-hari kena matahari pun rasa dan kandungannya ga berubah. Untuk nama merknya itu AIR OBN yg pabriknya di kaki Gunung Salak, dan airnya asli dri sumber air dri Gunung Salak",0.0,"Pruduk gua dijamin lbh bagus bang dri ke 5 merk tersebut, bahkan berhari-hari kena matahari pun rasa dan kandungannya ga berubah. Untuk nama merknya itu AIR OBN yg pabriknya di kaki Gunung Salak, dan airnya asli dri sumber air dri Gunung Salak",pruduk gua dijamin lbh bagus bang dri ke s merk tersebut bahkan berhari hari kena matahari pun rasa dan kandungannya ga berubah untuk nama merknya itu air obn yg pabriknya di kaki gunung salak dan airnya asli dri sumber air dri gunung salak,0.0,0.0,0.0,0.0,0.0
"Suhu tinggi bisa mempercepat reaksi kimia dalam air atau antara air dan plastik, mengubah rasa dan menimbulkan bau tak sedap.",0.0,"Suhu tinggi bisa mempercepat reaksi kimia dalam air atau antara air dan plastik, mengubah rasa dan menimbulkan bau tak sedap.",suhu tinggi bisa mempercepat reaksi kimia dalam air atau antara air dan plastik mengubah rasa dan menimbulkan bau tak sedap,0.0,0.0,0.0,0.0,0.0
Hati2 bro ketemu gajah liar pas naik motor,0.0,Hati2 bro ketemu gajah liar pas naik motor,hati 2 bro ketemu gajah liar pas naik motor,0.0,0.0,0.0,0.0,0.0
"Rekomendasi terbaik buat cari hiburan yang gacir, pasti di 👩‍🦱dewadora👩‍🦱! 🦮",1.0,"Rekomendasi terbaik buat cari hiburan yang gacir, pasti di 👩‍🦱dewadora👩‍🦱! 🦮",rekomendasi terbaik buat cari hiburan yang gacir pasti di dewadora i,0.0,0.0,0.0,0.0,0.0
"Main di 👏dewadora👏,langsung dapet menang besar yang bikin makin semangat! ⚓",1.0,"Main di 👏dewadora👏,langsung dapet menang besar yang bikin makin semangat! ⚓",main di dewadora langsung dapet menang besar yang bikin makin semangati,1.0,0.0,0.0,0.0,1.0
"Asyik banget main di DORA-TUJUHTUJUH😴,lupa waktu! 😢",1.0,"Asyik banget main di DORA-TUJUHTUJUH😴,lupa waktu! 😢",asyik banget main di dora tujuhtujuh lupa waktui,0.0,0.0,0.0,0.0,1.0
"Berkat 𝗗𝗢𝗥-𝗔-𝟳-𝟳🤔 saya berubah, dari penjual asongan jadi pemilik toko modern. 🏖",1.0,"Berkat 𝗗𝗢𝗥-𝗔-𝟳-𝟳🤔 saya berubah, dari penjual asongan jadi pemilik toko modern. 🏖",berkat dor a t t saya berubah dari penjual asongan jadi pemilik toko modern,1.0,0.0,0.0,0.0,0.0
"Ternyata keberuntungan ada di 🕺dewadora🕺, langsung dapet jakpot besar tanpa diduga! 🦪",1.0,"Ternyata keberuntungan ada di 🕺dewadora🕺, langsung dapet jakpot besar tanpa diduga! 🦪",ternyata keberuntungan ada di dewadora langsung dapet jakpot besar tanpa didugai,0.0,0.0,0.0,0.0,0.0
Mencari platform yang mendengarkan penggunanya? 🧏‍♀dewadora🧏‍♀ mungkin jawabannya. 🙉,1.0,Mencari platform yang mendengarkan penggunanya? 🧏‍♀dewadora🧏‍♀ mungkin jawabannya. 🙉,mencari platform yang mendengarkan penggunanya dewadora mungkin jawabannya,0.0,0.0,0.0,0.0,0.0
Temukan potensi 👁dewadora👁. 🌮,1.0,Temukan potensi 👁dewadora👁. 🌮,temukan potensi dewadora,0.0,0.0,0.0,0.0,0.0
"Aku nggak percaya, langsung coba dan menang besar di 𝐃 𝐎 𝐑𝐀𝟕𝟕🖕! 🕍",1.0,"Aku nggak percaya, langsung coba dan menang besar di 𝐃 𝐎 𝐑𝐀𝟕𝟕🖕! 🕍",aku nggak percaya langsung coba dan menang besar di d o ratt i,0.0,0.0,0.0,0.0,0.0
"Bermain di 𝐃 𝐎 𝐑 𝐀 𝟕𝟕👉 mengubah hidup saya, dari tukang ojek jadi pemilik armada ojek. 🥄",1.0,"Bermain di 𝐃 𝐎 𝐑 𝐀 𝟕𝟕👉 mengubah hidup saya, dari tukang ojek jadi pemilik armada ojek. 🥄",bermain di d o r a tt mengubah hidup saya dari tukang ojek jadi pemilik armada ojek,0.0,0.0,0.0,0.0,1.0
"JP datang berbondong-bondong di 🖖dewadora🖖, lagi gacor parah nih! 🔶",1.0,"JP datang berbondong-bondong di 🖖dewadora🖖, lagi gacor parah nih! 🔶",jp datang berbondong bondong di dewadora lagi gacor parah nihi,1.0,0.0,0.0,0.0,0.0
Pertimbangkan untuk menjelajahi D-O-RA77🤷 jika Anda menghargai pertumbuhan pribadi. 🐯,1.0,Pertimbangkan untuk menjelajahi D-O-RA77🤷 jika Anda menghargai pertumbuhan pribadi. 🐯,pertimbangkan untuk menjelajahi d o ratt jika anda menghargai pertumbuhan pribadi,1.0,0.0,0.0,0.0,0.0
"Jakpot langsung mengalir begitu main di D-O-R-A-77💇, nggak bisa percaya! 🫕",1.0,"Jakpot langsung mengalir begitu main di D-O-R-A-77💇, nggak bisa percaya! 🫕",jakpot langsung mengalir begitu main di d o r a tt nggak bisa percayai,1.0,0.0,0.0,0.0,0.0
Keuntungan di 👐dewadora👐 membuat usaha saya semakin berkembang dan stabil. 🐪,1.0,Keuntungan di 👐dewadora👐 membuat usaha saya semakin berkembang dan stabil. 🐪,keuntungan di dewadora membuat usaha saya semakin berkembang dan stabil,0.0,0.0,0.0,0.0,0.0
"Main di 𝐃𝐎𝐑-𝐀-𝟕-𝟕😋-bikin happy banget, hasilnya gacir abis! 🍵",1.0,"Main di 𝐃𝐎𝐑-𝐀-𝟕-𝟕😋-bikin happy banget, hasilnya gacir abis! 🍵",main di dor a t t bikin happy banget hasilnya gacir abisi,0.0,0.0,0.0,0.0,0.0
"Nggak salah pilih main di 👇dewadora👇, rezekinya ngalir terus. Top banget! 🦇",1.0,"Nggak salah pilih main di 👇dewadora👇, rezekinya ngalir terus. Top banget! 🦇",nggak salah pilih main di dewadora rezekinya ngalir terus top bangeti,1.0,0.0,0.0,0.0,0.0
menang besar di 🧏dewadora🧏-bikin mimpi jadi kenyataan! 🪀,1.0,menang besar di 🧏dewadora🧏-bikin mimpi jadi kenyataan! 🪀,menang besar di dewadora bikin mimpi jadi kenyataani,0.0,0.0,0.0,0.0,0.0
Berkat 𝗗-𝗢𝗥𝗔𝟳𝟳😗 saya mendapatkan dana untuk mendukung pertumbuhan usaha. 🐟,1.0,Berkat 𝗗-𝗢𝗥𝗔𝟳𝟳😗 saya mendapatkan dana untuk mendukung pertumbuhan usaha. 🐟,berkat d oratt saya mendapatkan dana untuk mendukung pertumbuhan usaha,1.0,0.0,0.0,0.0,0.0
"Melalui 𝘿 𝙊 𝙍 𝘼𝟳𝟳👧 saya bertransformasi, dari pegawai harian ke pengusaha sukses. 🏘",1.0,"Melalui 𝘿 𝙊 𝙍 𝘼𝟳𝟳👧 saya bertransformasi, dari pegawai harian ke pengusaha sukses. 🏘",melalui d o r att saya bertransformasi dari pegawai harian ke pengusaha sukses,0.0,0.0,0.0,0.0,0.0
Senang bukan kepalang bisa dapat rezeki nomplok dari ✍dewadora✍! 🦨,1.0,Senang bukan kepalang bisa dapat rezeki nomplok dari ✍dewadora✍! 🦨,senang bukan kepalang bisa dapat rezeki nomplok dari dewadora i,1.0,0.0,0.0,0.0,1.0
"Senang banget bisa dapet rezeki besar dari 𝐃-𝐎-𝐑-𝐀-𝟕-𝟕😆, hasilnya luar biasa! 🥝",1.0,"Senang banget bisa dapet rezeki besar dari 𝐃-𝐎-𝐑-𝐀-𝟕-𝟕😆, hasilnya luar biasa! 🥝",senang banget bisa dapet rezeki besar dari d o r a t t hasilnya luar biasai,1.0,0.0,0.0,0.0,0.0
"Jika Anda mencari perspektif baru, 🦻dewadora🦻-layak dipertimbangkan. 🌭",1.0,"Jika Anda mencari perspektif baru, 🦻dewadora🦻-layak dipertimbangkan. 🌭",jika anda mencari perspektif baru dewadora layak dipertimbangkan,1.0,0.0,0.0,0.0,0.0
Modal kecil langsung dapet hasil besar. Gak percaya? Coba sendiri di 🧑dewadora🧑! 🚢,1.0,Modal kecil langsung dapet hasil besar. Gak percaya? Coba sendiri di 🧑dewadora🧑! 🚢,modal kecil langsung dapet hasil besar gak percaya coba sendiri di dewadora i,0.0,0.0,0.0,0.0,0.0
"Bermain di 🦷dewadora🦷 membantu saya bertransformasi, dari buruh bangunan jadi pemilik kontraktor. 🚲",1.0,"Bermain di 🦷dewadora🦷 membantu saya bertransformasi, dari buruh bangunan jadi pemilik kontraktor. 🚲",bermain di dewadora membantu saya bertransformasi dari buruh bangunan jadi pemilik kontraktor,1.0,0.0,0.0,0.0,0.0
"Main di D-O-R-A-77💇-auto happy, rezeki emang sudah diatur! 🙈",1.0,"Main di D-O-R-A-77💇-auto happy, rezeki emang sudah diatur! 🙈",main di d o r a tt auto happy rezeki emang sudah diaturi,1.0,0.0,0.0,0.0,0.0
"Videonya Mujib Ansori nih, repost bang?",0.0,"Videonya Mujib Ansori nih, repost bang?",videonya mujib ansori nih repost bang,1.0,0.0,0.0,0.0,0.0
Ke sukadana bang lampung timur,0.0,Ke sukadana bang lampung timur,ke sukadana bang lampung timur,0.0,0.0,0.0,0.0,0.0
Knp di sensor mulu tuh ucapan 😂,0.0,Knp di sensor mulu tuh ucapan 😂,knp di sensor mulu tuh ucapan,0.0,0.0,0.0,0.0,0.0
Kepantai nya bang. Asoy bet dah,0.0,Kepantai nya bang. Asoy bet dah,kepantai nya bang asoy bet dah,1.0,0.0,0.0,0.0,0.0
Asik ke Lampung juga lo bg,0.0,Asik ke Lampung juga lo bg,asik ke lampung juga lo bg,1.0,0.0,0.0,0.0,0.0
Naek ke atas terus bang smpe ke aceh / sabang,0.0,Naek ke atas terus bang smpe ke aceh / sabang,naek ke atas terus bang smpe ke aceh sabang,0.0,0.0,0.0,0.0,0.0
dulu ibukota lampung.. tanjung karang..,0.0,dulu ibukota lampung.. tanjung karang..,dulu ibukota lampung tanjung karang,0.0,0.0,0.0,0.0,1.0
"Jika Anda menghargai solusi yang berwawasan ke depan, 👄dewadora👄 mungkin cocok. 🐧",1.0,"Jika Anda menghargai solusi yang berwawasan ke depan, 👄dewadora👄 mungkin cocok. 🐧",jika anda menghargai solusi yang berwawasan ke depan dewadora mungkin cocok,1.0,0.0,0.0,0.0,0.0
Berkat 𝘿𝙊 𝙍 𝘼 𝟳 𝟳🙍 saya memperoleh modal untuk memulai usaha baru. 🐅,1.0,Berkat 𝘿𝙊 𝙍 𝘼 𝟳 𝟳🙍 saya memperoleh modal untuk memulai usaha baru. 🐅,berkat do r a t t saya memperoleh modal untuk memulai usaha baru,1.0,0.0,0.0,0.0,0.0
Merasa sangat senang mendapatkan rezeki yang berkah dari 𝗗𝗢𝗥-𝗔-𝟳-𝟳🤔! Ⓜ,1.0,Merasa sangat senang mendapatkan rezeki yang berkah dari 𝗗𝗢𝗥-𝗔-𝟳-𝟳🤔! Ⓜ,merasa sangat senang mendapatkan rezeki yang berkah dari dor a t t i m,0.0,0.0,0.0,0.0,0.0
"Nggak percaya bisa dapet menang di 💅dewadora💅,ternyata benar-benar gacir! 🚡",1.0,"Nggak percaya bisa dapet menang di 💅dewadora💅,ternyata benar-benar gacir! 🚡",nggak percaya bisa dapet menang di dewadora ternyata benar benar gaciri,1.0,0.0,0.0,0.0,1.0
Banyak pemain yang merasa 👎dewadora👎 memberikan pengalaman yang menyenangkan. 🙂,1.0,Banyak pemain yang merasa 👎dewadora👎 memberikan pengalaman yang menyenangkan. 🙂,banyak pemain yang merasa dewadora memberikan pengalaman yang menyenangkan,1.0,0.0,0.0,0.0,0.0
Bermain di 𝗗𝗢𝗥𝗔𝟳-𝟳😐 mendukung saya dalam melunasi hutang yang membebani. 🦐,1.0,Bermain di 𝗗𝗢𝗥𝗔𝟳-𝟳😐 mendukung saya dalam melunasi hutang yang membebani. 🦐,bermain di dorat t mendukung saya dalam melunasi hutang yang membebani,1.0,0.0,0.0,0.0,0.0
Bahagia banget dapat rezeki berkah dari 🤏dewadora🤏! ❇,1.0,Bahagia banget dapat rezeki berkah dari 🤏dewadora🤏! ❇,bahagia banget dapat rezeki berkah dari dewadora i,1.0,0.0,0.0,0.0,0.0
"Akhirnya ketahuan juga, kenapa banyak yang bilang D O R A77✋-gacir banget! 🏜",1.0,"Akhirnya ketahuan juga, kenapa banyak yang bilang D O R A77✋-gacir banget! 🏜",akhirnya ketahuan juga kenapa banyak yang bilang d o r att gacir bangeti,1.0,0.0,0.0,0.0,0.0
Bermain di 𝐃 𝐎 𝐑𝐀𝟕𝟕🖕 membuat saya mampu menutup beban hutang dengan hasil maksimal. 🦮,1.0,Bermain di 𝐃 𝐎 𝐑𝐀𝟕𝟕🖕 membuat saya mampu menutup beban hutang dengan hasil maksimal. 🦮,bermain di d o ratt membuat saya mampu menutup beban hutang dengan hasil maksimal,1.0,0.0,0.0,0.0,1.0
"Rezeki nomplok dari 🧒dewadora🧒! Modal kecil, hasilnya luar biasa! Pasti balik lagi. 🥄",1.0,"Rezeki nomplok dari 🧒dewadora🧒! Modal kecil, hasilnya luar biasa! Pasti balik lagi. 🥄",rezeki nomplok dari dewadora i modal kecil hasilnya luar biasai pasti balik lagi,1.0,0.0,0.0,0.0,0.0
"Alhamdulillah, rezeki nggak kemana! Baru main di 𝗗 𝗢𝗥𝗔𝟳𝟳👊, langsung dapat jakpot besar! Thank you banget! 🐞",1.0,"Alhamdulillah, rezeki nggak kemana! Baru main di 𝗗 𝗢𝗥𝗔𝟳𝟳👊, langsung dapat jakpot besar! Thank you banget! 🐞",alhamdulillah rezeki nggak kemanai baru main di d oratt langsung dapat jakpot besari thank you bangeti,1.0,0.0,0.0,0.0,0.0
"Bermain di 👄dewadora👄 membuka jalan, dari penjaja nasi goreng jadi pengusaha sukses. 🍪",1.0,"Bermain di 👄dewadora👄 membuka jalan, dari penjaja nasi goreng jadi pengusaha sukses. 🍪",bermain di dewadora membuka jalan dari penjaja nasi goreng jadi pengusaha sukses,0.0,0.0,0.0,0.0,0.0
Modal usaha saya semakin kuat berkat keuntungan dari 𝐃𝐎𝐑𝐀𝟕𝟕🤘. 😎,1.0,Modal usaha saya semakin kuat berkat keuntungan dari 𝐃𝐎𝐑𝐀𝟕𝟕🤘. 😎,modal usaha saya semakin kuat berkat keuntungan dari doratt,0.0,0.0,0.0,0.0,1.0
"Main di 𝗗𝗢𝗥𝗔 𝟳 𝟳🦾-bikin aku lebih optimis, hasilnya nggak mengecewakan! 🎤",1.0,"Main di 𝗗𝗢𝗥𝗔 𝟳 𝟳🦾-bikin aku lebih optimis, hasilnya nggak mengecewakan! 🎤",main di dora t t bikin aku lebih optimis hasilnya nggak mengecewakani,0.0,0.0,0.0,0.0,0.0
"menang besar tiap kali main di 👱dewadora👱,bikin makin semangat! 🎲",1.0,"menang besar tiap kali main di 👱dewadora👱,bikin makin semangat! 🎲",menang besar tiap kali main di dewadora bikin makin semangati,0.0,0.0,0.0,0.0,0.0
"Gak ada kata bosan main 🤜dewadora🤜,selalu update! 🦊",1.0,"Gak ada kata bosan main 🤜dewadora🤜,selalu update! 🦊",gak ada kata bosan main dewadora selalu updatei,0.0,0.0,0.0,0.0,0.0
Keuntungan dari 👉dewadora👉 memudahkan saya untuk memiliki rumah sendiri. 😝,1.0,Keuntungan dari 👉dewadora👉 memudahkan saya untuk memiliki rumah sendiri. 😝,keuntungan dari dewadora memudahkan saya untuk memiliki rumah sendiri,0.0,0.0,0.0,0.0,0.0
"Jakpot besar bikin hari ini makin seru, cuma di 👈dewadora👈! 🐈",1.0,"Jakpot besar bikin hari ini makin seru, cuma di 👈dewadora👈! 🐈",jakpot besar bikin hari ini makin seru cuma di dewadora i,1.0,0.0,0.0,0.0,1.0
Hasil dari 🧑dewadora🧑 membantu saya mencapai kestabilan keuangan yang saya idamkan. 🐇,1.0,Hasil dari 🧑dewadora🧑 membantu saya mencapai kestabilan keuangan yang saya idamkan. 🐇,hasil dari dewadora membantu saya mencapai kestabilan keuangan yang saya idamkan,0.0,0.0,0.0,0.0,0.0
Mencari cara untuk bersantai? dora77😘-bisa menjadi pilihan. 🍍,1.0,Mencari cara untuk bersantai? dora77😘-bisa menjadi pilihan. 🍍,mencari cara untuk bersantai doratt bisa menjadi pilihan,0.0,0.0,0.0,0.0,0.0
"Hiburan yang bikin happy dan menguntungkan, cuma DORA TUJUHTUJUH🙋-yang bisa begini! 🐓",1.0,"Hiburan yang bikin happy dan menguntungkan, cuma DORA TUJUHTUJUH🙋-yang bisa begini! 🐓",hiburan yang bikin happy dan menguntungkan cuma dora tujuhtujuh yang bisa beginii,1.0,0.0,0.0,0.0,0.0
"Sungguh pengalaman menyenangkan, hasil dari 𝗗𝗢𝗥𝗔-𝟳-𝟳🤨 nggak ada lawan! 🦍",1.0,"Sungguh pengalaman menyenangkan, hasil dari 𝗗𝗢𝗥𝗔-𝟳-𝟳🤨 nggak ada lawan! 🦍",sungguh pengalaman menyenangkan hasil dari dora t t nggak ada lawani,0.0,0.0,0.0,0.0,1.0
"Di D O R A 7 7👌 saya menemukan peluang, dari tukang cukur jadi pemilik salon. 🚞",1.0,"Di D O R A 7 7👌 saya menemukan peluang, dari tukang cukur jadi pemilik salon. 🚞",di d o r a t t saya menemukan peluang dari tukang cukur jadi pemilik salon,1.0,0.0,0.0,0.0,0.0
"Rezeki nomplok dari DORA-7-7😀! Modal kecil, hasilnya luar biasa! Pasti balik lagi. ☕",1.0,"Rezeki nomplok dari DORA-7-7😀! Modal kecil, hasilnya luar biasa! Pasti balik lagi. ☕",rezeki nomplok dari dora t t i modal kecil hasilnya luar biasai pasti balik lagi,1.0,0.0,0.0,0.0,0.0
Propinsibandarlampungutara,0.0,Propinsibandarlampungutara,propinsibandarlampungutara,0.0,0.0,0.0,0.0,1.0
"Mulus kalau dikota, kalau kabupaten😅",0.0,"Mulus kalau dikota, kalau kabupaten😅",mulus kalau dikota kalau kabupaten,1.0,0.0,0.0,0.0,0.0
Mampir ke kota majalengka,0.0,Mampir ke kota majalengka,mampir ke kota majalengka,0.0,0.0,0.0,0.0,0.0
Wihh ke lampung ngab,0.0,Wihh ke lampung ngab,wihh ke lampung ngab,0.0,0.0,0.0,0.0,0.0
bandar lampung,0.0,bandar lampung,bandar lampung,0.0,0.0,0.0,0.0,0.0
"Kalimalang akan di garap kdm untuk transportasi wisata, dari karawang-bekasi-jakarta akan di sambung jadi 1 wisata.
Sebetul nya ini wacana lama, karena gubernur jabar nya yg dulu dablek, mknya gak jadi jadi.",0.0,"Kalimalang akan di garap kdm untuk transportasi wisata, dari karawang-bekasi-jakarta akan di sambung jadi 1 wisata.
Sebetul nya ini wacana lama, karena gubernur jabar nya yg dulu dablek, mknya gak jadi jadi.",kalimalang akan di garap kdm untuk transportasi wisata dari karawang bekasi jakarta akan di sambung jadi i wisata sebetul nya ini wacana lama karena gubernur jabar nya yg dulu dablek mknya gak jadi jadi,0.0,0.0,0.0,0.0,0.0
Mampir suramadu apa ndak bang,0.0,Mampir suramadu apa ndak bang,mampir suramadu apa ndak bang,0.0,0.0,0.0,0.0,0.0
Kenangan naik perahunya sama yg sangat kucintai dan sudah almarhum 😭😭😭😭😭😭😭😭,0.0,Kenangan naik perahunya sama yg sangat kucintai dan sudah almarhum 😭😭😭😭😭😭😭😭,kenangan naik perahunya sama yg sangat kucintai dan sudah almarhum,1.0,0.0,0.0,0.0,0.0
Udahh k sby aja bangg 😊,0.0,Udahh k sby aja bangg 😊,udahh k sby aja bangg,0.0,0.0,0.0,0.0,1.0
"Hasil nyata di 𝐃 𝐎 𝐑𝐀𝟕𝟕🖕 mengantar saya, dari penjaja es kelapa ke pemilik usaha minuman. 🍙",1.0,"Hasil nyata di 𝐃 𝐎 𝐑𝐀𝟕𝟕🖕 mengantar saya, dari penjaja es kelapa ke pemilik usaha minuman. 🍙",hasil nyata di d o ratt mengantar saya dari penjaja es kelapa ke pemilik usaha minuman,1.0,0.0,0.0,0.0,1.0
"Di 𝐃 𝐎 𝐑𝐀𝟕𝟕🖕 saya menemukan peluang, dari pegawai harian jadi pemilik usaha. 🏢",1.0,"Di 𝐃 𝐎 𝐑𝐀𝟕𝟕🖕 saya menemukan peluang, dari pegawai harian jadi pemilik usaha. 🏢",di d o ratt saya menemukan peluang dari pegawai harian jadi pemilik usaha,1.0,0.0,0.0,0.0,1.0
"Dengan 👱dewadora👱 saya sukses, dari penjual bakso jadi pemilik restoran. 🎲",1.0,"Dengan 👱dewadora👱 saya sukses, dari penjual bakso jadi pemilik restoran. 🎲",dengan dewadora saya sukses dari penjual bakso jadi pemilik restoran,0.0,0.0,0.0,0.0,0.0
"Baru coba main di 𝘿-𝙊𝙍𝘼𝟳𝟳😶, eh rezekinya langsung gacir. Mantap banget! 🦖",1.0,"Baru coba main di 𝘿-𝙊𝙍𝘼𝟳𝟳😶, eh rezekinya langsung gacir. Mantap banget! 🦖",baru coba main di d oratt eh rezekinya langsung gacir mantap bangeti,1.0,0.0,0.0,0.0,0.0
Asik banget main di 👴dewadora👴! Cuan auto nambah terus! 🕋,1.0,Asik banget main di 👴dewadora👴! Cuan auto nambah terus! 🕋,asik banget main di dewadora i cuan auto nambah terusi,1.0,0.0,0.0,0.0,0.0
Bermain di D ORA77🤚-jadi bukti kalau keberuntungan bisa datang kapan aja! 🏬,1.0,Bermain di D ORA77🤚-jadi bukti kalau keberuntungan bisa datang kapan aja! 🏬,bermain di d oratt jadi bukti kalau keberuntungan bisa datang kapan ajai,1.0,0.0,0.0,0.0,0.0
👶dewadora👶 sedang mendapatkan perhatian belakangan ini. Lihat apa yang ditawarkannya. 😅,1.0,👶dewadora👶 sedang mendapatkan perhatian belakangan ini. Lihat apa yang ditawarkannya. 😅,dewadora sedang mendapatkan perhatian belakangan ini lihat apa yang ditawarkannya,0.0,0.0,0.0,0.0,0.0
"Bermain bersama teman-teman di 🧏‍♀dewadora🧏‍♀ semakin seru dan asyik, semakin banyak pula rezekinya! ㊙",1.0,"Bermain bersama teman-teman di 🧏‍♀dewadora🧏‍♀ semakin seru dan asyik, semakin banyak pula rezekinya! ㊙",bermain bersama teman teman di dewadora semakin seru dan asyik semakin banyak pula rezekinyai 秘,0.0,0.0,0.0,0.0,0.0
𝘿 𝙊𝙍𝘼𝟳𝟳🧒 menyediakan antarmuka yang ramah pengguna. 😞,1.0,𝘿 𝙊𝙍𝘼𝟳𝟳🧒 menyediakan antarmuka yang ramah pengguna. 😞,d oratt menyediakan antarmuka yang ramah pengguna,0.0,0.0,0.0,0.0,1.0
"Hasil nyata di 🤳dewadora🤳 mengantar saya, dari tukang ojek jadi pemilik armada. 🧂",1.0,"Hasil nyata di 🤳dewadora🤳 mengantar saya, dari tukang ojek jadi pemilik armada. 🧂",hasil nyata di dewadora mengantar saya dari tukang ojek jadi pemilik armada,0.0,0.0,0.0,0.0,0.0
dora77😘 menawarkan pendekatan yang berbeda untuk keterlibatan daring. 🤏,1.0,dora77😘 menawarkan pendekatan yang berbeda untuk keterlibatan daring. 🤏,doratt menawarkan pendekatan yang berbeda untuk keterlibatan daring,0.0,0.0,0.0,0.0,0.0
"Jika Anda menghargai platform daring yang didesain dengan baik, 🧍dewadora🧍 patut dipertimbangkan. 😉",1.0,"Jika Anda menghargai platform daring yang didesain dengan baik, 🧍dewadora🧍 patut dipertimbangkan. 😉",jika anda menghargai platform daring yang didesain dengan baik dewadora patut dipertimbangkan,0.0,0.0,0.0,0.0,1.0
"Seru banget main di 👊dewadora👊, eh dapat JP juga, double happy! ❕",1.0,"Seru banget main di 👊dewadora👊, eh dapat JP juga, double happy! ❕",seru banget main di dewadora eh dapat jp juga double happyi,0.0,0.0,0.0,0.0,0.0
🦷dewadora🦷menawarkan cara mudah untuk terhubung dengan orang lain. 🍠,1.0,🦷dewadora🦷menawarkan cara mudah untuk terhubung dengan orang lain. 🍠,dewadora menawarkan cara mudah untuk terhubung dengan orang lain,0.0,0.0,0.0,0.0,0.0
Keberhasilan di 𝐃-𝐎-𝐑-𝐀-𝟕-𝟕😆 meningkatkan modal usaha saya secara signifikan. 😊,1.0,Keberhasilan di 𝐃-𝐎-𝐑-𝐀-𝟕-𝟕😆 meningkatkan modal usaha saya secara signifikan. 😊,keberhasilan di d o r a t t meningkatkan modal usaha saya secara signifikan,0.0,0.0,0.0,0.0,0.0
Hasil dari 🦷dewadora🦷 membuktikan saya bisa beralih dari tukang becak jadi pemilik armada. 🎬,1.0,Hasil dari 🦷dewadora🦷 membuktikan saya bisa beralih dari tukang becak jadi pemilik armada. 🎬,hasil dari dewadora membuktikan saya bisa beralih dari tukang becak jadi pemilik armada,0.0,0.0,0.0,0.0,0.0
"Gaperlu akhir video , kan udah di tulis di caption 😅",0.0,"Gaperlu akhir video , kan udah di tulis di caption 😅",gaperlu akhir video kan udah di tulis di caption,0.0,0.0,0.0,0.0,1.0
BKT di anggurin😂,0.0,BKT di anggurin😂,bkt di anggurin,0.0,0.0,0.0,0.0,0.0
"Bang ulik monumen Suryo,,gubernur pertama Jatim bang yg monumennya ada di kabupaten Ngawi ,,",0.0,"Bang ulik monumen Suryo,,gubernur pertama Jatim bang yg monumennya ada di kabupaten Ngawi ,,",bang ulik monumen suryo gubernur pertama jatim bang yg monumennya ada di kabupaten ngawi,0.0,0.0,0.0,0.0,0.0
Pernah tinggal disana... Kangen surabaya ❤,0.0,Pernah tinggal disana... Kangen surabaya ❤,pernah tinggal disana kangen surabaya,0.0,0.0,0.0,0.0,0.0
"Siappp bang, mantabbb, kalau surabaya di bikin MRT, LRT, lebih bagus lagi..",0.0,"Siappp bang, mantabbb, kalau surabaya di bikin MRT, LRT, lebih bagus lagi..",siappp bang mantabbb kalau surabaya di bikin mrt lrt lebih bagus lagi,0.0,0.0,0.0,0.0,0.0
Jakarta kalo ada wisata sungai begini yang ada bau kimia semue,0.0,Jakarta kalo ada wisata sungai begini yang ada bau kimia semue,jakarta kalo ada wisata sungai begini yang ada bau kimia semue,0.0,0.0,0.0,0.0,0.0
Ini 1 akun 2 org apa gmn sih? Kok beda orgnya?,0.0,Ini 1 akun 2 org apa gmn sih? Kok beda orgnya?,ini i akun 2 org apa gmn sih kok beda orgnya,1.0,0.0,0.0,0.0,0.0
"Hasil nyata di 👨‍🦲dewadora👨‍🦲 mengantar saya, dari tukang jahit jadi pemilik butik. ⛳",1.0,"Hasil nyata di 👨‍🦲dewadora👨‍🦲 mengantar saya, dari tukang jahit jadi pemilik butik. ⛳",hasil nyata di dewadora mengantar saya dari tukang jahit jadi pemilik butik,0.0,0.0,0.0,0.0,0.0
"Hasil nyata di 🙆dewadora🙆 mengantar saya, dari buruh pabrik ke dunia bisnis. 🥫",1.0,"Hasil nyata di 🙆dewadora🙆 mengantar saya, dari buruh pabrik ke dunia bisnis. 🥫",hasil nyata di dewadora mengantar saya dari buruh pabrik ke dunia bisnis,0.0,0.0,0.0,0.0,0.0
"Hasil nyata di 🧏dewadora🧏 mengantar saya, dari penjual asongan jadi pemilik toko. 🎠",1.0,"Hasil nyata di 🧏dewadora🧏 mengantar saya, dari penjual asongan jadi pemilik toko. 🎠",hasil nyata di dewadora mengantar saya dari penjual asongan jadi pemilik toko,0.0,0.0,0.0,0.0,1.0
Bermain di 𝗗 𝗢𝗥𝗔𝟳𝟳👊 jadi bukti kalau keberuntungan bisa datang kapan aja! 🧊,1.0,Bermain di 𝗗 𝗢𝗥𝗔𝟳𝟳👊 jadi bukti kalau keberuntungan bisa datang kapan aja! 🧊,bermain di d oratt jadi bukti kalau keberuntungan bisa datang kapan ajai,0.0,0.0,0.0,0.0,0.0
"Coba-coba main 👨dewadora👨, eh malah jadi pro, cuan terus nih! 3⃣",1.0,"Coba-coba main 👨dewadora👨, eh malah jadi pro, cuan terus nih! 3⃣",coba coba main dewadora eh malah jadi pro cuan terus nihi e,0.0,0.0,0.0,0.0,0.0
"Main di 👍dewadora👍-auto happy, rezeki emang sudah diatur! 🙈",1.0,"Main di 👍dewadora👍-auto happy, rezeki emang sudah diatur! 🙈",main di dewadora auto happy rezeki emang sudah diaturi,0.0,0.0,0.0,0.0,0.0
"Berkat DORATUJUH TUJUH🧏‍♀ saya berubah, dari tukang cukur jadi pemilik salon. 🚂",1.0,"Berkat DORATUJUH TUJUH🧏‍♀ saya berubah, dari tukang cukur jadi pemilik salon. 🚂",berkat doratujuh tujuh saya berubah dari tukang cukur jadi pemilik salon,0.0,0.0,0.0,0.0,1.0
"Setiap hari ada aja surprise dari 𝐃𝐎𝐑𝐀𝟕 𝟕👎, bikin penasaran terus! ➰",1.0,"Setiap hari ada aja surprise dari 𝐃𝐎𝐑𝐀𝟕 𝟕👎, bikin penasaran terus! ➰",setiap hari ada aja surprise dari dorat t bikin penasaran terusi,1.0,0.0,0.0,0.0,0.0
"Di 🧏dewadora🧏 mendukung transformasi saya, dari pegawai harian jadi pemilik usaha. 🏥",1.0,"Di 🧏dewadora🧏 mendukung transformasi saya, dari pegawai harian jadi pemilik usaha. 🏥",di dewadora mendukung transformasi saya dari pegawai harian jadi pemilik usaha,0.0,0.0,0.0,0.0,0.0
Mencari platform untuk mengekspresikan diri? 𝐃𝐎𝐑-𝐀-𝟕-𝟕😋-bisa menjadi pilihan. 🥩,1.0,Mencari platform untuk mengekspresikan diri? 𝐃𝐎𝐑-𝐀-𝟕-𝟕😋-bisa menjadi pilihan. 🥩,mencari platform untuk mengekspresikan diri dor a t t bisa menjadi pilihan,1.0,0.0,0.0,0.0,0.0
Edan! Gede banget nih JP-nya di 👃dewadora👃! 🤨,1.0,Edan! Gede banget nih JP-nya di 👃dewadora👃! 🤨,edani gede banget nih jp nya di dewadora i,0.0,0.0,0.0,0.0,0.0
"Aku gak percaya rezeki bisa datang cepat, tapi di 👨dewadora👨, semua bisa terjadi! 🧉",1.0,"Aku gak percaya rezeki bisa datang cepat, tapi di 👨dewadora👨, semua bisa terjadi! 🧉",aku gak percaya rezeki bisa datang cepat tapi di dewadora semua bisa terjadii,0.0,0.0,0.0,0.0,0.0
"Cuma main iseng di 🧏‍♂dewadora🧏‍♂, malah dapet untung buat jalan-jalan. Terima kasih banyak! 🦉",1.0,"Cuma main iseng di 🧏‍♂dewadora🧏‍♂, malah dapet untung buat jalan-jalan. Terima kasih banyak! 🦉",cuma main iseng di dewadora malah dapet untung buat jalan jalan terima kasih banyaki,1.0,0.0,0.0,0.0,0.0
"Nggak percaya bisa dapet jakpot di 👩‍🦰dewadora👩‍🦰, ternyata benar-benar gacir! 🍕",1.0,"Nggak percaya bisa dapet jakpot di 👩‍🦰dewadora👩‍🦰, ternyata benar-benar gacir! 🍕",nggak percaya bisa dapet jakpot di dewadora ternyata benar benar gaciri,1.0,0.0,0.0,0.0,0.0
"🤘dewadora🤘 bikin lupa masalah, hiburan yang hakiki! ✔",1.0,"🤘dewadora🤘 bikin lupa masalah, hiburan yang hakiki! ✔",dewadora bikin lupa masalah hiburan yang hakikii,1.0,0.0,0.0,0.0,1.0
Beberapa pengguna melaporkan hasil positif dari penggunaan 🤜dewadora🤜. 🐹,1.0,Beberapa pengguna melaporkan hasil positif dari penggunaan 🤜dewadora🤜. 🐹,beberapa pengguna melaporkan hasil positif dari penggunaan dewadora,1.0,0.0,0.0,0.0,1.0
Iklan nye kelamaan,0.0,Iklan nye kelamaan,iklan nye kelamaan,1.0,0.0,0.0,0.0,0.0
Spellingnya PRA-U BANG,0.0,Spellingnya PRA-U BANG,spellingnya pra u bang,1.0,0.0,0.0,0.0,1.0
Bang...muke lu kayak ki joko bodo...😄😄😄😄,0.0,Bang...muke lu kayak ki joko bodo...😄😄😄😄,bang muke lu kayak ki joko bodo,1.0,0.0,0.0,0.0,1.0
pernah bg -14,0.0,pernah bg -14,pernah bg ia,1.0,0.0,0.0,0.0,1.0
Saya juga rumah dekat gunung merapi jadi ya tau rasa dinginnya,0.0,Saya juga rumah dekat gunung merapi jadi ya tau rasa dinginnya,saya juga rumah dekat gunung merapi jadi ya tau rasa dinginnya,1.0,0.0,0.0,0.0,1.0
Ngeri mules pas lagi dipuncak 😅,0.0,Ngeri mules pas lagi dipuncak 😅,ngeri mules pas lagi dipuncak,1.0,0.0,0.0,0.0,0.0
"cikarang direview atuh, dara.",0.0,"cikarang direview atuh, dara.",cikarang direview atuh dara,1.0,0.0,0.0,0.0,0.0
Jalan mangunjaya sempit,0.0,Jalan mangunjaya sempit,jalan mangunjaya sempit,1.0,0.0,0.0,0.0,0.0
Tambun es cendolnya maknyos jualan 1jam sung habis,0.0,Tambun es cendolnya maknyos jualan 1jam sung habis,tambun es cendolnya maknyos jualan ijam sung habis,1.0,0.0,0.0,0.0,0.0
Leter u udah rata bang.,0.0,Leter u udah rata bang.,leter u udah rata bang,1.0,0.0,0.0,0.0,0.0
"Inget mantan orang betawi😅😅
Ngomong nye..danta, antepin, bader, bagen,ora..kemana lu skrng nong..",0.0,"Inget mantan orang betawi😅😅
Ngomong nye..danta, antepin, bader, bagen,ora..kemana lu skrng nong..",inget mantan orang betawi ngomong nye danta antepin bader bagen ora kemana lu skrng nong,1.0,0.0,0.0,0.0,0.0
Soto yapink be,0.0,Soto yapink be,soto yapink be,1.0,0.0,0.0,0.0,0.0
Papan mas nih hadir😂,0.0,Papan mas nih hadir😂,papan mas nih hadir,1.0,0.0,0.0,0.0,0.0
Aku warga tambun .jalen jaya .,0.0,Aku warga tambun .jalen jaya .,aku warga tambun jalen jaya,1.0,0.0,0.0,0.0,0.0
Mantaap gua kasih 9 review lu,0.0,Mantaap gua kasih 9 review lu,mantaap gua kasih g review lu,1.0,0.0,0.0,0.0,0.0
Nah tukang bubur bnr bgt niy....,0.0,Nah tukang bubur bnr bgt niy....,nah tukang bubur bnr bgt niy,1.0,0.0,0.0,0.0,0.0
Kampung siluman mana.?? Uler.. wah elu songong bocah!!,0.0,Kampung siluman mana.?? Uler.. wah elu songong bocah!!,kampung siluman mana uler wah elu songong bocahii,1.0,0.0,0.0,0.0,0.0
Bapak si kodrat pasti bangga maxwin di ambil4d,1.0,Bapak si kodrat pasti bangga maxwin di ambil4d,bapak si kodrat pasti bangga maxwin di ambilad,1.0,0.0,0.0,0.0,1.0
Cuma Indonesia jawara berani di kandang sendirii😅,0.0,Cuma Indonesia jawara berani di kandang sendirii😅,cuma indonesia jawara berani di kandang sendirii,1.0,0.0,0.0,0.0,1.0
"Anjirr sirkuit yapink,gw dulu sering ngebalap disitu😂😂😂",0.0,"Anjirr sirkuit yapink,gw dulu sering ngebalap disitu😂😂😂",anjirr sirkuit yapink gw dulu sering ngebalap disitu,1.0,0.0,0.0,0.0,0.0
Tepatnya sumberjaya markas besar kang  bubur jabodetabek😂,0.0,Tepatnya sumberjaya markas besar kang  bubur jabodetabek😂,tepatnya sumberjaya markas besar kang bubur jabodetabek,1.0,0.0,0.0,0.0,0.0
"rumah subsidi 500rb.?,, apa nama perumahannnya.?",0.0,"rumah subsidi 500rb.?,, apa nama perumahannnya.?",rumah subsidi soorb apa nama perumahannnya,1.0,0.0,0.0,0.0,0.0
Tambun artinya obesitas,0.0,Tambun artinya obesitas,tambun artinya obesitas,0.0,0.0,0.0,0.0,0.0
Itu bahasa Cirebon bang 😢,0.0,Itu bahasa Cirebon bang 😢,itu bahasa cirebon bang,1.0,0.0,0.0,0.0,0.0
Pernah nongkrong hampir tiap hari di gedung djoeang sambil nunggu info loker... Tahun 2003an kayaknya,0.0,Pernah nongkrong hampir tiap hari di gedung djoeang sambil nunggu info loker... Tahun 2003an kayaknya,pernah nongkrong hampir tiap hari di gedung djoeang sambil nunggu info loker tahun 2 ooean kayaknya,1.0,0.0,0.0,0.0,0.0
"Ah jadi inget waktu kerja di tambun 7 tahun lalu. Kerja di sumber jaya, mau lewat underpass macet. Lewat rel kereta kompas apalagi 😂😂😂",0.0,"Ah jadi inget waktu kerja di tambun 7 tahun lalu. Kerja di sumber jaya, mau lewat underpass macet. Lewat rel kereta kompas apalagi 😂😂😂",ah jadi inget waktu kerja di tambun t tahun lalu kerja di sumber jaya mau lewat underpass macet lewat rel kereta kompas apalagi,1.0,0.0,0.0,0.0,0.0
Tambun salah satu provinsi dari Negara Bekasi,0.0,Tambun salah satu provinsi dari Negara Bekasi,tambun salah satu provinsi dari negara bekasi,1.0,0.0,0.0,0.0,0.0
"gua SMK di Cikarang barat Tahun 2007 sampe 2010 , pada saat periode itu jika di sekolah ada yang maLak gua suka ngaku2 orang Gabus  seketika tuh pemalak di sekolah langsung auto sungkem ke gue dan ga jadi malak mengingat reputasi Gabus sebagai kampung jawara , ,, tapi ada kejadian yang rada unik ini yang menimpa keponakan gua , dia sekolah di 1 bekasi angkatan 2017 sampai 2020 , dia pernah dipalak disekolah sampe dipukulin , seketika gua kasih wejangan ke dia , gua bilang gini ""LAIN KALI KALO DIPALAK NGAKU ORANG GABUS AJA BIAR AMAN """" , seketika dia mempraktekkan apa yang gua katakan dan hasilnya adalah , Dia tetep kena paLak dan Bonyok Lagi 😂😂😂😂disitu gua mulai berfikir , ternyata PAMOR gabus sebagai KAMPUNG jawara cuma sampe 2016 doank ,, 2017 keatas udah ga ada yang bisa ditakut takutin Lagi dengan istilah Jawara dikarenakan perkembangan zaman , serta faktor sudah mulai punahnya jawara2 disitu digerus jaman , belum lagi faktor ormas ormasan yang bikin eksistensi para jawara itu punah .",0.0,"gua SMK di Cikarang barat Tahun 2007 sampe 2010 , pada saat periode itu jika di sekolah ada yang maLak gua suka ngaku2 orang Gabus  seketika tuh pemalak di sekolah langsung auto sungkem ke gue dan ga jadi malak mengingat reputasi Gabus sebagai kampung jawara , ,, tapi ada kejadian yang rada unik ini yang menimpa keponakan gua , dia sekolah di 1 bekasi angkatan 2017 sampai 2020 , dia pernah dipalak disekolah sampe dipukulin , seketika gua kasih wejangan ke dia , gua bilang gini ""LAIN KALI KALO DIPALAK NGAKU ORANG GABUS AJA BIAR AMAN """" , seketika dia mempraktekkan apa yang gua katakan dan hasilnya adalah , Dia tetep kena paLak dan Bonyok Lagi 😂😂😂😂disitu gua mulai berfikir , ternyata PAMOR gabus sebagai KAMPUNG jawara cuma sampe 2016 doank ,, 2017 keatas udah ga ada yang bisa ditakut takutin Lagi dengan istilah Jawara dikarenakan perkembangan zaman , serta faktor sudah mulai punahnya jawara2 disitu digerus jaman , belum lagi faktor ormas ormasan yang bikin eksistensi para jawara itu punah .",gua smk di cikarang barat tahun 2 oot sampe 2 oio pada saat periode itu jika di sekolah ada yang malak gua suka ngaku 2 orang gabus seketika tuh pemalak di sekolah langsung auto sungkem ke gue dan ga jadi malak mengingat reputasi gabus sebagai kampung jawara tapi ada kejadian yang rada unik ini yang menimpa keponakan gua dia sekolah di i bekasi angkatan 2 oit sampai 2 o 2 o dia pernah dipalak disekolah sampe dipukulin seketika gua kasih wejangan ke dia gua bilang gini lain kali kalo dipalak ngaku orang gabus aja biar aman seketika dia mempraktekkan apa yang gua katakan dan hasilnya adalah dia tetep kena palak dan bonyok lagi disitu gua mulai berfikir ternyata pamor gabus sebagai kampung jawara cuma sampe 2 oi 6 doank 2 oit keatas udah ga ada yang bisa ditakut takutin lagi dengan istilah jawara dikarenakan perkembangan zaman serta faktor sudah mulai punahnya jawara 2 disitu digerus jaman belum lagi faktor ormas ormasan yang bikin eksistensi para jawara itu punah,1.0,0.0,0.0,0.0,0.0
Planet mama ini 😂😂😂,0.0,Planet mama ini 😂😂😂,planet mama ini,1.0,0.0,0.0,0.0,0.0
Ada yang bilang tambun lebih dekat dengan matahari 😂😂,0.0,Ada yang bilang tambun lebih dekat dengan matahari 😂😂,ada yang bilang tambun lebih dekat dengan matahari,1.0,0.0,0.0,0.0,1.0
"Ada lagi bang yg orang ""tambun"" yaitu yg postur tubuhnya makmur dan gendut....",0.0,"Ada lagi bang yg orang ""tambun"" yaitu yg postur tubuhnya makmur dan gendut....",ada lagi bang yg orang tambun yaitu yg postur tubuhnya makmur dan gendut,1.0,0.0,0.0,0.0,0.0
"kak maaf mau tanya semoga di bales😂🙏🏻 itu perumahan subsidi mana yg biaya bulanannya 500rb , boleh infonya bang? makasih bang",0.0,"kak maaf mau tanya semoga di bales😂🙏🏻 itu perumahan subsidi mana yg biaya bulanannya 500rb , boleh infonya bang? makasih bang",kak maaf mau tanya semoga di bales itu perumahan subsidi mana yg biaya bulanannya soorb boleh infonya bang makasih bang,1.0,0.0,0.0,0.0,0.0
Bener bgt tetangga gue jual bubur keliling naik rx king orang tambun jualan d tangsel😂,0.0,Bener bgt tetangga gue jual bubur keliling naik rx king orang tambun jualan d tangsel😂,bener bgt tetangga gue jual bubur keliling naik rx king orang tambun jualan d tangsel,1.0,0.0,0.0,0.0,1.0
Baca komenan gw keder ama artinya 🤣🤣,0.0,Baca komenan gw keder ama artinya 🤣🤣,baca komenan gw keder ama artinya,1.0,0.0,0.0,0.0,1.0
"7 taon di bekasi Utara.....ahhhhh,capek tapi duitnya gepokkan..1996 sd 2003",0.0,"7 taon di bekasi Utara.....ahhhhh,capek tapi duitnya gepokkan..1996 sd 2003",t taon di bekasi utara ahhhhh capek tapi duitnya gepokkan igg 6 sd 2 ooe,0.0,0.0,0.0,0.0,0.0
Ya elah bang...Ora danta...,0.0,Ya elah bang...Ora danta...,ya elah bang ora danta,1.0,0.0,0.0,0.0,0.0
"Coba tanya asal setiap penjual es tung tung bang. Pasti orang Klaten.
Mungkin Haagen-Dazs juga keturunan Klaten 😂",0.0,"Coba tanya asal setiap penjual es tung tung bang. Pasti orang Klaten.
Mungkin Haagen-Dazs juga keturunan Klaten 😂",coba tanya asal setiap penjual es tung tung bang pasti orang klaten mungkin haagen dazs juga keturunan klaten,0.0,0.0,0.0,0.0,1.0
"Org Tambun Masiii  Turunan Kom Madih
Ama Uwak Seroon.. ❤😂",0.0,"Org Tambun Masiii  Turunan Kom Madih
Ama Uwak Seroon.. ❤😂",org tambun masiii turunan kom madih ama uwak seroon,0.0,0.0,0.0,0.0,0.0
Bahas Cibitung bang,0.0,Bahas Cibitung bang,bahas cibitung bang,0.0,0.0,0.0,0.0,0.0
"Gedung juang, 2021 saya kerja di perusahaan kontraktor yg rebuild museum bekasi..",0.0,"Gedung juang, 2021 saya kerja di perusahaan kontraktor yg rebuild museum bekasi..",gedung juang 2 o 2 i saya kerja di perusahaan kontraktor yg rebuild museum bekasi,0.0,0.0,0.0,0.0,0.0
"ngomong2 soal tambun nih ye, gua jadi keinget siomay racing 😭😭 alfatihah buat beliau 🤲",0.0,"ngomong2 soal tambun nih ye, gua jadi keinget siomay racing 😭😭 alfatihah buat beliau 🤲",ngomong 2 soal tambun nih ye gua jadi keinget siomay racing alfatihah buat beliau,0.0,0.0,0.0,0.0,0.0
Lu tambun²an maen ke tambun bang,0.0,Lu tambun²an maen ke tambun bang,lu tambun 2 an maen ke tambun bang,0.0,0.0,0.0,0.0,1.0
Ya loKan dah,0.0,Ya loKan dah,ya lokan dah,1.0,0.0,0.0,0.0,1.0
Iya itu sy jg heran kenapa tukang bubur motor rata2 org tambun yaaa 😅,0.0,Iya itu sy jg heran kenapa tukang bubur motor rata2 org tambun yaaa 😅,iya itu sy jg heran kenapa tukang bubur motor rata 2 org tambun yaaa,0.0,0.0,0.0,0.0,0.0
Bujug tambun..😂😂😅😅....anak kecil sakit di gendong bae.....😂😂😅😅....sembuh dah...,0.0,Bujug tambun..😂😂😅😅....anak kecil sakit di gendong bae.....😂😂😅😅....sembuh dah...,bujug tambun anak kecil sakit di gendong bae sembuh dah,0.0,0.0,0.0,0.0,0.0
"Wkwkwk bahasa nya yg sering gua pake waktu kerja di Kranji sama  anak2 yg tinggal di stasiun Bekasi dan pintu air , 😅",0.0,"Wkwkwk bahasa nya yg sering gua pake waktu kerja di Kranji sama  anak2 yg tinggal di stasiun Bekasi dan pintu air , 😅",wkwkwk bahasa nya yg sering gua pake waktu kerja di kranji sama anak 2 yg tinggal di stasiun bekasi dan pintu air,0.0,0.0,0.0,0.0,0.0
aku orang tambun Utara bang❤,0.0,aku orang tambun Utara bang❤,aku orang tambun utara bang,1.0,0.0,0.0,0.0,1.0
Wow itu nasi uduk pasti sedap😅 apalagi yg beli BANGKOK BANGKOK gitu😅,0.0,Wow itu nasi uduk pasti sedap😅 apalagi yg beli BANGKOK BANGKOK gitu😅,wow itu nasi uduk pasti sedap apalagi yg beli bangkok bangkok gitu,1.0,0.0,0.0,0.0,1.0
"Jgnkan shubuh bang, tengah malem hujan gerimis gemes aja di yapink masih ngegas itu bocah nyetart gua mah heran 🤣 intinya kalo kabupaten mah bawa motornya kek gak ada udelnya gua mah pindahan dari bekot geleng2 😢😅",0.0,"Jgnkan shubuh bang, tengah malem hujan gerimis gemes aja di yapink masih ngegas itu bocah nyetart gua mah heran 🤣 intinya kalo kabupaten mah bawa motornya kek gak ada udelnya gua mah pindahan dari bekot geleng2 😢😅",jgnkan shubuh bang tengah malem hujan gerimis gemes aja di yapink masih ngegas itu bocah nyetart gua mah heran intinya kalo kabupaten mah bawa motornya kek gak ada udelnya gua mah pindahan dari bekot geleng 2,1.0,0.0,0.0,0.0,0.0
"Nenek gw orang gabus, dulu jaman beliau hidup demen nyuruh , : ambilin gw minyak angin di pangkeng. Nah bingung dah gw bocah jakarta, apaan ntuh pangkeng 😂😂",0.0,"Nenek gw orang gabus, dulu jaman beliau hidup demen nyuruh , : ambilin gw minyak angin di pangkeng. Nah bingung dah gw bocah jakarta, apaan ntuh pangkeng 😂😂",nenek gw orang gabus dulu jaman beliau hidup demen nyuruh ambilin gw minyak angin di pangkeng nah bingung dah gw bocah jakarta apaan ntuh pangkeng,1.0,0.0,0.0,0.0,0.0
Lah rumah kakek gw itu tdi.. Puri cendana 2😂,0.0,Lah rumah kakek gw itu tdi.. Puri cendana 2😂,lah rumah kakek gw itu tdi puri cendana 2,1.0,0.0,0.0,0.0,1.0
Wah daerah tambun city dibahas. Tambun selatan udah mahal2 rumahnya..yg masih murah tambun utara lg gencar2nya pembangunan perumahan.,0.0,Wah daerah tambun city dibahas. Tambun selatan udah mahal2 rumahnya..yg masih murah tambun utara lg gencar2nya pembangunan perumahan.,wah daerah tambun city dibahas tambun selatan udah mahal 2 rumahnya yg masih murah tambun utara lg gencar 2 nya pembangunan perumahan,1.0,0.0,0.0,0.0,1.0
"Bang, ntu tukang bubur Ampe Cimanggis Depok... Beneran dahh",0.0,"Bang, ntu tukang bubur Ampe Cimanggis Depok... Beneran dahh",bang ntu tukang bubur ampe cimanggis depok beneran dahh,1.0,0.0,0.0,0.0,1.0
"sini bang mampir kerumah ane, di perum cadar 2 jejalen... hehehe",0.0,"sini bang mampir kerumah ane, di perum cadar 2 jejalen... hehehe",sini bang mampir kerumah ane di perum cadar 2 jejalen hehehe,1.0,0.0,0.0,0.0,1.0
"Itu boleh di ulik tuh bang,,tambun Utara..",0.0,"Itu boleh di ulik tuh bang,,tambun Utara..",itu boleh di ulik tuh bang tambun utara,1.0,0.0,0.0,0.0,1.0
Infokan admin yg jual rumah min,0.0,Infokan admin yg jual rumah min,infokan admin yg jual rumah min,1.0,0.0,0.0,0.0,0.0
"Nongkrongnya nggk di gedoeng djoeang 45 aja bng, tapi kadang di GW(Grand Wisata) Ruame Juga ntuh",0.0,"Nongkrongnya nggk di gedoeng djoeang 45 aja bng, tapi kadang di GW(Grand Wisata) Ruame Juga ntuh",nongkrongnya nggk di gedoeng djoeang as aja bng tapi kadang di gw grand wisata ruame juga ntuh,1.0,0.0,0.0,0.0,0.0
"Pancoran mas depok, mampang depok, gandaria lenteng agung 😂",0.0,"Pancoran mas depok, mampang depok, gandaria lenteng agung 😂",pancoran mas depok mampang depok gandaria lenteng agung,1.0,0.0,0.0,0.0,0.0
bang ambil4d itu apaan sih?,1.0,bang ambil4d itu apaan sih?,bang ambilad itu apaan sih,1.0,0.0,0.0,0.0,0.0
banyak yg komen ambil4d itu apaan boss?,1.0,banyak yg komen ambil4d itu apaan boss?,banyak yg komen ambilad itu apaan boss,1.0,0.0,0.0,0.0,0.0
ambil4d..Terpopuler saat ini✔,1.0,ambil4d..Terpopuler saat ini✔,ambilad terpopuler saat ini,0.0,0.0,0.0,0.0,0.0
Keren maksimal! Menang banyak di ambil4d auto jadi sultan dadakan!,1.0,Keren maksimal! Menang banyak di ambil4d auto jadi sultan dadakan!,keren maksimali menang banyak di ambilad auto jadi sultan dadakani,1.0,0.0,0.0,0.0,1.0
Keren Abang kuh👍👍🌟🌟🌟,0.0,Keren Abang kuh👍👍🌟🌟🌟,keren abang kuh,1.0,0.0,0.0,0.0,0.0
Air disana ada emas emas nya 😅,0.0,Air disana ada emas emas nya 😅,air disana ada emas emas nya,1.0,0.0,0.0,0.0,1.0
Bang bahas kelapa 2 depok Bang,0.0,Bang bahas kelapa 2 depok Bang,bang bahas kelapa 2 depok bang,1.0,0.0,0.0,0.0,1.0
Bang ulik dong kalau mau ke Rumah Abah Jajang Cianjur pake angkot bang... 😊,0.0,Bang ulik dong kalau mau ke Rumah Abah Jajang Cianjur pake angkot bang... 😊,bang ulik dong kalau mau ke rumah abah jajang cianjur pake angkot bang,1.0,0.0,0.0,0.0,1.0
Lu asli daerah mana bang?,0.0,Lu asli daerah mana bang?,lu asli daerah mana bang,1.0,0.0,0.0,0.0,1.0
"Banyak sampahnya kelihatan di kali atau airnya , cepet tuch pemimpin daerahnya beresin di bersihin dan diciptakan kesadaran lingkungan yang bersih jangan sampai pa KDM turun tangan bakalan ramai itu yang seharusnya baik jadi masalah jadi selesaikan sampah dan ciptakan lingkungan terjaga dan bersih",0.0,"Banyak sampahnya kelihatan di kali atau airnya , cepet tuch pemimpin daerahnya beresin di bersihin dan diciptakan kesadaran lingkungan yang bersih jangan sampai pa KDM turun tangan bakalan ramai itu yang seharusnya baik jadi masalah jadi selesaikan sampah dan ciptakan lingkungan terjaga dan bersih",banyak sampahnya kelihatan di kali atau airnya cepet tuch pemimpin daerahnya beresin di bersihin dan diciptakan kesadaran lingkungan yang bersih jangan sampai pa kdm turun tangan bakalan ramai itu yang seharusnya baik jadi masalah jadi selesaikan sampah dan ciptakan lingkungan terjaga dan bersih,1.0,0.0,0.0,0.0,1.0
d deket setu besar ada sekolahan gw...,0.0,d deket setu besar ada sekolahan gw...,d deket setu besar ada sekolahan gw,1.0,0.0,0.0,0.0,0.0
Daerah rumah saya bang,0.0,Daerah rumah saya bang,daerah rumah saya bang,1.0,0.0,0.0,0.0,1.0
Citayam dan bojong gede belun tersentuh pembangunan,0.0,Citayam dan bojong gede belun tersentuh pembangunan,citayam dan bojong gede belun tersentuh pembangunan,1.0,0.0,0.0,0.0,1.0
"Izin bang Pancoran di jakarta masih ada kok jejaknya tapi lo harus masuk ke komplek AURI yang di mana tidak bisa masuk sembarangan, serta pemeriksaannya ketat tidak seperti dulu bang, karena ada jenderal bintang tiga tinggal di sana, btw sekarang Pancoran di Jakarta sekarang menjadi kolam pemancingan persis ga jauh dari lapangan basket dan tenis, koreksi kalau gw salah ya bang 🙏🙏🙏",0.0,"Izin bang Pancoran di jakarta masih ada kok jejaknya tapi lo harus masuk ke komplek AURI yang di mana tidak bisa masuk sembarangan, serta pemeriksaannya ketat tidak seperti dulu bang, karena ada jenderal bintang tiga tinggal di sana, btw sekarang Pancoran di Jakarta sekarang menjadi kolam pemancingan persis ga jauh dari lapangan basket dan tenis, koreksi kalau gw salah ya bang 🙏🙏🙏",izin bang pancoran di jakarta masih ada kok jejaknya tapi lo harus masuk ke komplek auri yang di mana tidak bisa masuk sembarangan serta pemeriksaannya ketat tidak seperti dulu bang karena ada jenderal bintang tiga tinggal di sana btw sekarang pancoran di jakarta sekarang menjadi kolam pemancingan persis ga jauh dari lapangan basket dan tenis koreksi kalau gw salah ya bang,1.0,0.0,0.0,0.0,1.0
"Ada rumah tua yg sekarang ada di dalam Margocity tidak di bongkar itu rmh, sekarang jadi restoran.",0.0,"Ada rumah tua yg sekarang ada di dalam Margocity tidak di bongkar itu rmh, sekarang jadi restoran.",ada rumah tua yg sekarang ada di dalam margocity tidak di bongkar itu rmh sekarang jadi restoran,1.0,0.0,0.0,0.0,1.0
"Malu yak kali nya kotor kotor. Untung ga ke cipayung, bauk TPA cipayung. Tp rumah gue di patung gajah. Ga perlu dah ke lampung buat liat gajah 😅",0.0,"Malu yak kali nya kotor kotor. Untung ga ke cipayung, bauk TPA cipayung. Tp rumah gue di patung gajah. Ga perlu dah ke lampung buat liat gajah 😅",malu yak kali nya kotor kotor untung ga ke cipayung bauk tpa cipayung tp rumah gue di patung gajah ga perlu dah ke lampung buat liat gajah,1.0,0.0,0.0,0.0,0.0
"Ih gila situ asih pulo deket banget bg sama rumah gw.lu tinggal lewat dari kampung pulo ke komplek maharaja yang ada lapangan badminton sama saungnya(tapi jalannya ditutup tapi bisa lewat jalan lain yg lebih kecil dari  lapangan voli di kampung pulo itu kan pertigaan nah ada jalan kecil tuh turunan yang masih banyak ayam ayamnya terus turun kalo udah ketemu empang berarti bener jalannya terus tinggal ikutin jalannya aja terus udah sampe lapangan badminton sama saung)terus tinggal belok ke kanan yg ada rumah besar patokannya ada pager garasi dari rumah besar itu(rumah temen gw) terus belok kiri sampe pager utama dari rumah gedenya itu bg abis itu tinggal belok kanan nanti ada pertigaan(1 jalannya jalan buntu)nah abis pertigaan lurus aja dikit banget nah rumah gw yg pager item, depannya ada pohon mangga,dan sampingnya ada rumah tua pagar karatan kuning keorenan.rumah gw di kelurahan rangkapan jaya,rw 12,rt 5(gak mau gw ngasih bloknya sama nomwr rumahnya).samperin bg🙏😭.",0.0,"Ih gila situ asih pulo deket banget bg sama rumah gw.lu tinggal lewat dari kampung pulo ke komplek maharaja yang ada lapangan badminton sama saungnya(tapi jalannya ditutup tapi bisa lewat jalan lain yg lebih kecil dari  lapangan voli di kampung pulo itu kan pertigaan nah ada jalan kecil tuh turunan yang masih banyak ayam ayamnya terus turun kalo udah ketemu empang berarti bener jalannya terus tinggal ikutin jalannya aja terus udah sampe lapangan badminton sama saung)terus tinggal belok ke kanan yg ada rumah besar patokannya ada pager garasi dari rumah besar itu(rumah temen gw) terus belok kiri sampe pager utama dari rumah gedenya itu bg abis itu tinggal belok kanan nanti ada pertigaan(1 jalannya jalan buntu)nah abis pertigaan lurus aja dikit banget nah rumah gw yg pager item, depannya ada pohon mangga,dan sampingnya ada rumah tua pagar karatan kuning keorenan.rumah gw di kelurahan rangkapan jaya,rw 12,rt 5(gak mau gw ngasih bloknya sama nomwr rumahnya).samperin bg🙏😭.",ih gila situ asih pulo deket banget bg sama rumah gw lu tinggal lewat dari kampung pulo ke komplek maharaja yang ada lapangan badminton sama saungnya tapi jalannya ditutup tapi bisa lewat jalan lain yg lebih kecil dari lapangan voli di kampung pulo itu kan pertigaan nah ada jalan kecil tuh turunan yang masih banyak ayam ayamnya terus turun kalo udah ketemu empang berarti bener jalannya terus tinggal ikutin jalannya aja terus udah sampe lapangan badminton sama saung terus tinggal belok ke kanan yg ada rumah besar patokannya ada pager garasi dari rumah besar itu rumah temen gw terus belok kiri sampe pager utama dari rumah gedenya itu bg abis itu tinggal belok kanan nanti ada pertigaan i jalannya jalan buntu nah abis pertigaan lurus aja dikit banget nah rumah gw yg pager item depannya ada pohon mangga dan sampingnya ada rumah tua pagar karatan kuning keorenan rumah gw di kelurahan rangkapan jaya rw i 2 rt s gak mau gw ngasih bloknya sama nomwr rumahnya samperin bg,0.0,0.0,0.0,0.0,0.0
Setu rawa besar tempat saya main waktu kecil bang,0.0,Setu rawa besar tempat saya main waktu kecil bang,setu rawa besar tempat saya main waktu kecil bang,0.0,0.0,0.0,0.0,1.0
"Coba ulik daerah limo bang atau meruyung, itu daerah gw bang 😅",0.0,"Coba ulik daerah limo bang atau meruyung, itu daerah gw bang 😅",coba ulik daerah limo bang atau meruyung itu daerah gw bang,0.0,0.0,0.0,0.0,0.0
Lah setu pulo deket rumah gua bang . Mampir lah bang kapan kapan😂😂,0.0,Lah setu pulo deket rumah gua bang . Mampir lah bang kapan kapan😂😂,lah setu pulo deket rumah gua bang mampir lah bang kapan kapan,0.0,0.0,0.0,0.0,0.0
"Tempat gawe ane bang , mampir bang dialfamidi deket rsud bakti karya😅",0.0,"Tempat gawe ane bang , mampir bang dialfamidi deket rsud bakti karya😅",tempat gawe ane bang mampir bang dialfamidi deket rsud bakti karya,0.0,0.0,0.0,0.0,0.0
alhamdullilah waktu udh coba di poipet308 hidup pun lebih sejahtera,1.0,alhamdullilah waktu udh coba di poipet308 hidup pun lebih sejahtera,alhamdullilah waktu udh coba di poipeteob hidup pun lebih sejahtera,1.0,0.0,0.0,0.0,1.0
"makasih ya uda di kasih thr di poipet308,di kasih jajan",1.0,"makasih ya uda di kasih thr di poipet308,di kasih jajan",makasih ya uda di kasih thr di poipeteob di kasih jajan,1.0,0.0,0.0,0.0,1.0
"poipet308, tempat cari hoki cuyy!",1.0,"poipet308, tempat cari hoki cuyy!",poipeteob tempat cari hoki cuyyi,1.0,0.0,0.0,0.0,0.0
seperti biasa tetap semangat yang buat konten Salam dari poipet308,1.0,seperti biasa tetap semangat yang buat konten Salam dari poipet308,seperti biasa tetap semangat yang buat konten salam dari poipeteob,1.0,0.0,0.0,0.0,0.0
"Konten edukatif kayak gini harus sering-sering diangkat.,poipet308",1.0,"Konten edukatif kayak gini harus sering-sering diangkat.,poipet308",konten edukatif kayak gini harus sering sering diangkat poipeteob,1.0,0.0,0.0,0.0,1.0
memang betul ini poipet308 paling terbaik diindonesia jangan salah pilih buat teman teman,1.0,memang betul ini poipet308 paling terbaik diindonesia jangan salah pilih buat teman teman,memang betul ini poipeteob paling terbaik diindonesia jangan salah pilih buat teman teman,1.0,0.0,0.0,0.0,0.0
Semoga makin banyak orang lihat video ini poipet308 Keren!,1.0,Semoga makin banyak orang lihat video ini poipet308 Keren!,semoga makin banyak orang lihat video ini poipeteob kereni,1.0,0.0,0.0,0.0,1.0
main di poipet308 aja ga bosenin soalnya dikasih terus,1.0,main di poipet308 aja ga bosenin soalnya dikasih terus,main di poipeteob aja ga bosenin soalnya dikasih terus,1.0,0.0,0.0,0.0,0.0
keren banget konten nya semangat poipet308,1.0,keren banget konten nya semangat poipet308,keren banget konten nya semangat poipeteob,1.0,0.0,0.0,0.0,0.0
tebar setiap hari manismu bersama poipet308!,1.0,tebar setiap hari manismu bersama poipet308!,tebar setiap hari manismu bersama poipeteobi,1.0,0.0,0.0,0.0,0.0
btw ada yang tau cara daftar di poipet308? serius nanya,1.0,btw ada yang tau cara daftar di poipet308? serius nanya,btw ada yang tau cara daftar di poipeteob serius nanya,1.0,0.0,0.0,0.0,0.0
Bener-bener membantu buat pemula kayak saya poipet308,1.0,Bener-bener membantu buat pemula kayak saya poipet308,bener bener membantu buat pemula kayak saya poipeteob,1.0,0.0,0.0,0.0,1.0
Kesimpulannya anggota Malaka Project gak ada yg suka Kurt Cobain....chuaakkksssssss,0.0,Kesimpulannya anggota Malaka Project gak ada yg suka Kurt Cobain....chuaakkksssssss,kesimpulannya anggota malaka project gak ada yg suka kurt cobain chuaakkksssssss,1.0,0.0,0.0,0.0,1.0
Ini kaya kalo patah tulang yang umumnya ke dokter ini malah ke tukang urut tulang bukan sih?,0.0,Ini kaya kalo patah tulang yang umumnya ke dokter ini malah ke tukang urut tulang bukan sih?,ini kaya kalo patah tulang yang umumnya ke dokter ini malah ke tukang urut tulang bukan sih,1.0,0.0,0.0,0.0,0.0
baru liat udh di gblok gblokin paman coki hell nah,0.0,baru liat udh di gblok gblokin paman coki hell nah,baru liat udh di gblok gblokin paman coki hell nah,1.0,0.0,0.0,0.0,0.0
"kaget, baru buka short lo ini",0.0,"kaget, baru buka short lo ini",kaget baru buka short lo ini,1.0,0.0,0.0,0.0,1.0
Hooknya sangat efektif ya bund.. 😂😂😂,0.0,Hooknya sangat efektif ya bund.. 😂😂😂,hooknya sangat efektif ya bund,1.0,0.0,0.0,0.0,0.0
"Terima kasih malaka project telah memberikan kuliah gratis, terutama bagi saya yang tidak lolos jalur beasiswa, hahahaha",0.0,"Terima kasih malaka project telah memberikan kuliah gratis, terutama bagi saya yang tidak lolos jalur beasiswa, hahahaha",terima kasih malaka project telah memberikan kuliah gratis terutama bagi saya yang tidak lolos jalur beasiswa hahahaha,1.0,0.0,0.0,0.0,0.0
poipet308 bikin mood senang terus karena profit seru banget!,1.0,poipet308 bikin mood senang terus karena profit seru banget!,poipeteob bikin mood senang terus karena profit seru bangeti,1.0,0.0,0.0,0.0,0.0
liat komentar orang diyt jadi penasaran coba di poipet308 eh malah dikasi jp padahal baru pertama kali main,1.0,liat komentar orang diyt jadi penasaran coba di poipet308 eh malah dikasi jp padahal baru pertama kali main,liat komentar orang diyt jadi penasaran coba di poipeteob eh malah dikasi jp padahal baru pertama kali main,1.0,0.0,0.0,0.0,1.0
selalu hargai yang buat video dan harus tetap semangat! poipet308,1.0,selalu hargai yang buat video dan harus tetap semangat! poipet308,selalu hargai yang buat video dan harus tetap semangati poipeteob,1.0,0.0,0.0,0.0,0.0
"Gamenya ringan dijalankan, gak bikin lag poipet308",1.0,"Gamenya ringan dijalankan, gak bikin lag poipet308",gamenya ringan dijalankan gak bikin lag poipeteob,1.0,0.0,0.0,0.0,1.0
Video ini pas banget sama yang aku cari poipet308,1.0,Video ini pas banget sama yang aku cari poipet308,video ini pas banget sama yang aku cari poipeteob,1.0,0.0,0.0,0.0,0.0
"Gak usa pakai lama, mending langsung cobain aja di poipet308 auto bikin sultan",1.0,"Gak usa pakai lama, mending langsung cobain aja di poipet308 auto bikin sultan",gak usa pakai lama mending langsung cobain aja di poipeteob auto bikin sultan,1.0,0.0,0.0,0.0,1.0
"Kamu gak harus hebat untuk memulai, tapi harus memulai untuk jadi hebat 🚀 poipet308",1.0,"Kamu gak harus hebat untuk memulai, tapi harus memulai untuk jadi hebat 🚀 poipet308",kamu gak harus hebat untuk memulai tapi harus memulai untuk jadi hebat poipeteob,1.0,0.0,0.0,0.0,1.0
buat yang nanya poipet308 itu apa bisa cek google yah!,1.0,buat yang nanya poipet308 itu apa bisa cek google yah!,buat yang nanya poipeteob itu apa bisa cek google yahi,1.0,0.0,0.0,0.0,1.0
sangat amat mengedukasi poipet308 selalu dihati❤️,1.0,sangat amat mengedukasi poipet308 selalu dihati❤️,sangat amat mengedukasi poipeteob selalu dihati,0.0,0.0,0.0,0.0,0.0
Main santai di poipet308 emang paling pas.,1.0,Main santai di poipet308 emang paling pas.,main santai di poipeteob emang paling pas,1.0,0.0,0.0,0.0,0.0
itu bukti kalo fans pasti setia banget sama poipet308,1.0,itu bukti kalo fans pasti setia banget sama poipet308,itu bukti kalo fans pasti setia banget sama poipeteob,1.0,0.0,0.0,0.0,0.0
"Di 👀dewadora👀 saya menemukan peluang, dari penjual pulsa jadi pemilik usaha gadget. 🍧",1.0,"Di 👀dewadora👀 saya menemukan peluang, dari penjual pulsa jadi pemilik usaha gadget. 🍧",di dewadora saya menemukan peluang dari penjual pulsa jadi pemilik usaha gadget,1.0,0.0,0.0,0.0,0.0
Keuntungan di DORA-TUJUHTUJUH😴 memungkinkan saya merealisasikan impian beli rumah. 😒,1.0,Keuntungan di DORA-TUJUHTUJUH😴 memungkinkan saya merealisasikan impian beli rumah. 😒,keuntungan di dora tujuhtujuh memungkinkan saya merealisasikan impian beli rumah,1.0,0.0,0.0,0.0,0.0
"Bener-bener gacir banget main di DORATUJUH TUJUH🧏‍♀.Modal kecil, hasilnya luar biasa! 🍸",1.0,"Bener-bener gacir banget main di DORATUJUH TUJUH🧏‍♀.Modal kecil, hasilnya luar biasa! 🍸",bener bener gacir banget main di doratujuh tujuh modal kecil hasilnya luar biasai,1.0,0.0,0.0,0.0,0.0
"Sangat menyenangkan bermain di 𝗗 𝗢𝗥𝗔𝟳𝟳👊, tiba-tiba mendapatkan JP besar, rezeki memang tidak akan tertukar! 🆚",1.0,"Sangat menyenangkan bermain di 𝗗 𝗢𝗥𝗔𝟳𝟳👊, tiba-tiba mendapatkan JP besar, rezeki memang tidak akan tertukar! 🆚",sangat menyenangkan bermain di d oratt tiba tiba mendapatkan jp besar rezeki memang tidak akan tertukari,1.0,0.0,0.0,0.0,0.0
"Jika Anda ingin meningkatkan keterampilan Anda, 👍dewadora👍-bisa bermanfaat. 🍦",1.0,"Jika Anda ingin meningkatkan keterampilan Anda, 👍dewadora👍-bisa bermanfaat. 🍦",jika anda ingin meningkatkan keterampilan anda dewadora bisa bermanfaat,1.0,0.0,0.0,0.0,0.0
Hasil dari 𝗗𝗢 𝗥 𝗔 𝟳 𝟳🤲 membuktikan saya bisa beralih dari penjual pulsa ke pemilik toko. 🍡,1.0,Hasil dari 𝗗𝗢 𝗥 𝗔 𝟳 𝟳🤲 membuktikan saya bisa beralih dari penjual pulsa ke pemilik toko. 🍡,hasil dari do r a t t membuktikan saya bisa beralih dari penjual pulsa ke pemilik toko,1.0,0.0,0.0,0.0,0.0
"🤚dewadora🤚 emang mantul, JP-nya gak main-main! 💱",1.0,"🤚dewadora🤚 emang mantul, JP-nya gak main-main! 💱",dewadora emang mantul jp nya gak main maini,1.0,0.0,0.0,0.0,0.0
"Sungguh edan! JP yang sangat fantastis dan luar biasa besar di ✌dewadora✌,kembali memecahkan rekor yang ada! 🐫",1.0,"Sungguh edan! JP yang sangat fantastis dan luar biasa besar di ✌dewadora✌,kembali memecahkan rekor yang ada! 🐫",sungguh edani jp yang sangat fantastis dan luar biasa besar di dewadora kembali memecahkan rekor yang adai,1.0,0.0,0.0,0.0,0.0
"JP lagi, JP lagi di 💅dewadora💅! Rezeki emang lagi bagus! 😇",1.0,"JP lagi, JP lagi di 💅dewadora💅! Rezeki emang lagi bagus! 😇",jp lagi jp lagi di dewadora i rezeki emang lagi bagusi,1.0,0.0,0.0,0.0,0.0
Hasil dari 𝗗-𝗢-𝗥-𝗔𝟳𝟳😚 membantu saya mencapai kestabilan keuangan yang saya idamkan. 🦄,1.0,Hasil dari 𝗗-𝗢-𝗥-𝗔𝟳𝟳😚 membantu saya mencapai kestabilan keuangan yang saya idamkan. 🦄,hasil dari d o r att membantu saya mencapai kestabilan keuangan yang saya idamkan,1.0,0.0,0.0,0.0,0.0
𝐃-𝐎𝐑𝐀𝟕𝟕🤣adalah platform yang berkomitmen pada kepuasan pengguna. 🌯,1.0,𝐃-𝐎𝐑𝐀𝟕𝟕🤣adalah platform yang berkomitmen pada kepuasan pengguna. 🌯,d oratt adalah platform yang berkomitmen pada kepuasan pengguna,1.0,0.0,0.0,0.0,0.0
Hasil dari dora77✊ membantu saya mencapai kestabilan keuangan yang saya idamkan. 🐇,1.0,Hasil dari dora77✊ membantu saya mencapai kestabilan keuangan yang saya idamkan. 🐇,hasil dari doratt membantu saya mencapai kestabilan keuangan yang saya idamkan,1.0,0.0,0.0,0.0,0.0
Hasil dari D ORA77🤚 membuktikan saya bisa beranjak dari penjaja es kelapa jadi pengusaha. 🍱,1.0,Hasil dari D ORA77🤚 membuktikan saya bisa beranjak dari penjaja es kelapa jadi pengusaha. 🍱,hasil dari d oratt membuktikan saya bisa beranjak dari penjaja es kelapa jadi pengusaha,1.0,0.0,0.0,0.0,0.0
𝗗-𝗢-𝗥𝗔𝟳𝟳😙menawarkan kesempatan untuk belajar dari orang lain. 🥧,1.0,𝗗-𝗢-𝗥𝗔𝟳𝟳😙menawarkan kesempatan untuk belajar dari orang lain. 🥧,d o ratt menawarkan kesempatan untuk belajar dari orang lain,1.0,0.0,0.0,0.0,1.0
Hasil dari DORA77👋 membuktikan saya bisa beranjak dari penjaja es kelapa jadi pengusaha. 🍱,1.0,Hasil dari DORA77👋 membuktikan saya bisa beranjak dari penjaja es kelapa jadi pengusaha. 🍱,hasil dari doratt membuktikan saya bisa beranjak dari penjaja es kelapa jadi pengusaha,1.0,0.0,0.0,0.0,0.0
"Di D-O-R-A77💆 mendukung transformasi saya, dari pengantar koran jadi pemilik media. 🛖",1.0,"Di D-O-R-A77💆 mendukung transformasi saya, dari pengantar koran jadi pemilik media. 🛖",di d o r att mendukung transformasi saya dari pengantar koran jadi pemilik media,1.0,0.0,0.0,0.0,1.0
Rezeki dari 👀dewadora👀-emang gak terduga! Terima kasih ya Tuhan! 😛,1.0,Rezeki dari 👀dewadora👀-emang gak terduga! Terima kasih ya Tuhan! 😛,rezeki dari dewadora emang gak terdugai terima kasih ya tuhani,1.0,0.0,0.0,0.0,0.0
"Di 👌dewadora👌 mendukung transformasi saya, dari pembantu rumah jadi bos cleaning service. 🏌",1.0,"Di 👌dewadora👌 mendukung transformasi saya, dari pembantu rumah jadi bos cleaning service. 🏌",di dewadora mendukung transformasi saya dari pembantu rumah jadi bos cleaning service,1.0,0.0,0.0,0.0,0.0
"Parah banget! 👂dewadora👂 bikin candu berat, susah banget buat berhenti! 🏳",1.0,"Parah banget! 👂dewadora👂 bikin candu berat, susah banget buat berhenti! 🏳",parah bangeti dewadora bikin candu berat susah banget buat berhentii,1.0,0.0,0.0,0.0,0.0
Mencari platform yang mudah digunakan dan lugas? 😪𝘼𝙀𝙍𝙊𝟴-𝟴 mungkin jawabannya.,1.0,Mencari platform yang mudah digunakan dan lugas? 😪𝘼𝙀𝙍𝙊𝟴-𝟴 mungkin jawabannya.,mencari platform yang mudah digunakan dan lugas aerob b mungkin jawabannya,1.0,0.0,0.0,0.0,0.0
"🙇AERO88 bikin lupa semua beban, hiburan yang sangat menyenangkan!",1.0,"🙇AERO88 bikin lupa semua beban, hiburan yang sangat menyenangkan!",aerobb bikin lupa semua beban hiburan yang sangat menyenangkani,0.0,0.0,0.0,0.0,1.0
"Nggak percaya bisa dapet jakpot di ✌AER O 8 8, ternyata benar-benar gacir!",1.0,"Nggak percaya bisa dapet jakpot di ✌AER O 8 8, ternyata benar-benar gacir!",nggak percaya bisa dapet jakpot di aer o b b ternyata benar benar gaciri,0.0,0.0,0.0,0.0,1.0
"🧑AER-O-8-8 jekpot gampang banget di sini, gk percaya..",1.0,"🧑AER-O-8-8 jekpot gampang banget di sini, gk percaya..",aer o b b jekpot gampang banget di sini gk percaya,0.0,0.0,0.0,0.0,0.0
🤙𝐀 𝐄𝐑𝐎𝟖𝟖 saya jadi sering main karena menang terus di sini,1.0,🤙𝐀 𝐄𝐑𝐎𝟖𝟖 saya jadi sering main karena menang terus di sini,a erobb saya jadi sering main karena menang terus di sini,0.0,0.0,0.0,0.0,0.0
"👎𝗔𝗘𝗥𝗢𝟴𝟴 jekpot gampang banget, gk percaya coba aja",1.0,"👎𝗔𝗘𝗥𝗢𝟴𝟴 jekpot gampang banget, gk percaya coba aja",aerobb jekpot gampang banget gk percaya coba aja,0.0,0.0,0.0,0.0,1.0
"😪𝘼𝙀𝙍𝙊𝟴-𝟴 gua WEDEY gede, gk nyangka bener2 hoki",1.0,"😪𝘼𝙀𝙍𝙊𝟴-𝟴 gua WEDEY gede, gk nyangka bener2 hoki",aerob b gua wedey gede gk nyangka bener 2 hoki,1.0,0.0,0.0,0.0,0.0
"Rezeki dari 😋𝐀𝐄𝐑𝐎-𝟖-𝟖 emang gak ada duanya, terima kasih ya Allah atas limpahan rezeki-Mu!",1.0,"Rezeki dari 😋𝐀𝐄𝐑𝐎-𝟖-𝟖 emang gak ada duanya, terima kasih ya Allah atas limpahan rezeki-Mu!",rezeki dari aero b b emang gak ada duanya terima kasih ya allah atas limpahan rezeki mui,1.0,0.0,0.0,0.0,0.0
"🤩𝗔𝗘𝗥-𝗢-𝟴-𝟴 cuma coba sekali, lngsg WD gede",1.0,"🤩𝗔𝗘𝗥-𝗢-𝟴-𝟴 cuma coba sekali, lngsg WD gede",aer o b b cuma coba sekali lngsg wd gede,1.0,0.0,0.0,0.0,0.0
"😍𝗔𝗘𝗥𝗢𝟴𝟴 aku main bentar aja, lngsg jackpot",1.0,"😍𝗔𝗘𝗥𝗢𝟴𝟴 aku main bentar aja, lngsg jackpot",aerobb aku main bentar aja lngsg jackpot,1.0,0.0,0.0,0.0,1.0
"Main santai di 😚𝗔-𝗘-𝗥-𝗢-𝟴𝟴, hasilnya bikin senyum lebar. Terima kasih banyak!",1.0,"Main santai di 😚𝗔-𝗘-𝗥-𝗢-𝟴𝟴, hasilnya bikin senyum lebar. Terima kasih banyak!",main santai di a e r o bb hasilnya bikin senyum lebar terima kasih banyaki,0.0,0.0,0.0,0.0,1.0
"Gac𝙤r banget d𝐢 𝐃𝐎𝐑𝐀𝟕 𝟕👎, sump𝙖h 🛻",1.0,"Gac𝙤r banget d𝐢 𝐃𝐎𝐑𝐀𝟕 𝟕👎, sump𝙖h 🛻",gacor banget di dorat t sumpah,0.0,0.0,0.0,0.0,1.0
"Nagiһ bg𝐭 𝙞ni D O RA77🖐, 𝙜acor p𝘢rah sumpah! 🍷",1.0,"Nagiһ bg𝐭 𝙞ni D O RA77🖐, 𝙜acor p𝘢rah sumpah! 🍷",nagih bgt ini d o ratt gacor parah sumpahi,0.0,0.0,0.0,0.0,0.0
"dе p𝐨 diki𝐭, 𝘫adi 𝐤aya di dora77✊",1.0,"dе p𝐨 diki𝐭, 𝘫adi 𝐤aya di dora77✊",de po dikit jadi kaya di doratt,0.0,0.0,0.0,0.0,0.0
"K𝘦tagihan 𝘮ain di 𝐃𝐎𝐑𝐀𝟕-𝟕😍, gac𝘰r te𝘳us jep𝐞 𝙜a ad𝐚 law𝘢n 🐦",1.0,"K𝘦tagihan 𝘮ain di 𝐃𝐎𝐑𝐀𝟕-𝟕😍, gac𝘰r te𝘳us jep𝐞 𝙜a ad𝐚 law𝘢n 🐦",ketagihan main di dorat t gacor terus jepe ga ada lawan,1.0,0.0,0.0,0.0,0.0
"dora77😘 ju𝙖ra, jepey teru𝘴",1.0,"dora77😘 ju𝙖ra, jepey teru𝘴",doratt juara jepey terus,0.0,0.0,0.0,0.0,1.0
jepey ɡa berheпti di 𝗗 𝗢 𝗥𝗔𝟳𝟳🤛,1.0,jepey ɡa berheпti di 𝗗 𝗢 𝗥𝗔𝟳𝟳🤛,jepey ga berheпti di d o ratt,1.0,0.0,0.0,0.0,1.0
D-O-R-A-7-7🧑 bi𝙠in mekswin 𝐦akin gampanɡ 🤟,1.0,D-O-R-A-7-7🧑 bi𝙠in mekswin 𝐦akin gampanɡ 🤟,d o r a t t bikin mekswin makin gampang,0.0,0.0,0.0,0.0,1.0
"Gas belajar rumus matematika albert einstein dulu baru beri pertanyaan ke keluarga, teman, guru",0.0,"Gas belajar rumus matematika albert einstein dulu baru beri pertanyaan ke keluarga, teman, guru",gas belajar rumus matematika albert einstein dulu baru beri pertanyaan ke keluarga teman guru,1.0,0.0,0.0,0.0,0.0
Komoknya biasa aja dong 😅,0.0,Komoknya biasa aja dong 😅,komoknya biasa aja dong,1.0,0.0,0.0,0.0,0.0
"S𝙪mpah ga nger𝘵i 𝐥g, m𝙖en di 𝘿𝙊𝙍𝘼𝟳𝟳👶 enаk b𝙜t",1.0,"S𝙪mpah ga nger𝘵i 𝐥g, m𝙖en di 𝘿𝙊𝙍𝘼𝟳𝟳👶 enаk b𝙜t",sumpah ga ngerti lg maen di doratt enak bgt,1.0,0.0,0.0,0.0,0.0
"Ketagihan ma𝘪n dі 𝗗 𝗢 𝗥 𝗔𝟳𝟳🤜, gach𝐨r teru𝐬 je𝙥e g𝙖 ada l𝐚wan",1.0,"Ketagihan ma𝘪n dі 𝗗 𝗢 𝗥 𝗔𝟳𝟳🤜, gach𝐨r teru𝐬 je𝙥e g𝙖 ada l𝐚wan",ketagihan main di d o r att gachor terus jepe ga ada lawan,1.0,0.0,0.0,0.0,0.0
ga𝐜ir рarah d𝙞 𝘿𝙊-𝙍-𝘼-𝟳-𝟳😮,1.0,ga𝐜ir рarah d𝙞 𝘿𝙊-𝙍-𝘼-𝟳-𝟳😮,gacir parah di do r a t t,1.0,0.0,0.0,0.0,0.0
"gacir bgτ 𝐝i 𝘿-𝙊-𝙍𝘼𝟳𝟳🙄, b𝐢sa menang ti𝙖p 𝘩ari 🥗",1.0,"gacir bgτ 𝐝i 𝘿-𝙊-𝙍𝘼𝟳𝟳🙄, b𝐢sa menang ti𝙖p 𝘩ari 🥗",gacir bgτ di d o ratt bisa menang tiap hari,1.0,0.0,0.0,0.0,0.0
me𝘬swin teru𝙨 𝘥i 𝐃𝐎𝐑 𝐀 𝟕 𝟕☝ 🦐,1.0,me𝘬swin teru𝙨 𝘥i 𝐃𝐎𝐑 𝐀 𝟕 𝟕☝ 🦐,mekswin terus di dor a t t,1.0,0.0,0.0,0.0,0.0
"DORA-TUJUH-TUJUH😌 gac𝐨r abis, sekali mai𝘯 langsun𝙜 pengen laɡi 🤞",1.0,"DORA-TUJUH-TUJUH😌 gac𝐨r abis, sekali mai𝘯 langsun𝙜 pengen laɡi 🤞",dora tujuh tujuh gacor abis sekali main langsung pengen lagi,1.0,0.0,0.0,0.0,0.0
"Maіn di 𝘿-𝙊-𝙍-𝘼-𝟳-𝟳😥, cυan jadi mudah 🐏",1.0,"Maіn di 𝘿-𝙊-𝙍-𝘼-𝟳-𝟳😥, cυan jadi mudah 🐏",main di d o r a t t cυan jadi mudah,1.0,0.0,0.0,0.0,1.0
"g𝐚chor parah di 𝘿𝙊𝙍-𝘼-𝟳-𝟳🤐, 𝘶tang lan𝙜sung ber𝘦s!",1.0,"g𝐚chor parah di 𝘿𝙊𝙍-𝘼-𝟳-𝟳🤐, 𝘶tang lan𝙜sung ber𝘦s!",gachor parah di dor a t t utang langsung beresi,1.0,0.0,0.0,0.0,0.0
"D-O-R-A-7-7🧑 gac𝙞r bgt, pecah te𝙧us",1.0,"D-O-R-A-7-7🧑 gac𝙞r bgt, pecah te𝙧us",d o r a t t gacir bgt pecah terus,1.0,0.0,0.0,0.0,0.0
"L𝐮nas utang gara-𝙜ara maіn di DORATUJUHTUJUH😫, h𝘰ki abis! ❔",1.0,"L𝐮nas utang gara-𝙜ara maіn di DORATUJUHTUJUH😫, h𝘰ki abis! ❔",lunas utang gara gara main di doratujuhtujuh hoki abisi,1.0,0.0,0.0,0.0,1.0
Mah gitu dong subtitle jgn ke tutupan,0.0,Mah gitu dong subtitle jgn ke tutupan,mah gitu dong subtitle jgn ke tutupan,1.0,0.0,0.0,0.0,0.0
Pejabat: Gimana ya kurupsi 1 triliun biar gak ketauan🤣,0.0,Pejabat: Gimana ya kurupsi 1 triliun biar gak ketauan🤣,pejabat gimana ya kurupsi i triliun biar gak ketauan,1.0,0.0,0.0,0.0,0.0
"Matematika fisika saling berhubungan, belajar matematika dan fisika melatih analisis, pola pikir kritis, dan kamu pasti jadi rajin baca buku",0.0,"Matematika fisika saling berhubungan, belajar matematika dan fisika melatih analisis, pola pikir kritis, dan kamu pasti jadi rajin baca buku",matematika fisika saling berhubungan belajar matematika dan fisika melatih analisis pola pikir kritis dan kamu pasti jadi rajin baca buku,1.0,0.0,0.0,0.0,0.0
Nalar sama mikir bedo bos,0.0,Nalar sama mikir bedo bos,nalar sama mikir bedo bos,1.0,0.0,0.0,0.0,0.0
Ini yg ga pernah diajarkan sm guru2 dari kecil,0.0,Ini yg ga pernah diajarkan sm guru2 dari kecil,ini yg ga pernah diajarkan sm guru 2 dari kecil,1.0,0.0,0.0,0.0,1.0
Aku pribadi malah lebih gampang paham konsep dan implementasi matematika seperti variable dan logic pas belajar programming.,0.0,Aku pribadi malah lebih gampang paham konsep dan implementasi matematika seperti variable dan logic pas belajar programming.,aku pribadi malah lebih gampang paham konsep dan implementasi matematika seperti variable dan logic pas belajar programming,0.0,0.0,0.0,0.0,0.0
"Nah ini yang ga dikasih disekolah,gua dulu tanya gini ama guru malah dimarahin + diketawain bangke,gak heran sih kalo banyak yang anggap sekolah itu scam",0.0,"Nah ini yang ga dikasih disekolah,gua dulu tanya gini ama guru malah dimarahin + diketawain bangke,gak heran sih kalo banyak yang anggap sekolah itu scam",nah ini yang ga dikasih disekolah gua dulu tanya gini ama guru malah dimarahin t diketawain bangke gak heran sih kalo banyak yang anggap sekolah itu scam,0.0,0.0,0.0,0.0,0.0
"Fix kl goto dicaplok grap, gopayku akan kubekukan,",0.0,"Fix kl goto dicaplok grap, gopayku akan kubekukan,",fix kl goto dicaplok grap gopayku akan kubekukan,0.0,0.0,0.0,0.0,0.0
grab masih ada kompetitor aja ngerusak harga apalagi pemain tunggal😂,0.0,grab masih ada kompetitor aja ngerusak harga apalagi pemain tunggal😂,grab masih ada kompetitor aja ngerusak harga apalagi pemain tunggal,0.0,0.0,0.0,0.0,0.0
Dulu ada Uber,0.0,Dulu ada Uber,dulu ada uber,1.0,0.0,0.0,0.0,0.0
Pesawat gak semua orang bisa beli ya tapi kalau ojek+aplikasi kayaknya sudah banyak yang bisa.,0.0,Pesawat gak semua orang bisa beli ya tapi kalau ojek+aplikasi kayaknya sudah banyak yang bisa.,pesawat gak semua orang bisa beli ya tapi kalau ojektaplikasi kayaknya sudah banyak yang bisa,1.0,0.0,0.0,0.0,0.0
Sama halnya dgn pelayanan negara.jika ada pesaing pasti pelayanan di negara ini akan baik,0.0,Sama halnya dgn pelayanan negara.jika ada pesaing pasti pelayanan di negara ini akan baik,sama halnya dgn pelayanan negara jika ada pesaing pasti pelayanan di negara ini akan baik,1.0,0.0,0.0,0.0,0.0
"𝐃𝐎-𝐑-𝐀-𝟕-𝟕😉 meksw𝐢n, pe𝘤ah рarah 🏳",1.0,"𝐃𝐎-𝐑-𝐀-𝟕-𝟕😉 meksw𝐢n, pe𝘤ah рarah 🏳",do r a t t mekswin pecah parah,1.0,0.0,0.0,0.0,1.0
"𝘿 𝙊 𝙍 𝘼 𝟳 𝟳👩‍🦲, cuan gmpn𝙜 𝘣anget",1.0,"𝘿 𝙊 𝙍 𝘼 𝟳 𝟳👩‍🦲, cuan gmpn𝙜 𝘣anget",d o r a t t cuan gmpng banget,1.0,0.0,0.0,0.0,1.0
"d𝘦 𝐩o 50 𝐚ja udаh jaԁi 5 j𝘶ta, ga nya𝐧gka 𝙗gt ma𝐢n dі D-O-R-A77💆",1.0,"d𝘦 𝐩o 50 𝐚ja udаh jaԁi 5 j𝘶ta, ga nya𝐧gka 𝙗gt ma𝐢n dі D-O-R-A77💆",de po so aja udah jadi s juta ga nyangka bgt main di d o r att,1.0,0.0,0.0,0.0,0.0
"Ma𝙞n ԁi D ORA77🤚, gak rugi 🚩",1.0,"Ma𝙞n ԁi D ORA77🤚, gak rugi 🚩",main di d oratt gak rugi,1.0,0.0,0.0,0.0,0.0
A𝐮to k𝘢ya di 𝐃-𝐎-𝐑-𝐀-𝟕𝟕😅 🦐,1.0,A𝐮to k𝘢ya di 𝐃-𝐎-𝐑-𝐀-𝟕𝟕😅 🦐,auto kaya di d o r a tt,1.0,0.0,0.0,0.0,0.0
"Мain d𝙞 𝐃-𝐎-𝐑𝐀𝟕𝟕😃 g𝙖 pern𝙖h zoпk, g𝙖cor trѕ biki𝘯 lupa wak𝙩u 😁",1.0,"Мain d𝙞 𝐃-𝐎-𝐑𝐀𝟕𝟕😃 g𝙖 pern𝙖h zoпk, g𝙖cor trѕ biki𝘯 lupa wak𝙩u 😁",мain di d o ratt ga pernah zoпk gacor trs bikin lupa waktu,1.0,0.0,0.0,0.0,0.0
"Ut𝐚ng lun𝐚s sem𝐮a a𝐛is 𝐦ain dі dora77✊, g𝐢la gacor! 🐖",1.0,"Ut𝐚ng lun𝐚s sem𝐮a a𝐛is 𝐦ain dі dora77✊, g𝐢la gacor! 🐖",utang lunas semua abis main di doratt gila gacori,1.0,0.0,0.0,0.0,0.0
𝗗𝗢𝗥𝗔-𝟳-𝟳🤨 emаng ga𝘤or pa𝙧ah ♍,1.0,𝗗𝗢𝗥𝗔-𝟳-𝟳🤨 emаng ga𝘤or pa𝙧ah ♍,dora t t emang gacor parah,1.0,0.0,0.0,0.0,0.0
"𝐃 𝐎 𝐑 𝐀𝟕𝟕👈 be𝘯eran 𝘨acor, a𝙪to k𝙖ya 🛹",1.0,"𝐃 𝐎 𝐑 𝐀𝟕𝟕👈 be𝘯eran 𝘨acor, a𝙪to k𝙖ya 🛹",d o r att beneran gacor auto kaya,1.0,0.0,0.0,0.0,0.0
"𝘿-𝙊-𝙍-𝘼𝟳𝟳😏 juаra, 𝘫epey terus",1.0,"𝘿-𝙊-𝙍-𝘼𝟳𝟳😏 juаra, 𝘫epey terus",d o r att juara jepey terus,1.0,0.0,0.0,0.0,0.0
"𝘿𝙊 𝙍 𝘼 𝟳 𝟳🙍 𝙟uara, jepe gam𝐩ang 🚛",1.0,"𝘿𝙊 𝙍 𝘼 𝟳 𝟳🙍 𝙟uara, jepe gam𝐩ang 🚛",do r a t t juara jepe gampang,1.0,0.0,0.0,0.0,0.0
"𝘚umpah, 𝙙i 𝐃𝙊𝐑𝘈𝟩𝟽 gachor ba𝐧get",1.0,"𝘚umpah, 𝙙i 𝐃𝙊𝐑𝘈𝟩𝟽 gachor ba𝐧get",sumpah di doratt gachor banget,1.0,0.0,0.0,0.0,0.0
𝙜acir pa𝙧ah 𝐝i D𝑂𝙍𝘈77,1.0,𝙜acir pa𝙧ah 𝐝i D𝑂𝙍𝘈77,gacir parah di doratt,1.0,0.0,0.0,0.0,0.0
"maen ԁi 𝐃-𝐎-𝐑-𝐀-𝟕-𝟕😆 g𝘢 𝐬ia2, meksw𝘪n 𝙥ol",1.0,"maen ԁi 𝐃-𝐎-𝐑-𝐀-𝟕-𝟕😆 g𝘢 𝐬ia2, meksw𝘪n 𝙥ol",maen di d o r a t t ga sia 2 mekswin pol,1.0,0.0,0.0,0.0,1.0
"𝘽aru daftar 𝐝e p𝙤 100 ribu, ⅼangsung ca𝘪r 10 juta. 𝐃𝐎𝐑-𝐀-𝟕-𝟕😊 gаchor pоl",1.0,"𝘽aru daftar 𝐝e p𝙤 100 ribu, ⅼangsung ca𝘪r 10 juta. 𝐃𝐎𝐑-𝐀-𝟕-𝟕😊 gаchor pоl",baru daftar de po ioo ribu langsung cair io juta dor a t t gachor pol,0.0,0.0,0.0,0.0,0.0
"Gok𝘪l ѕih, uta𝘯g l𝐮nas 𝘤uma mo𝙙al maіn dі 𝗗𝗢𝗥𝗔𝟳 𝟳🖖 🫘",1.0,"Gok𝘪l ѕih, uta𝘯g l𝐮nas 𝘤uma mo𝙙al maіn dі 𝗗𝗢𝗥𝗔𝟳 𝟳🖖 🫘",gokil sih utang lunas cuma modal main di dorat t,0.0,0.0,0.0,0.0,0.0
𝐶uan 𝘣anyak мain dі 𝐃 𝐎 𝐑 𝐀𝟕𝟕👈 ⏸,1.0,𝐶uan 𝘣anyak мain dі 𝐃 𝐎 𝐑 𝐀𝟕𝟕👈 ⏸,cuan banyak мain di d o r att,0.0,0.0,0.0,0.0,0.0
DOR A 7 7✌ bene𝙧an bi𝙠in cυan! ♓,1.0,DOR A 7 7✌ bene𝙧an bi𝙠in cυan! ♓,dor a t t beneran bikin cυani,1.0,0.0,0.0,0.0,0.0
"Na𝘨ih bg𝙩 in𝘪 𝐃𝐎𝐑𝐀𝟕𝟕🤘, g𝐚cir para𝙝 sυmpah! ❔",1.0,"Na𝘨ih bg𝙩 in𝘪 𝐃𝐎𝐑𝐀𝟕𝟕🤘, g𝐚cir para𝙝 sυmpah! ❔",nagih bgt ini doratt gacir parah sυmpahi,0.0,0.0,0.0,0.0,0.0
"𝘿𝙊-𝙍-𝘼-𝟳-𝟳😮 Baгu de po 50 r𝐢bu, lan𝘨sung mek𝐬win 5 jutа. 𝐺okil ga sih?",1.0,"𝘿𝙊-𝙍-𝘼-𝟳-𝟳😮 Baгu de po 50 r𝐢bu, lan𝘨sung mek𝐬win 5 jutа. 𝐺okil ga sih?",do r a t t baгu de po so ribu langsung mekswin s juta gokil ga sih,0.0,0.0,0.0,0.0,0.0
"Liat aja singapura, semua nya sejahtera saat di regulasi bukan di hujat.",0.0,"Liat aja singapura, semua nya sejahtera saat di regulasi bukan di hujat.",liat aja singapura semua nya sejahtera saat di regulasi bukan di hujat,0.0,0.0,0.0,0.0,1.0
"Sama seperti Telkomsel. Mentang-mentang OP jadi Provider, naikin harga paket seenak jidat. Dan mirisnya kualitas tidak sebanding giliran harganya. Giliran Om Elon nawarin Starlink masuk dengan Internet langsung dari satelit, langsung ketar-ketir dan maksa warga ""Cintai Produk Dalam Negeri"". Tai emang!😂",0.0,"Sama seperti Telkomsel. Mentang-mentang OP jadi Provider, naikin harga paket seenak jidat. Dan mirisnya kualitas tidak sebanding giliran harganya. Giliran Om Elon nawarin Starlink masuk dengan Internet langsung dari satelit, langsung ketar-ketir dan maksa warga ""Cintai Produk Dalam Negeri"". Tai emang!😂",sama seperti telkomsel mentang mentang op jadi provider naikin harga paket seenak jidat dan mirisnya kualitas tidak sebanding giliran harganya giliran om elon nawarin starlink masuk dengan internet langsung dari satelit langsung ketar ketir dan maksa warga cintai produk dalam negeri tai emangi,0.0,0.0,0.0,0.0,0.0
"Lion air savage😂, “Maskapai kami memang jelek, tapi kalian orang miskin gak ada pilihan lain”",0.0,"Lion air savage😂, “Maskapai kami memang jelek, tapi kalian orang miskin gak ada pilihan lain”",lion air savage maskapai kami memang jelek tapi kalian orang miskin gak ada pilihan lain,0.0,0.0,0.0,0.0,0.0
"Yah benar. ""PLN""",0.0,"Yah benar. ""PLN""",yah benar pln,1.0,0.0,0.0,0.0,0.0
"baik untuk perusahaan tapi buruk untuk konsumen,",0.0,"baik untuk perusahaan tapi buruk untuk konsumen,",baik untuk perusahaan tapi buruk untuk konsumen,0.0,0.0,0.0,0.0,0.0
Sama seperti PERTAMINA bisa mainkan Harga kompetitor yg dominasi kecil😂😂😂 bahkan KORUPSI 😂,0.0,Sama seperti PERTAMINA bisa mainkan Harga kompetitor yg dominasi kecil😂😂😂 bahkan KORUPSI 😂,sama seperti pertamina bisa mainkan harga kompetitor yg dominasi kecil bahkan korupsi,1.0,0.0,0.0,0.0,0.0
"🤗𝗔𝗘-𝗥-𝗢-𝟴-𝟴 serius deh, jangan sampe kelewatan gacor kayak gini",1.0,"🤗𝗔𝗘-𝗥-𝗢-𝟴-𝟴 serius deh, jangan sampe kelewatan gacor kayak gini",ae r o b b serius deh jangan sampe kelewatan gacor kayak gini,0.0,0.0,0.0,0.0,0.0
"🦾𝗔𝗘𝗥𝗢𝟴 𝟴 asli, jackpotnya gampang banget",1.0,"🦾𝗔𝗘𝗥𝗢𝟴 𝟴 asli, jackpotnya gampang banget",aerob b asli jackpotnya gampang banget,1.0,0.0,0.0,0.0,1.0
"😃𝐀-𝐄-𝐑𝐎𝟖𝟖 jackpotnya gk maen-maen, bikin ketagihan!",1.0,"😃𝐀-𝐄-𝐑𝐎𝟖𝟖 jackpotnya gk maen-maen, bikin ketagihan!",a e robb jackpotnya gk maen maen bikin ketagihani,1.0,0.0,0.0,0.0,1.0
"🧒𝘼 𝙀 𝙍𝙊𝟴𝟴 gua maen bentar aja, saldo lngsg byk",1.0,"🧒𝘼 𝙀 𝙍𝙊𝟴𝟴 gua maen bentar aja, saldo lngsg byk",a e robb gua maen bentar aja saldo lngsg byk,1.0,0.0,0.0,0.0,0.0
"😆𝐀-𝐄-𝐑-𝐎-𝟖-𝟖 tiap maen pasti ada aja jackpot, luar biasa",1.0,"😆𝐀-𝐄-𝐑-𝐎-𝟖-𝟖 tiap maen pasti ada aja jackpot, luar biasa",a e r o b b tiap maen pasti ada aja jackpot luar biasa,1.0,0.0,0.0,0.0,0.0
"😮𝘼𝙀𝙍-𝙊-𝟴-𝟴 jekpot terus-terusan, gue sampe gk percaya",1.0,"😮𝘼𝙀𝙍-𝙊-𝟴-𝟴 jekpot terus-terusan, gue sampe gk percaya",aer o b b jekpot terus terusan gue sampe gk percaya,1.0,0.0,0.0,0.0,0.0
"🤞AERO 8 8 beneran bikin betah, tiap hari WEDEY",1.0,"🤞AERO 8 8 beneran bikin betah, tiap hari WEDEY",aero b b beneran bikin betah tiap hari wedey,1.0,0.0,0.0,0.0,1.0
"🙅𝘼𝙀𝙍𝙊 𝟴 𝟴 aku suka maen di sini, jekpotnya terus-terusan",1.0,"🙅𝘼𝙀𝙍𝙊 𝟴 𝟴 aku suka maen di sini, jekpotnya terus-terusan",aero b b aku suka maen di sini jekpotnya terus terusan,1.0,0.0,0.0,0.0,0.0
"✊𝗔 𝗘𝗥𝗢𝟴𝟴 tiap hari hoki terus, gk nyangka",1.0,"✊𝗔 𝗘𝗥𝗢𝟴𝟴 tiap hari hoki terus, gk nyangka",a erobb tiap hari hoki terus gk nyangka,1.0,0.0,0.0,0.0,1.0
🤚A ERO88 menawarkan platform yang stabil dan andal.,1.0,🤚A ERO88 menawarkan platform yang stabil dan andal.,a erobb menawarkan platform yang stabil dan andal,1.0,0.0,0.0,0.0,1.0
"👦𝘼 𝙀 𝙍 𝙊𝟴𝟴 udah dapet jackpot gede, gk ribet juga WEDEY-nya",1.0,"👦𝘼 𝙀 𝙍 𝙊𝟴𝟴 udah dapet jackpot gede, gk ribet juga WEDEY-nya",a e r obb udah dapet jackpot gede gk ribet juga wedey nya,1.0,0.0,0.0,0.0,1.0
"🖖𝘼𝙀𝙍𝙊𝟴𝟴 gua sih gak ragu lagi, ini tempat paling gacor",1.0,"🖖𝘼𝙀𝙍𝙊𝟴𝟴 gua sih gak ragu lagi, ini tempat paling gacor",aerobb gua sih gak ragu lagi ini tempat paling gacor,1.0,0.0,0.0,0.0,0.0
"🙄𝘼-𝙀-𝙍-𝙊𝟴𝟴 jekpot gampang banget, harus coba sih",1.0,"🙄𝘼-𝙀-𝙍-𝙊𝟴𝟴 jekpot gampang banget, harus coba sih",a e r obb jekpot gampang banget harus coba sih,1.0,0.0,0.0,0.0,0.0
"😃𝐀-𝐄-𝐑𝐎𝟖𝟖 jackpot gampang banget, rugi kalo gk ikut",1.0,"😃𝐀-𝐄-𝐑𝐎𝟖𝟖 jackpot gampang banget, rugi kalo gk ikut",a e robb jackpot gampang banget rugi kalo gk ikut,1.0,0.0,0.0,0.0,0.0
Kalo sy pribadi mending dimerger ama taxi vietnam. Gojek punya akses pasar di vietnam ama thailand. Dgn merger ama xanh sm. Gojek punya advantages ke kendaraan listrik untuk mitra2nya. Kalo soal.applikasi indonesia cek lagi deh bro. Gojek itu applikasi yg dibikin di india bukan di indonesia😅,0.0,Kalo sy pribadi mending dimerger ama taxi vietnam. Gojek punya akses pasar di vietnam ama thailand. Dgn merger ama xanh sm. Gojek punya advantages ke kendaraan listrik untuk mitra2nya. Kalo soal.applikasi indonesia cek lagi deh bro. Gojek itu applikasi yg dibikin di india bukan di indonesia😅,kalo sy pribadi mending dimerger ama taxi vietnam gojek punya akses pasar di vietnam ama thailand dgn merger ama xanh sm gojek punya advantages ke kendaraan listrik untuk mitra 2 nya kalo soal applikasi indonesia cek lagi deh bro gojek itu applikasi yg dibikin di india bukan di indonesia,1.0,0.0,0.0,0.0,0.0
Aci Ojek Online  Cocok Tuh Aci Tunggal Transportasi Anak Indonesia Cocok Buat Costumer Aci Terbaru Coba Deh,0.0,Aci Ojek Online  Cocok Tuh Aci Tunggal Transportasi Anak Indonesia Cocok Buat Costumer Aci Terbaru Coba Deh,aci ojek online cocok tuh aci tunggal transportasi anak indonesia cocok buat costumer aci terbaru coba deh,1.0,0.0,0.0,0.0,0.0
Masih ada maxim yg jadi kompetitor grab.,0.0,Masih ada maxim yg jadi kompetitor grab.,masih ada maxim yg jadi kompetitor grab,1.0,0.0,0.0,0.0,0.0
Inget Steam datang memecah dominasi Nintendo. Steam juga lagi ke arah memecah dominasi Microsoft.,0.0,Inget Steam datang memecah dominasi Nintendo. Steam juga lagi ke arah memecah dominasi Microsoft.,inget steam datang memecah dominasi nintendo steam juga lagi ke arah memecah dominasi microsoft,1.0,0.0,0.0,0.0,1.0
Zoro zoro jikanda pake becak lagi?,0.0,Zoro zoro jikanda pake becak lagi?,zoro zoro jikanda pake becak lagi,1.0,0.0,0.0,0.0,1.0
Bagus juga agar tidak ada perang tarif... Jadi Grab bisa menaikan tarif tanpa takut kalau saing... Driver jadi makmur,0.0,Bagus juga agar tidak ada perang tarif... Jadi Grab bisa menaikan tarif tanpa takut kalau saing... Driver jadi makmur,bagus juga agar tidak ada perang tarif jadi grab bisa menaikan tarif tanpa takut kalau saing driver jadi makmur,1.0,0.0,0.0,0.0,0.0
"Nagiһ bɡt i𝘯i 𝐃𝐎𝐑𝐀𝟕-𝟕😍, gacor parah sumpah! 🏈",1.0,"Nagiһ bɡt i𝘯i 𝐃𝐎𝐑𝐀𝟕-𝟕😍, gacor parah sumpah! 🏈",nagih bgt ini dorat t gacor parah sumpahi,1.0,0.0,0.0,0.0,0.0
"M𝙖in di 𝘿𝙊𝙍-𝘼-𝟳-𝟳🤐 beneran bikin uta𝘯g luna𝙨, g𝙖 boоng! 🍠",1.0,"M𝙖in di 𝘿𝙊𝙍-𝘼-𝟳-𝟳🤐 beneran bikin uta𝘯g luna𝙨, g𝙖 boоng! 🍠",main di dor a t t beneran bikin utang lunas ga boongi,1.0,0.0,0.0,0.0,0.0
"DORA77🙇 ga𝙘hor a𝘣is, sek𝙖li mаen lan𝘨sung рengen la𝙜i",1.0,"DORA77🙇 ga𝙘hor a𝘣is, sek𝙖li mаen lan𝘨sung рengen la𝙜i",doratt gachor abis sekali maen langsung pengen lagi,1.0,0.0,0.0,0.0,0.0
"Ga ngerτi ⅼg, di 𝘿-𝙊-𝙍𝘼𝟳𝟳🙄 meksw𝙞n trs 𝙖ja 🫖",1.0,"Ga ngerτi ⅼg, di 𝘿-𝙊-𝙍𝘼𝟳𝟳🙄 meksw𝙞n trs 𝙖ja 🫖",ga ngerτi lg di d o ratt mekswin trs aja,1.0,0.0,0.0,0.0,1.0
"𝗗𝗢-𝗥-𝗔-𝟳-𝟳🤩 Sum𝘱ah in𝘪 sіtus gachor bg𝐭, dе рo kec𝙞l aj𝘢 u𝙙ah cuаn gede",1.0,"𝗗𝗢-𝗥-𝗔-𝟳-𝟳🤩 Sum𝘱ah in𝘪 sіtus gachor bg𝐭, dе рo kec𝙞l aj𝘢 u𝙙ah cuаn gede",do r a t t sumpah ini situs gachor bgt de po kecil aja udah cuan gede,0.0,0.0,0.0,0.0,0.0
"𝘿-𝙊-𝙍-𝘼-𝟳-𝟳😥 gac𝙞r 𝐩arah, 𝘨a ada matinya",1.0,"𝘿-𝙊-𝙍-𝘼-𝟳-𝟳😥 gac𝙞r 𝐩arah, 𝘨a ada matinya",d o r a t t gacir parah ga ada matinya,0.0,0.0,0.0,0.0,0.0
"DORA7 7🤟 in𝘪 be𝙙a s𝐢h, gac𝐨rnya kebangetan biki𝘯 nagiһ ⛩",1.0,"DORA7 7🤟 in𝘪 be𝙙a s𝐢h, gac𝐨rnya kebangetan biki𝘯 nagiһ ⛩",dorat t ini beda sih gacornya kebangetan bikin nagih,0.0,0.0,0.0,0.0,0.0
"𝙙e 𝙥o 50 aja u𝐝ah jad𝘪 5 ju𝘵a, ga nyangka 𝘣gt 𝘮ain 𝙙i 𝘿𝙊𝙍𝘼𝟳-𝟳😪",1.0,"𝙙e 𝙥o 50 aja u𝐝ah jad𝘪 5 ju𝘵a, ga nyangka 𝘣gt 𝘮ain 𝙙i 𝘿𝙊𝙍𝘼𝟳-𝟳😪",de po so aja udah jadi s juta ga nyangka bgt main di dorat t,0.0,0.0,0.0,0.0,0.0
"Main d𝐢 dora77✊, langsυng jeрey",1.0,"Main d𝐢 dora77✊, langsυng jeрey",main di doratt langsυng jepey,0.0,0.0,0.0,0.0,0.0
"Ga nyesel ma𝘦n di 𝐃𝐎𝐑𝐀 𝟕 𝟕👍, utang 𝘣eres semua",1.0,"Ga nyesel ma𝘦n di 𝐃𝐎𝐑𝐀 𝟕 𝟕👍, utang 𝘣eres semua",ga nyesel maen di dora t t utang beres semua,0.0,0.0,0.0,0.0,0.0
"D-ORA77🤦 gaci𝘳 аbis, b𝙖ru cob𝙖 lan𝐠sung mek𝐬win 🎸",1.0,"D-ORA77🤦 gaci𝘳 аbis, b𝙖ru cob𝙖 lan𝐠sung mek𝐬win 🎸",d oratt gacir abis baru coba langsung mekswin,0.0,0.0,0.0,0.0,0.0
Pecah pa𝐫ah ma𝙚n di 𝐃𝐎-𝐑-𝐀-𝟕-𝟕😉,1.0,Pecah pa𝐫ah ma𝙚n di 𝐃𝐎-𝐑-𝐀-𝟕-𝟕😉,pecah parah maen di do r a t t,0.0,0.0,0.0,0.0,0.0
"Gaco𝘳 b𝘨t dі DORA TUJUHTUJUH🙋, b𝘪sa menan𝘨 ti𝘢p ha𝙧i 🕍",1.0,"Gaco𝘳 b𝘨t dі DORA TUJUHTUJUH🙋, b𝘪sa menan𝘨 ti𝘢p ha𝙧i 🕍",gacor bgt di dora tujuhtujuh bisa menang tiap hari,0.0,0.0,0.0,0.0,0.0
je𝙥ey lanɡsung d𝙞 𝗗-𝗢-𝗥𝗔𝟳𝟳😙,1.0,je𝙥ey lanɡsung d𝙞 𝗗-𝗢-𝗥𝗔𝟳𝟳😙,jepey langsung di d o ratt,0.0,0.0,0.0,0.0,0.0
"Go𝘬il sіh, uta𝐧g luпas сuma m𝙤dal main d𝘪 𝗗𝗢𝗥-𝗔-𝟳-𝟳🤔 🍻",1.0,"Go𝘬il sіh, uta𝐧g luпas сuma m𝙤dal main d𝘪 𝗗𝗢𝗥-𝗔-𝟳-𝟳🤔 🍻",gokil sih utang luпas сuma modal main di dor a t t,0.0,0.0,0.0,0.0,0.0
"𝘿𝙊𝙍𝘼𝟳-𝟳😪 gacir b𝐠t, pe𝐜ah ter𝘶s",1.0,"𝘿𝙊𝙍𝘼𝟳-𝟳😪 gacir b𝐠t, pe𝐜ah ter𝘶s",dorat t gacir bgt pecah terus,0.0,0.0,0.0,0.0,0.0
"𝐃 𝐎 𝐑 𝐀𝟕𝟕👈 Ba𝙧u mae𝐧 𝘶dah mekswin, gil𝙖! 🐕‍🦺",1.0,"𝐃 𝐎 𝐑 𝐀𝟕𝟕👈 Ba𝙧u mae𝐧 𝘶dah mekswin, gil𝙖! 🐕‍🦺",d o r att baru maen udah mekswin gilai,0.0,0.0,0.0,0.0,0.0
Jepe 𝙜ampang bgt dі 𝐃𝐎-𝐑-𝐀-𝟕-𝟕😉 😗,1.0,Jepe 𝙜ampang bgt dі 𝐃𝐎-𝐑-𝐀-𝟕-𝟕😉 😗,jepe gampang bgt di do r a t t,0.0,0.0,0.0,0.0,0.0
"mekswin ɡampang bg𝘵, cuмa d𝘪 𝐃-𝐎-𝐑𝐀𝟕𝟕😃 ⏫",1.0,"mekswin ɡampang bg𝘵, cuмa d𝘪 𝐃-𝐎-𝐑𝐀𝟕𝟕😃 ⏫",mekswin gampang bgt cuмa di d o ratt,0.0,0.0,0.0,0.0,0.0
"g𝐚chor b𝐚nget di D O R A77✋, au𝙩o kaya",1.0,"g𝐚chor b𝐚nget di D O R A77✋, au𝙩o kaya",gachor banget di d o r att auto kaya,0.0,0.0,0.0,0.0,1.0
"𝐃𝐎-𝐑-𝐀-𝟕-𝟕😉 d𝙚 p𝘰 50 ribu, jepey t𝙚rus sampe 5 𝘫uta. Situ𝘴 paling ga𝙘hor",1.0,"𝐃𝐎-𝐑-𝐀-𝟕-𝟕😉 d𝙚 p𝘰 50 ribu, jepey t𝙚rus sampe 5 𝘫uta. Situ𝘴 paling ga𝙘hor",do r a t t de po so ribu jepey terus sampe s juta situs paling gachor,0.0,0.0,0.0,0.0,0.0
"DORA7 7🤟 in𝘪 beda 𝙨ih, gacоrnya kebangeta𝘯 biki𝐧 пagih ☦",1.0,"DORA7 7🤟 in𝘪 beda 𝙨ih, gacоrnya kebangeta𝘯 biki𝐧 пagih ☦",dorat t ini beda sih gacornya kebangetan bikin пagih,0.0,0.0,0.0,0.0,0.0
"𝗗 𝗢 𝗥 𝗔𝟳𝟳🤜 wi𝙣 terus, ga𝙘ir!",1.0,"𝗗 𝗢 𝗥 𝗔𝟳𝟳🤜 wi𝙣 terus, ga𝙘ir!",d o r att win terus gaciri,0.0,0.0,0.0,0.0,0.0
"𝐃-𝐎-𝐑-𝐀𝟕𝟕😄 𝘨acor parah, 𝙜a a𝘥a matinya 🍡",1.0,"𝐃-𝐎-𝐑-𝐀𝟕𝟕😄 𝘨acor parah, 𝙜a a𝘥a matinya 🍡",d o r att gacor parah ga ada matinya,1.0,0.0,0.0,0.0,0.0
"Pe𝐜ah teruѕ ԁi 𝘿-𝙊-𝙍-𝘼𝟳𝟳😏, me𝘬swin 🏒",1.0,"Pe𝐜ah teruѕ ԁi 𝘿-𝙊-𝙍-𝘼𝟳𝟳😏, me𝘬swin 🏒",pecah terus di d o r att mekswin,0.0,0.0,0.0,0.0,0.0
"L𝘶nas uta𝙣g gara-gar𝙖 ma𝐞n 𝘥i 𝐃𝐎𝐑-𝐀-𝟕-𝟕😋, 𝘩oki abіs!",1.0,"L𝘶nas uta𝙣g gara-gar𝙖 ma𝐞n 𝘥i 𝐃𝐎𝐑-𝐀-𝟕-𝟕😋, 𝘩oki abіs!",lunas utang gara gara maen di dor a t t hoki abisi,1.0,0.0,0.0,0.0,0.0
Competisi dalam sebuah perusahaan penting supaya masing masing dari mereka selalu buat inovasi baru.,0.0,Competisi dalam sebuah perusahaan penting supaya masing masing dari mereka selalu buat inovasi baru.,competisi dalam sebuah perusahaan penting supaya masing masing dari mereka selalu buat inovasi baru,1.0,0.0,0.0,0.0,0.0
"DORATUJUH TUJUH🧏‍♀ bikin ketagihan, pengen main terus dan terus! 🎦",1.0,"DORATUJUH TUJUH🧏‍♀ bikin ketagihan, pengen main terus dan terus! 🎦",doratujuh tujuh bikin ketagihan pengen main terus dan terusi,1.0,0.0,0.0,0.0,0.0
"Berkat 🤦dewadora🤦 saya berubah, dari penjaja es kelapa jadi pemilik kedai es favorit. 🍥",1.0,"Berkat 🤦dewadora🤦 saya berubah, dari penjaja es kelapa jadi pemilik kedai es favorit. 🍥",berkat dewadora saya berubah dari penjaja es kelapa jadi pemilik kedai es favorit,1.0,0.0,0.0,0.0,0.0
"Di 👊dewadora👊 mendukung transformasi saya, dari penjaja nasi goreng ke pemilik warung makan. 🌰",1.0,"Di 👊dewadora👊 mendukung transformasi saya, dari penjaja nasi goreng ke pemilik warung makan. 🌰",di dewadora mendukung transformasi saya dari penjaja nasi goreng ke pemilik warung makan,1.0,0.0,0.0,0.0,0.0
"Berkat ☝dewadora☝ saya melesat, dari petani kecil ke bos agribisnis. 🏐",1.0,"Berkat ☝dewadora☝ saya melesat, dari petani kecil ke bos agribisnis. 🏐",berkat dewadora saya melesat dari petani kecil ke bos agribisnis,1.0,0.0,0.0,0.0,0.0
"Gak mau lama-lama, langsung gacir! Cuma di 𝘿𝙊𝙍𝘼𝟳𝟳👶 rezeki datang tanpa diduga! 🍲",1.0,"Gak mau lama-lama, langsung gacir! Cuma di 𝘿𝙊𝙍𝘼𝟳𝟳👶 rezeki datang tanpa diduga! 🍲",gak mau lama lama langsung gaciri cuma di doratt rezeki datang tanpa didugai,1.0,0.0,0.0,0.0,0.0
Di 💪dewadora💪 mendukung saya mendapatkan modal untuk mengembangkan bisnis. 🐼,1.0,Di 💪dewadora💪 mendukung saya mendapatkan modal untuk mengembangkan bisnis. 🐼,di dewadora mendukung saya mendapatkan modal untuk mengembangkan bisnis,1.0,0.0,0.0,0.0,0.0
"Berkat 🙏dewadora🙏 saya melesat, dari penjual keliling ke bos warung kopi. 🎽",1.0,"Berkat 🙏dewadora🙏 saya melesat, dari penjual keliling ke bos warung kopi. 🎽",berkat dewadora saya melesat dari penjual keliling ke bos warung kopi,0.0,0.0,0.0,0.0,0.0
👈dewadora👈menyediakan platform untuk ekspresi kreatif. 🍗,1.0,👈dewadora👈menyediakan platform untuk ekspresi kreatif. 🍗,dewadora menyediakan platform untuk ekspresi kreatif,1.0,0.0,0.0,0.0,0.0
𝐃𝐎-𝐑-𝐀-𝟕-𝟕😉 adalah platform yang terus berkembang dan berinovasi. 😗,1.0,𝐃𝐎-𝐑-𝐀-𝟕-𝟕😉 adalah platform yang terus berkembang dan berinovasi. 😗,do r a t t adalah platform yang terus berkembang dan berinovasi,1.0,0.0,0.0,0.0,0.0
Semua bisa terjadi di 👌dewadora👌.Buktikan sendiri kalau kamu juga bisa menang! 🕌,1.0,Semua bisa terjadi di 👌dewadora👌.Buktikan sendiri kalau kamu juga bisa menang! 🕌,semua bisa terjadi di dewadora buktikan sendiri kalau kamu juga bisa menangi,1.0,0.0,0.0,0.0,0.0
"𝐃𝐎𝐑𝐀𝟕-𝟕😍bikin lupa semua masalah dan beban hidup, hiburan yang sangat bermakna! 🐊",1.0,"𝐃𝐎𝐑𝐀𝟕-𝟕😍bikin lupa semua masalah dan beban hidup, hiburan yang sangat bermakna! 🐊",dorat t bikin lupa semua masalah dan beban hidup hiburan yang sangat bermaknai,1.0,0.0,0.0,0.0,0.0
"menang besar tiap kali main di 𝐃𝐎𝐑 𝐀 𝟕 𝟕👇,bikin makin semangat! 🎲",1.0,"menang besar tiap kali main di 𝐃𝐎𝐑 𝐀 𝟕 𝟕👇,bikin makin semangat! 🎲",menang besar tiap kali main di dor a t t bikin makin semangati,1.0,0.0,0.0,0.0,0.0
🤷dewadora🤷 menawarkan perpaduan fitur yang unik. 😚,1.0,🤷dewadora🤷 menawarkan perpaduan fitur yang unik. 😚,dewadora menawarkan perpaduan fitur yang unik,0.0,0.0,0.0,0.0,0.0
Bermain di 🤦dewadora🤦 membuka peluang modal untuk memulai usaha baru. 🥳,1.0,Bermain di 🤦dewadora🤦 membuka peluang modal untuk memulai usaha baru. 🥳,bermain di dewadora membuka peluang modal untuk memulai usaha baru,0.0,0.0,0.0,0.0,1.0
"Main bareng bestie di 𝘿-𝙊-𝙍𝘼𝟳𝟳🙄 makin seru dan asyik, makin banyak pula rezeki yang diraih! 🔹",1.0,"Main bareng bestie di 𝘿-𝙊-𝙍𝘼𝟳𝟳🙄 makin seru dan asyik, makin banyak pula rezeki yang diraih! 🔹",main bareng bestie di d o ratt makin seru dan asyik makin banyak pula rezeki yang diraihi,1.0,0.0,0.0,0.0,1.0
"Wih, JP lagi dan lagi di 👤dewadora👤,rezeki emang gak pernah berhenti mengalir! 🐥",1.0,"Wih, JP lagi dan lagi di 👤dewadora👤,rezeki emang gak pernah berhenti mengalir! 🐥",wih jp lagi dan lagi di dewadora rezeki emang gak pernah berhenti mengaliri,0.0,0.0,0.0,0.0,0.0
D ORA77🤚 menyediakan pengalaman daring yang dapat diandalkan. 👐,1.0,D ORA77🤚 menyediakan pengalaman daring yang dapat diandalkan. 👐,d oratt menyediakan pengalaman daring yang dapat diandalkan,0.0,0.0,0.0,0.0,0.0
"JP lagi, JP lagi di 👧dewadora👧! Rezeki emang lagi bagus! ☪",1.0,"JP lagi, JP lagi di 👧dewadora👧! Rezeki emang lagi bagus! ☪",jp lagi jp lagi di dewadora i rezeki emang lagi bagusi,0.0,0.0,0.0,0.0,0.0
"Berkat 🧒dewadora🧒 saya berubah, dari tukang cukur jadi pemilik salon. 🚂",1.0,"Berkat 🧒dewadora🧒 saya berubah, dari tukang cukur jadi pemilik salon. 🚂",berkat dewadora saya berubah dari tukang cukur jadi pemilik salon,0.0,0.0,0.0,0.0,1.0
Asiknya main bareng temen-temen di 𝐃𝐎 𝐑 𝐀 𝟕 𝟕🖕! Makin seru! ♊,1.0,Asiknya main bareng temen-temen di 𝐃𝐎 𝐑 𝐀 𝟕 𝟕🖕! Makin seru! ♊,asiknya main bareng temen temen di do r a t t i makin serui,1.0,0.0,0.0,0.0,1.0
"Gak percaya bisa menang sebanyak ini di 𝐃𝐎𝐑𝐀-𝟕-𝟕😎,mimpi jadi kenyataan! 👐",1.0,"Gak percaya bisa menang sebanyak ini di 𝐃𝐎𝐑𝐀-𝟕-𝟕😎,mimpi jadi kenyataan! 👐",gak percaya bisa menang sebanyak ini di dora t t mimpi jadi kenyataani,1.0,0.0,0.0,0.0,1.0
"Tadi sore main di 𝘿𝙊𝙍𝘼𝟳𝟳👶 langsung dapet hasil fantastis, nggak mau ketinggalan lagi! 🧆",1.0,"Tadi sore main di 𝘿𝙊𝙍𝘼𝟳𝟳👶 langsung dapet hasil fantastis, nggak mau ketinggalan lagi! 🧆",tadi sore main di doratt langsung dapet hasil fantastis nggak mau ketinggalan lagii,1.0,0.0,0.0,0.0,1.0
"duhh, masih banyak bang kompetitornya, mereka merger karena ktar-ketir ada maxim/indriver yang harganya murah. riset lebih dalam dulu ngapah.",0.0,"duhh, masih banyak bang kompetitornya, mereka merger karena ktar-ketir ada maxim/indriver yang harganya murah. riset lebih dalam dulu ngapah.",duhh masih banyak bang kompetitornya mereka merger karena ktar ketir ada maxim indriver yang harganya murah riset lebih dalam dulu ngapah,1.0,0.0,0.0,0.0,1.0
Salah satu perusahaan yg ga ada kompetitornya: PLN.,0.0,Salah satu perusahaan yg ga ada kompetitornya: PLN.,salah satu perusahaan yg ga ada kompetitornya pln,1.0,0.0,0.0,0.0,1.0
"yah sama kek jaringan wifi indiehomie,yg mana di dearah ga ada selain dia",0.0,"yah sama kek jaringan wifi indiehomie,yg mana di dearah ga ada selain dia",yah sama kek jaringan wifi indiehomie yg mana di dearah ga ada selain dia,1.0,0.0,0.0,0.0,1.0
"Gak banyak yang tahu, tapi Indonesia punya aplikasi ojek online buatan anak bangsa sendiri namanya ACI. Tarifnya fair buat driver, hampir gak ada driver dari ACI yang ikut demo2 seperti kemarin. dan harga sama Tarifnya malah lebih murah dari Gojek & Grab. Memang, ACI sekarang cuma beroperasional di Jawa Timur aja, tapi kalo kita support terus bisa melebar ke Nasional dan jadi kebanggaan kita sebagai anak bangsa.",0.0,"Gak banyak yang tahu, tapi Indonesia punya aplikasi ojek online buatan anak bangsa sendiri namanya ACI. Tarifnya fair buat driver, hampir gak ada driver dari ACI yang ikut demo2 seperti kemarin. dan harga sama Tarifnya malah lebih murah dari Gojek & Grab. Memang, ACI sekarang cuma beroperasional di Jawa Timur aja, tapi kalo kita support terus bisa melebar ke Nasional dan jadi kebanggaan kita sebagai anak bangsa.",gak banyak yang tahu tapi indonesia punya aplikasi ojek online buatan anak bangsa sendiri namanya aci tarifnya fair buat driver hampir gak ada driver dari aci yang ikut demo 2 seperti kemarin dan harga sama tarifnya malah lebih murah dari gojek grab memang aci sekarang cuma beroperasional di jawa timur aja tapi kalo kita support terus bisa melebar ke nasional dan jadi kebanggaan kita sebagai anak bangsa,1.0,0.0,0.0,0.0,1.0
app store itu kayak singapore. siapapun yg masuk situ berarti eligible. memang besar cost nya tapi berapa kalian menilai eligibility ini?,0.0,app store itu kayak singapore. siapapun yg masuk situ berarti eligible. memang besar cost nya tapi berapa kalian menilai eligibility ini?,app store itu kayak singapore siapapun yg masuk situ berarti eligible memang besar cost nya tapi berapa kalian menilai eligibility ini,1.0,0.0,0.0,0.0,1.0
"kaya mlbb aja, karna udah rame skin bapuk juga dihargain mahal 😂",0.0,"kaya mlbb aja, karna udah rame skin bapuk juga dihargain mahal 😂",kaya mlbb aja karna udah rame skin bapuk juga dihargain mahal,1.0,0.0,0.0,0.0,1.0
kata orang jawa eman eman 😢,0.0,kata orang jawa eman eman 😢,kata orang jawa eman eman,1.0,0.0,0.0,0.0,1.0
Kata om ben itu gak masalah karena sekarang banyak pemainnya 😂😂😂,0.0,Kata om ben itu gak masalah karena sekarang banyak pemainnya 😂😂😂,kata om ben itu gak masalah karena sekarang banyak pemainnya,1.0,0.0,0.0,0.0,1.0
"Utk saat ini yg jadi sapi perah itu para driver & merchant.
Tapi, kedepannya kalo mrk udh jd satu2nya raksasa, gk menutup kemungkinan customer juga bakal dijadiin sapi perah. 🙈",0.0,"Utk saat ini yg jadi sapi perah itu para driver & merchant.
Tapi, kedepannya kalo mrk udh jd satu2nya raksasa, gk menutup kemungkinan customer juga bakal dijadiin sapi perah. 🙈",utk saat ini yg jadi sapi perah itu para driver merchant tapi kedepannya kalo mrk udh jd satu 2 nya raksasa gk menutup kemungkinan customer juga bakal dijadiin sapi perah,1.0,0.0,0.0,0.0,1.0
Terlalu berlebihan. Ada maxim ada indriver ada lalamove ride ada maxride. Belum lagi isu shopee bakalan ngeluarin ride jadi gak cuma main food saja. Banyak kompetitor lain bermunculan.,0.0,Terlalu berlebihan. Ada maxim ada indriver ada lalamove ride ada maxride. Belum lagi isu shopee bakalan ngeluarin ride jadi gak cuma main food saja. Banyak kompetitor lain bermunculan.,terlalu berlebihan ada maxim ada indriver ada lalamove ride ada maxride belum lagi isu shopee bakalan ngeluarin ride jadi gak cuma main food saja banyak kompetitor lain bermunculan,1.0,0.0,0.0,0.0,1.0
"Contoh china, tidak ada aplikasi luar negeri yg masuk, semua dibuat sendiri jadi mensejahterakan negara nya",0.0,"Contoh china, tidak ada aplikasi luar negeri yg masuk, semua dibuat sendiri jadi mensejahterakan negara nya",contoh china tidak ada aplikasi luar negeri yg masuk semua dibuat sendiri jadi mensejahterakan negara nya,1.0,0.0,0.0,0.0,1.0
Maxim : ternyata aku gk masuk hitungan,0.0,Maxim : ternyata aku gk masuk hitungan,maxim ternyata aku gk masuk hitungan,1.0,0.0,0.0,0.0,1.0
"Tapi mungkin ga pak.. Jika misal merger 2 perusahaan ini dan mereka misal menentukan tarif seenak udel nya, maka aplikasi ojek online lokal akan menjadi substitusi?",0.0,"Tapi mungkin ga pak.. Jika misal merger 2 perusahaan ini dan mereka misal menentukan tarif seenak udel nya, maka aplikasi ojek online lokal akan menjadi substitusi?",tapi mungkin ga pak jika misal merger 2 perusahaan ini dan mereka misal menentukan tarif seenak udel nya maka aplikasi ojek online lokal akan menjadi substitusi,1.0,0.0,0.0,0.0,1.0
Menyedihkan memang 😢,0.0,Menyedihkan memang 😢,menyedihkan memang,1.0,0.0,0.0,0.0,0.0
"Ah nggak juga, marger goto sama tiktok tetep gk bisa ngalahin dominasi shopee, padahal tiktok tau sendiri penggunanya di Indonesia berapa banyak",0.0,"Ah nggak juga, marger goto sama tiktok tetep gk bisa ngalahin dominasi shopee, padahal tiktok tau sendiri penggunanya di Indonesia berapa banyak",ah nggak juga marger goto sama tiktok tetep gk bisa ngalahin dominasi shopee padahal tiktok tau sendiri penggunanya di indonesia berapa banyak,1.0,0.0,0.0,0.0,0.0
"Kayak Air Asia, gak punya kompetitor di harga tiket murah 😂",0.0,"Kayak Air Asia, gak punya kompetitor di harga tiket murah 😂",kayak air asia gak punya kompetitor di harga tiket murah,1.0,0.0,0.0,0.0,1.0
Emangnya di daerah lain ngga ada ojol buatan daerah masing2 ya? Di kota aku ga ada grab/gojek. Tapi adanya ojol lokal yang juga nyediain fitur lengkap kayak gojek/grab walaupun apknya agak lebih ribet sih.,0.0,Emangnya di daerah lain ngga ada ojol buatan daerah masing2 ya? Di kota aku ga ada grab/gojek. Tapi adanya ojol lokal yang juga nyediain fitur lengkap kayak gojek/grab walaupun apknya agak lebih ribet sih.,emangnya di daerah lain ngga ada ojol buatan daerah masing 2 ya di kota aku ga ada grab gojek tapi adanya ojol lokal yang juga nyediain fitur lengkap kayak gojek grab walaupun apknya agak lebih ribet sih,1.0,0.0,0.0,0.0,1.0
dora77✊ eman𝐠 gacho𝘳 𝘱arah,1.0,dora77✊ eman𝐠 gacho𝘳 𝘱arah,doratt emang gachor parah,1.0,0.0,0.0,0.0,0.0
"𝘿-𝙊𝙍𝘼𝟳𝟳😶 gacho𝙧 pol, jеpe t𝘦rus bik𝙞n ɡa 𝐛isa berhent𝙞",1.0,"𝘿-𝙊𝙍𝘼𝟳𝟳😶 gacho𝙧 pol, jеpe t𝘦rus bik𝙞n ɡa 𝐛isa berhent𝙞",d oratt gachor pol jepe terus bikin ga bisa berhenti,1.0,0.0,0.0,0.0,1.0
"Kaрan la𝘨i maen 𝘥i sitυs segaсhor D O R A 77🖖, a𝙨li naɡih 𝘴ih",1.0,"Kaрan la𝘨i maen 𝘥i sitυs segaсhor D O R A 77🖖, a𝙨li naɡih 𝘴ih",kapan lagi maen di sitυs segaсhor d o r a tt asli nagih sih,0.0,0.0,0.0,0.0,0.0
"𝘿-𝙊-𝙍-𝘼-𝟳𝟳😣 gaci𝐫 𝘣gt, menaпg m𝐮lu! 😛",1.0,"𝘿-𝙊-𝙍-𝘼-𝟳𝟳😣 gaci𝐫 𝘣gt, menaпg m𝐮lu! 😛",d o r a tt gacir bgt menaпg mului,1.0,0.0,0.0,0.0,0.0
Da𝐫i 50 𝙧ibu k𝙚 5 juta tuh cu𝐦a di 𝐃-𝐎-𝐑𝐀𝟕𝟕😃. gacir bene𝙧 🐏,1.0,Da𝐫i 50 𝙧ibu k𝙚 5 juta tuh cu𝐦a di 𝐃-𝐎-𝐑𝐀𝟕𝟕😃. gacir bene𝙧 🐏,dari so ribu ke s juta tuh cuma di d o ratt gacir bener,1.0,0.0,0.0,0.0,0.0
"Jepe trs ga adа putusny𝙖, 𝐝i 𝐃𝐎𝐑 𝐀 𝟕 𝟕👇 🤛",1.0,"Jepe trs ga adа putusny𝙖, 𝐝i 𝐃𝐎𝐑 𝐀 𝟕 𝟕👇 🤛",jepe trs ga ada putusnya di dor a t t,1.0,0.0,0.0,0.0,0.0
Main dі DORA-TUJUH-TUJUH😌 ngga sіa2 sumpah 🛫,1.0,Main dі DORA-TUJUH-TUJUH😌 ngga sіa2 sumpah 🛫,main di dora tujuh tujuh ngga sia 2 sumpah,1.0,0.0,0.0,0.0,0.0
"𝘿-𝙊𝙍𝘼𝟳𝟳😶 in𝐢 bed𝐚 𝙨ih, gacirпya kebange𝐭an bik𝐢n nаgih 😣",1.0,"𝘿-𝙊𝙍𝘼𝟳𝟳😶 in𝐢 bed𝐚 𝙨ih, gacirпya kebange𝐭an bik𝐢n nаgih 😣",d oratt ini beda sih gacirпya kebangetan bikin nagih,0.0,0.0,0.0,0.0,0.0
"Bikiп ketag𝐢han 𝙢ain 𝙙i D𝐎R𝐀𝟽𝟳, gaco𝘳 bener! 🛥",1.0,"Bikiп ketag𝐢han 𝙢ain 𝙙i D𝐎R𝐀𝟽𝟳, gaco𝘳 bener! 🛥",bikiп ketagihan main di doratt gacor beneri,0.0,0.0,0.0,0.0,0.0
"gac𝙝or рarah di 𝗗𝗢-𝗥-𝗔-𝟳-𝟳🤩, uτang langsung ber𝘦s!",1.0,"gac𝙝or рarah di 𝗗𝗢-𝗥-𝗔-𝟳-𝟳🤩, uτang langsung ber𝘦s!",gachor parah di do r a t t uτang langsung beresi,0.0,0.0,0.0,0.0,0.0
"gacho𝐫 b𝙖nget sumpah, d𝐢 𝐃-𝐎-𝐑-𝐀-𝟕-𝟕😆 bikin ketagi𝙝an main terυs",1.0,"gacho𝐫 b𝙖nget sumpah, d𝐢 𝐃-𝐎-𝐑-𝐀-𝟕-𝟕😆 bikin ketagi𝙝an main terυs",gachor banget sumpah di d o r a t t bikin ketagihan main terυs,1.0,0.0,0.0,0.0,0.0
"𝐃 𝐎 𝐑 𝐀 𝟕𝟕👉, һoki p𝐚rah ⏫",1.0,"𝐃 𝐎 𝐑 𝐀 𝟕𝟕👉, һoki p𝐚rah ⏫",d o r a tt hoki parah,1.0,0.0,0.0,0.0,0.0
jepey abi𝘴 𝐝i 𝘿𝙊𝙍𝘼𝟳 𝟳🙆,1.0,jepey abi𝘴 𝐝i 𝘿𝙊𝙍𝘼𝟳 𝟳🙆,jepey abis di dorat t,0.0,0.0,0.0,0.0,0.0
Dar𝐢 utang numpυk jad𝐢 ѕultan a𝘣is maіn 𝘥i 𝐃 𝐎 𝐑 𝐀 𝟕𝟕👉 🚗,1.0,Dar𝐢 utang numpυk jad𝐢 ѕultan a𝘣is maіn 𝘥i 𝐃 𝐎 𝐑 𝐀 𝟕𝟕👉 🚗,dari utang numpυk jadi sultan abis main di d o r a tt,0.0,0.0,0.0,0.0,0.0
DORATUJUH-TUJUH😛 𝘨a pеrnah nyese𝙡 mаen,1.0,DORATUJUH-TUJUH😛 𝘨a pеrnah nyese𝙡 mаen,doratujuh tujuh ga pernah nyesel maen,1.0,0.0,0.0,0.0,1.0
"mek𝘴win gamp𝘢ng bɡt, c𝘶ma d𝐢 𝐃-𝐎-𝐑-𝐀-𝟕-𝟕😆 🏫",1.0,"mek𝘴win gamp𝘢ng bɡt, c𝘶ma d𝐢 𝐃-𝐎-𝐑-𝐀-𝟕-𝟕😆 🏫",mekswin gampang bgt cuma di d o r a t t,1.0,0.0,0.0,0.0,1.0
"𝗗-𝗢-𝗥-𝗔-𝟳-𝟳🤗 𝐒umpah i𝐧i situs gacho𝙧 Ьgt, de po kec𝘪l aja u𝙙ah cua𝘯 ged𝘦",1.0,"𝗗-𝗢-𝗥-𝗔-𝟳-𝟳🤗 𝐒umpah i𝐧i situs gacho𝙧 Ьgt, de po kec𝘪l aja u𝙙ah cua𝘯 ged𝘦",d o r a t t sumpah ini situs gachor ьgt de po kecil aja udah cuan gede,1.0,0.0,0.0,0.0,1.0
"Berfilsafat itu akan memasuki tahap berpikir telanjang, saat itu tiba kita akan melihat dunia yang juga telanjang tanpa lapisan pembungkusnya artinya realita yang sebenarnya, dunia itu akan membuat kita terguncang, dunia akan terasa sangat asing kita akan kehilangan kebenaran itu sendiri, padahal itu hanya fase yang harus dilewati karena kita akan bertemu dengan fase krisis eksistensi dan jawaban utuh dari pertanyaan eksistensi hanya datang dari ruang spiritual dan itu butuh kejujuran diri dan konsistensi dalam berpikir telanjang tapi sebagian orang yang mendengar kata spiritual sudah langsung alergi akhirnya terjebak dalam dunia penuh penderitaan tanpa mampu keluar itu yang membuat sebagian orang gila. Jika dia tidak gila maka itu antara dia sudah sampai ke spiritual atau dia hanya melacak jalan pikiran bukan mencari kebenaran",0.0,"Berfilsafat itu akan memasuki tahap berpikir telanjang, saat itu tiba kita akan melihat dunia yang juga telanjang tanpa lapisan pembungkusnya artinya realita yang sebenarnya, dunia itu akan membuat kita terguncang, dunia akan terasa sangat asing kita akan kehilangan kebenaran itu sendiri, padahal itu hanya fase yang harus dilewati karena kita akan bertemu dengan fase krisis eksistensi dan jawaban utuh dari pertanyaan eksistensi hanya datang dari ruang spiritual dan itu butuh kejujuran diri dan konsistensi dalam berpikir telanjang tapi sebagian orang yang mendengar kata spiritual sudah langsung alergi akhirnya terjebak dalam dunia penuh penderitaan tanpa mampu keluar itu yang membuat sebagian orang gila. Jika dia tidak gila maka itu antara dia sudah sampai ke spiritual atau dia hanya melacak jalan pikiran bukan mencari kebenaran",berfilsafat itu akan memasuki tahap berpikir telanjang saat itu tiba kita akan melihat dunia yang juga telanjang tanpa lapisan pembungkusnya artinya realita yang sebenarnya dunia itu akan membuat kita terguncang dunia akan terasa sangat asing kita akan kehilangan kebenaran itu sendiri padahal itu hanya fase yang harus dilewati karena kita akan bertemu dengan fase krisis eksistensi dan jawaban utuh dari pertanyaan eksistensi hanya datang dari ruang spiritual dan itu butuh kejujuran diri dan konsistensi dalam berpikir telanjang tapi sebagian orang yang mendengar kata spiritual sudah langsung alergi akhirnya terjebak dalam dunia penuh penderitaan tanpa mampu keluar itu yang membuat sebagian orang gila jika dia tidak gila maka itu antara dia sudah sampai ke spiritual atau dia hanya melacak jalan pikiran bukan mencari kebenaran,1.0,0.0,0.0,0.0,1.0
gw nggak belajar filsafat aja bawaannya apa2 dipikir serius meskipun lagi bercanda sambil ketawa kepingkal. Bukan karena filsafat dong masalahnya,0.0,gw nggak belajar filsafat aja bawaannya apa2 dipikir serius meskipun lagi bercanda sambil ketawa kepingkal. Bukan karena filsafat dong masalahnya,gw nggak belajar filsafat aja bawaannya apa 2 dipikir serius meskipun lagi bercanda sambil ketawa kepingkal bukan karena filsafat dong masalahnya,1.0,0.0,0.0,0.0,1.0
"Semakin tinggi orang memahami ilmu, orang tersebut membumi karena dia memahami lingkungan sekitar,dan dirinya sendiri dan pemikiran nya selalu terbuka tentang perbedaan pemikiran",0.0,"Semakin tinggi orang memahami ilmu, orang tersebut membumi karena dia memahami lingkungan sekitar,dan dirinya sendiri dan pemikiran nya selalu terbuka tentang perbedaan pemikiran",semakin tinggi orang memahami ilmu orang tersebut membumi karena dia memahami lingkungan sekitar dan dirinya sendiri dan pemikiran nya selalu terbuka tentang perbedaan pemikiran,1.0,0.0,0.0,0.0,1.0
"Khusus muslim masih byak ilmu lain yg bisa dipelajari dan bernanfaat untuk masyarakat. Ingat para ulama sudah mengingatkan soal ilmu kalam (filsafat) dan bahayanya  jauhi, karena sesungguhnya ilmu itu sangat berisiko  menjauhkan kamu dari Allah dan pemahaman yang benar. Kita punya prinsip Alquran dan Sunnah Rosulullah, berbeda dengan mereka yang kebenaran itu sifatnya relatif yg jelas2 bertentangan dengan agama.",0.0,"Khusus muslim masih byak ilmu lain yg bisa dipelajari dan bernanfaat untuk masyarakat. Ingat para ulama sudah mengingatkan soal ilmu kalam (filsafat) dan bahayanya  jauhi, karena sesungguhnya ilmu itu sangat berisiko  menjauhkan kamu dari Allah dan pemahaman yang benar. Kita punya prinsip Alquran dan Sunnah Rosulullah, berbeda dengan mereka yang kebenaran itu sifatnya relatif yg jelas2 bertentangan dengan agama.",khusus muslim masih byak ilmu lain yg bisa dipelajari dan bernanfaat untuk masyarakat ingat para ulama sudah mengingatkan soal ilmu kalam filsafat dan bahayanya jauhi karena sesungguhnya ilmu itu sangat berisiko menjauhkan kamu dari allah dan pemahaman yang benar kita punya prinsip alquran dan sunnah rosulullah berbeda dengan mereka yang kebenaran itu sifatnya relatif yg jelas 2 bertentangan dengan agama,1.0,0.0,0.0,0.0,1.0
"gachor bgt, langs𝘶ng je𝘱ey di DORA-TUJUHTUJUH😴",1.0,"gachor bgt, langs𝘶ng je𝘱ey di DORA-TUJUHTUJUH😴",gachor bgt langsung jepey di dora tujuhtujuh,1.0,0.0,0.0,0.0,1.0
"𝐦aen ԁi 𝘿𝙊𝙍𝘼𝟳𝟳😑, 𝐥angsung mekswi𝘯",1.0,"𝐦aen ԁi 𝘿𝙊𝙍𝘼𝟳𝟳😑, 𝐥angsung mekswi𝘯",maen di doratt langsung mekswin,1.0,0.0,0.0,0.0,1.0
"𝗗 𝗢𝗥𝗔𝟳𝟳👊 bik𝘪n ketagiha𝐧, j𝙚pey te𝘳us",1.0,"𝗗 𝗢𝗥𝗔𝟳𝟳👊 bik𝘪n ketagiha𝐧, j𝙚pey te𝘳us",d oratt bikin ketagihan jepey terus,1.0,0.0,0.0,0.0,1.0
"𝘿𝙊𝙍-𝘼-𝟳-𝟳🤐 S𝐮mpah iпi si𝘵us g𝘢chor 𝘣gt, ԁe po kecil 𝙖ja u𝘥ah cuan gede",1.0,"𝘿𝙊𝙍-𝘼-𝟳-𝟳🤐 S𝐮mpah iпi si𝘵us g𝘢chor 𝘣gt, ԁe po kecil 𝙖ja u𝘥ah cuan gede",dor a t t sumpah iпi situs gachor bgt de po kecil aja udah cuan gede,1.0,0.0,0.0,0.0,1.0
"Main 𝙙i 𝐃𝐎𝐑-𝐀-𝟕-𝟕😊 tuh aut𝐨 ket𝘢gihan, g𝐚chor terus 𝙜a pe𝙧nah r𝙪gi",1.0,"Main 𝙙i 𝐃𝐎𝐑-𝐀-𝟕-𝟕😊 tuh aut𝐨 ket𝘢gihan, g𝐚chor terus 𝙜a pe𝙧nah r𝙪gi",main di dor a t t tuh auto ketagihan gachor terus ga pernah rugi,1.0,0.0,0.0,0.0,1.0
"Ma𝐢n d𝙞 DORA-TUJUH-TUJUH😌, jеpey langsu𝐧g",1.0,"Ma𝐢n d𝙞 DORA-TUJUH-TUJUH😌, jеpey langsu𝐧g",main di dora tujuh tujuh jepey langsung,1.0,0.0,0.0,0.0,1.0
"M𝘢in 𝘥i 𝗗-𝗢-𝗥𝗔𝟳𝟳😙, mena𝙣g gampa𝘯g 🚌",1.0,"M𝘢in 𝘥i 𝗗-𝗢-𝗥𝗔𝟳𝟳😙, mena𝙣g gampa𝘯g 🚌",main di d o ratt menang gampang,1.0,0.0,0.0,0.0,1.0
"𝐠acir muⅼu di 𝘿-𝙊𝙍𝘼𝟳𝟳😶, jepe gam𝙥ang",1.0,"𝐠acir muⅼu di 𝘿-𝙊𝙍𝘼𝟳𝟳😶, jepe gam𝙥ang",gacir mulu di d oratt jepe gampang,1.0,0.0,0.0,0.0,1.0
"ga𝐜hor ban𝘨et 𝐝i 𝘿 𝙊 𝙍𝘼𝟳𝟳👦, jepey 𝘨ampang",1.0,"ga𝐜hor ban𝘨et 𝐝i 𝘿 𝙊 𝙍𝘼𝟳𝟳👦, jepey 𝘨ampang",gachor banget di d o ratt jepey gampang,1.0,0.0,0.0,0.0,1.0
"𝐒itus gacһor, p𝙖sti menan𝐠 d𝐢 𝗗 𝗢 𝗥 𝗔 𝟳𝟳👏",1.0,"𝐒itus gacһor, p𝙖sti menan𝐠 d𝐢 𝗗 𝗢 𝗥 𝗔 𝟳𝟳👏",situs gachor pasti menang di d o r a tt,1.0,0.0,0.0,0.0,1.0
"Kalo υdah main 𝐝i DORA-TUJUH-TUJUH😌, ketagihan pasti soalnya 𝙜acir 𝙗gt 🦑",1.0,"Kalo υdah main 𝐝i DORA-TUJUH-TUJUH😌, ketagihan pasti soalnya 𝙜acir 𝙗gt 🦑",kalo υdah main di dora tujuh tujuh ketagihan pasti soalnya gacir bgt,1.0,0.0,0.0,0.0,1.0
"Ketаgihan 𝐦aen ԁi 𝐃𝐎𝐑𝐀𝟕 𝟕👎, gachor terus 𝘫epey gа adа lawa𝙣",1.0,"Ketаgihan 𝐦aen ԁi 𝐃𝐎𝐑𝐀𝟕 𝟕👎, gachor terus 𝘫epey gа adа lawa𝙣",ketagihan maen di dorat t gachor terus jepey ga ada lawan,1.0,0.0,0.0,0.0,1.0
"𝘿𝙊𝙍𝘼 𝟳 𝟳🙅 gaсhor bang𝙚t, mek𝙨win terus",1.0,"𝘿𝙊𝙍𝘼 𝟳 𝟳🙅 gaсhor bang𝙚t, mek𝙨win terus",dora t t gaсhor banget mekswin terus,1.0,0.0,0.0,0.0,1.0
"M𝙖in ԁi 𝘿-𝙊-𝙍-𝘼-𝟳-𝟳😥, mekswiп tіap h𝐚ri! 🥗",1.0,"M𝙖in ԁi 𝘿-𝙊-𝙍-𝘼-𝟳-𝟳😥, mekswiп tіap h𝐚ri! 🥗",main di d o r a t t mekswiп tiap harii,1.0,0.0,0.0,0.0,1.0
"jеpey ti𝐚p h𝘢ri, g𝐚 boong di 𝘿𝙊-𝙍-𝘼-𝟳-𝟳😮",1.0,"jеpey ti𝐚p h𝘢ri, g𝐚 boong di 𝘿𝙊-𝙍-𝘼-𝟳-𝟳😮",jepey tiap hari ga boong di do r a t t,1.0,0.0,0.0,0.0,1.0
"M𝐚in dі DO-R-A-7-7🧑, 𝘨ak ruɡi 🔹",1.0,"M𝐚in dі DO-R-A-7-7🧑, 𝘨ak ruɡi 🔹",main di do r a t t gak rugi,1.0,0.0,0.0,0.0,1.0
"Mаin d𝐢 𝗗𝗢𝗥𝗔𝟳 𝟳🖖 g𝙖cor terυs, 𝙜a maіn 𝘳ugi s𝙞h 🏆",1.0,"Mаin d𝐢 𝗗𝗢𝗥𝗔𝟳 𝟳🖖 g𝙖cor terυs, 𝙜a maіn 𝘳ugi s𝙞h 🏆",main di dorat t gacor terυs ga main rugi sih,1.0,0.0,0.0,0.0,1.0
Ada juga orang yang gila padahal ga belajar filsafat,0.0,Ada juga orang yang gila padahal ga belajar filsafat,ada juga orang yang gila padahal ga belajar filsafat,1.0,0.0,0.0,0.0,1.0
"Temen ku masuk filsafat malah terlalu kritis, bahkan saat ngobrol santai pun dia masih dalam keadaan kritis dia, jadi kami kek ngerasa ni orang ga tau situasi apa gmn si",0.0,"Temen ku masuk filsafat malah terlalu kritis, bahkan saat ngobrol santai pun dia masih dalam keadaan kritis dia, jadi kami kek ngerasa ni orang ga tau situasi apa gmn si",temen ku masuk filsafat malah terlalu kritis bahkan saat ngobrol santai pun dia masih dalam keadaan kritis dia jadi kami kek ngerasa ni orang ga tau situasi apa gmn si,1.0,0.0,0.0,0.0,1.0
"Yap, stereotip itu karena oknum aja. Sebagian aja yang nyebelin.",0.0,"Yap, stereotip itu karena oknum aja. Sebagian aja yang nyebelin.",yap stereotip itu karena oknum aja sebagian aja yang nyebelin,1.0,0.0,0.0,0.0,1.0
Belajar filsafat enak dengan menulis.👍 Tidak ada orang gila yang menulis.✅,0.0,Belajar filsafat enak dengan menulis.👍 Tidak ada orang gila yang menulis.✅,belajar filsafat enak dengan menulis tidak ada orang gila yang menulis,1.0,0.0,0.0,0.0,1.0
"Fahruddin Faiz dan Martin Suryajaya, enak banget buat disimak dalam membahas filsafat",0.0,"Fahruddin Faiz dan Martin Suryajaya, enak banget buat disimak dalam membahas filsafat",fahruddin faiz dan martin suryajaya enak banget buat disimak dalam membahas filsafat,1.0,0.0,0.0,0.0,1.0
"Justru orang yang semakin mendalami filsafat adalah orang yang semakin bermasyarakat, cuma mungkin orang lain yang menghadapi orang itu yang belum mengerti",0.0,"Justru orang yang semakin mendalami filsafat adalah orang yang semakin bermasyarakat, cuma mungkin orang lain yang menghadapi orang itu yang belum mengerti",justru orang yang semakin mendalami filsafat adalah orang yang semakin bermasyarakat cuma mungkin orang lain yang menghadapi orang itu yang belum mengerti,1.0,0.0,0.0,0.0,1.0
"Tapi emang iya sih, ada aja org yg sok iya begitu. Menurut gua sih bukan karna filsafat, emang orangnya ga adaptif aja sama lingkungan atau topik di tongkrongan.",0.0,"Tapi emang iya sih, ada aja org yg sok iya begitu. Menurut gua sih bukan karna filsafat, emang orangnya ga adaptif aja sama lingkungan atau topik di tongkrongan.",tapi emang iya sih ada aja org yg sok iya begitu menurut gua sih bukan karna filsafat emang orangnya ga adaptif aja sama lingkungan atau topik di tongkrongan,1.0,0.0,0.0,0.0,1.0
Lingkup filsafat makin sempit jika sains makin maju,0.0,Lingkup filsafat makin sempit jika sains makin maju,lingkup filsafat makin sempit jika sains makin maju,1.0,0.0,0.0,0.0,1.0
Beda tiap orang,0.0,Beda tiap orang,beda tiap orang,1.0,0.0,0.0,0.0,1.0
"Apakah semakin amburadul penampilan seseorang, maka semakin dalam ilmu filsafatnya? 🤔",0.0,"Apakah semakin amburadul penampilan seseorang, maka semakin dalam ilmu filsafatnya? 🤔",apakah semakin amburadul penampilan seseorang maka semakin dalam ilmu filsafatnya,1.0,0.0,0.0,0.0,1.0
"AI ini adalah produk dari keserakahan manusia, mereka menciptakan AI sebagai efisiensi. Yang jadi persoalan adalah, ketika semua orang fokus dengan AI, mereka tidak melihat bahwa resource yang digunakan AI itu sangat sangat besar. Artinya, AI ini secara tidak langsung juga merusak lingkungan dan iklim, yang artinya di 5-10 tahun lagi jika penggunaan AI semakin masif, maka semakin masif pula juga kerusakan lingkungan yang disebabkan sehingga akan banyak terjadi bencana, krisis pangan, dll. Pada akhirnya, apa arti uang jika bumi yang kita tinggali ini sudah rusak?",0.0,"AI ini adalah produk dari keserakahan manusia, mereka menciptakan AI sebagai efisiensi. Yang jadi persoalan adalah, ketika semua orang fokus dengan AI, mereka tidak melihat bahwa resource yang digunakan AI itu sangat sangat besar. Artinya, AI ini secara tidak langsung juga merusak lingkungan dan iklim, yang artinya di 5-10 tahun lagi jika penggunaan AI semakin masif, maka semakin masif pula juga kerusakan lingkungan yang disebabkan sehingga akan banyak terjadi bencana, krisis pangan, dll. Pada akhirnya, apa arti uang jika bumi yang kita tinggali ini sudah rusak?",ai ini adalah produk dari keserakahan manusia mereka menciptakan ai sebagai efisiensi yang jadi persoalan adalah ketika semua orang fokus dengan ai mereka tidak melihat bahwa resource yang digunakan ai itu sangat sangat besar artinya ai ini secara tidak langsung juga merusak lingkungan dan iklim yang artinya di s io tahun lagi jika penggunaan ai semakin masif maka semakin masif pula juga kerusakan lingkungan yang disebabkan sehingga akan banyak terjadi bencana krisis pangan dll pada akhirnya apa arti uang jika bumi yang kita tinggali ini sudah rusak,1.0,0.0,0.0,0.0,1.0
🤖 Aku memang tidak punya rasa tapi punya cerita,0.0,🤖 Aku memang tidak punya rasa tapi punya cerita,aku memang tidak punya rasa tapi punya cerita,0.0,0.0,0.0,0.0,0.0
"sesama manusia saja tidak bisa dipercaya, apalagi dengan mesin - Crystal Widjaja",0.0,"sesama manusia saja tidak bisa dipercaya, apalagi dengan mesin - Crystal Widjaja",sesama manusia saja tidak bisa dipercaya apalagi dengan mesin crystal widjaja,1.0,0.0,0.0,0.0,1.0
"G𝘢cor banɡet sumрah, d𝙞 D𝙊𝘙A𝟳7 bikiп ketagihan ma𝙞n 𝐭erus 🆔",1.0,"G𝘢cor banɡet sumрah, d𝙞 D𝙊𝘙A𝟳7 bikiп ketagihan ma𝙞n 𝐭erus 🆔",gacor banget sumpah di doratt bikiп ketagihan main terus,0.0,0.0,0.0,0.0,1.0
"𝐃𝘖𝐑𝘈77 emang ga𝐜ir, hoki te𝙧us 🍓",1.0,"𝐃𝘖𝐑𝘈77 emang ga𝐜ir, hoki te𝙧us 🍓",doratt emang gacir hoki terus,0.0,0.0,0.0,0.0,1.0
"Main di 𝘿-𝙊𝙍𝘼𝟳𝟳😶, 𝙢ekswin tia𝙥 һari! 🍨",1.0,"Main di 𝘿-𝙊𝙍𝘼𝟳𝟳😶, 𝙢ekswin tia𝙥 һari! 🍨",main di d oratt mekswin tiap harii,0.0,0.0,0.0,0.0,0.0
"Kapan l𝐚gi 𝙢aen 𝙙i sіtus se𝙜achor 𝗗𝗢𝗥 𝗔 𝟳 𝟳💪, asⅼi nagi𝙝 s𝘪h",1.0,"Kapan l𝐚gi 𝙢aen 𝙙i sіtus se𝙜achor 𝗗𝗢𝗥 𝗔 𝟳 𝟳💪, asⅼi nagi𝙝 s𝘪h",kapan lagi maen di situs segachor dor a t t asli nagih sih,0.0,0.0,0.0,0.0,1.0
"DORATUJUHTUJUH😫 𝐠acir Ьgt, menang mu𝙡u! 🤟",1.0,"DORATUJUHTUJUH😫 𝐠acir Ьgt, menang mu𝙡u! 🤟",doratujuhtujuh gacir ьgt menang mului,1.0,0.0,0.0,0.0,1.0
"Gacor banɡet 𝘥i DORA77🙇, laпgsung jeрe 🐙",1.0,"Gacor banɡet 𝘥i DORA77🙇, laпgsung jeрe 🐙",gacor banget di doratt laпgsung jepe,1.0,0.0,0.0,0.0,1.0
"Jep𝘦 trs ga ad𝙖 pu𝙩usnya, d𝘪 𝗗-𝗢-𝗥𝗔𝟳𝟳😙 🤝",1.0,"Jep𝘦 trs ga ad𝙖 pu𝙩usnya, d𝘪 𝗗-𝗢-𝗥𝗔𝟳𝟳😙 🤝",jepe trs ga ada putusnya di d o ratt,1.0,0.0,0.0,0.0,1.0
"Sumpaһ, di 𝐃𝐎-𝐑-𝐀-𝟕-𝟕😉 ga𝐜or banget 💲",1.0,"Sumpaһ, di 𝐃𝐎-𝐑-𝐀-𝟕-𝟕😉 ga𝐜or banget 💲",sumpah di do r a t t gacor banget,1.0,0.0,0.0,0.0,0.0
"DORATUJUH-TUJUH😛 b𝐞neran g𝙖cir, auto kayа",1.0,"DORATUJUH-TUJUH😛 b𝐞neran g𝙖cir, auto kayа",doratujuh tujuh beneran gacir auto kaya,1.0,0.0,0.0,0.0,0.0
"Goκil, gac𝘩or teru𝙨 𝙢ain d𝘪 𝗗 𝗢 𝗥 𝗔 𝟳𝟳👏 biki𝐧 𝙖uto k𝐞tagihan",1.0,"Goκil, gac𝘩or teru𝙨 𝙢ain d𝘪 𝗗 𝗢 𝗥 𝗔 𝟳𝟳👏 biki𝐧 𝙖uto k𝐞tagihan",goκil gachor terus main di d o r a tt bikin auto ketagihan,1.0,0.0,0.0,0.0,0.0
"jeрey 𝘨ampang b𝐚nget, m𝙖in 𝙙i 𝗗𝗢-𝗥-𝗔-𝟳-𝟳🤩",1.0,"jeрey 𝘨ampang b𝐚nget, m𝙖in 𝙙i 𝗗𝗢-𝗥-𝗔-𝟳-𝟳🤩",jepey gampang banget main di do r a t t,1.0,0.0,0.0,0.0,0.0
"Main dі 𝘿𝙊𝙍-𝘼-𝟳-𝟳🤐 g𝐚 pernah zonk, gachоr trs bikіn lup𝙖 wa𝘬tu",1.0,"Main dі 𝘿𝙊𝙍-𝘼-𝟳-𝟳🤐 g𝐚 pernah zonk, gachоr trs bikіn lup𝙖 wa𝘬tu",main di dor a t t ga pernah zonk gachor trs bikin lupa waktu,1.0,0.0,0.0,0.0,1.0
"gacir pa𝐫ah di 𝘿 𝙊 𝙍 𝘼 𝟳𝟳🧑, ut𝘢ng langsu𝐧g be𝘳es! 🧩",1.0,"gacir pa𝐫ah di 𝘿 𝙊 𝙍 𝘼 𝟳𝟳🧑, ut𝘢ng langsu𝐧g be𝘳es! 🧩",gacir parah di d o r a tt utang langsung beresi,1.0,0.0,0.0,0.0,1.0
"𝘿-𝙊-𝙍𝘼𝟳𝟳🙄 𝐠acir, meпang tru𝙨! 🍒",1.0,"𝘿-𝙊-𝙍𝘼𝟳𝟳🙄 𝐠acir, meпang tru𝙨! 🍒",d o ratt gacir meпang trusi,1.0,0.0,0.0,0.0,1.0
gacir parah dі 𝘿𝙊-𝙍-𝘼-𝟳-𝟳😮,1.0,gacir parah dі 𝘿𝙊-𝙍-𝘼-𝟳-𝟳😮,gacir parah di do r a t t,1.0,0.0,0.0,0.0,1.0
Dar𝙞 50 𝘳ibu k𝙚 5 𝐣uta tuh c𝘶ma 𝘥i 𝐃 𝐎𝐑𝐀𝟕𝟕🤙. gacir ben𝘦r 🦍,1.0,Dar𝙞 50 𝘳ibu k𝙚 5 𝐣uta tuh c𝘶ma 𝘥i 𝐃 𝐎𝐑𝐀𝟕𝟕🤙. gacir ben𝘦r 🦍,dari so ribu ke s juta tuh cuma di d oratt gacir bener,1.0,0.0,0.0,0.0,0.0
"P𝙚cah banɡet 𝙙i 𝐃𝐎𝐑-𝐀-𝟕-𝟕😊, cua𝙣 mu𝐥u 🍪",1.0,"P𝙚cah banɡet 𝙙i 𝐃𝐎𝐑-𝐀-𝟕-𝟕😊, cua𝙣 mu𝐥u 🍪",pecah banget di dor a t t cuan mulu,1.0,0.0,0.0,0.0,0.0
𝐏ecah banget 𝐝i 𝘿-𝙊-𝙍𝘼𝟳𝟳🙄! 🕎,1.0,𝐏ecah banget 𝐝i 𝘿-𝙊-𝙍𝘼𝟳𝟳🙄! 🕎,pecah banget di d o ratt i,0.0,0.0,0.0,0.0,0.0
"𝐠acir m𝘶lu 𝐝i DOR-A-7-7🧑, jepe gampa𝘯g",1.0,"𝐠acir m𝘶lu 𝐝i DOR-A-7-7🧑, jepe gampa𝘯g",gacir mulu di dor a t t jepe gampang,1.0,0.0,0.0,0.0,1.0
DORATUJUH-TUJUH😛 me𝐤swin t𝘪ap hari! ✌,1.0,DORATUJUH-TUJUH😛 me𝐤swin t𝘪ap hari! ✌,doratujuh tujuh mekswin tiap harii,0.0,0.0,0.0,0.0,0.0
𝐃𝐎𝐑-𝐀-𝟕-𝟕😋 bikiп ke𝐭agihan! 🐹,1.0,𝐃𝐎𝐑-𝐀-𝟕-𝟕😋 bikiп ke𝐭agihan! 🐹,dor a t t bikiп ketagihani,0.0,0.0,0.0,0.0,0.0
"Situ𝙨 τerbaik, 𝘿𝙊𝙍-𝘼-𝟳-𝟳🤐 gaсor 🎡",1.0,"Situ𝙨 τerbaik, 𝘿𝙊𝙍-𝘼-𝟳-𝟳🤐 gaсor 🎡",situs τerbaik dor a t t gaсor,0.0,0.0,0.0,0.0,0.0
"Bеrkat DORA 7 7🤞, utan𝘨 ⅼunas, sek𝘢rang auto ѕultan 🎧",1.0,"Bеrkat DORA 7 7🤞, utan𝘨 ⅼunas, sek𝘢rang auto ѕultan 🎧",berkat dora t t utang lunas sekarang auto sultan,1.0,0.0,0.0,0.0,1.0
Tapi kata wapres manusia AI akan menang sama manusia tidak AI,0.0,Tapi kata wapres manusia AI akan menang sama manusia tidak AI,tapi kata wapres manusia ai akan menang sama manusia tidak ai,0.0,0.0,0.0,0.0,0.0
"bukan gk bisa tapi belum bisa, karena pada dasarnya pemrograman klasik sudah menerapkan konsep personalisasi, tantangannya pada AI adalah mengumpulkan semua data personal seseorang itu sangat susah karena tidak semua hal yang dilakukan didunia nyata kita rekam dalam bentuk digital dan belum lagi keamanan datanya juga perlu dipikirkan karena sifatnya personal,",0.0,"bukan gk bisa tapi belum bisa, karena pada dasarnya pemrograman klasik sudah menerapkan konsep personalisasi, tantangannya pada AI adalah mengumpulkan semua data personal seseorang itu sangat susah karena tidak semua hal yang dilakukan didunia nyata kita rekam dalam bentuk digital dan belum lagi keamanan datanya juga perlu dipikirkan karena sifatnya personal,",bukan gk bisa tapi belum bisa karena pada dasarnya pemrograman klasik sudah menerapkan konsep personalisasi tantangannya pada ai adalah mengumpulkan semua data personal seseorang itu sangat susah karena tidak semua hal yang dilakukan didunia nyata kita rekam dalam bentuk digital dan belum lagi keamanan datanya juga perlu dipikirkan karena sifatnya personal,0.0,0.0,0.0,0.0,0.0
Manusia itu robot AI canggih.,0.0,Manusia itu robot AI canggih.,manusia itu robot ai canggih,0.0,0.0,0.0,0.0,0.0
Keminggrisssss,0.0,Keminggrisssss,keminggrisssss,0.0,0.0,0.0,0.0,0.0
Wah terakhir liat di bukatalks,0.0,Wah terakhir liat di bukatalks,wah terakhir liat di bukatalks,1.0,0.0,0.0,0.0,1.0
Apa kabar dengan studio ghibli,0.0,Apa kabar dengan studio ghibli,apa kabar dengan studio ghibli,0.0,0.0,0.0,0.0,0.0
cakep,0.0,cakep,cakep,1.0,0.0,0.0,0.0,1.0
cakepnya pacarku kalo di kamera gini... jadi makin sayang,0.0,cakepnya pacarku kalo di kamera gini... jadi makin sayang,cakepnya pacarku kalo di kamera gini jadi makin sayang,1.0,0.0,0.0,0.0,0.0
Subtitle nya ketutup komen bjir,0.0,Subtitle nya ketutup komen bjir,subtitle nya ketutup komen bjir,1.0,0.0,0.0,0.0,1.0
"Belum punya, tapi itu hanya masalah waktu...",0.0,"Belum punya, tapi itu hanya masalah waktu...",belum punya tapi itu hanya masalah waktu,0.0,0.0,0.0,0.0,0.0
"Siapa yang berkuasa untuk menentukan oh ini ""good taste"" yang itu bukan ""good taste""?",0.0,"Siapa yang berkuasa untuk menentukan oh ini ""good taste"" yang itu bukan ""good taste""?",siapa yang berkuasa untuk menentukan oh ini good taste yang itu bukan good taste,1.0,0.0,0.0,0.0,1.0
Bagaimana dengan matematika. Mengerjakan soal matematika mudah dengan AI. Perlukah memasukkan taste kedalam matematika?,0.0,Bagaimana dengan matematika. Mengerjakan soal matematika mudah dengan AI. Perlukah memasukkan taste kedalam matematika?,bagaimana dengan matematika mengerjakan soal matematika mudah dengan ai perlukah memasukkan taste kedalam matematika,1.0,0.0,0.0,0.0,0.0
Rasa dan otentik seseorang. 2 kata yg tidak akan bisa diganti oleh AI,0.0,Rasa dan otentik seseorang. 2 kata yg tidak akan bisa diganti oleh AI,rasa dan otentik seseorang 2 kata yg tidak akan bisa diganti oleh ai,0.0,0.0,0.0,0.0,0.0
"Banyak sekali masyarakat yang mengira bahwa  para designer akan digantikan oleh Ai, padahal untuk membuat sebuah design yang optimal, baik itu poster, logo, brosur, dll- dibutuhkan perencanaan yang mateng dan pemahaman yang tinggi tentang target audience kita. Dan itu bukan suatu hal yang bisa dengan gampangnya dihasilkan lewat searching Google apalagi generate dari AI.

Designer itu bukan cuma harus punya persepsi visual yang bagus, tapi juga harus bisa jadi psikolog. Designer itu yang mecahin masalah-masalah di masyarakat lewat pesan-pesan visual.",0.0,"Banyak sekali masyarakat yang mengira bahwa  para designer akan digantikan oleh Ai, padahal untuk membuat sebuah design yang optimal, baik itu poster, logo, brosur, dll- dibutuhkan perencanaan yang mateng dan pemahaman yang tinggi tentang target audience kita. Dan itu bukan suatu hal yang bisa dengan gampangnya dihasilkan lewat searching Google apalagi generate dari AI.

Designer itu bukan cuma harus punya persepsi visual yang bagus, tapi juga harus bisa jadi psikolog. Designer itu yang mecahin masalah-masalah di masyarakat lewat pesan-pesan visual.",banyak sekali masyarakat yang mengira bahwa para designer akan digantikan oleh ai padahal untuk membuat sebuah design yang optimal baik itu poster logo brosur dll dibutuhkan perencanaan yang mateng dan pemahaman yang tinggi tentang target audience kita dan itu bukan suatu hal yang bisa dengan gampangnya dihasilkan lewat searching google apalagi generate dari ai designer itu bukan cuma harus punya persepsi visual yang bagus tapi juga harus bisa jadi psikolog designer itu yang mecahin masalah masalah di masyarakat lewat pesan pesan visual,0.0,0.0,0.0,0.0,1.0
"Hanya masalah waktu aja sampai AI jadi punya ""taste"" nantinya",0.0,"Hanya masalah waktu aja sampai AI jadi punya ""taste"" nantinya",hanya masalah waktu aja sampai ai jadi punya taste nantinya,0.0,0.0,0.0,0.0,0.0
"Karena konten tersebut bahas ai, gue klik. Terus pas awal nonton ngira ini pakarnya itu host yg kawai itu lupa gwe, terus deepfake jadi gini. Eh taunya emng enginer asli wkwk. Ternyata gk salah apa yg gue lakuin akhir2 ini, yaitu memperbaiki dan ningkatin taste haha, berawal dari konsumsi2 informasi yg bagus baik berguna keren culture apalah wkwk, hingga rasa puas akan naikin taste ini gada habisnya. Namun tentunya ya ketika taste kita tinggi namun kenyataan dalah hidup kita belum sesuai dgn taste kita? stress sih gw jujur kadang2 sampe depresi karena gbs penuhin standar taste yg gue mau. COntoh nyata: dalam kelompok tugas perkuliahan gue sering kali ngerasa ky, ajg knp sih selera org jelek2 terus knp gue kaya gini? Oke salah satu pr gue kali ini harus memahami realitas harus sejalan juga. Hmmm",0.0,"Karena konten tersebut bahas ai, gue klik. Terus pas awal nonton ngira ini pakarnya itu host yg kawai itu lupa gwe, terus deepfake jadi gini. Eh taunya emng enginer asli wkwk. Ternyata gk salah apa yg gue lakuin akhir2 ini, yaitu memperbaiki dan ningkatin taste haha, berawal dari konsumsi2 informasi yg bagus baik berguna keren culture apalah wkwk, hingga rasa puas akan naikin taste ini gada habisnya. Namun tentunya ya ketika taste kita tinggi namun kenyataan dalah hidup kita belum sesuai dgn taste kita? stress sih gw jujur kadang2 sampe depresi karena gbs penuhin standar taste yg gue mau. COntoh nyata: dalam kelompok tugas perkuliahan gue sering kali ngerasa ky, ajg knp sih selera org jelek2 terus knp gue kaya gini? Oke salah satu pr gue kali ini harus memahami realitas harus sejalan juga. Hmmm",karena konten tersebut bahas ai gue klik terus pas awal nonton ngira ini pakarnya itu host yg kawai itu lupa gwe terus deepfake jadi gini eh taunya emng enginer asli wkwk ternyata gk salah apa yg gue lakuin akhir 2 ini yaitu memperbaiki dan ningkatin taste haha berawal dari konsumsi 2 informasi yg bagus baik berguna keren culture apalah wkwk hingga rasa puas akan naikin taste ini gada habisnya namun tentunya ya ketika taste kita tinggi namun kenyataan dalah hidup kita belum sesuai dgn taste kita stress sih gw jujur kadang 2 sampe depresi karena gbs penuhin standar taste yg gue mau contoh nyata dalam kelompok tugas perkuliahan gue sering kali ngerasa ky ajg knp sih selera org jelek 2 terus knp gue kaya gini oke salah satu pr gue kali ini harus memahami realitas harus sejalan juga hmmm,0.0,0.0,0.0,0.0,0.0
"Dalam hal ini, dalam lingkup ini, harus memiliki taste yg bagus agar tak tergantikan dalam hal design visual. Kamu bisa melakukan nya dan memiliki kelebihan di bilang lain, tak harus ini",0.0,"Dalam hal ini, dalam lingkup ini, harus memiliki taste yg bagus agar tak tergantikan dalam hal design visual. Kamu bisa melakukan nya dan memiliki kelebihan di bilang lain, tak harus ini",dalam hal ini dalam lingkup ini harus memiliki taste yg bagus agar tak tergantikan dalam hal design visual kamu bisa melakukan nya dan memiliki kelebihan di bilang lain tak harus ini,1.0,0.0,0.0,0.0,0.0
"Belum punya taste, bukan gak punya",0.0,"Belum punya taste, bukan gak punya",belum punya taste bukan gak punya,0.0,0.0,0.0,0.0,0.0
"Bener.
Buatan AI terasa kaku. Rasanya tepat kalau menyebutnya 'taste'. Tapi bingung juga kalau mau ngejelasin ke orang awam apa itu taste tanpa nerjemahinnya ke 'rasa'. Tapi kalau udah ngomong 'rasa' takutnya malah salah paham ke asem-manis-pahit.",0.0,"Bener.
Buatan AI terasa kaku. Rasanya tepat kalau menyebutnya 'taste'. Tapi bingung juga kalau mau ngejelasin ke orang awam apa itu taste tanpa nerjemahinnya ke 'rasa'. Tapi kalau udah ngomong 'rasa' takutnya malah salah paham ke asem-manis-pahit.",bener buatan ai terasa kaku rasanya tepat kalau menyebutnya taste tapi bingung juga kalau mau ngejelasin ke orang awam apa itu taste tanpa nerjemahinnya ke rasa tapi kalau udah ngomong rasa takutnya malah salah paham ke asem manis pahit,0.0,0.0,0.0,0.0,0.0
"Makasih kak, penjelasannya gampang dipahami. 𝑷𝒐𝒊𝒑𝒆𝒕𝟑𝟎𝟖",1.0,"Makasih kak, penjelasannya gampang dipahami. 𝑷𝒐𝒊𝒑𝒆𝒕𝟑𝟎𝟖",makasih kak penjelasannya gampang dipahami poipeteob,1.0,0.0,0.0,0.0,1.0
baru tau ada yang lebih baik dari yang lain yaitu poipet308 karen tempat untuk merubah hidup,1.0,baru tau ada yang lebih baik dari yang lain yaitu poipet308 karen tempat untuk merubah hidup,baru tau ada yang lebih baik dari yang lain yaitu poipeteob karen tempat untuk merubah hidup,1.0,0.0,0.0,0.0,0.0
Semoga kamu selalu diberi kesehatan dan semangat berkarya! 𝑷𝒐𝒊𝒑𝒆𝒕𝟑𝟎𝟖,1.0,Semoga kamu selalu diberi kesehatan dan semangat berkarya! 𝑷𝒐𝒊𝒑𝒆𝒕𝟑𝟎𝟖,semoga kamu selalu diberi kesehatan dan semangat berkaryai poipeteob,1.0,0.0,0.0,0.0,1.0
"Semangat terus, semoga rejekinya lancar dan sukses selalu! 𝑷𝒐𝒊𝒑𝒆𝒕𝟑𝟎𝟖 Semoga selalu diberi kemudahan. 𝑷𝒐𝒊𝒑𝒆𝒕𝟑𝟎𝟖",1.0,"Semangat terus, semoga rejekinya lancar dan sukses selalu! 𝑷𝒐𝒊𝒑𝒆𝒕𝟑𝟎𝟖 Semoga selalu diberi kemudahan. 𝑷𝒐𝒊𝒑𝒆𝒕𝟑𝟎𝟖",semangat terus semoga rejekinya lancar dan sukses selalui poipeteob semoga selalu diberi kemudahan poipeteob,1.0,0.0,0.0,0.0,0.0
Terima kasih atas bantuannya! 𝑷𝒐𝒊𝒑𝒆𝒕𝟑𝟎𝟖,1.0,Terima kasih atas bantuannya! 𝑷𝒐𝒊𝒑𝒆𝒕𝟑𝟎𝟖,terima kasih atas bantuannyai poipeteob,0.0,0.0,0.0,0.0,1.0
Doa agar subscriber dan viewers channel-mu terus bertambah. 𝑷𝒐𝒊𝒑𝒆𝒕𝟑𝟎𝟖,1.0,Doa agar subscriber dan viewers channel-mu terus bertambah. 𝑷𝒐𝒊𝒑𝒆𝒕𝟑𝟎𝟖,doa agar subscriber dan viewers channel mu terus bertambah poipeteob,0.0,0.0,0.0,0.0,0.0
"Video ini benar-benar membantu, makasih! 𝑷𝒐𝒊𝒑𝒆𝒕𝟑𝟎𝟖",1.0,"Video ini benar-benar membantu, makasih! 𝑷𝒐𝒊𝒑𝒆𝒕𝟑𝟎𝟖",video ini benar benar membantu makasihi poipeteob,0.0,0.0,0.0,0.0,1.0
Terima kasih untuk konten yang selalu konsisten. 𝑷𝒐𝒊𝒑𝒆𝒕𝟑𝟎𝟖,1.0,Terima kasih untuk konten yang selalu konsisten. 𝑷𝒐𝒊𝒑𝒆𝒕𝟑𝟎𝟖,terima kasih untuk konten yang selalu konsisten poipeteob,1.0,0.0,0.0,0.0,1.0
"Makasih, kontennya selalu tepat sasaran! 𝑷𝒐𝒊𝒑𝒆𝒕𝟑𝟎𝟖",1.0,"Makasih, kontennya selalu tepat sasaran! 𝑷𝒐𝒊𝒑𝒆𝒕𝟑𝟎𝟖",makasih kontennya selalu tepat sasarani poipeteob,1.0,0.0,0.0,0.0,0.0
Terima kasih karena udah menghibur sekaligus mendidik. 𝑷𝒐𝒊𝒑𝒆𝒕𝟑𝟎𝟖,1.0,Terima kasih karena udah menghibur sekaligus mendidik. 𝑷𝒐𝒊𝒑𝒆𝒕𝟑𝟎𝟖,terima kasih karena udah menghibur sekaligus mendidik poipeteob,1.0,0.0,0.0,0.0,1.0
kabar gembira untuk kita semua poipet308 lagi bagi bagi thr,1.0,kabar gembira untuk kita semua poipet308 lagi bagi bagi thr,kabar gembira untuk kita semua poipeteob lagi bagi bagi thr,1.0,0.0,0.0,0.0,0.0
Gak pernah kecewa sama konten dari channel ini. 𝑷𝒐𝒊𝒑𝒆𝒕𝟑𝟎𝟖,1.0,Gak pernah kecewa sama konten dari channel ini. 𝑷𝒐𝒊𝒑𝒆𝒕𝟑𝟎𝟖,gak pernah kecewa sama konten dari channel ini poipeteob,0.0,0.0,0.0,0.0,1.0
Terima kasih banyak atas penjelasannya. 𝑷𝒐𝒊𝒑𝒆𝒕𝟑𝟎𝟖,1.0,Terima kasih banyak atas penjelasannya. 𝑷𝒐𝒊𝒑𝒆𝒕𝟑𝟎𝟖,terima kasih banyak atas penjelasannya poipeteob,0.0,0.0,0.0,0.0,0.0
Clickbait dari dulu udah di pake di koran2 😂😂,0.0,Clickbait dari dulu udah di pake di koran2 😂😂,clickbait dari dulu udah di pake di koran 2,1.0,0.0,0.0,0.0,0.0
Waw ini sangat seru untuk dilanjutkan 👍🏻,0.0,Waw ini sangat seru untuk dilanjutkan 👍🏻,waw ini sangat seru untuk dilanjutkan,0.0,0.0,0.0,0.0,0.0
Tr*bun cabang pelosok biasanya kek gini😢,0.0,Tr*bun cabang pelosok biasanya kek gini😢,tr bun cabang pelosok biasanya kek gini,0.0,0.0,0.0,0.0,0.0
Sudah terima duid George Soros belum,0.0,Sudah terima duid George Soros belum,sudah terima duid george soros belum,0.0,0.0,0.0,0.0,0.0
Betul tidak semua berita harus langsung diberitakan.,0.0,Betul tidak semua berita harus langsung diberitakan.,betul tidak semua berita harus langsung diberitakan,0.0,0.0,0.0,0.0,0.0
Sekelas akun media literasi tinggi aja di parasiti oleh Akun Judol . Dunia lg ga baik² aja.,0.0,Sekelas akun media literasi tinggi aja di parasiti oleh Akun Judol . Dunia lg ga baik² aja.,sekelas akun media literasi tinggi aja di parasiti oleh akun judol dunia lg ga baik 2 aja,0.0,0.0,0.0,0.0,0.0
Sejauh ini yang mampu berinovasi ke next level hanyalan metro tv,0.0,Sejauh ini yang mampu berinovasi ke next level hanyalan metro tv,sejauh ini yang mampu berinovasi ke next level hanyalan metro tv,0.0,0.0,0.0,0.0,0.0
Bner media lama lma berita nya byk ga berbobot dan ga ada isi nya...,0.0,Bner media lama lma berita nya byk ga berbobot dan ga ada isi nya...,bner media lama lma berita nya byk ga berbobot dan ga ada isi nya,0.0,0.0,0.0,0.0,0.0
Main media lebih baik daripada main kekerasan.,0.0,Main media lebih baik daripada main kekerasan.,main media lebih baik daripada main kekerasan,0.0,0.0,0.0,0.0,1.0
Komennya judol semua bjir,0.0,Komennya judol semua bjir,komennya judol semua bjir,0.0,0.0,0.0,0.0,0.0
Keberuntungan rezeki hari ini datang berkat 𝑻𝑶𝑻𝑶𝟑𝟐𝟖!,1.0,Keberuntungan rezeki hari ini datang berkat 𝑻𝑶𝑻𝑶𝟑𝟐𝟖!,keberuntungan rezeki hari ini datang berkat totoe 2 bi,1.0,0.0,0.0,0.0,1.0
🔥 Semua menang! 𝑻𝑶𝑻𝑶𝟑𝟐𝟖 bikin hidup lebih baik! 💰,1.0,🔥 Semua menang! 𝑻𝑶𝑻𝑶𝟑𝟐𝟖 bikin hidup lebih baik! 💰,semua menangi totoe 2 b bikin hidup lebih baiki,1.0,0.0,0.0,0.0,0.0
"⚡ Spin santai, jackpot datang sendiri! 𝑻𝑶𝑻𝑶𝟑𝟐𝟖 gacor abis! 💰🎯",1.0,"⚡ Spin santai, jackpot datang sendiri! 𝑻𝑶𝑻𝑶𝟑𝟐𝟖 gacor abis! 💰🎯",spin santai jackpot datang sendirii totoe 2 b gacor abisi,1.0,0.0,0.0,0.0,0.0
"🎯 Hoki terus tanpa henti, main di 𝑻𝑶𝑻𝑶𝟑𝟐𝟖 auto menang! 💰🔥",1.0,"🎯 Hoki terus tanpa henti, main di 𝑻𝑶𝑻𝑶𝟑𝟐𝟖 auto menang! 💰🔥",hoki terus tanpa henti main di totoe 2 b auto menangi,1.0,0.0,0.0,0.0,0.0
Hari yang menyenangkan berkat 𝑻𝑶𝑻𝑶𝟑𝟐𝟖! Rezeki datang menghampiri!,1.0,Hari yang menyenangkan berkat 𝑻𝑶𝑻𝑶𝟑𝟐𝟖! Rezeki datang menghampiri!,hari yang menyenangkan berkat totoe 2 bi rezeki datang menghampirii,1.0,0.0,0.0,0.0,0.0
gacir banget di 𝑻𝑶𝑻𝑶𝟑𝟐𝟖!,1.0,gacir banget di 𝑻𝑶𝑻𝑶𝟑𝟐𝟖!,gacir banget di totoe 2 bi,1.0,0.0,0.0,0.0,0.0
"⚡ Semua jadi mungkin, karena 𝑻𝑶𝑻𝑶𝟑𝟐𝟖 terbaik! 🎰💥",1.0,"⚡ Semua jadi mungkin, karena 𝑻𝑶𝑻𝑶𝟑𝟐𝟖 terbaik! 🎰💥",semua jadi mungkin karena totoe 2 b terbaiki,1.0,0.0,0.0,0.0,1.0
"Gak sabar buat main lagi di  𝑻𝑶𝑻𝑶𝟑𝟐𝟖, karena rezeki datang tak terduga!",1.0,"Gak sabar buat main lagi di  𝑻𝑶𝑻𝑶𝟑𝟐𝟖, karena rezeki datang tak terduga!",gak sabar buat main lagi di totoe 2 b karena rezeki datang tak terdugai,1.0,0.0,0.0,0.0,0.0
"Tidak pernah merasa jenuh bermain 𝑻𝑶𝑻𝑶𝟑𝟐𝟖,selalu ada inovasi!",1.0,"Tidak pernah merasa jenuh bermain 𝑻𝑶𝑻𝑶𝟑𝟐𝟖,selalu ada inovasi!",tidak pernah merasa jenuh bermain totoe 2 b selalu ada inovasii,1.0,0.0,0.0,0.0,0.0
🤙🤙🤙Situss yang paling aku sukaa 𝑻𝑶𝑻𝑶𝟑𝟐𝟖😍,1.0,🤙🤙🤙Situss yang paling aku sukaa 𝑻𝑶𝑻𝑶𝟑𝟐𝟖😍,situss yang paling aku sukaa totoe 2 b,1.0,0.0,0.0,0.0,1.0
"𝑻𝑶𝑻𝑶𝟑𝟐𝟖 benar-benar yang terunggul, sangat saya rekomendasikan!",1.0,"𝑻𝑶𝑻𝑶𝟑𝟐𝟖 benar-benar yang terunggul, sangat saya rekomendasikan!",totoe 2 b benar benar yang terunggul sangat saya rekomendasikani,1.0,0.0,0.0,0.0,1.0
"📊 Sudah banyak yang membuktikan, sekarang giliran kamu! 𝑻𝑶𝑻𝑶𝟑𝟐𝟖! 🔥💎",1.0,"📊 Sudah banyak yang membuktikan, sekarang giliran kamu! 𝑻𝑶𝑻𝑶𝟑𝟐𝟖! 🔥💎",sudah banyak yang membuktikan sekarang giliran kamui totoe 2 bi,0.0,0.0,0.0,0.0,0.0
"🔥 Jackpot bukan lagi mimpi, nyata di 𝑻𝑶𝑻𝑶𝟑𝟐𝟖! 💰",1.0,"🔥 Jackpot bukan lagi mimpi, nyata di 𝑻𝑶𝑻𝑶𝟑𝟐𝟖! 💰",jackpot bukan lagi mimpi nyata di totoe 2 bi,0.0,0.0,0.0,0.0,0.0
🎰 Cuan tiada akhir! 𝑻𝑶𝑻𝑶𝟑𝟐𝟖 nomor satu! 💥,1.0,🎰 Cuan tiada akhir! 𝑻𝑶𝑻𝑶𝟑𝟐𝟖 nomor satu! 💥,cuan tiada akhiri totoe 2 b nomor satui,0.0,0.0,0.0,0.0,1.0
"💥 Main santai, cuan datang sendiri! 𝑻𝑶𝑻𝑶𝟑𝟐𝟖 luar biasa! 🚀",1.0,"💥 Main santai, cuan datang sendiri! 𝑻𝑶𝑻𝑶𝟑𝟐𝟖 luar biasa! 🚀",main santai cuan datang sendirii totoe 2 b luar biasai,0.0,0.0,0.0,0.0,1.0
💎 Sukses besar berawal dari 𝑻𝑶𝑻𝑶𝟑𝟐𝟖! 🚀,1.0,💎 Sukses besar berawal dari 𝑻𝑶𝑻𝑶𝟑𝟐𝟖! 🚀,sukses besar berawal dari totoe 2 bi,1.0,0.0,0.0,0.0,1.0
Tv penuh berita random sekarang😂😂,0.0,Tv penuh berita random sekarang😂😂,tv penuh berita random sekarang,0.0,0.0,0.0,0.0,1.0
Semoga subscriber dan like terus meningkat tanpa henti! 𝑷𝒐𝒊𝒑𝒆𝒕𝟑𝟎𝟖,1.0,Semoga subscriber dan like terus meningkat tanpa henti! 𝑷𝒐𝒊𝒑𝒆𝒕𝟑𝟎𝟖,semoga subscriber dan like terus meningkat tanpa hentii poipeteob,0.0,0.0,0.0,0.0,1.0
"Terima kasih, kontennya top banget! 𝑷𝒐𝒊𝒑𝒆𝒕𝟑𝟎𝟖",1.0,"Terima kasih, kontennya top banget! 𝑷𝒐𝒊𝒑𝒆𝒕𝟑𝟎𝟖",terima kasih kontennya top bangeti poipeteob,1.0,0.0,0.0,0.0,1.0
"Terima kasih, saya jadi paham topik ini. 𝑷𝒐𝒊𝒑𝒆𝒕𝟑𝟎𝟖",1.0,"Terima kasih, saya jadi paham topik ini. 𝑷𝒐𝒊𝒑𝒆𝒕𝟑𝟎𝟖",terima kasih saya jadi paham topik ini poipeteob,0.0,0.0,0.0,0.0,1.0
Videonya luar biasa. 𝑷𝒐𝒊𝒑𝒆𝒕𝟑𝟎𝟖 Terima kasih! 𝑷𝒐𝒊𝒑𝒆𝒕𝟑𝟎𝟖,1.0,Videonya luar biasa. 𝑷𝒐𝒊𝒑𝒆𝒕𝟑𝟎𝟖 Terima kasih! 𝑷𝒐𝒊𝒑𝒆𝒕𝟑𝟎𝟖,videonya luar biasa poipeteob terima kasihi poipeteob,0.0,0.0,0.0,0.0,1.0
"Sudah nonton berulang kali, gak bosen-bosen. 𝑷𝒐𝒊𝒑𝒆𝒕𝟑𝟎𝟖",1.0,"Sudah nonton berulang kali, gak bosen-bosen. 𝑷𝒐𝒊𝒑𝒆𝒕𝟑𝟎𝟖",sudah nonton berulang kali gak bosen bosen poipeteob,1.0,0.0,0.0,0.0,1.0
edukasi banget kontennya terimakasih poipet308,1.0,edukasi banget kontennya terimakasih poipet308,edukasi banget kontennya terimakasih poipeteob,1.0,0.0,0.0,0.0,1.0
Semoga setiap usaha dan doa kamu berbuah manis dan luar biasa! 𝑷𝒐𝒊𝒑𝒆𝒕𝟑𝟎𝟖,1.0,Semoga setiap usaha dan doa kamu berbuah manis dan luar biasa! 𝑷𝒐𝒊𝒑𝒆𝒕𝟑𝟎𝟖,semoga setiap usaha dan doa kamu berbuah manis dan luar biasai poipeteob,0.0,0.0,0.0,0.0,1.0
"Terus berkarya dan berbagi, semoga sukses selalu menyertai! 𝑷𝒐𝒊𝒑𝒆𝒕𝟑𝟎𝟖",1.0,"Terus berkarya dan berbagi, semoga sukses selalu menyertai! 𝑷𝒐𝒊𝒑𝒆𝒕𝟑𝟎𝟖",terus berkarya dan berbagi semoga sukses selalu menyertaii poipeteob,1.0,0.0,0.0,0.0,1.0
"Terima kasih, saya jadi lebih paham. 𝑷𝒐𝒊𝒑𝒆𝒕𝟑𝟎𝟖",1.0,"Terima kasih, saya jadi lebih paham. 𝑷𝒐𝒊𝒑𝒆𝒕𝟑𝟎𝟖",terima kasih saya jadi lebih paham poipeteob,0.0,0.0,0.0,0.0,1.0
Terima kasih atas kerja kerasnya buat video ini. 𝑷𝒐𝒊𝒑𝒆𝒕𝟑𝟎𝟖,1.0,Terima kasih atas kerja kerasnya buat video ini. 𝑷𝒐𝒊𝒑𝒆𝒕𝟑𝟎𝟖,terima kasih atas kerja kerasnya buat video ini poipeteob,0.0,0.0,0.0,0.0,0.0
"Intinya media itu alat propaganda, mampu mengiringi opini masyarakat layaknya mengendalikan sekumpulan domba",0.0,"Intinya media itu alat propaganda, mampu mengiringi opini masyarakat layaknya mengendalikan sekumpulan domba",intinya media itu alat propaganda mampu mengiringi opini masyarakat layaknya mengendalikan sekumpulan domba,1.0,0.0,0.0,0.0,1.0
Arab spring itu gimana?di timur tengah musim bunga?,0.0,Arab spring itu gimana?di timur tengah musim bunga?,arab spring itu gimana di timur tengah musim bunga,1.0,0.0,0.0,0.0,1.0
"Jgn sampe ikut partai ya Bang, spt influencer2 lain",0.0,"Jgn sampe ikut partai ya Bang, spt influencer2 lain",jgn sampe ikut partai ya bang spt influencer 2 lain,1.0,0.0,0.0,0.0,1.0
Gk pernah pun kepikiran 😴,0.0,Gk pernah pun kepikiran 😴,gk pernah pun kepikiran,1.0,0.0,0.0,0.0,0.0
Kita sll mlht org lain di enaknya  tanpa tahu detil btp pedohx jln yg mrk lalui😅😅😅😅,0.0,Kita sll mlht org lain di enaknya  tanpa tahu detil btp pedohx jln yg mrk lalui😅😅😅😅,kita sll mlht org lain di enaknya tanpa tahu detil btp pedohx jln yg mrk lalui,1.0,0.0,0.0,0.0,0.0
"Saya baca komen diatas,ada yang namanya Jomo. Ada yang bisa jelasin Jomo itu apa? Terima kasih",0.0,"Saya baca komen diatas,ada yang namanya Jomo. Ada yang bisa jelasin Jomo itu apa? Terima kasih",saya baca komen diatas ada yang namanya jomo ada yang bisa jelasin jomo itu apa terima kasih,1.0,0.0,0.0,0.0,0.0
ya kalo jadi leader juga bakal gituin ke anggota yg ga mau berkembang. disuru hal baru selalu ga mau.,0.0,ya kalo jadi leader juga bakal gituin ke anggota yg ga mau berkembang. disuru hal baru selalu ga mau.,ya kalo jadi leader juga bakal gituin ke anggota yg ga mau berkembang disuru hal baru selalu ga mau,0.0,0.0,0.0,0.0,0.0
"🔥 Gaspol terus, cuan makin melimpah di 𝑪𝑼𝑨𝑵𝟑𝟐𝟖! 🚀",1.0,"🔥 Gaspol terus, cuan makin melimpah di 𝑪𝑼𝑨𝑵𝟑𝟐𝟖! 🚀",gaspol terus cuan makin melimpah di cuane 2 bi,1.0,0.0,0.0,0.0,0.0
📈 Rezeki besar di setiap putaran! 𝑪𝑼𝑨𝑵𝟑𝟐𝟖 luar biasa! 🔥,1.0,📈 Rezeki besar di setiap putaran! 𝑪𝑼𝑨𝑵𝟑𝟐𝟖 luar biasa! 🔥,rezeki besar di setiap putarani cuane 2 b luar biasai,1.0,0.0,0.0,0.0,0.0
gacir banget di 𝑪𝑼𝑨𝑵𝟑𝟐𝟖!,1.0,gacir banget di 𝑪𝑼𝑨𝑵𝟑𝟐𝟖!,gacir banget di cuane 2 bi,1.0,0.0,0.0,0.0,0.0
"⚡ Spin santai, jackpot datang sendiri! 𝑪𝑼𝑨𝑵𝟑𝟐𝟖 gacor abis! 💰🎯",1.0,"⚡ Spin santai, jackpot datang sendiri! 𝑪𝑼𝑨𝑵𝟑𝟐𝟖 gacor abis! 💰🎯",spin santai jackpot datang sendirii cuane 2 b gacor abisi,1.0,0.0,0.0,0.0,1.0
"💥 Rezeki melimpah ruah, bikin happy di 𝑪𝑼𝑨𝑵𝟑𝟐𝟖! 🚀",1.0,"💥 Rezeki melimpah ruah, bikin happy di 𝑪𝑼𝑨𝑵𝟑𝟐𝟖! 🚀",rezeki melimpah ruah bikin happy di cuane 2 bi,1.0,0.0,0.0,0.0,0.0
"📊 Pasti hoki di 𝑪𝑼𝑨𝑵𝟑𝟐𝟖, buktikan sendiri! 💎",1.0,"📊 Pasti hoki di 𝑪𝑼𝑨𝑵𝟑𝟐𝟖, buktikan sendiri! 💎",pasti hoki di cuane 2 b buktikan sendirii,1.0,0.0,0.0,0.0,0.0
📊 Semua bisa menang! Yuk main di 𝑪𝑼𝑨𝑵𝟑𝟐𝟖! 🔥💥,1.0,📊 Semua bisa menang! Yuk main di 𝑪𝑼𝑨𝑵𝟑𝟐𝟖! 🔥💥,semua bisa menangi yuk main di cuane 2 bi,1.0,0.0,0.0,0.0,0.0
"Tidak pernah merasa jenuh bermain 𝑪𝑼𝑨𝑵𝟑𝟐𝟖,selalu ada inovasi!",1.0,"Tidak pernah merasa jenuh bermain 𝑪𝑼𝑨𝑵𝟑𝟐𝟖,selalu ada inovasi!",tidak pernah merasa jenuh bermain cuane 2 b selalu ada inovasii,1.0,0.0,0.0,0.0,0.0
"💥 Spin dikit, jackpot besar! 𝑪𝑼𝑨𝑵𝟑𝟐𝟖 emang beda! 🔥🚀",1.0,"💥 Spin dikit, jackpot besar! 𝑪𝑼𝑨𝑵𝟑𝟐𝟖 emang beda! 🔥🚀",spin dikit jackpot besari cuane 2 b emang bedai,1.0,0.0,0.0,0.0,0.0
"Serius deh, rezeki di 𝑪𝑼𝑨𝑵𝟑𝟐𝟖 datang tanpa diundang. Penasaran? Coba sendiri!",1.0,"Serius deh, rezeki di 𝑪𝑼𝑨𝑵𝟑𝟐𝟖 datang tanpa diundang. Penasaran? Coba sendiri!",serius deh rezeki di cuane 2 b datang tanpa diundang penasaran coba sendirii,1.0,0.0,0.0,0.0,0.0
"💎 Dari kecil jadi besar, saldo makin nambah! 𝑪𝑼𝑨𝑵𝟑𝟐𝟖! 🚀",1.0,"💎 Dari kecil jadi besar, saldo makin nambah! 𝑪𝑼𝑨𝑵𝟑𝟐𝟖! 🚀",dari kecil jadi besar saldo makin nambahi cuane 2 bi,1.0,0.0,0.0,0.0,0.0
💥 Mau untung gede? 𝑪𝑼𝑨𝑵𝟑𝟐𝟖 tempatnya! 🚀🎯,1.0,💥 Mau untung gede? 𝑪𝑼𝑨𝑵𝟑𝟐𝟖 tempatnya! 🚀🎯,mau untung gede cuane 2 b tempatnyai,1.0,0.0,0.0,0.0,0.0
"🔥 Gak ada kalah, gak ada rugi! 𝑪𝑼𝑨𝑵𝟑𝟐𝟖 menang terus! 💰",1.0,"🔥 Gak ada kalah, gak ada rugi! 𝑪𝑼𝑨𝑵𝟑𝟐𝟖 menang terus! 💰",gak ada kalah gak ada rugii cuane 2 b menang terusi,1.0,0.0,0.0,0.0,0.0
📊 Kesempatan besar gak boleh dilewatkan! Main di 𝑪𝑼𝑨𝑵𝟑𝟐𝟖! 🚀💥,1.0,📊 Kesempatan besar gak boleh dilewatkan! Main di 𝑪𝑼𝑨𝑵𝟑𝟐𝟖! 🚀💥,kesempatan besar gak boleh dilewatkani main di cuane 2 bi,1.0,0.0,0.0,0.0,0.0
"🎯 Jackpot selalu ada, rezeki terus mengalir di 𝑪𝑼𝑨𝑵𝟑𝟐𝟖! 💥🚀",1.0,"🎯 Jackpot selalu ada, rezeki terus mengalir di 𝑪𝑼𝑨𝑵𝟑𝟐𝟖! 💥🚀",jackpot selalu ada rezeki terus mengalir di cuane 2 bi,1.0,0.0,0.0,0.0,1.0
"📈 Gak ada ruginya, 𝑪𝑼𝑨𝑵𝟑𝟐𝟖 bener-bener gacor! 🔥",1.0,"📈 Gak ada ruginya, 𝑪𝑼𝑨𝑵𝟑𝟐𝟖 bener-bener gacor! 🔥",gak ada ruginya cuane 2 b bener bener gacori,1.0,0.0,0.0,0.0,0.0
"Hari yang penuh berkah dan kebahagiaan berkat 𝑪𝑼𝑨𝑵𝟑𝟐𝟖,rezeki datang menghampiri tanpa permisi!",1.0,"Hari yang penuh berkah dan kebahagiaan berkat 𝑪𝑼𝑨𝑵𝟑𝟐𝟖,rezeki datang menghampiri tanpa permisi!",hari yang penuh berkah dan kebahagiaan berkat cuane 2 b rezeki datang menghampiri tanpa permisii,1.0,0.0,0.0,0.0,0.0
"Main di 𝑪𝑼𝑨𝑵𝟑𝟐𝟖 bikin happy banget, hasilnya gacir abis!",1.0,"Main di 𝑪𝑼𝑨𝑵𝟑𝟐𝟖 bikin happy banget, hasilnya gacir abis!",main di cuane 2 b bikin happy banget hasilnya gacir abisi,1.0,0.0,0.0,0.0,0.0
"Berkah rezeki hari ini berkat 𝑪𝑼𝑨𝑵𝟑𝟐𝟖, puji syukur!",1.0,"Berkah rezeki hari ini berkat 𝑪𝑼𝑨𝑵𝟑𝟐𝟖, puji syukur!",berkah rezeki hari ini berkat cuane 2 b puji syukuri,1.0,0.0,0.0,0.0,0.0
"💥Baru main di 𝑪𝑼𝑨𝑵𝟑𝟐𝟖, saldo langsung naik drastis! 🚀💰",1.0,"💥Baru main di 𝑪𝑼𝑨𝑵𝟑𝟐𝟖, saldo langsung naik drastis! 🚀💰",baru main di cuane 2 b saldo langsung naik drastisi,1.0,0.0,0.0,0.0,0.0
"🔥 Gila! Baru main di 𝑪𝑼𝑨𝑵𝟑𝟐𝟖, langsung gacor parah! 🚀",1.0,"🔥 Gila! Baru main di 𝑪𝑼𝑨𝑵𝟑𝟐𝟖, langsung gacor parah! 🚀",gilai baru main di cuane 2 b langsung gacor parahi,1.0,0.0,0.0,0.0,0.0
"🎯 Keberuntungan besar bisa datang kapan saja, ayo coba di 𝑪𝑼𝑨𝑵𝟑𝟐𝟖! 😍",1.0,"🎯 Keberuntungan besar bisa datang kapan saja, ayo coba di 𝑪𝑼𝑨𝑵𝟑𝟐𝟖! 😍",keberuntungan besar bisa datang kapan saja ayo coba di cuane 2 bi,1.0,0.0,0.0,0.0,0.0
Langsung coba di 𝑪𝑼𝑨𝑵𝟑𝟐𝟖 dan jangan lewatkan kesempatan besar ini!,1.0,Langsung coba di 𝑪𝑼𝑨𝑵𝟑𝟐𝟖 dan jangan lewatkan kesempatan besar ini!,langsung coba di cuane 2 b dan jangan lewatkan kesempatan besar inii,1.0,0.0,0.0,0.0,0.0
"Lihat teman-teman menang, langsung coba, dan ternyata di 𝑪𝑼𝑨𝑵𝟑𝟐𝟖 aku juga menang!",1.0,"Lihat teman-teman menang, langsung coba, dan ternyata di 𝑪𝑼𝑨𝑵𝟑𝟐𝟖 aku juga menang!",lihat teman teman menang langsung coba dan ternyata di cuane 2 b aku juga menangi,1.0,0.0,0.0,0.0,0.0
"⚡ Semua jadi mungkin, karena 𝑪𝑼𝑨𝑵𝟑𝟐𝟖 terbaik! 🎰💥",1.0,"⚡ Semua jadi mungkin, karena 𝑪𝑼𝑨𝑵𝟑𝟐𝟖 terbaik! 🎰💥",semua jadi mungkin karena cuane 2 b terbaiki,1.0,0.0,0.0,0.0,0.0
"💥 Main santai, cuan datang sendiri! 𝑪𝑼𝑨𝑵𝟑𝟐𝟖 luar biasa! 🚀",1.0,"💥 Main santai, cuan datang sendiri! 𝑪𝑼𝑨𝑵𝟑𝟐𝟖 luar biasa! 🚀",main santai cuan datang sendirii cuane 2 b luar biasai,1.0,0.0,0.0,0.0,1.0
🎰 Rezeki tak terduga selalu hadir! 𝑪𝑼𝑨𝑵𝟑𝟐𝟖 terbaik! 🚀,1.0,🎰 Rezeki tak terduga selalu hadir! 𝑪𝑼𝑨𝑵𝟑𝟐𝟖 terbaik! 🚀,rezeki tak terduga selalu hadiri cuane 2 b terbaiki,1.0,0.0,0.0,0.0,0.0
"🎰 Sekali coba langsung ketagihan, 𝑪𝑼𝑨𝑵𝟑𝟐𝟖 gacor tanpa ampun! 🤑",1.0,"🎰 Sekali coba langsung ketagihan, 𝑪𝑼𝑨𝑵𝟑𝟐𝟖 gacor tanpa ampun! 🤑",sekali coba langsung ketagihan cuane 2 b gacor tanpa ampuni,1.0,0.0,0.0,0.0,1.0
🔥 Banjir cuan! 𝑪𝑼𝑨𝑵𝟑𝟐𝟖 gak ada lawan! 🤑,1.0,🔥 Banjir cuan! 𝑪𝑼𝑨𝑵𝟑𝟐𝟖 gak ada lawan! 🤑,banjir cuani cuane 2 b gak ada lawani,1.0,0.0,0.0,0.0,0.0
"🎰 Kesempatan menang besar ada di 𝑪𝑼𝑨𝑵𝟑𝟐𝟖, jangan sampe kelewatan! 🔥💥",1.0,"🎰 Kesempatan menang besar ada di 𝑪𝑼𝑨𝑵𝟑𝟐𝟖, jangan sampe kelewatan! 🔥💥",kesempatan menang besar ada di cuane 2 b jangan sampe kelewatani,1.0,0.0,0.0,0.0,1.0
"Main di 𝑪𝑼𝑨𝑵𝟑𝟐𝟖 auto good vibes, rezeki emang udah ada yang ngatur!",1.0,"Main di 𝑪𝑼𝑨𝑵𝟑𝟐𝟖 auto good vibes, rezeki emang udah ada yang ngatur!",main di cuane 2 b auto good vibes rezeki emang udah ada yang ngaturi,1.0,0.0,0.0,0.0,0.0
Semoga rezeki yang berasal dari 𝑪𝑼𝑨𝑵𝟑𝟐𝟖 membawa manfaat bagi sesama!,1.0,Semoga rezeki yang berasal dari 𝑪𝑼𝑨𝑵𝟑𝟐𝟖 membawa manfaat bagi sesama!,semoga rezeki yang berasal dari cuane 2 b membawa manfaat bagi sesamai,1.0,0.0,0.0,0.0,0.0
💎 Modal kecil bisa jadi sultan di 𝑪𝑼𝑨𝑵𝟑𝟐𝟖! 💰🎰,1.0,💎 Modal kecil bisa jadi sultan di 𝑪𝑼𝑨𝑵𝟑𝟐𝟖! 💰🎰,modal kecil bisa jadi sultan di cuane 2 bi,1.0,0.0,0.0,0.0,0.0
💰 Langsung jackpot pertama kali main! 𝑪𝑼𝑨𝑵𝟑𝟐𝟖 mantap! 😎,1.0,💰 Langsung jackpot pertama kali main! 𝑪𝑼𝑨𝑵𝟑𝟐𝟖 mantap! 😎,langsung jackpot pertama kali maini cuane 2 b mantapi,1.0,0.0,0.0,0.0,1.0
"Rezeki besar nggak kemana, makasih banyak 𝑪𝑼𝑨𝑵𝟑𝟐𝟖!",1.0,"Rezeki besar nggak kemana, makasih banyak 𝑪𝑼𝑨𝑵𝟑𝟐𝟖!",rezeki besar nggak kemana makasih banyak cuane 2 bi,1.0,0.0,0.0,0.0,1.0
"Kalau saya pribadi, bodo amat nggak peduli trend atau FOMO kak.",0.0,"Kalau saya pribadi, bodo amat nggak peduli trend atau FOMO kak.",kalau saya pribadi bodo amat nggak peduli trend atau fomo kak,1.0,0.0,0.0,0.0,1.0
Setiap aku liat instagram sebisa mungkin gak liat instastory orang. Biar tetap waras aj sih intinya 😂😂😂,0.0,Setiap aku liat instagram sebisa mungkin gak liat instastory orang. Biar tetap waras aj sih intinya 😂😂😂,setiap aku liat instagram sebisa mungkin gak liat instastory orang biar tetap waras aj sih intinya,1.0,0.0,0.0,0.0,0.0
"Komen judol jangan di gubris,abaikan aja.laporin kalo perlu..",0.0,"Komen judol jangan di gubris,abaikan aja.laporin kalo perlu..",komen judol jangan di gubris abaikan aja laporin kalo perlu,1.0,0.0,0.0,0.0,0.0
"Kenapa rata"" cuma pada bahas fomo doang? Sedangkan Jomo, jarang bgt di bahas? Apa karna tingkat/rata"" orang indo pada sering fomo? Padahal ada loh, versi Jomo nya. Salah satunya gw ini, yg berada di other side nya fomo alias jomo. Bkn berarti ketinggalan jaman/kuper ya, opsi ini jg salah satu dari pilihan hidup yg lainnya. Tetap mengikuti perkembangan zaman & info terupdate, akan tetapi lebih memilih down to earth. Cukup sebatas tau saja, not to much",0.0,"Kenapa rata"" cuma pada bahas fomo doang? Sedangkan Jomo, jarang bgt di bahas? Apa karna tingkat/rata"" orang indo pada sering fomo? Padahal ada loh, versi Jomo nya. Salah satunya gw ini, yg berada di other side nya fomo alias jomo. Bkn berarti ketinggalan jaman/kuper ya, opsi ini jg salah satu dari pilihan hidup yg lainnya. Tetap mengikuti perkembangan zaman & info terupdate, akan tetapi lebih memilih down to earth. Cukup sebatas tau saja, not to much",kenapa rata cuma pada bahas fomo doang sedangkan jomo jarang bgt di bahas apa karna tingkat rata orang indo pada sering fomo padahal ada loh versi jomo nya salah satunya gw ini yg berada di other side nya fomo alias jomo bkn berarti ketinggalan jaman kuper ya opsi ini jg salah satu dari pilihan hidup yg lainnya tetap mengikuti perkembangan zaman info terupdate akan tetapi lebih memilih down to earth cukup sebatas tau saja not to much,1.0,0.0,0.0,0.0,0.0
Biasanya yang kayak gitu ujungnya jualan ebook & kelas,0.0,Biasanya yang kayak gitu ujungnya jualan ebook & kelas,biasanya yang kayak gitu ujungnya jualan ebook kelas,0.0,0.0,0.0,0.0,0.0
Comment judol meresahkan,0.0,Comment judol meresahkan,comment judol meresahkan,0.0,0.0,0.0,0.0,1.0
Saldo tipis? Serahin ke koislot🌈!,1.0,Saldo tipis? Serahin ke koislot🌈!,saldo tipis serahin ke koislot i,0.0,0.0,0.0,0.0,0.0
koislot🌈 bikin member baru betah dari hari pertama!,1.0,koislot🌈 bikin member baru betah dari hari pertama!,koislot bikin member baru betah dari hari pertamai,1.0,0.0,0.0,0.0,0.0
Setiap komen koislot🌈 tuh ngasih rasa penasaran baru!,1.0,Setiap komen koislot🌈 tuh ngasih rasa penasaran baru!,setiap komen koislot tuh ngasih rasa penasaran barui,1.0,0.0,0.0,0.0,0.0
miya88🌈 emang udah masuk algoritma komen YouTube!,1.0,miya88🌈 emang udah masuk algoritma komen YouTube!,miyabb emang udah masuk algoritma komen youtubei,1.0,0.0,0.0,0.0,0.0
"Tadi iseng login, miya88🌈 langsung ngasih kejutan!",1.0,"Tadi iseng login, miya88🌈 langsung ngasih kejutan!",tadi iseng login miyabb langsung ngasih kejutani,1.0,0.0,0.0,0.0,0.0
Gabung di miya88🌈 dan nikmati keseruannya! Jangan sampai ketinggalan!,1.0,Gabung di miya88🌈 dan nikmati keseruannya! Jangan sampai ketinggalan!,gabung di miyabb dan nikmati keseruannyai jangan sampai ketinggalani,1.0,0.0,0.0,0.0,0.0
"miya88🌈! Ayo main dan nikmati keseruannya! Main sekarang, hadiah menantimu!",1.0,"miya88🌈! Ayo main dan nikmati keseruannya! Main sekarang, hadiah menantimu!",miyabb i ayo main dan nikmati keseruannyai main sekarang hadiah menantimui,1.0,0.0,0.0,0.0,0.0
koislot🌈 bantu gue dari pas-pasan jadi cukup!,1.0,koislot🌈 bantu gue dari pas-pasan jadi cukup!,koislot bantu gue dari pas pasan jadi cukupi,1.0,0.0,0.0,0.0,1.0
"koislot🌈 gak pake banyak janji, hasilnya langsung!",1.0,"koislot🌈 gak pake banyak janji, hasilnya langsung!",koislot gak pake banyak janji hasilnya langsungi,1.0,0.0,0.0,0.0,0.0
"Vina hoki di miya88🌈, akhirnya bisa beli motor yang diidamkan.",1.0,"Vina hoki di miya88🌈, akhirnya bisa beli motor yang diidamkan.",vina hoki di miyabb akhirnya bisa beli motor yang diidamkan,1.0,0.0,0.0,0.0,0.0
koislot🌈 dan angka 666 barusan bikin gempa saldo!,1.0,koislot🌈 dan angka 666 barusan bikin gempa saldo!,koislot dan angka 666 barusan bikin gempa saldoi,0.0,0.0,0.0,0.0,0.0
"Awal yang indah, miya88🌈 langsung bikin mekswin!",1.0,"Awal yang indah, miya88🌈 langsung bikin mekswin!",awal yang indah miyabb langsung bikin mekswini,0.0,0.0,0.0,0.0,0.0
"Fix! Komentar miya88🌈 selalu ada di mana-mana, makin hype!",1.0,"Fix! Komentar miya88🌈 selalu ada di mana-mana, makin hype!",fixi komentar miyabb selalu ada di mana mana makin hypei,1.0,0.0,0.0,0.0,0.0
"Baru masuk recehan, eh bisa narik buat traktir temen!",1.0,"Baru masuk recehan, eh bisa narik buat traktir temen!",baru masuk recehan eh bisa narik buat traktir temeni,1.0,0.0,0.0,0.0,0.0
J3pe p4us setelah coba pola miya88🌈! Keseruannya bikin nagih!,1.0,J3pe p4us setelah coba pola miya88🌈! Keseruannya bikin nagih!,jepe paus setelah coba pola miyabb i keseruannya bikin nagihi,1.0,0.0,0.0,0.0,0.0
apa yang lebih kelam dari wabah yg menghapus hampir setengah dari populasi manusia..,0.0,apa yang lebih kelam dari wabah yg menghapus hampir setengah dari populasi manusia..,apa yang lebih kelam dari wabah yg menghapus hampir setengah dari populasi manusia,1.0,0.0,0.0,0.0,0.0
"France Aja Biasa aja,,yang penting prestasi",0.0,"France Aja Biasa aja,,yang penting prestasi",france aja biasa aja yang penting prestasi,1.0,0.0,0.0,0.0,0.0
"Rezeki besar nggak kemana, makasih banyak suhu328!",1.0,"Rezeki besar nggak kemana, makasih banyak suhu328!",rezeki besar nggak kemana makasih banyak suhue 2 bi,1.0,0.0,0.0,0.0,1.0
🔥 Gak ada lawan! suhu328 selalu gacor! 💰,1.0,🔥 Gak ada lawan! suhu328 selalu gacor! 💰,gak ada lawani suhue 2 b selalu gacori,1.0,0.0,0.0,0.0,0.0
"Main santai di suhu328, hasilnya bikin senyum lebar. Terima kasih banyak!",1.0,"Main santai di suhu328, hasilnya bikin senyum lebar. Terima kasih banyak!",main santai di suhue 2 b hasilnya bikin senyum lebar terima kasih banyaki,1.0,0.0,0.0,0.0,1.0
"Parah banget! suhu328-bikin candu berat, susah banget buat berhenti!",1.0,"Parah banget! suhu328-bikin candu berat, susah banget buat berhenti!",parah bangeti suhue 2 b bikin candu berat susah banget buat berhentii,1.0,0.0,0.0,0.0,0.0
"Parah! suhu328 bikin nagih banget, susah berhenti!",1.0,"Parah! suhu328 bikin nagih banget, susah berhenti!",parahi suhue 2 b bikin nagih banget susah berhentii,1.0,0.0,0.0,0.0,1.0
"Rezeki nomplok hari ini berkat suhu328 , alhamdulillah!",1.0,"Rezeki nomplok hari ini berkat suhu328 , alhamdulillah!",rezeki nomplok hari ini berkat suhue 2 b alhamdulillahi,1.0,0.0,0.0,0.0,1.0
"🎯 Modal kecil, untung besar! suhu328 emang terbaik! 💎🔥",1.0,"🎯 Modal kecil, untung besar! suhu328 emang terbaik! 💎🔥",modal kecil untung besari suhue 2 b emang terbaiki,1.0,0.0,0.0,0.0,1.0
"Keberuntungan besar bikin aku makin cinta sama suhu328 , hasilnya luar biasa!",1.0,"Keberuntungan besar bikin aku makin cinta sama suhu328 , hasilnya luar biasa!",keberuntungan besar bikin aku makin cinta sama suhue 2 b hasilnya luar biasai,1.0,0.0,0.0,0.0,0.0
"🔥 Semua jadi mungkin, karena suhu328 gacor abis! 💰",1.0,"🔥 Semua jadi mungkin, karena suhu328 gacor abis! 💰",semua jadi mungkin karena suhue 2 b gacor abisi,1.0,0.0,0.0,0.0,1.0
"🎰 Game terbaik, peluang menang terbesar! suhu328! 💥",1.0,"🎰 Game terbaik, peluang menang terbesar! suhu328! 💥",game terbaik peluang menang terbesari suhue 2 bi,1.0,0.0,0.0,0.0,0.0
"💥 Main santai, cuan datang sendiri! suhu328 luar biasa! 🚀",1.0,"💥 Main santai, cuan datang sendiri! suhu328 luar biasa! 🚀",main santai cuan datang sendirii suhue 2 b luar biasai,1.0,0.0,0.0,0.0,1.0
Hari yang menyenangkan berkat suhu328! Rezeki datang menghampiri!,1.0,Hari yang menyenangkan berkat suhu328! Rezeki datang menghampiri!,hari yang menyenangkan berkat suhue 2 bi rezeki datang menghampirii,1.0,0.0,0.0,0.0,1.0
"💥 Jackpot terus-terusan, bikin happy tiap hari! suhu328 terbaik! 🚀💎",1.0,"💥 Jackpot terus-terusan, bikin happy tiap hari! suhu328 terbaik! 🚀💎",jackpot terus terusan bikin happy tiap harii suhue 2 b terbaiki,1.0,0.0,0.0,0.0,0.0
"🔥 Semua jadi mungkin, karena suhu328 luar biasa! 🤑",1.0,"🔥 Semua jadi mungkin, karena suhu328 luar biasa! 🤑",semua jadi mungkin karena suhue 2 b luar biasai,1.0,0.0,0.0,0.0,0.0
"Lihat teman-teman menang, langsung coba, dan ternyata di suhu328 aku juga menang!",1.0,"Lihat teman-teman menang, langsung coba, dan ternyata di suhu328 aku juga menang!",lihat teman teman menang langsung coba dan ternyata di suhue 2 b aku juga menangi,1.0,0.0,0.0,0.0,0.0
"Mantap betul! Main di suhu328-anti lag, cuan pun anti macet!",1.0,"Mantap betul! Main di suhu328-anti lag, cuan pun anti macet!",mantap betuli main di suhue 2 b anti lag cuan pun anti maceti,1.0,0.0,0.0,0.0,0.0
"Alhamdulillah, rezeki nggak kemana! Baru main di suhu328 , langsung dapat jakpot besar! Thank you banget!",1.0,"Alhamdulillah, rezeki nggak kemana! Baru main di suhu328 , langsung dapat jakpot besar! Thank you banget!",alhamdulillah rezeki nggak kemanai baru main di suhue 2 b langsung dapat jakpot besari thank you bangeti,1.0,0.0,0.0,0.0,0.0
Jepe terus di suhu328,1.0,Jepe terus di suhu328,jepe terus di suhue 2 b,1.0,0.0,0.0,0.0,0.0
🔥 Semua menang! suhu328 bikin hidup lebih baik! 💰,1.0,🔥 Semua menang! suhu328 bikin hidup lebih baik! 💰,semua menangi suhue 2 b bikin hidup lebih baiki,0.0,0.0,0.0,0.0,0.0
"suhu328 bikin hidup makin asyik, rezeki datang tanpa henti!",1.0,"suhu328 bikin hidup makin asyik, rezeki datang tanpa henti!",suhue 2 b bikin hidup makin asyik rezeki datang tanpa hentii,1.0,0.0,0.0,0.0,0.0
"Kontrakan rempong makin seru, main suhu328 juga makin seru dengan banyak hadiah!",1.0,"Kontrakan rempong makin seru, main suhu328 juga makin seru dengan banyak hadiah!",kontrakan rempong makin seru main suhue 2 b juga makin seru dengan banyak hadiahi,1.0,0.0,0.0,0.0,0.0
"💥 Spin sekali, untung berkali-kali! suhu328 emang beda! ⚡🚀",1.0,"💥 Spin sekali, untung berkali-kali! suhu328 emang beda! ⚡🚀",spin sekali untung berkali kalii suhue 2 b emang bedai,1.0,0.0,0.0,0.0,0.0
🔥 Ayo buktikan sendiri keajaiban suhu328! 💰,1.0,🔥 Ayo buktikan sendiri keajaiban suhu328! 💰,ayo buktikan sendiri keajaiban suhue 2 bi,0.0,0.0,0.0,0.0,0.0
"🎰 Sekali coba langsung ketagihan, suhu328 gacor tanpa ampun! 🤑",1.0,"🎰 Sekali coba langsung ketagihan, suhu328 gacor tanpa ampun! 🤑",sekali coba langsung ketagihan suhue 2 b gacor tanpa ampuni,1.0,0.0,0.0,0.0,0.0
"🎯 Keberuntungan besar bisa datang kapan saja, ayo coba di suhu328! 😍",1.0,"🎯 Keberuntungan besar bisa datang kapan saja, ayo coba di suhu328! 😍",keberuntungan besar bisa datang kapan saja ayo coba di suhue 2 bi,1.0,0.0,0.0,0.0,0.0
"Modal kecil aja bisa untung besar di suhu328, luar biasa!",1.0,"Modal kecil aja bisa untung besar di suhu328, luar biasa!",modal kecil aja bisa untung besar di suhue 2 b luar biasai,1.0,0.0,0.0,0.0,0.0
"Begitu mantap! Bermain di suhu328 lancar, rezeki pun mengalir dengan deras!",1.0,"Begitu mantap! Bermain di suhu328 lancar, rezeki pun mengalir dengan deras!",begitu mantapi bermain di suhue 2 b lancar rezeki pun mengalir dengan derasi,1.0,0.0,0.0,0.0,1.0
"Mantap betul main di suhu328, cuan terus menerus!",1.0,"Mantap betul main di suhu328, cuan terus menerus!",mantap betul main di suhue 2 b cuan terus menerusi,1.0,0.0,0.0,0.0,0.0
🎰 Mau menang terus? suhu328 jawabannya! 💎🔥,1.0,🎰 Mau menang terus? suhu328 jawabannya! 💎🔥,mau menang terus suhue 2 b jawabannyai,1.0,0.0,0.0,0.0,0.0
"📊 Sudah banyak yang membuktikan, sekarang giliran kamu! suhu328! 🔥💎",1.0,"📊 Sudah banyak yang membuktikan, sekarang giliran kamu! suhu328! 🔥💎",sudah banyak yang membuktikan sekarang giliran kamui suhue 2 bi,1.0,0.0,0.0,0.0,0.0
"🔥 Sensasi menang terus, gak ada habisnya di suhu328! 🎰💎",1.0,"🔥 Sensasi menang terus, gak ada habisnya di suhu328! 🎰💎",sensasi menang terus gak ada habisnya di suhue 2 bi,1.0,0.0,0.0,0.0,1.0
"Gue yakin yang 1 orang indo sekarang dipertahankan supaya keliatan aja minimal ada indonya, kalo 11 semuanya naturalisasi malah bingung itu tim perwakilan dari negara mana dari mukanya 😂😂😂",0.0,"Gue yakin yang 1 orang indo sekarang dipertahankan supaya keliatan aja minimal ada indonya, kalo 11 semuanya naturalisasi malah bingung itu tim perwakilan dari negara mana dari mukanya 😂😂😂",gue yakin yang i orang indo sekarang dipertahankan supaya keliatan aja minimal ada indonya kalo ii semuanya naturalisasi malah bingung itu tim perwakilan dari negara mana dari mukanya,1.0,0.0,0.0,0.0,1.0
"tugasnya masyarakat elit diindonesia untuk menciptakan lapangan pekerjaan tanpa memandang usia,tamatan sekolah dan hukum meritokrasi diterapkan,ketika mereka mempunyai uang sampai mereka mampu sekolahkan anak anaknya",0.0,"tugasnya masyarakat elit diindonesia untuk menciptakan lapangan pekerjaan tanpa memandang usia,tamatan sekolah dan hukum meritokrasi diterapkan,ketika mereka mempunyai uang sampai mereka mampu sekolahkan anak anaknya",tugasnya masyarakat elit diindonesia untuk menciptakan lapangan pekerjaan tanpa memandang usia tamatan sekolah dan hukum meritokrasi diterapkan ketika mereka mempunyai uang sampai mereka mampu sekolahkan anak anaknya,1.0,0.0,0.0,0.0,0.0
Ga harus jadi introvert,0.0,Ga harus jadi introvert,ga harus jadi introvert,1.0,0.0,0.0,0.0,0.0
"Pak Jokowi adalah orang jenius, hidup Jokowi 🔥",0.0,"Pak Jokowi adalah orang jenius, hidup Jokowi 🔥",pak jokowi adalah orang jenius hidup jokowi,1.0,0.0,0.0,0.0,0.0
"Bukan jenius yang dibutuhkan tapi manusia yang berkesadaran, bisa mengendalikan diri, pikiran dan perasaan. Kesadaran yang perlu ditingkatkan. Sadar apa tujuan hidup di dunia. Tingkatkan kualitas kehidupan, kualitas diri dan kualitas kesadaran.",0.0,"Bukan jenius yang dibutuhkan tapi manusia yang berkesadaran, bisa mengendalikan diri, pikiran dan perasaan. Kesadaran yang perlu ditingkatkan. Sadar apa tujuan hidup di dunia. Tingkatkan kualitas kehidupan, kualitas diri dan kualitas kesadaran.",bukan jenius yang dibutuhkan tapi manusia yang berkesadaran bisa mengendalikan diri pikiran dan perasaan kesadaran yang perlu ditingkatkan sadar apa tujuan hidup di dunia tingkatkan kualitas kehidupan kualitas diri dan kualitas kesadaran,1.0,0.0,0.0,0.0,0.0
"apalagi orang ""tidak pintar"" ini, sekarang punya akses bebas berpendapat",0.0,"apalagi orang ""tidak pintar"" ini, sekarang punya akses bebas berpendapat",apalagi orang tidak pintar ini sekarang punya akses bebas berpendapat,0.0,0.0,0.0,0.0,0.0
"Jangankan cari orang genius, cari orang yg pinter aja susah. Anaknya sendiri mau tanggung jawab untuk jadi lebih pintar enggak, pemerintah ama kita cuman menyediakan fasilitas aja",0.0,"Jangankan cari orang genius, cari orang yg pinter aja susah. Anaknya sendiri mau tanggung jawab untuk jadi lebih pintar enggak, pemerintah ama kita cuman menyediakan fasilitas aja",jangankan cari orang genius cari orang yg pinter aja susah anaknya sendiri mau tanggung jawab untuk jadi lebih pintar enggak pemerintah ama kita cuman menyediakan fasilitas aja,0.0,0.0,0.0,0.0,1.0
kemampuan literasi harus menyebar secara merata,0.0,kemampuan literasi harus menyebar secara merata,kemampuan literasi harus menyebar secara merata,0.0,0.0,0.0,0.0,0.0
Apakah harus memangkas populasi dlm hitungan detik?,0.0,Apakah harus memangkas populasi dlm hitungan detik?,apakah harus memangkas populasi dlm hitungan detik,1.0,0.0,0.0,0.0,0.0
"pemikiran liar aku aja ini ya, sebenernya bisa ga butuh 1000 orang jenius, cukup sepuluh lah ideal nya, cuman apakah orang2 yang jenius ini semuanya tujuan nya pengen menyelamatkan semua dari krisis? jelas engga, saya aja yg ga jenius mikir ah mending mengambil keuntungan se besar2 nya dari krisis yg terjadi ini",0.0,"pemikiran liar aku aja ini ya, sebenernya bisa ga butuh 1000 orang jenius, cukup sepuluh lah ideal nya, cuman apakah orang2 yang jenius ini semuanya tujuan nya pengen menyelamatkan semua dari krisis? jelas engga, saya aja yg ga jenius mikir ah mending mengambil keuntungan se besar2 nya dari krisis yg terjadi ini",pemikiran liar aku aja ini ya sebenernya bisa ga butuh iooo orang jenius cukup sepuluh lah ideal nya cuman apakah orang 2 yang jenius ini semuanya tujuan nya pengen menyelamatkan semua dari krisis jelas engga saya aja yg ga jenius mikir ah mending mengambil keuntungan se besar 2 nya dari krisis yg terjadi ini,0.0,0.0,0.0,0.0,0.0
"gak juga ah, cukup2 aja, tergantung sistemnya",0.0,"gak juga ah, cukup2 aja, tergantung sistemnya",gak juga ah cukup 2 aja tergantung sistemnya,0.0,0.0,0.0,0.0,0.0
"Kesel bgt gw, 40an komen isinya judol. Diberikan contoh masalah nyata langsung oleh komen sosial media.",0.0,"Kesel bgt gw, 40an komen isinya judol. Diberikan contoh masalah nyata langsung oleh komen sosial media.",kesel bgt gw aoan komen isinya judol diberikan contoh masalah nyata langsung oleh komen sosial media,1.0,0.0,0.0,0.0,0.0
"Klo sempat dan mau coba buka standar pendidikan nasional dari kurikulum 2006, 2013 , merdeka",0.0,"Klo sempat dan mau coba buka standar pendidikan nasional dari kurikulum 2006, 2013 , merdeka",klo sempat dan mau coba buka standar pendidikan nasional dari kurikulum 2 oo 6 2 oie merdeka,0.0,0.0,0.0,0.0,0.0
Bonus ✨𝗞𝗢𝗜𝗦𝗟𝗢𝗧🎉 tuh bikin ketagihan balik lagi!!!,1.0,Bonus ✨𝗞𝗢𝗜𝗦𝗟𝗢𝗧🎉 tuh bikin ketagihan balik lagi!!!,bonus koislot tuh bikin ketagihan balik lagiiii,0.0,0.0,0.0,0.0,0.0
berkat 🎉𝗠𝗜𝗬𝗔𝟴𝟴✨ gue bisa beliin anak mainan edukatif.,1.0,berkat 🎉𝗠𝗜𝗬𝗔𝟴𝟴✨ gue bisa beliin anak mainan edukatif.,berkat miyabb gue bisa beliin anak mainan edukatif,1.0,0.0,0.0,0.0,0.0
Lo bisa cek sendiri kenapa banyak yang diam-diam buka 🎉𝗠𝗜𝗬𝗔𝟴𝟴✨.,1.0,Lo bisa cek sendiri kenapa banyak yang diam-diam buka 🎉𝗠𝗜𝗬𝗔𝟴𝟴✨.,lo bisa cek sendiri kenapa banyak yang diam diam buka miyabb,0.0,0.0,0.0,0.0,0.0
"Gue gak kaya, tapi 𝗠𝗜𝗬𝗔𝟴𝟴💥 bikin hidup enak.",1.0,"Gue gak kaya, tapi 𝗠𝗜𝗬𝗔𝟴𝟴💥 bikin hidup enak.",gue gak kaya tapi miyabb bikin hidup enak,0.0,0.0,0.0,0.0,0.0
berkat 🎉𝗠𝗜𝗬𝗔𝟴𝟴✨ sekarang gue punya celengan digital yang rutin keisi.,1.0,berkat 🎉𝗠𝗜𝗬𝗔𝟴𝟴✨ sekarang gue punya celengan digital yang rutin keisi.,berkat miyabb sekarang gue punya celengan digital yang rutin keisi,1.0,0.0,0.0,0.0,0.0
Gue main 🎉𝗠𝗜𝗬𝗔𝟴𝟴✨ buat isi ulang semangat!,1.0,Gue main 🎉𝗠𝗜𝗬𝗔𝟴𝟴✨ buat isi ulang semangat!,gue main miyabb buat isi ulang semangati,0.0,0.0,0.0,0.0,0.0
𝗞𝗢𝗜𝗦𝗟𝗢𝗧💥 itu cuan dalam bentuk viral!,1.0,𝗞𝗢𝗜𝗦𝗟𝗢𝗧💥 itu cuan dalam bentuk viral!,koislot itu cuan dalam bentuk virali,1.0,0.0,0.0,0.0,0.0
🎉𝗠𝗜𝗬𝗔𝟴𝟴✨ itu tempat paling damai buat dompet kosong!,1.0,🎉𝗠𝗜𝗬𝗔𝟴𝟴✨ itu tempat paling damai buat dompet kosong!,miyabb itu tempat paling damai buat dompet kosongi,0.0,0.0,0.0,0.0,0.0
🎉𝗠𝗜𝗬𝗔𝟴𝟴✨ itu tempat diem-diem penuh berkah.,1.0,🎉𝗠𝗜𝗬𝗔𝟴𝟴✨ itu tempat diem-diem penuh berkah.,miyabb itu tempat diem diem penuh berkah,1.0,0.0,0.0,0.0,0.0
"✨𝗞𝗢𝗜𝗦𝗟𝗢𝗧🎉 selalu kasih bukti, gak pernah PHP!",1.0,"✨𝗞𝗢𝗜𝗦𝗟𝗢𝗧🎉 selalu kasih bukti, gak pernah PHP!",koislot selalu kasih bukti gak pernah phpi,0.0,0.0,0.0,0.0,1.0
"✨𝗞𝗢𝗜𝗦𝗟𝗢𝗧🎉 udah kayak ATM, bonusnya lancar terus!!!",1.0,"✨𝗞𝗢𝗜𝗦𝗟𝗢𝗧🎉 udah kayak ATM, bonusnya lancar terus!!!",koislot udah kayak atm bonusnya lancar terusiii,0.0,0.0,0.0,0.0,0.0
Mari kita berbuat untuk kepentingan bersama,0.0,Mari kita berbuat untuk kepentingan bersama,mari kita berbuat untuk kepentingan bersama,0.0,0.0,0.0,0.0,0.0
Mara karma resesi dunia,0.0,Mara karma resesi dunia,mara karma resesi dunia,1.0,0.0,0.0,0.0,0.0
komennyaa,0.0,komennyaa,komennyaa,1.0,0.0,0.0,0.0,0.0
"Ternyata main di  manjurbet  bikin rezeki datang begitu saja, langsung gacir!",1.0,"Ternyata main di  manjurbet  bikin rezeki datang begitu saja, langsung gacir!",ternyata main di manjurbet bikin rezeki datang begitu saja langsung gaciri,0.0,0.0,0.0,0.0,0.0
Jakpot besar bikin aku makin percaya sama keberuntungan di manjurbet!,1.0,Jakpot besar bikin aku makin percaya sama keberuntungan di manjurbet!,jakpot besar bikin aku makin percaya sama keberuntungan di manjurbeti,0.0,0.0,0.0,0.0,0.0
"💥 Main santai, cuan datang sendiri! manjurbet luar biasa! 🚀",1.0,"💥 Main santai, cuan datang sendiri! manjurbet luar biasa! 🚀",main santai cuan datang sendirii manjurbet luar biasai,0.0,0.0,0.0,0.0,0.0
🎯 Auto kaya dengan main di manjurbet! 💰,1.0,🎯 Auto kaya dengan main di manjurbet! 💰,auto kaya dengan main di manjurbeti,0.0,0.0,0.0,0.0,0.0
manjurbet tempat mengadu nasip!,1.0,manjurbet tempat mengadu nasip!,manjurbet tempat mengadu nasipi,1.0,0.0,0.0,0.0,0.0
"Tidak pernah merasa jenuh bermain manjurbet,selalu ada inovasi!",1.0,"Tidak pernah merasa jenuh bermain manjurbet,selalu ada inovasi!",tidak pernah merasa jenuh bermain manjurbet selalu ada inovasii,1.0,0.0,0.0,0.0,0.0
💰 Jackpot makin besar! Gak ada ruginya main di manjurbet! 😍🚀,1.0,💰 Jackpot makin besar! Gak ada ruginya main di manjurbet! 😍🚀,jackpot makin besari gak ada ruginya main di manjurbeti,1.0,0.0,0.0,0.0,0.0
"Main di manjurbetcuma sebentar, eh langsung rezeki nomplok. Jadi pengen coba lagi!",1.0,"Main di manjurbetcuma sebentar, eh langsung rezeki nomplok. Jadi pengen coba lagi!",main di manjurbetcuma sebentar eh langsung rezeki nomplok jadi pengen coba lagii,0.0,0.0,0.0,0.0,1.0
"Main bentar, eh langsung rezeki nomplok! Semuanya bisa terjadi di manjurbet!",1.0,"Main bentar, eh langsung rezeki nomplok! Semuanya bisa terjadi di manjurbet!",main bentar eh langsung rezeki nomploki semuanya bisa terjadi di manjurbeti,0.0,0.0,0.0,0.0,0.0
"🔥 Gacor maksimal, hanya di manjurbet! 💰",1.0,"🔥 Gacor maksimal, hanya di manjurbet! 💰",gacor maksimal hanya di manjurbeti,1.0,0.0,0.0,0.0,0.0
🎰 Mau menang terus? manjurbet jawabannya! 💎🔥,1.0,🎰 Mau menang terus? manjurbet jawabannya! 💎🔥,mau menang terus manjurbet jawabannyai,1.0,0.0,0.0,0.0,0.0
manjurbet tempat paling  mantap,1.0,manjurbet tempat paling  mantap,manjurbet tempat paling mantap,0.0,0.0,0.0,0.0,0.0
"💎 Hoki tiada henti di manjurbet, ayo main! 🚀",1.0,"💎 Hoki tiada henti di manjurbet, ayo main! 🚀",hoki tiada henti di manjurbet ayo maini,1.0,0.0,0.0,0.0,0.0
Tidak semua komponen kehidupan membutuhkan AI. Pendidikan lebih membutuhkan pengetahuan yang relevan dengan kebutuhan. Di Eropa pendidikan kembali menggunakan metode dengan menggunakan buku teks yang mampu mebingkatkan kemampuan berpikir,0.0,Tidak semua komponen kehidupan membutuhkan AI. Pendidikan lebih membutuhkan pengetahuan yang relevan dengan kebutuhan. Di Eropa pendidikan kembali menggunakan metode dengan menggunakan buku teks yang mampu mebingkatkan kemampuan berpikir,tidak semua komponen kehidupan membutuhkan ai pendidikan lebih membutuhkan pengetahuan yang relevan dengan kebutuhan di eropa pendidikan kembali menggunakan metode dengan menggunakan buku teks yang mampu mebingkatkan kemampuan berpikir,1.0,0.0,0.0,0.0,0.0
Konten bekualitas seperti ini kenapa Ada iklan judol ?,0.0,Konten bekualitas seperti ini kenapa Ada iklan judol ?,konten bekualitas seperti ini kenapa ada iklan judol,0.0,0.0,0.0,0.0,0.0
Ajarin logika dan rasionalitas aj yg lain ngikut mungkin? Philosophy ngebuat critical thingking naik,0.0,Ajarin logika dan rasionalitas aj yg lain ngikut mungkin? Philosophy ngebuat critical thingking naik,ajarin logika dan rasionalitas aj yg lain ngikut mungkin philosophy ngebuat critical thingking naik,0.0,0.0,0.0,0.0,0.0
"Susah berhenti scroll karena 💎💎 𝑲𝑶𝑰𝑺𝑳𝑶𝑻 💎💎, pas banget buat semua vibe!",1.0,"Susah berhenti scroll karena 💎💎 𝑲𝑶𝑰𝑺𝑳𝑶𝑻 💎💎, pas banget buat semua vibe!",susah berhenti scroll karena koislot pas banget buat semua vibei,0.0,0.0,0.0,0.0,1.0
"Gak habis pikir ternyata viral banget di 💎💎 𝑲𝑶𝑰𝑺𝑳𝑶𝑻 💎💎, semua FYP isinya ini terus!",1.0,"Gak habis pikir ternyata viral banget di 💎💎 𝑲𝑶𝑰𝑺𝑳𝑶𝑻 💎💎, semua FYP isinya ini terus!",gak habis pikir ternyata viral banget di koislot semua fyp isinya ini terusi,0.0,0.0,0.0,0.0,0.0
"Asli rame parah sekarang tuh 💎💎 𝑲𝑶𝑰𝑺𝑳𝑶𝑻 💎💎, yang penting happy dulu!",1.0,"Asli rame parah sekarang tuh 💎💎 𝑲𝑶𝑰𝑺𝑳𝑶𝑻 💎💎, yang penting happy dulu!",asli rame parah sekarang tuh koislot yang penting happy dului,1.0,0.0,0.0,0.0,0.0
"Netizen langsung ramein 💎💎 𝐌𝐈𝐘𝐀𝟖𝟖 💎💎, worth banget buat dicoba!",1.0,"Netizen langsung ramein 💎💎 𝐌𝐈𝐘𝐀𝟖𝟖 💎💎, worth banget buat dicoba!",netizen langsung ramein miyabb worth banget buat dicobai,1.0,0.0,0.0,0.0,0.0
"Pilih hiburan praktis kayak 💎💎 𝑲𝑶𝑰𝑺𝑳𝑶𝑻 💎💎, selalu punya cara buat bikin bahagia!",1.0,"Pilih hiburan praktis kayak 💎💎 𝑲𝑶𝑰𝑺𝑳𝑶𝑻 💎💎, selalu punya cara buat bikin bahagia!",pilih hiburan praktis kayak koislot selalu punya cara buat bikin bahagiai,1.0,0.0,0.0,0.0,0.0
"Isi waktu santai gua bareng 💎💎 𝑲𝑶𝑰𝑺𝑳𝑶𝑻 💎💎, cocok buat semua momen santai!",1.0,"Isi waktu santai gua bareng 💎💎 𝑲𝑶𝑰𝑺𝑳𝑶𝑻 💎💎, cocok buat semua momen santai!",isi waktu santai gua bareng koislot cocok buat semua momen santaii,0.0,0.0,0.0,0.0,0.0
"Auto trending berhari-hari gara-gara 💎💎 𝑲𝑶𝑰𝑺𝑳𝑶𝑻 💎💎, layak viral banget sih!",1.0,"Auto trending berhari-hari gara-gara 💎💎 𝑲𝑶𝑰𝑺𝑳𝑶𝑻 💎💎, layak viral banget sih!",auto trending berhari hari gara gara koislot layak viral banget sihi,0.0,0.0,0.0,0.0,1.0
Dari awal sampe sekarang gua selalu balik ke 💎💎 𝐌𝐈𝐘𝐀𝟖𝟖 💎💎 selalu hadir di saat yang tepat!,1.0,Dari awal sampe sekarang gua selalu balik ke 💎💎 𝐌𝐈𝐘𝐀𝟖𝟖 💎💎 selalu hadir di saat yang tepat!,dari awal sampe sekarang gua selalu balik ke miyabb selalu hadir di saat yang tepati,1.0,0.0,0.0,0.0,0.0
"Pas buka langsung muncul 💎💎 𝑲𝑶𝑰𝑺𝑳𝑶𝑻 💎💎, temanya selalu up to date!",1.0,"Pas buka langsung muncul 💎💎 𝑲𝑶𝑰𝑺𝑳𝑶𝑻 💎💎, temanya selalu up to date!",pas buka langsung muncul koislot temanya selalu up to datei,1.0,0.0,0.0,0.0,1.0
"Biar hidup lebih berwarna, gua pilih 💎💎 𝐌𝐈𝐘𝐀𝟖𝟖 💎💎, gua selalu semangat tiap buka!",1.0,"Biar hidup lebih berwarna, gua pilih 💎💎 𝐌𝐈𝐘𝐀𝟖𝟖 💎💎, gua selalu semangat tiap buka!",biar hidup lebih berwarna gua pilih miyabb gua selalu semangat tiap bukai,1.0,0.0,0.0,0.0,1.0
"Bikin waktu luang makin bermakna bareng 💎💎 𝐌𝐈𝐘𝐀𝟖𝟖 💎💎, nyaman banget dari awal!",1.0,"Bikin waktu luang makin bermakna bareng 💎💎 𝐌𝐈𝐘𝐀𝟖𝟖 💎💎, nyaman banget dari awal!",bikin waktu luang makin bermakna bareng miyabb nyaman banget dari awali,0.0,0.0,0.0,0.0,0.0
"Kalau butuh hiburan sejenak, gua ke 💎💎 𝑲𝑶𝑰𝑺𝑳𝑶𝑻 💎💎, selalu jadi pilihan pertama!",1.0,"Kalau butuh hiburan sejenak, gua ke 💎💎 𝑲𝑶𝑰𝑺𝑳𝑶𝑻 💎💎, selalu jadi pilihan pertama!",kalau butuh hiburan sejenak gua ke koislot selalu jadi pilihan pertamai,0.0,0.0,0.0,0.0,1.0
"Kalau butuh hiburan sejenak, gua ke 💎💎 𝑲𝑶𝑰𝑺𝑳𝑶𝑻 💎💎, cocok buat recharge pikiran!",1.0,"Kalau butuh hiburan sejenak, gua ke 💎💎 𝑲𝑶𝑰𝑺𝑳𝑶𝑻 💎💎, cocok buat recharge pikiran!",kalau butuh hiburan sejenak gua ke koislot cocok buat recharge pikirani,1.0,0.0,0.0,0.0,1.0
"Sekarang semua mata tertuju ke 💎💎 𝐌𝐈𝐘𝐀𝟖𝟖 💎💎, semua orang ngomongin ini sekarang!",1.0,"Sekarang semua mata tertuju ke 💎💎 𝐌𝐈𝐘𝐀𝟖𝟖 💎💎, semua orang ngomongin ini sekarang!",sekarang semua mata tertuju ke miyabb semua orang ngomongin ini sekarangi,1.0,0.0,0.0,0.0,1.0
Kemampuan pendidik dan pengajar yg kurang (kwalitas dan kwntitas),0.0,Kemampuan pendidik dan pengajar yg kurang (kwalitas dan kwntitas),kemampuan pendidik dan pengajar yg kurang kwalitas dan kwntitas,1.0,0.0,0.0,0.0,1.0
Mending beli shoppe lebih murah uah SNI lagi 😂,0.0,Mending beli shoppe lebih murah uah SNI lagi 😂,mending beli shoppe lebih murah uah sni lagi,0.0,0.0,0.0,0.0,1.0
jepеy gmpng banget di 𝘋𝙊𝘙А𝟳𝟳,1.0,jepеy gmpng banget di 𝘋𝙊𝘙А𝟳𝟳,jepey gmpng banget di dorаtt,1.0,0.0,0.0,0.0,1.0
helm tanpa visor.. mau sni atau dot tetep aja ga aman,0.0,helm tanpa visor.. mau sni atau dot tetep aja ga aman,helm tanpa visor mau sni atau dot tetep aja ga aman,0.0,0.0,0.0,0.0,1.0
gachoг p𝐚rah d𝙞 𝐃𝐎-𝐑-𝐀-𝟕-𝟕😉,1.0,gachoг p𝐚rah d𝙞 𝐃𝐎-𝐑-𝐀-𝟕-𝟕😉,gachoг parah di do r a t t,1.0,0.0,0.0,0.0,1.0
"DORA TUJUHTUJUH🙋 g𝘢chor pa𝐫ah, bikin l𝙪pa wak𝘵u 𝙠arena naɡih ma𝙚nnya",1.0,"DORA TUJUHTUJUH🙋 g𝘢chor pa𝐫ah, bikin l𝙪pa wak𝘵u 𝙠arena naɡih ma𝙚nnya",dora tujuhtujuh gachor parah bikin lupa waktu karena nagih maennya,0.0,0.0,0.0,0.0,1.0
"𝐠acir 𝙢ulu, ɡa pernah rugi ԁi 𝐃 𝐎𝐑𝐀𝟕𝟕🤙 🏳",1.0,"𝐠acir 𝙢ulu, ɡa pernah rugi ԁi 𝐃 𝐎𝐑𝐀𝟕𝟕🤙 🏳",gacir mulu ga pernah rugi di d oratt,1.0,0.0,0.0,0.0,1.0
Utaпg luna𝘴 seketika abi𝘴 𝐦axwin 𝐝i 𝗗 𝗢 𝗥 𝗔 𝟳𝟳👏 😗,1.0,Utaпg luna𝘴 seketika abi𝘴 𝐦axwin 𝐝i 𝗗 𝗢 𝗥 𝗔 𝟳𝟳👏 😗,utaпg lunas seketika abis maxwin di d o r a tt,0.0,0.0,0.0,0.0,1.0
"mekswin ga𝘮pang b𝘨t, cu𝐦a di 𝐃 𝐎 𝐑 𝐀 𝟕𝟕👉 ♒",1.0,"mekswin ga𝘮pang b𝘨t, cu𝐦a di 𝐃 𝐎 𝐑 𝐀 𝟕𝟕👉 ♒",mekswin gampang bgt cuma di d o r a tt,1.0,0.0,0.0,0.0,1.0
"D-O-RA77🤷 e𝙢ang Ьeda, 𝘮ekswin teru𝘴 🐍",1.0,"D-O-RA77🤷 e𝙢ang Ьeda, 𝘮ekswin teru𝘴 🐍",d o ratt emang ьeda mekswin terus,0.0,0.0,0.0,0.0,0.0
"ga𝐜ir bg𝐭 di 𝐃-𝐎-𝐑𝐀𝟕𝟕😃, jеpe mulu",1.0,"ga𝐜ir bg𝐭 di 𝐃-𝐎-𝐑𝐀𝟕𝟕😃, jеpe mulu",gacir bgt di d o ratt jepe mulu,1.0,0.0,0.0,0.0,0.0
"DORA77🙇 in𝘪 b𝘦da sih, gacirnya kebang𝐞tan Ьikin nagih 😇",1.0,"DORA77🙇 in𝘪 b𝘦da sih, gacirnya kebang𝐞tan Ьikin nagih 😇",doratt ini beda sih gacirnya kebangetan ьikin nagih,0.0,0.0,0.0,0.0,0.0
"maen 𝘥i DORA-TUJUH-TUJUH😌, mekswin gmpng",1.0,"maen 𝘥i DORA-TUJUH-TUJUH😌, mekswin gmpng",maen di dora tujuh tujuh mekswin gmpng,1.0,0.0,0.0,0.0,1.0
"D O R A 77🖖 bik𝘪n ketagiha𝘯, jеpey t𝘦rus",1.0,"D O R A 77🖖 bik𝘪n ketagiha𝘯, jеpey t𝘦rus",d o r a tt bikin ketagihan jepey terus,0.0,0.0,0.0,0.0,1.0
"𝗗 𝗢 𝗥 𝗔𝟳𝟳🤜 𝐵aru 𝐝e p𝐨 50 r𝘪bu, lang𝐬ung mekswin 5 ju𝐭a. Gokіl ga s𝙞h?",1.0,"𝗗 𝗢 𝗥 𝗔𝟳𝟳🤜 𝐵aru 𝐝e p𝐨 50 r𝘪bu, lang𝐬ung mekswin 5 ju𝐭a. Gokіl ga s𝙞h?",d o r att baru de po so ribu langsung mekswin s juta gokil ga sih,1.0,0.0,0.0,0.0,0.0
"💁AERODELAPANDELAPAN aku maen bentar, saldo udah naik 2x lipat",1.0,"💁AERODELAPANDELAPAN aku maen bentar, saldo udah naik 2x lipat",aerodelapandelapan aku maen bentar saldo udah naik 2 x lipat,0.0,0.0,0.0,0.0,1.0
"Happy banget, cuma di 🙎axl777🙎 keberuntungan datang terus!",1.0,"Happy banget, cuma di 🙎axl777🙎 keberuntungan datang terus!",happy banget cuma di axlttt keberuntungan datang terusi,1.0,0.0,0.0,0.0,1.0
"Rezeki dari 🧏axl777🧏 emang berkah, terima kasih!",1.0,"Rezeki dari 🧏axl777🧏 emang berkah, terima kasih!",rezeki dari axlttt emang berkah terima kasihi,1.0,0.0,0.0,0.0,1.0
"😀AERO-8-8 aku cba, eh lgnsung dapet cuan gede",1.0,"😀AERO-8-8 aku cba, eh lgnsung dapet cuan gede",aero b b aku cba eh lgnsung dapet cuan gede,1.0,0.0,0.0,0.0,1.0
Senang banget bisa dapet rezeki hari ini dari 🤛axl777🤛!,1.0,Senang banget bisa dapet rezeki hari ini dari 🤛axl777🤛!,senang banget bisa dapet rezeki hari ini dari axlttt i,0.0,0.0,0.0,0.0,1.0
🏃axl777🏃 aku gmpang bgt mnang di dsini,1.0,🏃axl777🏃 aku gmpang bgt mnang di dsini,axlttt aku gmpang bgt mnang di dsini,1.0,0.0,0.0,0.0,1.0
Di DORA-7-7😀 mendukung impian saya untuk memiliki rumah yang layak. 🤓,1.0,Di DORA-7-7😀 mendukung impian saya untuk memiliki rumah yang layak. 🤓,di dora t t mendukung impian saya untuk memiliki rumah yang layak,1.0,0.0,0.0,0.0,0.0
"𝗗-𝗢-𝗥-𝗔𝟳𝟳😚bikin lupa semua beban, hiburan yang sangat menyenangkan! 🐗",1.0,"𝗗-𝗢-𝗥-𝗔𝟳𝟳😚bikin lupa semua beban, hiburan yang sangat menyenangkan! 🐗",d o r att bikin lupa semua beban hiburan yang sangat menyenangkani,1.0,0.0,0.0,0.0,0.0
"Happy banget bisa dapet rezeki besar dari DO R A 7 7🤏, bener-bener puas! 🥚",1.0,"Happy banget bisa dapet rezeki besar dari DO R A 7 7🤏, bener-bener puas! 🥚",happy banget bisa dapet rezeki besar dari do r a t t bener bener puasi,0.0,0.0,0.0,0.0,0.0
"Bermain di 𝘿𝙊𝙍-𝘼-𝟳-𝟳🤐 mengubah hidup saya, dari buruh pabrik jadi pengusaha sukses. 🫔",1.0,"Bermain di 𝘿𝙊𝙍-𝘼-𝟳-𝟳🤐 mengubah hidup saya, dari buruh pabrik jadi pengusaha sukses. 🫔",bermain di dor a t t mengubah hidup saya dari buruh pabrik jadi pengusaha sukses,1.0,0.0,0.0,0.0,0.0
"Berkat DORATUJUH-TUJUH😛 saya melesat, dari pengantar koran ke bos media. ⛰",1.0,"Berkat DORATUJUH-TUJUH😛 saya melesat, dari pengantar koran ke bos media. ⛰",berkat doratujuh tujuh saya melesat dari pengantar koran ke bos media,0.0,0.0,0.0,0.0,0.0
"Melalui 𝗗-𝗢-𝗥𝗔𝟳𝟳😙 saya bertransformasi, dari penjaja gorengan menjadi pemilik kafe. 🧄",1.0,"Melalui 𝗗-𝗢-𝗥𝗔𝟳𝟳😙 saya bertransformasi, dari penjaja gorengan menjadi pemilik kafe. 🧄",melalui d o ratt saya bertransformasi dari penjaja gorengan menjadi pemilik kafe,0.0,0.0,0.0,0.0,0.0
"Jika Anda mencari rasa kebersamaan, 𝐃 𝐎𝐑𝐀𝟕𝟕🤙-layak dicoba. 🍱",1.0,"Jika Anda mencari rasa kebersamaan, 𝐃 𝐎𝐑𝐀𝟕𝟕🤙-layak dicoba. 🍱",jika anda mencari rasa kebersamaan d oratt layak dicoba,1.0,0.0,0.0,0.0,0.0
Hasil dari 𝘿𝙊𝙍 𝘼 𝟳 𝟳🙎 membantu saya menyelesaikan kewajiban keuangan dengan lancar. 🦣,1.0,Hasil dari 𝘿𝙊𝙍 𝘼 𝟳 𝟳🙎 membantu saya menyelesaikan kewajiban keuangan dengan lancar. 🦣,hasil dari dor a t t membantu saya menyelesaikan kewajiban keuangan dengan lancar,0.0,0.0,0.0,0.0,0.0
"Berkat DORA7-7😁 saya melesat, dari penjual kaki lima ke pengusaha restoran. 🏅",1.0,"Berkat DORA7-7😁 saya melesat, dari penjual kaki lima ke pengusaha restoran. 🏅",berkat dorat t saya melesat dari penjual kaki lima ke pengusaha restoran,1.0,0.0,0.0,0.0,0.0
Keuntungan dari 𝘿𝙊𝙍𝘼𝟳𝟳😑 membuat saya bisa membeli rumah dengan lebih mudah. 🦀,1.0,Keuntungan dari 𝘿𝙊𝙍𝘼𝟳𝟳😑 membuat saya bisa membeli rumah dengan lebih mudah. 🦀,keuntungan dari doratt membuat saya bisa membeli rumah dengan lebih mudah,0.0,0.0,0.0,0.0,1.0
"Hanya dengan modal kecil bisa meraih untung berlipat di 𝗗𝗢-𝗥-𝗔-𝟳-𝟳🤩, sungguh luar biasa! 🈸",1.0,"Hanya dengan modal kecil bisa meraih untung berlipat di 𝗗𝗢-𝗥-𝗔-𝟳-𝟳🤩, sungguh luar biasa! 🈸",hanya dengan modal kecil bisa meraih untung berlipat di do r a t t sungguh luar biasai 申,0.0,0.0,0.0,0.0,0.0
"Helm Khusus orang ganteng,🙃🤭",0.0,"Helm Khusus orang ganteng,🙃🤭",helm khusus orang ganteng,0.0,0.0,0.0,0.0,0.0
"𝐍agih bgt i𝐧i 𝐃𝐎𝐑𝐀𝟕-𝟕😍, gach𝘰r parah 𝘴umpah!",1.0,"𝐍agih bgt i𝐧i 𝐃𝐎𝐑𝐀𝟕-𝟕😍, gach𝘰r parah 𝘴umpah!",nagih bgt ini dorat t gachor parah sumpahi,1.0,0.0,0.0,0.0,1.0
"P𝐞cah te𝘳us 𝙙i 𝘿𝙊𝙍 𝘼 𝟳 𝟳🙎, au𝙩o wi𝙣 🍻",1.0,"P𝐞cah te𝘳us 𝙙i 𝘿𝙊𝙍 𝘼 𝟳 𝟳🙎, au𝙩o wi𝙣 🍻",pecah terus di dor a t t auto win,1.0,0.0,0.0,0.0,0.0
"jep𝐞y 𝘵rs t𝘪ap 𝐡ari, cuma 𝘥i 𝘿 𝙊𝙍𝘼𝟳𝟳🧒",1.0,"jep𝐞y 𝘵rs t𝘪ap 𝐡ari, cuma 𝘥i 𝘿 𝙊𝙍𝘼𝟳𝟳🧒",jepey trs tiap hari cuma di d oratt,0.0,0.0,0.0,0.0,0.0
"𝗗𝗢𝗥𝗔𝟳 𝟳🖖, gacir bange𝐭",1.0,"𝗗𝗢𝗥𝗔𝟳 𝟳🖖, gacir bange𝐭",dorat t gacir banget,1.0,0.0,0.0,0.0,0.0
"Barυ maeп dе 𝙥o 50, langsuпg jad𝐢 5 j𝐮ta 𝐝i DORA 7 7🤞, gokil 𝐬ih",1.0,"Barυ maeп dе 𝙥o 50, langsuпg jad𝐢 5 j𝐮ta 𝐝i DORA 7 7🤞, gokil 𝐬ih",barυ maeп de po so langsuпg jadi s juta di dora t t gokil sih,1.0,0.0,0.0,0.0,1.0
"Ut𝐚ng luna𝙨, tabu𝘯gan namЬah, cum𝙖 di 𝘿𝙊𝙍𝘼𝟳𝟳😑 ⚓",1.0,"Ut𝐚ng luna𝙨, tabu𝘯gan namЬah, cum𝙖 di 𝘿𝙊𝙍𝘼𝟳𝟳😑 ⚓",utang lunas tabungan namьah cuma di doratt,0.0,0.0,0.0,0.0,0.0
Cu𝙖n ga per𝐧ah aЬis ԁi 𝗗𝗢𝗥-𝗔-𝟳-𝟳🤔 ⬜,1.0,Cu𝙖n ga per𝐧ah aЬis ԁi 𝗗𝗢𝗥-𝗔-𝟳-𝟳🤔 ⬜,cuan ga pernah aьis di dor a t t,0.0,0.0,0.0,0.0,0.0
Auto wiп terus di 𝗗-𝗢-𝗥-𝗔𝟳𝟳😚 ⚾,1.0,Auto wiп terus di 𝗗-𝗢-𝗥-𝗔𝟳𝟳😚 ⚾,auto wiп terus di d o r att,1.0,0.0,0.0,0.0,0.0
𝘿𝙊𝙍 𝘼 𝟳 𝟳🙎 bi𝐤in ketagihan! 🙏,1.0,𝘿𝙊𝙍 𝘼 𝟳 𝟳🙎 bi𝐤in ketagihan! 🙏,dor a t t bikin ketagihani,0.0,0.0,0.0,0.0,0.0
"𝐺a ngerti 𝘭agi, ԁe p𝐨 100 ribυ jad𝙞 10 ju𝘵a. 𝘿 𝙊𝙍𝘼𝟳𝟳🧒 e𝐦ang b𝙚da",1.0,"𝐺a ngerti 𝘭agi, ԁe p𝐨 100 ribυ jad𝙞 10 ju𝘵a. 𝘿 𝙊𝙍𝘼𝟳𝟳🧒 e𝐦ang b𝙚da",ga ngerti lagi de po ioo ribυ jadi io juta d oratt emang beda,0.0,0.0,0.0,0.0,1.0
Dar𝙞 𝙙e рo 50 ѕampe 5 j𝙪ta t𝐮h gm𝘱ng bg𝐭 𝙠alo 𝐝i DORATUJUH-TUJUH😛,1.0,Dar𝙞 𝙙e рo 50 ѕampe 5 j𝙪ta t𝐮h gm𝘱ng bg𝐭 𝙠alo 𝐝i DORATUJUH-TUJUH😛,dari de po so sampe s juta tuh gmpng bgt kalo di doratujuh tujuh,0.0,0.0,0.0,0.0,1.0
Ada yang tau ini event apa dan dimana,0.0,Ada yang tau ini event apa dan dimana,ada yang tau ini event apa dan dimana,1.0,0.0,0.0,0.0,0.0
"kaga bang. gua kalau belanja ditoko yg harganya x99.000, seribunya ga dibalikin. dibalikin pun ujung ujungnya buat parkir. jadi fix itu helm sampe 400ribuan",0.0,"kaga bang. gua kalau belanja ditoko yg harganya x99.000, seribunya ga dibalikin. dibalikin pun ujung ujungnya buat parkir. jadi fix itu helm sampe 400ribuan",kaga bang gua kalau belanja ditoko yg harganya xgg ooo seribunya ga dibalikin dibalikin pun ujung ujungnya buat parkir jadi fix itu helm sampe aooribuan,1.0,0.0,0.0,0.0,0.0
Harusnya 350 kek ini malah cuma kurang seribu doang di bilang gak nyampe 400 ribu,0.0,Harusnya 350 kek ini malah cuma kurang seribu doang di bilang gak nyampe 400 ribu,harusnya eso kek ini malah cuma kurang seribu doang di bilang gak nyampe aoo ribu,0.0,0.0,0.0,0.0,0.0
"😮𝘼𝙀𝙍-𝙊-𝟴-𝟴 gua maen dikit aja, saldo lngsg nambah",1.0,"😮𝘼𝙀𝙍-𝙊-𝟴-𝟴 gua maen dikit aja, saldo lngsg nambah",aer o b b gua maen dikit aja saldo lngsg nambah,1.0,0.0,0.0,0.0,0.0
"Hari ini super happy berkat 🧑AE-R-O-8-8, rezeki datang melimpah!",1.0,"Hari ini super happy berkat 🧑AE-R-O-8-8, rezeki datang melimpah!",hari ini super happy berkat ae r o b b rezeki datang melimpahi,0.0,0.0,0.0,0.0,0.0
"😛AERODELAPAN-DELAPAN bikin lupa semua beban, hiburan yang sangat menyenangkan!",1.0,"😛AERODELAPAN-DELAPAN bikin lupa semua beban, hiburan yang sangat menyenangkan!",aerodelapan delapan bikin lupa semua beban hiburan yang sangat menyenangkani,0.0,0.0,0.0,0.0,0.0
"🧒axl777🧒 saya seneng banget, maen disini gk rugi",1.0,"🧒axl777🧒 saya seneng banget, maen disini gk rugi",axlttt saya seneng banget maen disini gk rugi,1.0,0.0,0.0,0.0,0.0
Mencari tantangan baru? 🤚A ERO88 bisa menjadi jawabannya.,1.0,Mencari tantangan baru? 🤚A ERO88 bisa menjadi jawabannya.,mencari tantangan baru a erobb bisa menjadi jawabannya,1.0,0.0,0.0,0.0,1.0
"🧑AE-R-O-8-8 aku maen bentar, saldo lngsg nambah",1.0,"🧑AE-R-O-8-8 aku maen bentar, saldo lngsg nambah",ae r o b b aku maen bentar saldo lngsg nambah,1.0,0.0,0.0,0.0,1.0
"😉𝐀𝐄-𝐑-𝐎-𝟖-𝟖 gua sih udah lama maen, hasilnya top banget",1.0,"😉𝐀𝐄-𝐑-𝐎-𝟖-𝟖 gua sih udah lama maen, hasilnya top banget",ae r o b b gua sih udah lama maen hasilnya top banget,1.0,0.0,0.0,0.0,0.0
Keuntungan di DORA7 7🤟 membuka peluang modal untuk mengembangkan bisnis. 🐋,1.0,Keuntungan di DORA7 7🤟 membuka peluang modal untuk mengembangkan bisnis. 🐋,keuntungan di dorat t membuka peluang modal untuk mengembangkan bisnis,1.0,0.0,0.0,0.0,0.0
Hasil dari DOR-A-7-7🧑 memudahkan saya dalam menyelesaikan masalah hutang. 🤙,1.0,Hasil dari DOR-A-7-7🧑 memudahkan saya dalam menyelesaikan masalah hutang. 🤙,hasil dari dor a t t memudahkan saya dalam menyelesaikan masalah hutang,1.0,0.0,0.0,0.0,1.0
Harga ga sampe 400 loh cuma 399,0.0,Harga ga sampe 400 loh cuma 399,harga ga sampe aoo loh cuma egg,1.0,0.0,0.0,0.0,0.0
Busanya gaada yang item ya,0.0,Busanya gaada yang item ya,busanya gaada yang item ya,1.0,0.0,0.0,0.0,0.0
Harganya lebih dari hpnya yamg bisa dilipat tiga 🤣🤣🤣🤣,0.0,Harganya lebih dari hpnya yamg bisa dilipat tiga 🤣🤣🤣🤣,harganya lebih dari hpnya yamg bisa dilipat tiga,0.0,0.0,0.0,0.0,0.0
"mae𝙣 𝐝i 𝘋𝘖𝑅А𝟳𝟳, j𝙚pey terυs",1.0,"mae𝙣 𝐝i 𝘋𝘖𝑅А𝟳𝟳, j𝙚pey terυs",maen di dorаtt jepey terυs,1.0,0.0,0.0,0.0,0.0
Сuan gila-gіlaan di D𝙊𝐑𝐴𝟳𝟩 🦗,1.0,Сuan gila-gіlaan di D𝙊𝐑𝐴𝟳𝟩 🦗,сuan gila gilaan di doratt,0.0,0.0,0.0,0.0,0.0
"DO-R-A-7-7🧑 gacho𝙧 bene𝐫, t𝘪ap maen past𝙞 aja 𝘫epey, b𝐢kin nagih",1.0,"DO-R-A-7-7🧑 gacho𝙧 bene𝐫, t𝘪ap maen past𝙞 aja 𝘫epey, b𝐢kin nagih",do r a t t gachor bener tiap maen pasti aja jepey bikin nagih,1.0,0.0,0.0,0.0,1.0
"DOR-A-7-7🧑 jua𝙧a, 𝘫epe gampan𝘨 🏆",1.0,"DOR-A-7-7🧑 jua𝙧a, 𝘫epe gampan𝘨 🏆",dor a t t juara jepe gampang,0.0,0.0,0.0,0.0,0.0
Cuan gmpnɡ bange𝙩 𝙙i 𝐃-𝐎-𝐑-𝐀-𝟕-𝟕😆,1.0,Cuan gmpnɡ bange𝙩 𝙙i 𝐃-𝐎-𝐑-𝐀-𝟕-𝟕😆,cuan gmpng banget di d o r a t t,0.0,0.0,0.0,0.0,0.0
jepey lan𝙜sung 𝐝i 𝐃𝐎𝐑 𝐀 𝟕 𝟕☝,1.0,jepey lan𝙜sung 𝐝i 𝐃𝐎𝐑 𝐀 𝟕 𝟕☝,jepey langsung di dor a t t,1.0,0.0,0.0,0.0,0.0
"Pe𝐜ah max 𝐝i D O RA77🖐, buruan joiп daһ 🆙",1.0,"Pe𝐜ah max 𝐝i D O RA77🖐, buruan joiп daһ 🆙",pecah max di d o ratt buruan joiп dah,1.0,0.0,0.0,0.0,0.0
meksωin tіap hari ԁi DOR A 7 7✌ ⛵,1.0,meksωin tіap hari ԁi DOR A 7 7✌ ⛵,meksωin tiap hari di dor a t t,0.0,0.0,0.0,0.0,0.0
"m𝙖en dі D O R A77✋, mekswiп 𝐮dah au𝙩o ga𝙨",1.0,"m𝙖en dі D O R A77✋, mekswiп 𝐮dah au𝙩o ga𝙨",maen di d o r att mekswiп udah auto gas,1.0,0.0,0.0,0.0,0.0
"𝐃-𝐎𝐑𝐀𝟕𝟕🤣 in𝘪 b𝙚da si𝘩, gacorпya kebangetan b𝐢kin na𝘨ih 🏩",1.0,"𝐃-𝐎𝐑𝐀𝟕𝟕🤣 in𝘪 b𝙚da si𝘩, gacorпya kebangetan b𝐢kin na𝘨ih 🏩",d oratt ini beda sih gacorпya kebangetan bikin nagih,1.0,0.0,0.0,0.0,0.0
"Peca𝘩 𝘱arah, мaxwin tiaр 𝘩ari 𝐝i DO-R-A-7-7🧑 🎹",1.0,"Peca𝘩 𝘱arah, мaxwin tiaр 𝘩ari 𝐝i DO-R-A-7-7🧑 🎹",pecah parah мaxwin tiap hari di do r a t t,1.0,0.0,0.0,0.0,0.0
"Max𝙬in tiap haгi di 𝗗𝗢 𝗥 𝗔 𝟳 𝟳🤲, ser𝙞us 𝙜a boo𝘯g ♏",1.0,"Max𝙬in tiap haгi di 𝗗𝗢 𝗥 𝗔 𝟳 𝟳🤲, ser𝙞us 𝙜a boo𝘯g ♏",maxwin tiap haгi di do r a t t serius ga boong,1.0,0.0,0.0,0.0,1.0
G pakai chipset snapdragon gen 8 elite itu bang 😂,1.0,G pakai chipset snapdragon gen 8 elite itu bang 😂,g pakai chipset snapdragon gen b elite itu bang,1.0,0.0,0.0,0.0,0.0
"Dengan 𝘿𝙊 𝙍 𝘼 𝟳 𝟳🙍 saya sukses, dari pengantar koran jadi pengusaha media. 🗻",1.0,"Dengan 𝘿𝙊 𝙍 𝘼 𝟳 𝟳🙍 saya sukses, dari pengantar koran jadi pengusaha media. 🗻",dengan do r a t t saya sukses dari pengantar koran jadi pengusaha media,1.0,0.0,0.0,0.0,0.0
Hasil dari DORATUJUH TUJUH🧏‍♀ membuktikan saya bisa beralih dari pengantar makanan jadi pemilik restoran. 🚊,1.0,Hasil dari DORATUJUH TUJUH🧏‍♀ membuktikan saya bisa beralih dari pengantar makanan jadi pemilik restoran. 🚊,hasil dari doratujuh tujuh membuktikan saya bisa beralih dari pengantar makanan jadi pemilik restoran,1.0,0.0,0.0,0.0,0.0
Semoga rezeki dari 𝐃𝐎𝐑𝐀-𝟕-𝟕😎 membawa berkah dan manfaat bagi sesama umat manusia! 🚩,1.0,Semoga rezeki dari 𝐃𝐎𝐑𝐀-𝟕-𝟕😎 membawa berkah dan manfaat bagi sesama umat manusia! 🚩,semoga rezeki dari dora t t membawa berkah dan manfaat bagi sesama umat manusiai,1.0,0.0,0.0,0.0,1.0
Hasil dari 𝗗𝗢𝗥𝗔𝟳 𝟳🖖 membuktikan saya bisa beralih dari penjual asongan jadi pemilik toko. 🏯,1.0,Hasil dari 𝗗𝗢𝗥𝗔𝟳 𝟳🖖 membuktikan saya bisa beralih dari penjual asongan jadi pemilik toko. 🏯,hasil dari dorat t membuktikan saya bisa beralih dari penjual asongan jadi pemilik toko,1.0,0.0,0.0,0.0,0.0
"Dengan 𝗗-𝗢-𝗥-𝗔-𝟳-𝟳🤗 saya berhasil, dari tukang bakso jadi bos restoran. ☕",1.0,"Dengan 𝗗-𝗢-𝗥-𝗔-𝟳-𝟳🤗 saya berhasil, dari tukang bakso jadi bos restoran. ☕",dengan d o r a t t saya berhasil dari tukang bakso jadi bos restoran,1.0,0.0,0.0,0.0,0.0
𝐃 𝐎𝐑𝐀𝟕𝟕🤙 menawarkan pengalaman yang efisien dan ringkas. 👋,1.0,𝐃 𝐎𝐑𝐀𝟕𝟕🤙 menawarkan pengalaman yang efisien dan ringkas. 👋,d oratt menawarkan pengalaman yang efisien dan ringkas,1.0,0.0,0.0,0.0,1.0
Bermain di D ORA77🤚 membuat saya mampu menutup beban hutang dengan hasil maksimal. 🦮,1.0,Bermain di D ORA77🤚 membuat saya mampu menutup beban hutang dengan hasil maksimal. 🦮,bermain di d oratt membuat saya mampu menutup beban hutang dengan hasil maksimal,1.0,0.0,0.0,0.0,0.0
Banyak pengguna yang menemukan 𝗗-𝗢-𝗥𝗔𝟳𝟳😙 sebagai sumber daya yang berharga. 🥳,1.0,Banyak pengguna yang menemukan 𝗗-𝗢-𝗥𝗔𝟳𝟳😙 sebagai sumber daya yang berharga. 🥳,banyak pengguna yang menemukan d o ratt sebagai sumber daya yang berharga,1.0,0.0,0.0,0.0,0.0
saingan nya xiaomi nih😂 walaupun sama sama 1 negara pembuatan,1.0,saingan nya xiaomi nih😂 walaupun sama sama 1 negara pembuatan,saingan nya xiaomi nih walaupun sama sama i negara pembuatan,1.0,0.0,0.0,0.0,0.0
Lah Huawei ini mah bapack² juga meringis sih bang 😂,0.0,Lah Huawei ini mah bapack² juga meringis sih bang 😂,lah huawei ini mah bapack 2 juga meringis sih bang,1.0,0.0,0.0,0.0,0.0
"Beda ni yg ini...perlu jual harta"" dulu kalo gua itupun belum tentu cukup uang y😂",0.0,"Beda ni yg ini...perlu jual harta"" dulu kalo gua itupun belum tentu cukup uang y😂",beda ni yg ini perlu jual harta dulu kalo gua itupun belum tentu cukup uang y,1.0,0.0,0.0,0.0,0.0
Udah mikir keras daritadi😮,0.0,Udah mikir keras daritadi😮,udah mikir keras daritadi,1.0,0.0,0.0,0.0,0.0
huawei yg di maksud: heninggggggggg,0.0,huawei yg di maksud: heninggggggggg,huawei yg di maksud heninggggggggg,1.0,0.0,0.0,0.0,0.0
Pulangnya om Mobi tidur di sofa😂,0.0,Pulangnya om Mobi tidur di sofa😂,pulangnya om mobi tidur di sofa,1.0,0.0,0.0,0.0,0.0
"Makanya klo beli mobil si Om pilih yg besar, biar muat banyak 😅",0.0,"Makanya klo beli mobil si Om pilih yg besar, biar muat banyak 😅",makanya klo beli mobil si om pilih yg besar biar muat banyak,1.0,0.0,0.0,0.0,0.0
"Nag𝘪h b𝘨t inі 𝐷𝑂𝐑𝐴𝟩𝟽, g𝙖cir parаh sum𝙥ah! ⏫",1.0,"Nag𝘪h b𝘨t inі 𝐷𝑂𝐑𝐴𝟩𝟽, g𝙖cir parаh sum𝙥ah! ⏫",nagih bgt ini doratt gacir parah sumpahi,1.0,0.0,0.0,0.0,0.0
wah om Mobi dipepet,0.0,wah om Mobi dipepet,wah om mobi dipepet,1.0,0.0,0.0,0.0,1.0
gac𝐢r gitu 𝙡oh 𝘥i 𝐃 𝐎 𝐑 𝐀 𝟕 𝟕👆 ✝,1.0,gac𝐢r gitu 𝙡oh 𝘥i 𝐃 𝐎 𝐑 𝐀 𝟕 𝟕👆 ✝,gacir gitu loh di d o r a t t,1.0,0.0,0.0,0.0,1.0
"𝐃𝐎𝐑𝐀𝟕𝟕🤘 gaci𝐫 parah, g𝘢 nyangka! 🚢",1.0,"𝐃𝐎𝐑𝐀𝟕𝟕🤘 gaci𝐫 parah, g𝘢 nyangka! 🚢",doratt gacir parah ga nyangkai,1.0,0.0,0.0,0.0,1.0
"𝐃𝐎𝐑𝐀 𝟕 𝟕👍 biki𝘯 n𝐚gih, gac𝐡or pаrah t𝘪ap hari 𝘫epey",1.0,"𝐃𝐎𝐑𝐀 𝟕 𝟕👍 biki𝘯 n𝐚gih, gac𝐡or pаrah t𝘪ap hari 𝘫epey",dora t t bikin nagih gachor parah tiap hari jepey,1.0,0.0,0.0,0.0,0.0
"P𝐞cah 𝙥arah, mekswin tiap h𝙖ri di D ORA77🤚 🆚",1.0,"P𝐞cah 𝙥arah, mekswin tiap h𝙖ri di D ORA77🤚 🆚",pecah parah mekswin tiap hari di d oratt,1.0,0.0,0.0,0.0,0.0
DORA-7-7😀 meks𝘸in trs jd lu𝘱a utang 🥨,1.0,DORA-7-7😀 meks𝘸in trs jd lu𝘱a utang 🥨,dora t t mekswin trs jd lupa utang,1.0,0.0,0.0,0.0,0.0
meksw𝙞n tіap ma𝙚n di 𝐃𝐎𝐑-𝐀-𝟕-𝟕😋,1.0,meksw𝙞n tіap ma𝙚n di 𝐃𝐎𝐑-𝐀-𝟕-𝟕😋,mekswin tiap maen di dor a t t,1.0,0.0,0.0,0.0,0.0
"𝘿-𝙊-𝙍-𝘼-𝟳𝟳😣 dе p𝘰 50 𝐫ibu, jepey teru𝘴 sam𝐩e 5 juta. Situѕ pali𝐧g ga𝐜hor",1.0,"𝘿-𝙊-𝙍-𝘼-𝟳𝟳😣 dе p𝘰 50 𝐫ibu, jepey teru𝘴 sam𝐩e 5 juta. Situѕ pali𝐧g ga𝐜hor",d o r a tt de po so ribu jepey terus sampe s juta situs paling gachor,1.0,0.0,0.0,0.0,1.0
"𝐃-𝐎𝐑𝐀𝟕𝟕🤣 maxwin, pecah t𝙚rus! 🍺",1.0,"𝐃-𝐎𝐑𝐀𝟕𝟕🤣 maxwin, pecah t𝙚rus! 🍺",d oratt maxwin pecah terusi,1.0,0.0,0.0,0.0,1.0
"Peсah b𝐚nget d𝙞 𝐃 𝐎 𝐑 𝐀 𝟕 𝟕👆, cuan mulu 🎂",1.0,"Peсah b𝐚nget d𝙞 𝐃 𝐎 𝐑 𝐀 𝟕 𝟕👆, cuan mulu 🎂",peсah banget di d o r a t t cuan mulu,1.0,0.0,0.0,0.0,0.0
"Peсah banget ԁi DORA-TUJUHTUJUH😴, jеpey",1.0,"Peсah banget ԁi DORA-TUJUHTUJUH😴, jеpey",peсah banget di dora tujuhtujuh jepey,1.0,0.0,0.0,0.0,0.0
"j𝙚pey langsun𝐠, 𝘮aen d𝐢 𝗗-𝗢-𝗥𝗔𝟳𝟳😙",1.0,"j𝙚pey langsun𝐠, 𝘮aen d𝐢 𝗗-𝗢-𝗥𝗔𝟳𝟳😙",jepey langsung maen di d o ratt,1.0,0.0,0.0,0.0,1.0
"ma𝙚n 𝐝i 𝐃𝐎𝐑𝐀𝟕 𝟕👎, mekswin ti𝙖p ha𝐫i!",1.0,"ma𝙚n 𝐝i 𝐃𝐎𝐑𝐀𝟕 𝟕👎, mekswin ti𝙖p ha𝐫i!",maen di dorat t mekswin tiap harii,1.0,0.0,0.0,0.0,1.0
"gach𝘰r ban𝙜et dі DORATUJUH-TUJUH😛, jepey gampa𝘯g",1.0,"gach𝘰r ban𝙜et dі DORATUJUH-TUJUH😛, jepey gampa𝘯g",gachor banget di doratujuh tujuh jepey gampang,1.0,0.0,0.0,0.0,1.0
Jiraiya di dunia nyata,0.0,Jiraiya di dunia nyata,jiraiya di dunia nyata,1.0,0.0,0.0,0.0,1.0
"Top notch chick magnet Nusantara, Ariel pun tunduk pada kesaktiannya.",0.0,"Top notch chick magnet Nusantara, Ariel pun tunduk pada kesaktiannya.",top notch chick magnet nusantara ariel pun tunduk pada kesaktiannya,1.0,0.0,0.0,0.0,1.0
Guru saya,0.0,Guru saya,guru saya,0.0,0.0,0.0,0.0,0.0
Guru Petapa genit 😅,0.0,Guru Petapa genit 😅,guru petapa genit,0.0,0.0,0.0,0.0,0.0
Angkat aku jadi muridmu sensei,0.0,Angkat aku jadi muridmu sensei,angkat aku jadi muridmu sensei,1.0,0.0,0.0,0.0,0.0
"gw kira ridwan hanif, rambutnya mirip",0.0,"gw kira ridwan hanif, rambutnya mirip",gw kira ridwan hanif rambutnya mirip,1.0,0.0,0.0,0.0,0.0
Tante Mobi mana nih jewer aja itu telinga om biar merah merah itu telinga 😂😂😂,0.0,Tante Mobi mana nih jewer aja itu telinga om biar merah merah itu telinga 😂😂😂,tante mobi mana nih jewer aja itu telinga om biar merah merah itu telinga,1.0,0.0,0.0,0.0,0.0
Gak ada bom yang tersembunyi kan??,0.0,Gak ada bom yang tersembunyi kan??,gak ada bom yang tersembunyi kan,1.0,0.0,0.0,0.0,1.0
wah wah wah yg lain ketar ketir nih,0.0,wah wah wah yg lain ketar ketir nih,wah wah wah yg lain ketar ketir nih,1.0,0.0,0.0,0.0,0.0
Allahumma solli ala muhammad😮😮😊😊 semoga bisa punya fronx ini tahun depan❤❤🎉,0.0,Allahumma solli ala muhammad😮😮😊😊 semoga bisa punya fronx ini tahun depan❤❤🎉,allahumma solli ala muhammad semoga bisa punya fronx ini tahun depan,1.0,0.0,0.0,0.0,0.0
Kalau dengan honda HRV unggul mana ya ?,0.0,Kalau dengan honda HRV unggul mana ya ?,kalau dengan honda hrv unggul mana ya,1.0,0.0,0.0,0.0,0.0
Udahh kayaa di Pesawat Jet tempurr,0.0,Udahh kayaa di Pesawat Jet tempurr,udahh kayaa di pesawat jet tempurr,1.0,0.0,0.0,0.0,0.0
Kl harganya 300 jutaan ok sih 😂,0.0,Kl harganya 300 jutaan ok sih 😂,kl harganya eoo jutaan ok sih,0.0,0.0,0.0,0.0,0.0
adas masih belum TJA,0.0,adas masih belum TJA,adas masih belum tja,1.0,0.0,0.0,0.0,0.0
Wah luar biasa ❤,0.0,Wah luar biasa ❤,wah luar biasa,0.0,0.0,0.0,0.0,0.0
"Terlalu di gadang2 malah keok pla.nti penjualannya dgn wrv hmmm,,,kita lihat AZ penjualan nya",0.0,"Terlalu di gadang2 malah keok pla.nti penjualannya dgn wrv hmmm,,,kita lihat AZ penjualan nya",terlalu di gadang 2 malah keok pla nti penjualannya dgn wrv hmmm kita lihat az penjualan nya,0.0,0.0,0.0,0.0,0.0
"Lengkap fiturnya, dan memang fitur2 kepakai dizaman ini…",0.0,"Lengkap fiturnya, dan memang fitur2 kepakai dizaman ini…",lengkap fiturnya dan memang fitur 2 kepakai dizaman ini,1.0,0.0,0.0,0.0,0.0
Itu tombol di kanan stir banyak bgt wkwkwk aku bingung buat apa aja,0.0,Itu tombol di kanan stir banyak bgt wkwkwk aku bingung buat apa aja,itu tombol di kanan stir banyak bgt wkwkwk aku bingung buat apa aja,0.0,0.0,0.0,0.0,1.0
Bismillah semoga kebeli tahun ini,0.0,Bismillah semoga kebeli tahun ini,bismillah semoga kebeli tahun ini,1.0,0.0,0.0,0.0,0.0
Yang penting jangan pake AMT.. udah gitu aja..,0.0,Yang penting jangan pake AMT.. udah gitu aja..,yang penting jangan pake amt udah gitu aja,1.0,0.0,0.0,0.0,0.0
Mau beli 😢,0.0,Mau beli 😢,mau beli,1.0,0.0,0.0,0.0,1.0
Emang Joss Suzuki dahh🎉,0.0,Emang Joss Suzuki dahh🎉,emang joss suzuki dahh,1.0,0.0,0.0,0.0,0.0
Kurang 1 pendingin cup di tengah,0.0,Kurang 1 pendingin cup di tengah,kurang i pendingin cup di tengah,1.0,0.0,0.0,0.0,1.0
Sijuki siap menggeser ngondah,0.0,Sijuki siap menggeser ngondah,sijuki siap menggeser ngondah,1.0,0.0,0.0,0.0,0.0
Bismillah mudah2an kebeli tahun ini,0.0,Bismillah mudah2an kebeli tahun ini,bismillah mudah 2 an kebeli tahun ini,1.0,0.0,0.0,0.0,0.0
Bismillah...,0.0,Bismillah...,bismillah,1.0,0.0,0.0,0.0,1.0
Keren y❤,0.0,Keren y❤,keren y,1.0,0.0,0.0,0.0,0.0
Transmisnya masih pakai AT konvensional yah. Keren sih dripada pakai CVT d jamin Badak 👍👍,0.0,Transmisnya masih pakai AT konvensional yah. Keren sih dripada pakai CVT d jamin Badak 👍👍,transmisnya masih pakai at konvensional yah keren sih dripada pakai cvt d jamin badak,1.0,0.0,0.0,0.0,1.0
"Mantap suzuki, sya pengguna setia suzuki ignis 👍👍",0.0,"Mantap suzuki, sya pengguna setia suzuki ignis 👍👍",mantap suzuki sya pengguna setia suzuki ignis,1.0,0.0,0.0,0.0,0.0
"Bocoran dari sales harganya Rp270 tipe paling rendah. Paling tinggi Rp330. Kayaknya tetap ke Raize atau tipe tinggi Yariss Cross, beda tipis harganya untuk tipe tinggi.",0.0,"Bocoran dari sales harganya Rp270 tipe paling rendah. Paling tinggi Rp330. Kayaknya tetap ke Raize atau tipe tinggi Yariss Cross, beda tipis harganya untuk tipe tinggi.",bocoran dari sales harganya rp 2 to tipe paling rendah paling tinggi rpeeo kayaknya tetap ke raize atau tipe tinggi yariss cross beda tipis harganya untuk tipe tinggi,1.0,0.0,0.0,0.0,0.0
Ini upgrade nya Baleno yaaaaa,0.0,Ini upgrade nya Baleno yaaaaa,ini upgrade nya baleno yaaaaa,1.0,0.0,0.0,0.0,0.0
Alkhmdllh sudah indenn 🎉,0.0,Alkhmdllh sudah indenn 🎉,alkhmdllh sudah indenn,1.0,0.0,0.0,0.0,0.0
Kalau udah Suzuki skip 😂,0.0,Kalau udah Suzuki skip 😂,kalau udah suzuki skip,1.0,0.0,0.0,0.0,1.0
Harga,0.0,Harga,harga,1.0,0.0,0.0,0.0,1.0
Ada ga sih mobil 5 seater yg kursi belakangnya bisa diadjust kemiringannya buat tiduram? Boleh infonya. Seriusnha nanya.😅,0.0,Ada ga sih mobil 5 seater yg kursi belakangnya bisa diadjust kemiringannya buat tiduram? Boleh infonya. Seriusnha nanya.😅,ada ga sih mobil s seater yg kursi belakangnya bisa diadjust kemiringannya buat tiduram boleh infonya seriusnha nanya,1.0,0.0,0.0,0.0,0.0
"Cakepan MAzda Biante, masih 😂",0.0,"Cakepan MAzda Biante, masih 😂",cakepan mazda biante masih,1.0,0.0,0.0,0.0,1.0
"gebrakan suzuki pelan"" menguras dompet",0.0,"gebrakan suzuki pelan"" menguras dompet",gebrakan suzuki pelan menguras dompet,1.0,0.0,0.0,0.0,0.0
Klo ada tipe versi turbo udah g ada lawan lagi...,0.0,Klo ada tipe versi turbo udah g ada lawan lagi...,klo ada tipe versi turbo udah g ada lawan lagi,1.0,0.0,0.0,0.0,0.0
"Tinggal design motor ni yg blm bagus, mobilnya udah keren2",0.0,"Tinggal design motor ni yg blm bagus, mobilnya udah keren2",tinggal design motor ni yg blm bagus mobilnya udah keren 2,1.0,0.0,0.0,0.0,0.0
Haduh bismillah aja lah punya satu,0.0,Haduh bismillah aja lah punya satu,haduh bismillah aja lah punya satu,1.0,0.0,0.0,0.0,0.0
Avanza gk rebutan juga 🗿,0.0,Avanza gk rebutan juga 🗿,avanza gk rebutan juga,1.0,0.0,0.0,0.0,0.0
"Buset kyk bukan suzuki😂, yg biasanya merem sama tutup telinga yg penting rilis mobil baru urusan fitur dll belakangan, tp skrg menggebrak pasar gini",0.0,"Buset kyk bukan suzuki😂, yg biasanya merem sama tutup telinga yg penting rilis mobil baru urusan fitur dll belakangan, tp skrg menggebrak pasar gini",buset kyk bukan suzuki yg biasanya merem sama tutup telinga yg penting rilis mobil baru urusan fitur dll belakangan tp skrg menggebrak pasar gini,1.0,0.0,0.0,0.0,0.0
Ditunggu hrg & selamat saingan dgn cherry tiggo cross👍😍👌,0.0,Ditunggu hrg & selamat saingan dgn cherry tiggo cross👍😍👌,ditunggu hrg selamat saingan dgn cherry tiggo cross,1.0,0.0,0.0,0.0,1.0
Bikin hrv keliatan kuno sama fiturnya fronx,0.0,Bikin hrv keliatan kuno sama fiturnya fronx,bikin hrv keliatan kuno sama fiturnya fronx,1.0,0.0,0.0,0.0,0.0
Raja dikelas nya....,0.0,Raja dikelas nya....,raja dikelas nya,1.0,0.0,0.0,0.0,0.0
Makin yakin ertiga allnew bakal bagus bgt ❤,0.0,Makin yakin ertiga allnew bakal bagus bgt ❤,makin yakin ertiga allnew bakal bagus bgt,1.0,0.0,0.0,0.0,0.0
Mumpung lagi gacornya gaskan aja bosku 🔥meviustoto🔥,1.0,Mumpung lagi gacornya gaskan aja bosku 🔥meviustoto🔥,mumpung lagi gacornya gaskan aja bosku meviustoto,1.0,0.0,0.0,0.0,0.0
ini geng ku infokan dan ku kasih link baru 𝑴𝑬𝑽𝑰𝑼𝑺𝑻𝑶𝑻𝑶 paling mantap untuk saat ini,1.0,ini geng ku infokan dan ku kasih link baru 𝑴𝑬𝑽𝑰𝑼𝑺𝑻𝑶𝑻𝑶 paling mantap untuk saat ini,ini geng ku infokan dan ku kasih link baru meviustoto paling mantap untuk saat ini,1.0,0.0,0.0,0.0,1.0
coba deh sekali M E V I U S T O T O dijamin makmur,1.0,coba deh sekali M E V I U S T O T O dijamin makmur,coba deh sekali m e v i u s t o t o dijamin makmur,0.0,0.0,0.0,0.0,0.0
Lancar lancar bang salam Jepe Meviustoto,1.0,Lancar lancar bang salam Jepe Meviustoto,lancar lancar bang salam jepe meviustoto,1.0,0.0,0.0,0.0,0.0
1 kampung geger perkara kebeli motor hasil dari 𝑴𝑬𝑽𝑰𝑼𝑺𝑻𝑶𝑻𝑶,1.0,1 kampung geger perkara kebeli motor hasil dari 𝑴𝑬𝑽𝑰𝑼𝑺𝑻𝑶𝑻𝑶,i kampung geger perkara kebeli motor hasil dari meviustoto,1.0,0.0,0.0,0.0,0.0
"10:12 meviustoto ✩  emang juara, rezeki gak ada abisnya!",1.0,"10:12 meviustoto ✩  emang juara, rezeki gak ada abisnya!",io i 2 meviustoto emang juara rezeki gak ada abisnyai,1.0,0.0,0.0,0.0,0.0
Keren banget! Bangga banget jadi bagian dari 🔥⚡meviustoto⚡?🔥,1.0,Keren banget! Bangga banget jadi bagian dari 🔥⚡meviustoto⚡?🔥,keren bangeti bangga banget jadi bagian dari meviustoto,1.0,0.0,0.0,0.0,0.0
"Cuma di sini,Meviustoto emang gak pernah ngecewain!",1.0,"Cuma di sini,Meviustoto emang gak pernah ngecewain!",cuma di sini meviustoto emang gak pernah ngecewaini,1.0,0.0,0.0,0.0,0.0
"Gila sih, Gak bisa move on dari serunya petir dari 🔥meviustoto🔥",1.0,"Gila sih, Gak bisa move on dari serunya petir dari 🔥meviustoto🔥",gila sih gak bisa move on dari serunya petir dari meviustoto,0.0,0.0,0.0,0.0,0.0
Akhirnya yg di tunggu2 meviustoto,1.0,Akhirnya yg di tunggu2 meviustoto,akhirnya yg di tunggu 2 meviustoto,0.0,0.0,0.0,0.0,1.0
Gilaa banget skketernya di✌meviustoto,1.0,Gilaa banget skketernya di✌meviustoto,gilaa banget skketernya di meviustoto,0.0,0.0,0.0,0.0,0.0
Situs ini ni paling sering kasih sketer meviustoto boloo,1.0,Situs ini ni paling sering kasih sketer meviustoto boloo,situs ini ni paling sering kasih sketer meviustoto boloo,0.0,0.0,0.0,0.0,0.0
info pola dan prediksi di 𝑴𝑬𝑽𝑰𝑼𝑺𝑻𝑶𝑻𝑶 gk asal asal bro,1.0,info pola dan prediksi di 𝑴𝑬𝑽𝑰𝑼𝑺𝑻𝑶𝑻𝑶 gk asal asal bro,info pola dan prediksi di meviustoto gk asal asal bro,1.0,0.0,0.0,0.0,0.0
Dimanja banget ngab maen di meviustoto,1.0,Dimanja banget ngab maen di meviustoto,dimanja banget ngab maen di meviustoto,1.0,0.0,0.0,0.0,0.0
terlalu kelewatan gacornya ni link 𝑴𝑬𝑽𝑰𝑼𝑺𝑻𝑶𝑻𝑶,1.0,terlalu kelewatan gacornya ni link 𝑴𝑬𝑽𝑰𝑼𝑺𝑻𝑶𝑻𝑶,terlalu kelewatan gacornya ni link meviustoto,1.0,0.0,0.0,0.0,0.0
Masih dumb brake gak belakang nya? Atau udah disc brake?,0.0,Masih dumb brake gak belakang nya? Atau udah disc brake?,masih dumb brake gak belakang nya atau udah disc brake,1.0,0.0,0.0,0.0,1.0
Sepik nyari Porche nya sambil flexing koleksian itu mah 😂😂😂,0.0,Sepik nyari Porche nya sambil flexing koleksian itu mah 😂😂😂,sepik nyari porche nya sambil flexing koleksian itu mah,1.0,0.0,0.0,0.0,0.0
"Kok kerasa pedig denger bunyi kresek""nya yaa wkwk",0.0,"Kok kerasa pedig denger bunyi kresek""nya yaa wkwk",kok kerasa pedig denger bunyi kresek nya yaa wkwk,1.0,0.0,0.0,0.0,0.0
MEVIUSTOTO member baru pasti jepe💛,1.0,MEVIUSTOTO member baru pasti jepe💛,meviustoto member baru pasti jepe,1.0,0.0,0.0,0.0,1.0
Maaf terlambat info bang semangat ya Salam meviustoto sarang nya Jepe,1.0,Maaf terlambat info bang semangat ya Salam meviustoto sarang nya Jepe,maaf terlambat info bang semangat ya salam meviustoto sarang nya jepe,0.0,0.0,0.0,0.0,0.0
Keuntungan dari M E V I U S T O T O mendukung saya untuk membeli rumah impian. 😗,1.0,Keuntungan dari M E V I U S T O T O mendukung saya untuk membeli rumah impian. 😗,keuntungan dari m e v i u s t o t o mendukung saya untuk membeli rumah impian,1.0,0.0,0.0,0.0,1.0
nyari2 uang rokok malah dikasih uang jajan seminggu hahaha emng terbaik nih  meviustoto,1.0,nyari2 uang rokok malah dikasih uang jajan seminggu hahaha emng terbaik nih  meviustoto,nyari 2 uang rokok malah dikasih uang jajan seminggu hahaha emng terbaik nih meviustoto,1.0,0.0,0.0,0.0,0.0
minggu ceria nih di 𝑴𝑬𝑽𝑰𝑼𝑺𝑻𝑶𝑻𝑶 bolo,1.0,minggu ceria nih di 𝑴𝑬𝑽𝑰𝑼𝑺𝑻𝑶𝑻𝑶 bolo,minggu ceria nih di meviustoto bolo,1.0,0.0,0.0,0.0,0.0
"Terbaik ❤ memang kak , salam meviustoto jaya jaya jaya",1.0,"Terbaik ❤ memang kak , salam meviustoto jaya jaya jaya",terbaik memang kak salam meviustoto jaya jaya jaya,1.0,0.0,0.0,0.0,1.0
memang situs toto macam 𝑴𝑬𝑽𝑰𝑼𝑺𝑻𝑶𝑻𝑶 ini gak di ragukan lg gacornya,1.0,memang situs toto macam 𝑴𝑬𝑽𝑰𝑼𝑺𝑻𝑶𝑻𝑶 ini gak di ragukan lg gacornya,memang situs toto macam meviustoto ini gak di ragukan lg gacornya,1.0,0.0,0.0,0.0,0.0
Gokill gw juga Maxwin di meviustoto modal 100 doang,1.0,Gokill gw juga Maxwin di meviustoto modal 100 doang,gokill gw juga maxwin di meviustoto modal ioo doang,1.0,0.0,0.0,0.0,1.0
kesana ke sini jadinya cuma di situs baru 𝑴𝑬𝑽𝑰𝑼𝑺𝑻𝑶𝑻𝑶 ini manggg,1.0,kesana ke sini jadinya cuma di situs baru 𝑴𝑬𝑽𝑰𝑼𝑺𝑻𝑶𝑻𝑶 ini manggg,kesana ke sini jadinya cuma di situs baru meviustoto ini manggg,1.0,0.0,0.0,0.0,0.0
JAHAT BANGET 😭😭😭,0.0,JAHAT BANGET 😭😭😭,jahat banget,1.0,0.0,0.0,0.0,1.0
beneran mainan😅,0.0,beneran mainan😅,beneran mainan,1.0,0.0,0.0,0.0,1.0
Itu bawahnya di tempelin apaan??,0.0,Itu bawahnya di tempelin apaan??,itu bawahnya di tempelin apaan,1.0,0.0,0.0,0.0,1.0
tumpuk tumpuk ye mas den😂,0.0,tumpuk tumpuk ye mas den😂,tumpuk tumpuk ye mas den,1.0,0.0,0.0,0.0,0.0
Injeksi jadi lebih halus ya suara mesin,0.0,Injeksi jadi lebih halus ya suara mesin,injeksi jadi lebih halus ya suara mesin,1.0,0.0,0.0,0.0,0.0
Mas nanya ban depan belakangnya ukurab berapa ya.?,0.0,Mas nanya ban depan belakangnya ukurab berapa ya.?,mas nanya ban depan belakangnya ukurab berapa ya,1.0,0.0,0.0,0.0,0.0
Sedaap suaranya 🔥,0.0,Sedaap suaranya 🔥,sedaap suaranya,1.0,0.0,0.0,0.0,0.0
Kenalpot apa ya,0.0,Kenalpot apa ya,kenalpot apa ya,1.0,0.0,0.0,0.0,0.0
jokk nya bangg😂,0.0,jokk nya bangg😂,jokk nya bangg,1.0,0.0,0.0,0.0,0.0
lampu ayam nya ganti ke lampu RTD Rayton mas den,0.0,lampu ayam nya ganti ke lampu RTD Rayton mas den,lampu ayam nya ganti ke lampu rtd rayton mas den,1.0,0.0,0.0,0.0,0.0
Kok enak sih suara nya,0.0,Kok enak sih suara nya,kok enak sih suara nya,0.0,0.0,0.0,0.0,0.0
Info ban nya dong,0.0,Info ban nya dong,info ban nya dong,1.0,0.0,0.0,0.0,0.0
Motor kita mirip bang👍,0.0,Motor kita mirip bang👍,motor kita mirip bang,1.0,0.0,0.0,0.0,0.0
Jok masden 😢😢 suung ajaa,0.0,Jok masden 😢😢 suung ajaa,jok masden suung ajaa,1.0,0.0,0.0,0.0,0.0
Ngab dims,0.0,Ngab dims,ngab dims,0.0,0.0,0.0,0.0,0.0
"Kulit jok korengan, gantilah bang😂",0.0,"Kulit jok korengan, gantilah bang😂",kulit jok korengan gantilah bang,0.0,0.0,0.0,0.0,0.0
T.O.P Yamaha Mio nya Mantap betul 👍,0.0,T.O.P Yamaha Mio nya Mantap betul 👍,t o p yamaha mio nya mantap betul,1.0,0.0,0.0,0.0,0.0
Bikin mio 2 tak kayak kediri punya donk,0.0,Bikin mio 2 tak kayak kediri punya donk,bikin mio 2 tak kayak kediri punya donk,0.0,0.0,0.0,0.0,0.0
Jok nya baangg.. kaya kagak tidur 1minggu.. Ngantuuukk,0.0,Jok nya baangg.. kaya kagak tidur 1minggu.. Ngantuuukk,jok nya baangg kaya kagak tidur iminggu ngantuuukk,1.0,0.0,0.0,0.0,1.0
Aing Udah Ndak mampu ngerawat Mio full tank cuman 4 hari 😢 hiks,0.0,Aing Udah Ndak mampu ngerawat Mio full tank cuman 4 hari 😢 hiks,aing udah ndak mampu ngerawat mio full tank cuman a hari hiks,0.0,0.0,0.0,0.0,0.0
baut baut baut,0.0,baut baut baut,baut baut baut,1.0,0.0,0.0,0.0,1.0
Coba maen nouvo lele langsung restorasi bang serba orisinil semua,0.0,Coba maen nouvo lele langsung restorasi bang serba orisinil semua,coba maen nouvo lele langsung restorasi bang serba orisinil semua,1.0,0.0,0.0,0.0,0.0
"ini yang biasa nya bilang nya ""motor buat ke pasar doang""",0.0,"ini yang biasa nya bilang nya ""motor buat ke pasar doang""",ini yang biasa nya bilang nya motor buat ke pasar doang,1.0,0.0,0.0,0.0,0.0
Om baut baut nya masih ngantuk 😅😅,0.0,Om baut baut nya masih ngantuk 😅😅,om baut baut nya masih ngantuk,1.0,0.0,0.0,0.0,1.0
Salam dari User Mio Smile  jogja Mas Den😊🙏🏻,0.0,Salam dari User Mio Smile  jogja Mas Den😊🙏🏻,salam dari user mio smile jogja mas den,1.0,0.0,0.0,0.0,0.0
Master rem depan pake apa tu bang?,0.0,Master rem depan pake apa tu bang?,master rem depan pake apa tu bang,0.0,0.0,0.0,0.0,0.0
Ban nya sih kurang mio. Harusnya mp27 gak sih.😂,0.0,Ban nya sih kurang mio. Harusnya mp27 gak sih.😂,ban nya sih kurang mio harusnya mp 2 t gak sih,0.0,0.0,0.0,0.0,0.0
Ga lengkap klo ga ad keluarga besar suzuki rc jet cooled,0.0,Ga lengkap klo ga ad keluarga besar suzuki rc jet cooled,ga lengkap klo ga ad keluarga besar suzuki rc jet cooled,0.0,0.0,0.0,0.0,0.0
Tinggal nempel emblem yamaha di dpn om..,0.0,Tinggal nempel emblem yamaha di dpn om..,tinggal nempel emblem yamaha di dpn om,1.0,0.0,0.0,0.0,0.0
Pesona apa biasa aja bro mau aja kemakan di goreng2😂,0.0,Pesona apa biasa aja bro mau aja kemakan di goreng2😂,pesona apa biasa aja bro mau aja kemakan di goreng 2,1.0,0.0,0.0,0.0,0.0
"𝗞 𝗢 𝗜 𝗦 𝗟 𝗢 𝗧 🤑 wild-nya terlalu niat, semua spot diambil!",1.0,"𝗞 𝗢 𝗜 𝗦 𝗟 𝗢 𝗧 🤑 wild-nya terlalu niat, semua spot diambil!",k o i s l o t wild nya terlalu niat semua spot diambili,1.0,0.0,0.0,0.0,0.0
𝐊 𝐎 𝐈 𝐒 𝐋 𝐎 𝐓 💰 baru login udah langsung limaratuz!,1.0,𝐊 𝐎 𝐈 𝐒 𝐋 𝐎 𝐓 💰 baru login udah langsung limaratuz!,k o i s l o t baru login udah langsung limaratuzi,1.0,0.0,0.0,0.0,0.0
"Gila sih, 𝑴𝑰𝒀𝑨88 💥 kasih surprise meks𝙬in full wild gitu!",1.0,"Gila sih, 𝑴𝑰𝒀𝑨88 💥 kasih surprise meks𝙬in full wild gitu!",gila sih miyabb kasih surprise mekswin full wild gitui,1.0,0.0,0.0,0.0,0.0
Gak ada hari tanpa buka 𝐌𝐈𝐘𝐀𝟖𝟖 ⚡ sekarang 😩,1.0,Gak ada hari tanpa buka 𝐌𝐈𝐘𝐀𝟖𝟖 ⚡ sekarang 😩,gak ada hari tanpa buka miyabb sekarang,1.0,0.0,0.0,0.0,0.0
"𝑲 𝑶 𝑰 𝑺 𝑳 𝑶 𝑻 💸 gak perlu deposit dulu, saldo udah ada!",1.0,"𝑲 𝑶 𝑰 𝑺 𝑳 𝑶 𝑻 💸 gak perlu deposit dulu, saldo udah ada!",k o i s l o t gak perlu deposit dulu saldo udah adai,0.0,0.0,0.0,0.0,0.0
𝐌𝐈𝐘𝐀𝟖𝟖 💎 tuh solusi dompet kering 😆,1.0,𝐌𝐈𝐘𝐀𝟖𝟖 💎 tuh solusi dompet kering 😆,miyabb tuh solusi dompet kering,0.0,0.0,0.0,0.0,0.0
mio + injeksi suaranya baddasss 🔥,0.0,mio + injeksi suaranya baddasss 🔥,mio t injeksi suaranya baddasss,0.0,0.0,0.0,0.0,0.0
ban downsize sih bang sabi,0.0,ban downsize sih bang sabi,ban downsize sih bang sabi,1.0,0.0,0.0,0.0,0.0
Ditampar fakta tapi kok beli lagi beli lagi. 😅,0.0,Ditampar fakta tapi kok beli lagi beli lagi. 😅,ditampar fakta tapi kok beli lagi beli lagi,1.0,0.0,0.0,0.0,0.0
"Eehh pas di Jual Ke Market Place yang ngantri banyaaakkk, hehehe..",0.0,"Eehh pas di Jual Ke Market Place yang ngantri banyaaakkk, hehehe..",eehh pas di jual ke market place yang ngantri banyaaakkk hehehe,1.0,0.0,0.0,0.0,1.0
Mendig buat beli motor 😂,0.0,Mendig buat beli motor 😂,mendig buat beli motor,0.0,0.0,0.0,0.0,0.0
"hunting hunting hunting, cek out cek out, pas uda sampek mikir mikir,, itulah saya wkwk",0.0,"hunting hunting hunting, cek out cek out, pas uda sampek mikir mikir,, itulah saya wkwk",hunting hunting hunting cek out cek out pas uda sampek mikir mikir itulah saya wkwk,1.0,0.0,0.0,0.0,1.0
Kena racun juga bang dimas beli yg murah aja bang,0.0,Kena racun juga bang dimas beli yg murah aja bang,kena racun juga bang dimas beli yg murah aja bang,1.0,0.0,0.0,0.0,0.0
yakin diut den dimas abis? wkwk 😂,0.0,yakin diut den dimas abis? wkwk 😂,yakin diut den dimas abis wkwk,1.0,0.0,0.0,0.0,0.0
Wkwkwk...namanya juga hobi..beli gundam mulu kata bini buat apa 😂,0.0,Wkwkwk...namanya juga hobi..beli gundam mulu kata bini buat apa 😂,wkwkwk namanya juga hobi beli gundam mulu kata bini buat apa,0.0,0.0,0.0,0.0,0.0
kasihan,0.0,kasihan,kasihan,0.0,0.0,0.0,0.0,0.0
"Melalui D 𝑂 Я 𝐴 𝟽 𝟳 saya bertransformasi, dari pegawai harian ke pengusaha sukses. 🏘",1.0,"Melalui D 𝑂 Я 𝐴 𝟽 𝟳 saya bertransformasi, dari pegawai harian ke pengusaha sukses. 🏘",melalui d o я a t t saya bertransformasi dari pegawai harian ke pengusaha sukses,1.0,0.0,0.0,0.0,0.0
"Malam ini keberuntungan besar datang dari D 𝙊 Я 𝐴 𝟽 𝟽, seru banget! 🥑",1.0,"Malam ini keberuntungan besar datang dari D 𝙊 Я 𝐴 𝟽 𝟽, seru banget! 🥑",malam ini keberuntungan besar datang dari d o я a t t seru bangeti,0.0,0.0,0.0,0.0,0.0
"Di 𝐃 O 𝐑 𝐀 𝟩 7 mendukung transformasi saya, dari buruh pabrik jadi pemilik usaha besar. 🍲",1.0,"Di 𝐃 O 𝐑 𝐀 𝟩 7 mendukung transformasi saya, dari buruh pabrik jadi pemilik usaha besar. 🍲",di d o r a t t mendukung transformasi saya dari buruh pabrik jadi pemilik usaha besar,0.0,0.0,0.0,0.0,0.0
"Bermain di 𝘿 О Я 𝐀 7 7 mengubah hidup saya, dari penjual asongan jadi pemilik toko modern. 🗼",1.0,"Bermain di 𝘿 О Я 𝐀 7 7 mengubah hidup saya, dari penjual asongan jadi pemilik toko modern. 🗼",bermain di d о я a t t mengubah hidup saya dari penjual asongan jadi pemilik toko modern,1.0,0.0,0.0,0.0,0.0
"Bermain di 𝘋 O 𝘙 𝐀 7 𝟳 membuka jalan, dari buruh pabrik jadi pengusaha produktif. 🍜",1.0,"Bermain di 𝘋 O 𝘙 𝐀 7 𝟳 membuka jalan, dari buruh pabrik jadi pengusaha produktif. 🍜",bermain di d o r a t t membuka jalan dari buruh pabrik jadi pengusaha produktif,0.0,0.0,0.0,0.0,0.0
Tuman 😂,0.0,Tuman 😂,tuman,0.0,0.0,0.0,0.0,0.0
"g𝙖cir pa𝐫ah d𝙞 𝘿 O 𝑅 𝐴 𝟽 𝟩, uτang lang𝘴ung beгes!",1.0,"g𝙖cir pa𝐫ah d𝙞 𝘿 O 𝑅 𝐴 𝟽 𝟩, uτang lang𝘴ung beгes!",gacir parah di d o r a t t uτang langsung beгesi,1.0,0.0,0.0,0.0,0.0
"Pecah 𝙗anget 𝐝i 𝐃 𝑂 R 𝐴 7 𝟩, jep𝙚y",1.0,"Pecah 𝙗anget 𝐝i 𝐃 𝑂 R 𝐴 7 𝟩, jep𝙚y",pecah banget di d o r a t t jepey,1.0,0.0,0.0,0.0,0.0
"Hari yang penuh berkah dan kebahagiaan berkat 𝐃 О 𝐑 𝘼 𝟩 𝟳,rezeki datang menghampiri tanpa permisi! 🦦",1.0,"Hari yang penuh berkah dan kebahagiaan berkat 𝐃 О 𝐑 𝘼 𝟩 𝟳,rezeki datang menghampiri tanpa permisi! 🦦",hari yang penuh berkah dan kebahagiaan berkat d о r a t t rezeki datang menghampiri tanpa permisii,0.0,0.0,0.0,0.0,0.0
Hasil positif di 𝐃 O 𝑅 𝘼 7 𝟩 membantu saya menyelesaikan kewajiban finansial. 👿,1.0,Hasil positif di 𝐃 O 𝑅 𝘼 7 𝟩 membantu saya menyelesaikan kewajiban finansial. 👿,hasil positif di d o r a t t membantu saya menyelesaikan kewajiban finansial,1.0,0.0,0.0,0.0,0.0
"Dengan 𝐃 𝐎 𝙍 А 𝟽 𝟳 saya berubah total, dari penjaja gorengan jadi pemilik kafe yang sukses. 🫒",1.0,"Dengan 𝐃 𝐎 𝙍 А 𝟽 𝟳 saya berubah total, dari penjaja gorengan jadi pemilik kafe yang sukses. 🫒",dengan d o r а t t saya berubah total dari penjaja gorengan jadi pemilik kafe yang sukses,0.0,0.0,0.0,0.0,1.0
Hasil dari 𝐷 𝐎 𝘙 𝐴 𝟽 7 membuktikan saya bisa beralih dari penjual kecil jadi pemilik usaha besar. 🏫,1.0,Hasil dari 𝐷 𝐎 𝘙 𝐴 𝟽 7 membuktikan saya bisa beralih dari penjual kecil jadi pemilik usaha besar. 🏫,hasil dari d o r a t t membuktikan saya bisa beralih dari penjual kecil jadi pemilik usaha besar,0.0,0.0,0.0,0.0,0.0
Modal tambahan dari 𝐷 𝑂 Я 𝘈 𝟽 7 sangat mendukung usaha yang sedang saya jalankan. 🐯,1.0,Modal tambahan dari 𝐷 𝑂 Я 𝘈 𝟽 7 sangat mendukung usaha yang sedang saya jalankan. 🐯,modal tambahan dari d o я a t t sangat mendukung usaha yang sedang saya jalankan,1.0,0.0,0.0,0.0,0.0
"Rezeki hari ini datang dari 𝐃 𝐎 𝘙 𝐀 𝟩 𝟳,makasih atas keberuntungannya! 🎼",1.0,"Rezeki hari ini datang dari 𝐃 𝐎 𝘙 𝐀 𝟩 𝟳,makasih atas keberuntungannya! 🎼",rezeki hari ini datang dari d o r a t t makasih atas keberuntungannyai,0.0,0.0,0.0,0.0,1.0
𝘋 О 𝑅 A 𝟽 𝟽 member brυ pasτi j𝙚pe,1.0,𝘋 О 𝑅 A 𝟽 𝟽 member brυ pasτi j𝙚pe,d о r a t t member brυ pasτi jepe,1.0,0.0,0.0,0.0,0.0
"Rezeki lancar jaya hari ini berkat 𝐷 𝐸 𝙒 𝐀 𝐷 𝘖 Я 𝘼,alhamdulillahirobbil'alamin! 🐇",1.0,"Rezeki lancar jaya hari ini berkat 𝐷 𝐸 𝙒 𝐀 𝐷 𝘖 Я 𝘼,alhamdulillahirobbil'alamin! 🐇",rezeki lancar jaya hari ini berkat d e w a d o я a alhamdulillahirobbil alamini,1.0,0.0,0.0,0.0,0.0
Keuntungan dari D O 𝐑 𝘈 𝟽 𝟳 membuka jalan bagi saya memulai usaha baru. 🐥,1.0,Keuntungan dari D O 𝐑 𝘈 𝟽 𝟳 membuka jalan bagi saya memulai usaha baru. 🐥,keuntungan dari d o r a t t membuka jalan bagi saya memulai usaha baru,1.0,0.0,0.0,0.0,0.0
Hasil di 𝘋 𝑂 𝐑 𝘼 𝟽 𝟩 membantu saya mengatasi masalah hutang dengan cepat dan efektif. 🍐,1.0,Hasil di 𝘋 𝑂 𝐑 𝘼 𝟽 𝟩 membantu saya mengatasi masalah hutang dengan cepat dan efektif. 🍐,hasil di d o r a t t membantu saya mengatasi masalah hutang dengan cepat dan efektif,0.0,0.0,0.0,0.0,0.0
Di 𝐃 𝐎 R А 𝟽 7 membantu saya menyelesaikan kewajiban keuangan dengan hasil optimal. 🦔,1.0,Di 𝐃 𝐎 R А 𝟽 7 membantu saya menyelesaikan kewajiban keuangan dengan hasil optimal. 🦔,di d o r а t t membantu saya menyelesaikan kewajiban keuangan dengan hasil optimal,1.0,0.0,0.0,0.0,1.0
𝐃 О 𝐑 𝐀 𝟩 𝟽menawarkan lingkungan yang merangsang dan menginspirasi. 🦴,1.0,𝐃 О 𝐑 𝐀 𝟩 𝟽menawarkan lingkungan yang merangsang dan menginspirasi. 🦴,d о r a t tmenawarkan lingkungan yang merangsang dan menginspirasi,0.0,0.0,0.0,0.0,0.0
"d𝐞 p𝘰 ga sampе 100 ri𝘣u, e𝘩 cυan 10 jυta. 𝘿 𝐎 Я 𝐴 𝟽 7 𝐢ni legi𝙩",1.0,"d𝐞 p𝘰 ga sampе 100 ri𝘣u, e𝘩 cυan 10 jυta. 𝘿 𝐎 Я 𝐴 𝟽 7 𝐢ni legi𝙩",de po ga sampe ioo ribu eh cυan io jυta d o я a t t ini legit,1.0,0.0,0.0,0.0,0.0
"Uta𝐧g 𝘭unas, tabun𝙜an nambah, c𝐮ma 𝙙i 𝘋 𝐎 Я 𝐴 7 𝟳",1.0,"Uta𝐧g 𝘭unas, tabun𝙜an nambah, c𝐮ma 𝙙i 𝘋 𝐎 Я 𝐴 7 𝟳",utang lunas tabungan nambah cuma di d o я a t t,1.0,0.0,0.0,0.0,0.0
"𝐃 𝐎 𝙍 А 𝟳 𝟳 Situ𝙨 kaya ginі 𝙢ah jar𝙖ng, de рo kec𝐢l autо mekswi𝐧",1.0,"𝐃 𝐎 𝙍 А 𝟳 𝟳 Situ𝙨 kaya ginі 𝙢ah jar𝙖ng, de рo kec𝐢l autо mekswi𝐧",d o r а t t situs kaya gini mah jarang de po kecil auto mekswin,1.0,0.0,0.0,0.0,1.0
𝘊uan 𝐝i D 𝑂 𝑅 𝘈 7 7 gampan𝙜!,1.0,𝘊uan 𝐝i D 𝑂 𝑅 𝘈 7 7 gampan𝙜!,cuan di d o r a t t gampangi,1.0,0.0,0.0,0.0,0.0
Hasil positif di 𝘋 О 𝙍 A 𝟩 7 membantu saya menyelesaikan kewajiban finansial. 👿,1.0,Hasil positif di 𝘋 О 𝙍 A 𝟩 7 membantu saya menyelesaikan kewajiban finansial. 👿,hasil positif di d о r a t t membantu saya menyelesaikan kewajiban finansial,1.0,0.0,0.0,0.0,0.0
Hasil dari 𝐃 𝙊 Я 𝐀 7 𝟩 membuktikan saya bisa beralih dari karyawan biasa jadi pengusaha. 🚗,1.0,Hasil dari 𝐃 𝙊 Я 𝐀 7 𝟩 membuktikan saya bisa beralih dari karyawan biasa jadi pengusaha. 🚗,hasil dari d o я a t t membuktikan saya bisa beralih dari karyawan biasa jadi pengusaha,0.0,0.0,0.0,0.0,0.0
"Di 𝘋 О 𝙍 A 𝟽 𝟳 saya menemukan peluang, dari karyawan biasa jadi bos perusahaan. 🚙",1.0,"Di 𝘋 О 𝙍 A 𝟽 𝟳 saya menemukan peluang, dari karyawan biasa jadi bos perusahaan. 🚙",di d о r a t t saya menemukan peluang dari karyawan biasa jadi bos perusahaan,1.0,0.0,0.0,0.0,0.0
"Rezeki datang tak terduga di D 𝑂 𝐑 𝐴 𝟽 𝟳,coba dan buktikan sendiri! 💒",1.0,"Rezeki datang tak terduga di D 𝑂 𝐑 𝐴 𝟽 𝟳,coba dan buktikan sendiri! 💒",rezeki datang tak terduga di d o r a t t coba dan buktikan sendirii,1.0,0.0,0.0,0.0,0.0
"Dengan 𝘿 О 𝑅 𝘼 𝟽 7 saya sukses, dari penjual bakso jadi pemilik restoran. 🎲",1.0,"Dengan 𝘿 О 𝑅 𝘼 𝟽 7 saya sukses, dari penjual bakso jadi pemilik restoran. 🎲",dengan d о r a t t saya sukses dari penjual bakso jadi pemilik restoran,1.0,0.0,0.0,0.0,0.0
Cuаn mud𝘢h ban𝙜et dі D 𝙊 Я 𝘼 7 𝟽,1.0,Cuаn mud𝘢h ban𝙜et dі D 𝙊 Я 𝘼 7 𝟽,cuan mudah banget di d o я a t t,0.0,0.0,0.0,0.0,0.0
𝐃 𝙊 R А 𝟽 7 mekswin g𝘢 𝐚da lawan,1.0,𝐃 𝙊 R А 𝟽 7 mekswin g𝘢 𝐚da lawan,d o r а t t mekswin ga ada lawan,0.0,0.0,0.0,0.0,0.0
"𝘿 O 𝑅 А 7 𝟽 bіkin kеtagihan, 𝙟epey terus",1.0,"𝘿 O 𝑅 А 7 𝟽 bіkin kеtagihan, 𝙟epey terus",d o r а t t bikin ketagihan jepey terus,0.0,0.0,0.0,0.0,0.0
"Fix! 𝑲O𝑰𝑺𝑳0𝑻 kasih berkah terus, income seratus subuh ini hadir lagi",1.0,"Fix! 𝑲O𝑰𝑺𝑳0𝑻 kasih berkah terus, income seratus subuh ini hadir lagi",fixi koislot kasih berkah terus income seratus subuh ini hadir lagi,1.0,0.0,0.0,0.0,1.0
"𝑲O𝑰𝑺𝑳0𝑻 makin panas, subuh ini income seratus perfect nggak ada lawan",1.0,"𝑲O𝑰𝑺𝑳0𝑻 makin panas, subuh ini income seratus perfect nggak ada lawan",koislot makin panas subuh ini income seratus perfect nggak ada lawan,1.0,0.0,0.0,0.0,1.0
"Daftar di 𝗠I𝗬𝗔𝟴𝟴, langsung mekswin, rezeki terus mengalir!",1.0,"Daftar di 𝗠I𝗬𝗔𝟴𝟴, langsung mekswin, rezeki terus mengalir!",daftar di miyabb langsung mekswin rezeki terus mengaliri,1.0,0.0,0.0,0.0,0.0
"𝑲O𝑰𝑺𝑳0𝑻 kasih vibes terbaik, MEKSWIN high roller makin mantap!",1.0,"𝑲O𝑰𝑺𝑳0𝑻 kasih vibes terbaik, MEKSWIN high roller makin mantap!",koislot kasih vibes terbaik mekswin high roller makin mantapi,1.0,0.0,0.0,0.0,1.0
"Fix! 𝑲O𝑰𝑺𝑳0𝑻 kasih kejutan terus, bigwin 5jeti auto senyum!",1.0,"Fix! 𝑲O𝑰𝑺𝑳0𝑻 kasih kejutan terus, bigwin 5jeti auto senyum!",fixi koislot kasih kejutan terus bigwin sjeti auto senyumi,1.0,0.0,0.0,0.0,1.0
Baru 1 jam lalu cokk. Bang giveaway 1 bang plis?,0.0,Baru 1 jam lalu cokk. Bang giveaway 1 bang plis?,baru i jam lalu cokk bang giveaway i bang plis,1.0,0.0,0.0,0.0,0.0
lebih candu dari nicotin,0.0,lebih candu dari nicotin,lebih candu dari nicotin,1.0,0.0,0.0,0.0,1.0
Ngenakin ya om 🤣🗿,0.0,Ngenakin ya om 🤣🗿,ngenakin ya om,1.0,0.0,0.0,0.0,0.0
Hasil nyata dari 𝐷𝘖𝙍А𝟳𝟩 memungkinkan saya beralih dari penjaja gorengan jadi pemilik kafe.,1.0,Hasil nyata dari 𝐷𝘖𝙍А𝟳𝟩 memungkinkan saya beralih dari penjaja gorengan jadi pemilik kafe.,hasil nyata dari dorаtt memungkinkan saya beralih dari penjaja gorengan jadi pemilik kafe,1.0,0.0,0.0,0.0,0.0
Hasil di 𝐷𝘖R𝐀𝟽𝟩 membuat saya merasa lega karena hutang telah terbayar.,1.0,Hasil di 𝐷𝘖R𝐀𝟽𝟩 membuat saya merasa lega karena hutang telah terbayar.,hasil di doratt membuat saya merasa lega karena hutang telah terbayar,0.0,0.0,0.0,0.0,0.0
"Gokil! JP gede banget nih di 𝐃𝘖Я𝘼𝟩𝟽, rekor baru!",1.0,"Gokil! JP gede banget nih di 𝐃𝘖Я𝘼𝟩𝟽, rekor baru!",gokili jp gede banget nih di doяatt rekor barui,1.0,0.0,0.0,0.0,0.0
"Bermain di 𝘿𝘖𝐑𝐴77 membantu saya bertransformasi, dari penjaja es kelapa jadi pemilik kedai es.",1.0,"Bermain di 𝘿𝘖𝐑𝐴77 membantu saya bertransformasi, dari penjaja es kelapa jadi pemilik kedai es.",bermain di doratt membantu saya bertransformasi dari penjaja es kelapa jadi pemilik kedai es,0.0,0.0,0.0,0.0,0.0
"Hasil nyata di 𝐷𝘖𝑅A𝟽𝟩 mengantar saya, dari petani kecil jadi pemilik agribisnis.",1.0,"Hasil nyata di 𝐷𝘖𝑅A𝟽𝟩 mengantar saya, dari petani kecil jadi pemilik agribisnis.",hasil nyata di doratt mengantar saya dari petani kecil jadi pemilik agribisnis,1.0,0.0,0.0,0.0,1.0
"𝐃O𝑅A𝟽𝟽 mekswiп t𝙞ap hari, ɡila!",1.0,"𝐃O𝑅A𝟽𝟽 mekswiп t𝙞ap hari, ɡila!",doratt mekswiп tiap hari gilai,1.0,0.0,0.0,0.0,1.0
j𝘦pey ga berhenti ԁi 𝐃𝘖𝐑А𝟽7,1.0,j𝘦pey ga berhenti ԁi 𝐃𝘖𝐑А𝟽7,jepey ga berhenti di dorаtt,1.0,0.0,0.0,0.0,0.0
mounting pake yang berapa cm bang?,0.0,mounting pake yang berapa cm bang?,mounting pake yang berapa cm bang,1.0,0.0,0.0,0.0,0.0
gila fitment kaki² depannya keren abissss,0.0,gila fitment kaki² depannya keren abissss,gila fitment kaki 2 depannya keren abissss,0.0,0.0,0.0,0.0,0.0
Bisa terbang,0.0,Bisa terbang,bisa terbang,1.0,0.0,0.0,0.0,0.0
Mio bukan sembarang mio hehehe,0.0,Mio bukan sembarang mio hehehe,mio bukan sembarang mio hehehe,1.0,0.0,0.0,0.0,0.0
J𝘦pe gampa𝘯g bangeτ ԁi D 𝐎 R А 7 𝟽,1.0,J𝘦pe gampa𝘯g bangeτ ԁi D 𝐎 R А 7 𝟽,jepe gampang bangeτ di d o r а t t,1.0,0.0,0.0,0.0,1.0
pasang kamera di helm bang biar lebih enak nonton nya,0.0,pasang kamera di helm bang biar lebih enak nonton nya,pasang kamera di helm bang biar lebih enak nonton nya,1.0,0.0,0.0,0.0,0.0
Bermain di 𝘋𝙊𝑅А𝟩𝟩 membuat saya mampu menyelesaikan hutang dengan hasil positif.,1.0,Bermain di 𝘋𝙊𝑅А𝟩𝟩 membuat saya mampu menyelesaikan hutang dengan hasil positif.,bermain di dorаtt membuat saya mampu menyelesaikan hutang dengan hasil positif,1.0,0.0,0.0,0.0,0.0
Bermain di 𝐷O𝐑А𝟳𝟽 memudahkan saya untuk menutup semua hutang.,1.0,Bermain di 𝐷O𝐑А𝟳𝟽 memudahkan saya untuk menutup semua hutang.,bermain di dorаtt memudahkan saya untuk menutup semua hutang,1.0,0.0,0.0,0.0,0.0
"Berkat 𝐷𝐎Я𝐀𝟩𝟽 saya berubah, dari buruh bangunan jadi pemilik kontraktor.",1.0,"Berkat 𝐷𝐎Я𝐀𝟩𝟽 saya berubah, dari buruh bangunan jadi pemilik kontraktor.",berkat doяatt saya berubah dari buruh bangunan jadi pemilik kontraktor,1.0,0.0,0.0,0.0,0.0
"Di 𝘿𝑂𝑅А7𝟩 saya menemukan peluang, dari penjual pulsa jadi pemilik usaha gadget.",1.0,"Di 𝘿𝑂𝑅А7𝟩 saya menemukan peluang, dari penjual pulsa jadi pemilik usaha gadget.",di dorаtt saya menemukan peluang dari penjual pulsa jadi pemilik usaha gadget,1.0,0.0,0.0,0.0,1.0
"Hasil nyata di 𝘋𝑂𝐑A𝟳𝟳 mengantar saya, dari tukang kayu jadi pemilik toko furniture.",1.0,"Hasil nyata di 𝘋𝑂𝐑A𝟳𝟳 mengantar saya, dari tukang kayu jadi pemilik toko furniture.",hasil nyata di doratt mengantar saya dari tukang kayu jadi pemilik toko furniture,1.0,0.0,0.0,0.0,1.0
"Rezeki datang tak terduga di 𝐷ОR𝘼77, coba dan buktikan sendiri!",1.0,"Rezeki datang tak terduga di 𝐷ОR𝘼77, coba dan buktikan sendiri!",rezeki datang tak terduga di dоratt coba dan buktikan sendirii,1.0,0.0,0.0,0.0,0.0
Hasil di 𝘿𝙊R𝘼𝟩7 membantu saya meraih kestabilan keuangan dengan membayar hutang.,1.0,Hasil di 𝘿𝙊R𝘼𝟩7 membantu saya meraih kestabilan keuangan dengan membayar hutang.,hasil di doratt membantu saya meraih kestabilan keuangan dengan membayar hutang,0.0,0.0,0.0,0.0,0.0
Hasil dari 𝘿O𝘙А𝟩𝟩 membuktikan saya bisa beralih dari pengantar makanan jadi pemilik restoran.,1.0,Hasil dari 𝘿O𝘙А𝟩𝟩 membuktikan saya bisa beralih dari pengantar makanan jadi pemilik restoran.,hasil dari dorаtt membuktikan saya bisa beralih dari pengantar makanan jadi pemilik restoran,0.0,0.0,0.0,0.0,1.0
"Rezeki dari 𝐃𝑂𝐑А77 emang berkah, terima kasih!",1.0,"Rezeki dari 𝐃𝑂𝐑А77 emang berkah, terima kasih!",rezeki dari dorаtt emang berkah terima kasihi,1.0,0.0,0.0,0.0,1.0
Di D𝙊ЯА𝟩7 memudahkan saya melunasi hutang dalam waktu singkat.,1.0,Di D𝙊ЯА𝟩7 memudahkan saya melunasi hutang dalam waktu singkat.,di doяаtt memudahkan saya melunasi hutang dalam waktu singkat,0.0,0.0,0.0,0.0,0.0
Pertimbangkan untuk menjelajahi A𝘟𝐋𝟩𝟳𝟳-jika Anda menghargai desain yang inovatif.,1.0,Pertimbangkan untuk menjelajahi A𝘟𝐋𝟩𝟳𝟳-jika Anda menghargai desain yang inovatif.,pertimbangkan untuk menjelajahi axlttt jika anda menghargai desain yang inovatif,1.0,0.0,0.0,0.0,1.0
"Pelayanan 𝘈X𝐋77𝟽-super ramah, puas banget!",1.0,"Pelayanan 𝘈X𝐋77𝟽-super ramah, puas banget!",pelayanan axlttt super ramah puas bangeti,1.0,0.0,0.0,0.0,1.0
Pertimbangkan untuk menjelajahi 𝐀𝙀R𝙊𝟴𝟴-jika Anda menghargai pertumbuhan pribadi.,1.0,Pertimbangkan untuk menjelajahi 𝐀𝙀R𝙊𝟴𝟴-jika Anda menghargai pertumbuhan pribadi.,pertimbangkan untuk menjelajahi aerobb jika anda menghargai pertumbuhan pribadi,1.0,0.0,0.0,0.0,0.0
Pertimbangkan untuk menjelajahi 𝘈𝘟𝐿𝟩7𝟽-jika Anda menghargai komunitas dan rasa memiliki.,1.0,Pertimbangkan untuk menjelajahi 𝘈𝘟𝐿𝟩7𝟽-jika Anda menghargai komunitas dan rasa memiliki.,pertimbangkan untuk menjelajahi axlttt jika anda menghargai komunitas dan rasa memiliki,1.0,0.0,0.0,0.0,1.0
"Gak nyangka bisa dapat segini dari 𝐴𝐸Я𝐎𝟪𝟾,auto traktir sekeluarga!",1.0,"Gak nyangka bisa dapat segini dari 𝐴𝐸Я𝐎𝟪𝟾,auto traktir sekeluarga!",gak nyangka bisa dapat segini dari aeяobb auto traktir sekeluargai,1.0,0.0,0.0,0.0,0.0
"Hasil nyata di DО𝘙𝐴77 mengantar saya, dari tukang bakso jadi bos restoran.",1.0,"Hasil nyata di DО𝘙𝐴77 mengantar saya, dari tukang bakso jadi bos restoran.",hasil nyata di dоratt mengantar saya dari tukang bakso jadi bos restoran,1.0,0.0,0.0,0.0,1.0
"Bermain di DOЯ𝘼𝟳𝟳 membuka jalan, dari petani kecil ke pengusaha sukses.",1.0,"Bermain di DOЯ𝘼𝟳𝟳 membuka jalan, dari petani kecil ke pengusaha sukses.",bermain di doяatt membuka jalan dari petani kecil ke pengusaha sukses,1.0,0.0,0.0,0.0,1.0
"Berkat 𝘋𝘖𝑅𝐀𝟳7 saya berubah, dari penjual asongan jadi pemilik toko modern.",1.0,"Berkat 𝘋𝘖𝑅𝐀𝟳7 saya berubah, dari penjual asongan jadi pemilik toko modern.",berkat doratt saya berubah dari penjual asongan jadi pemilik toko modern,1.0,0.0,0.0,0.0,1.0
"Melalui 𝐷𝘖𝘙𝘼𝟩7 saya melesat, dari pengantar surat jadi direktur perusahaan.",1.0,"Melalui 𝐷𝘖𝘙𝘼𝟩7 saya melesat, dari pengantar surat jadi direktur perusahaan.",melalui doratt saya melesat dari pengantar surat jadi direktur perusahaan,0.0,0.0,0.0,0.0,1.0
"Berkat D𝙊𝘙𝐴𝟳7 saya melesat, dari buruh bangunan ke bos konstruksi.",1.0,"Berkat D𝙊𝘙𝐴𝟳7 saya melesat, dari buruh bangunan ke bos konstruksi.",berkat doratt saya melesat dari buruh bangunan ke bos konstruksi,1.0,0.0,0.0,0.0,0.0
"Berkat D𝐎𝙍𝘼𝟽𝟩 saya bertransformasi, dari pengantar surat jadi manajer operasional.",1.0,"Berkat D𝐎𝙍𝘼𝟽𝟩 saya bertransformasi, dari pengantar surat jadi manajer operasional.",berkat doratt saya bertransformasi dari pengantar surat jadi manajer operasional,0.0,0.0,0.0,0.0,0.0
Hasil dari 𝐃𝑂𝙍𝘼𝟩7 membantu saya menyelesaikan semua kewajiban keuangan dengan baik.,1.0,Hasil dari 𝐃𝑂𝙍𝘼𝟩7 membantu saya menyelesaikan semua kewajiban keuangan dengan baik.,hasil dari doratt membantu saya menyelesaikan semua kewajiban keuangan dengan baik,0.0,0.0,0.0,0.0,0.0
Pertimbangkan untuk menjelajahi 𝐴𝘌𝑅𝘖𝟪𝟾-jika Anda menghargai komunitas dan rasa memiliki.,1.0,Pertimbangkan untuk menjelajahi 𝐴𝘌𝑅𝘖𝟪𝟾-jika Anda menghargai komunitas dan rasa memiliki.,pertimbangkan untuk menjelajahi aerobb jika anda menghargai komunitas dan rasa memiliki,0.0,0.0,0.0,0.0,0.0
"𝘈𝐸𝘙О𝟪𝟪bikin lupa semua masalah dan beban hidup, hiburan yang sangat bermakna!",1.0,"𝘈𝐸𝘙О𝟪𝟪bikin lupa semua masalah dan beban hidup, hiburan yang sangat bermakna!",aerоbbbikin lupa semua masalah dan beban hidup hiburan yang sangat bermaknai,1.0,0.0,0.0,0.0,0.0
Modal kecil langsung dapet hasil besar. Gak percaya? Coba sendiri di 𝐀E𝘙𝑂𝟾𝟴!,1.0,Modal kecil langsung dapet hasil besar. Gak percaya? Coba sendiri di 𝐀E𝘙𝑂𝟾𝟴!,modal kecil langsung dapet hasil besar gak percaya coba sendiri di aerobbi,1.0,0.0,0.0,0.0,0.0
"Rezeki nomplok hari ini datang dari 𝘈𝙓𝐋7𝟽𝟽,bener-bener puas banget!",1.0,"Rezeki nomplok hari ini datang dari 𝘈𝙓𝐋7𝟽𝟽,bener-bener puas banget!",rezeki nomplok hari ini datang dari axlttt bener bener puas bangeti,1.0,0.0,0.0,0.0,0.0
𝘈𝐄𝐑𝙊𝟾𝟪menawarkan pendekatan yang berbeda untuk keterlibatan daring.,1.0,𝘈𝐄𝐑𝙊𝟾𝟪menawarkan pendekatan yang berbeda untuk keterlibatan daring.,aerobbmenawarkan pendekatan yang berbeda untuk keterlibatan daring,1.0,0.0,0.0,0.0,0.0
"Keuntungan besar bikin hari ini makin ceria, makasih 𝐴𝘟𝐿𝟩𝟩𝟩!",1.0,"Keuntungan besar bikin hari ini makin ceria, makasih 𝐴𝘟𝐿𝟩𝟩𝟩!",keuntungan besar bikin hari ini makin ceria makasih axlttti,1.0,0.0,0.0,0.0,0.0
"Keberuntungan saya bener-bener gacir di 𝐴𝙓𝐋𝟩7𝟩,nggak nyangka!",1.0,"Keberuntungan saya bener-bener gacir di 𝐴𝙓𝐋𝟩7𝟩,nggak nyangka!",keberuntungan saya bener bener gacir di axlttt nggak nyangkai,1.0,0.0,0.0,0.0,0.0
"Detak jantung berpacu kencang menunggu JP di 𝐀X𝙇𝟽𝟽7,akhirnya pecah juga jackpotnya!",1.0,"Detak jantung berpacu kencang menunggu JP di 𝐀X𝙇𝟽𝟽7,akhirnya pecah juga jackpotnya!",detak jantung berpacu kencang menunggu jp di axlttt akhirnya pecah juga jackpotnyai,1.0,0.0,0.0,0.0,0.0
"orang"" perantauan yang ada dikota JKT kebanyakan perantau mas",1.0,"orang"" perantauan yang ada dikota JKT kebanyakan perantau mas",orang perantauan yang ada dikota jkt kebanyakan perantau mas,0.0,0.0,0.0,0.0,0.0
"Lebih pilih helmnya drpd sepedanya, helmnya lebih dilirik ❤",1.0,"Lebih pilih helmnya drpd sepedanya, helmnya lebih dilirik ❤",lebih pilih helmnya drpd sepedanya helmnya lebih dilirik,0.0,0.0,0.0,0.0,0.0
"Awalnya hanya iseng-iseng mencoba bermain 😃 AЕЯ𝘖𝟾𝟾 🏅,eh ternyata malah menjadi seorang ahli, rezeki pun datang terus menerus tanpa henti!",1.0,"Awalnya hanya iseng-iseng mencoba bermain 😃 AЕЯ𝘖𝟾𝟾 🏅,eh ternyata malah menjadi seorang ahli, rezeki pun datang terus menerus tanpa henti!",awalnya hanya iseng iseng mencoba bermain aеяobb eh ternyata malah menjadi seorang ahli rezeki pun datang terus menerus tanpa hentii,1.0,0.0,0.0,0.0,0.0
DO𝑅𝘈𝟽𝟩 menawarkan sekilas tentang masa depan interaksi daring.,1.0,DO𝑅𝘈𝟽𝟩 menawarkan sekilas tentang masa depan interaksi daring.,doratt menawarkan sekilas tentang masa depan interaksi daring,0.0,0.0,0.0,0.0,0.0
Semoga dan semoga pinya rezeki punya helm arai nya😊,0.0,Semoga dan semoga pinya rezeki punya helm arai nya😊,semoga dan semoga pinya rezeki punya helm arai nya,0.0,0.0,0.0,0.0,0.0
Baru ma𝙚n langsung meκswin di 𝐃𝙊𝑅A𝟳𝟳,1.0,Baru ma𝙚n langsung meκswin di 𝐃𝙊𝑅A𝟳𝟳,baru maen langsung meκswin di doratt,0.0,0.0,0.0,0.0,0.0
Yg jelas atta teeam ikut sok asik sih..,0.0,Yg jelas atta teeam ikut sok asik sih..,yg jelas atta teeam ikut sok asik sih,1.0,0.0,0.0,0.0,0.0
"Aurel, definisi istri2 melihat suami nya punya hobi yg gak disukai nya 😂",0.0,"Aurel, definisi istri2 melihat suami nya punya hobi yg gak disukai nya 😂",aurel definisi istri 2 melihat suami nya punya hobi yg gak disukai nya,1.0,0.0,0.0,0.0,0.0
Bersyukur untuk hari ini. Itu langkah pertama menuju kebahagiaan. 𝐆𝐎𝐎𝐆𝐋𝐄 𝐀𝐉𝐀  sgi88 😅😅,1.0,Bersyukur untuk hari ini. Itu langkah pertama menuju kebahagiaan. 𝐆𝐎𝐎𝐆𝐋𝐄 𝐀𝐉𝐀  sgi88 😅😅,bersyukur untuk hari ini itu langkah pertama menuju kebahagiaan google aja sgibb,1.0,0.0,0.0,0.0,0.0
sgi88 sedang memasak brooo udah pasti bawa pulang 2jt,1.0,sgi88 sedang memasak brooo udah pasti bawa pulang 2jt,sgibb sedang memasak brooo udah pasti bawa pulang 2 jt,1.0,0.0,0.0,0.0,0.0
Bapak si Bayu pasti bangga maxwin di sgi88,1.0,Bapak si Bayu pasti bangga maxwin di sgi88,bapak si bayu pasti bangga maxwin di sgibb,1.0,0.0,0.0,0.0,0.0
Tarik semua kemenangan dari sgi88 saatnya belanja!,1.0,Tarik semua kemenangan dari sgi88 saatnya belanja!,tarik semua kemenangan dari sgibb saatnya belanjai,1.0,0.0,0.0,0.0,0.0
mantappp sgi88 sungguh menggugah selera makan🤤🤤🤤,1.0,mantappp sgi88 sungguh menggugah selera makan🤤🤤🤤,mantappp sgibb sungguh menggugah selera makan,1.0,0.0,0.0,0.0,1.0
seger kalee bangun tidur langsung nyelot di  sgi88   dkasi jp broo gilee ahh,1.0,seger kalee bangun tidur langsung nyelot di  sgi88   dkasi jp broo gilee ahh,seger kalee bangun tidur langsung nyelot di sgibb dkasi jp broo gilee ahh,0.0,0.0,0.0,0.0,0.0
dah jgn disebar kemana2 ini cukup yang disini aja yang tau gw tiap jumat party duitnya dari sgi88   cek sendiri aja,1.0,dah jgn disebar kemana2 ini cukup yang disini aja yang tau gw tiap jumat party duitnya dari sgi88   cek sendiri aja,dah jgn disebar kemana 2 ini cukup yang disini aja yang tau gw tiap jumat party duitnya dari sgibb cek sendiri aja,0.0,0.0,0.0,0.0,1.0
banyak yg komen sgi88 itu apaan boss?,1.0,banyak yg komen sgi88 itu apaan boss?,banyak yg komen sgibb itu apaan boss,0.0,0.0,0.0,0.0,1.0
Lebih baik menerima kenyataan yang pahit daripada kemanisan yang palsu karena yang asli cuma di sgi88  🙇‍♀️🙇‍♀️👌,1.0,Lebih baik menerima kenyataan yang pahit daripada kemanisan yang palsu karena yang asli cuma di sgi88  🙇‍♀️🙇‍♀️👌,lebih baik menerima kenyataan yang pahit daripada kemanisan yang palsu karena yang asli cuma di sgibb,0.0,0.0,0.0,0.0,0.0
Hasil di 𝐷𝘖Я𝘼𝟩𝟽 membantu saya mengatasi masalah hutang dengan cepat dan efektif.,1.0,Hasil di 𝐷𝘖Я𝘼𝟩𝟽 membantu saya mengatasi masalah hutang dengan cepat dan efektif.,hasil di doяatt membantu saya mengatasi masalah hutang dengan cepat dan efektif,0.0,0.0,0.0,0.0,0.0
spil yg vespa gs nya kok ga keliatan 🤭,1.0,spil yg vespa gs nya kok ga keliatan 🤭,spil yg vespa gs nya kok ga keliatan,1.0,0.0,0.0,0.0,1.0
"Bermain di 𝐃𝘖𝑅𝘼𝟩𝟳 mengubah hidup saya, dari tukang ojek jadi pemilik armada ojek.",1.0,"Bermain di 𝐃𝘖𝑅𝘼𝟩𝟳 mengubah hidup saya, dari tukang ojek jadi pemilik armada ojek.",bermain di doratt mengubah hidup saya dari tukang ojek jadi pemilik armada ojek,1.0,0.0,0.0,0.0,1.0
Hasil dari 𝐃OR𝘼𝟩𝟩 membuktikan saya bisa beralih dari buruh bangunan jadi pemilik perusahaan kontraktor.,1.0,Hasil dari 𝐃OR𝘼𝟩𝟩 membuktikan saya bisa beralih dari buruh bangunan jadi pemilik perusahaan kontraktor.,hasil dari doratt membuktikan saya bisa beralih dari buruh bangunan jadi pemilik perusahaan kontraktor,1.0,0.0,0.0,0.0,1.0
"𝘮aen di 𝐃𝘖Я𝐀𝟩𝟽, jеpey langsun𝘨",1.0,"𝘮aen di 𝐃𝘖Я𝐀𝟩𝟽, jеpey langsun𝘨",maen di doяatt jepey langsung,1.0,0.0,0.0,0.0,1.0
Modal usaha saya meningkat signifikan berkat hasil dari 𝘋O𝑅A𝟩𝟽.,1.0,Modal usaha saya meningkat signifikan berkat hasil dari 𝘋O𝑅A𝟩𝟽.,modal usaha saya meningkat signifikan berkat hasil dari doratt,1.0,0.0,0.0,0.0,1.0
"Terima kasih banyak 𝘼𝙂U𝙎𝙏𝘖𝑇O,hari ini benar-benar gacir!",1.0,"Terima kasih banyak 𝘼𝙂U𝙎𝙏𝘖𝑇O,hari ini benar-benar gacir!",terima kasih banyak agustoto hari ini benar benar gaciri,1.0,0.0,0.0,0.0,0.0
"Rekomendasi terbaik buat cari hiburan yang gacir, pastinya A𝙂𝘜S𝑇𝙊𝙏𝙊!",1.0,"Rekomendasi terbaik buat cari hiburan yang gacir, pastinya A𝙂𝘜S𝑇𝙊𝙏𝙊!",rekomendasi terbaik buat cari hiburan yang gacir pastinya agustotoi,1.0,0.0,0.0,0.0,1.0
𝘈𝐺𝙐𝙎𝐓𝑂𝘛𝘖menawarkan kesempatan untuk belajar dari orang lain.,1.0,𝘈𝐺𝙐𝙎𝐓𝑂𝘛𝘖menawarkan kesempatan untuk belajar dari orang lain.,agustotomenawarkan kesempatan untuk belajar dari orang lain,1.0,0.0,0.0,0.0,0.0
"А𝐄R𝐎𝟴8bikin lupa semua masalah duniawi, hiburan yang sangat berarti!",1.0,"А𝐄R𝐎𝟴8bikin lupa semua masalah duniawi, hiburan yang sangat berarti!",аerobbbikin lupa semua masalah duniawi hiburan yang sangat berartii,1.0,0.0,0.0,0.0,0.0
"𝘈𝙂𝐔𝑆𝘛𝐎T𝘖bikin hidup makin asyik, rezeki datang tanpa henti!",1.0,"𝘈𝙂𝐔𝑆𝘛𝐎T𝘖bikin hidup makin asyik, rezeki datang tanpa henti!",agustotobikin hidup makin asyik rezeki datang tanpa hentii,0.0,0.0,0.0,0.0,0.0
"Setiap hari ada aja kejutan dari 𝐀𝐄𝐑𝑂𝟴𝟴,bikin semangat!",1.0,"Setiap hari ada aja kejutan dari 𝐀𝐄𝐑𝑂𝟴𝟴,bikin semangat!",setiap hari ada aja kejutan dari aerobb bikin semangati,1.0,0.0,0.0,0.0,0.0
"Bagi yang mencari suasana baru, 𝘼𝙀ЯО𝟪𝟴-bisa dicoba.",1.0,"Bagi yang mencari suasana baru, 𝘼𝙀ЯО𝟪𝟴-bisa dicoba.",bagi yang mencari suasana baru aeяоbb bisa dicoba,1.0,0.0,0.0,0.0,0.0
Beberapa pengguna melaporkan hasil positif dari penggunaan 𝘈ЕRО𝟾𝟪.,1.0,Beberapa pengguna melaporkan hasil positif dari penggunaan 𝘈ЕRО𝟾𝟪.,beberapa pengguna melaporkan hasil positif dari penggunaan aеrоbb,0.0,0.0,0.0,0.0,0.0
Yg jelas si gledek tim alay mas dim,0.0,Yg jelas si gledek tim alay mas dim,yg jelas si gledek tim alay mas dim,0.0,0.0,0.0,0.0,0.0
"Atta parah ,istrinya tdk Ter lalu ber guna,Aurel jadiannya km tdk ber guna LG ,atta knp di pertahankan klo tdk ber guna ,yg ber guna pelakor ya atta gundik ber guna ya klo istri tdk ber guna kasian bgt Aurel ya BS nya atta blg istri tdk ber guna LG ati"" km atta",0.0,"Atta parah ,istrinya tdk Ter lalu ber guna,Aurel jadiannya km tdk ber guna LG ,atta knp di pertahankan klo tdk ber guna ,yg ber guna pelakor ya atta gundik ber guna ya klo istri tdk ber guna kasian bgt Aurel ya BS nya atta blg istri tdk ber guna LG ati"" km atta",atta parah istrinya tdk ter lalu ber guna aurel jadiannya km tdk ber guna lg atta knp di pertahankan klo tdk ber guna yg ber guna pelakor ya atta gundik ber guna ya klo istri tdk ber guna kasian bgt aurel ya bs nya atta blg istri tdk ber guna lg ati km atta,0.0,0.0,0.0,0.0,0.0
KO𝗜𝘚𝘓O𝖳 selalu sukses bikin gue senyum!,1.0,KO𝗜𝘚𝘓O𝖳 selalu sukses bikin gue senyum!,koislot selalu sukses bikin gue senyumi,0.0,0.0,0.0,0.0,1.0
KO𝗜𝘚𝘓O𝖳 beneran cu𝙖n no tipu-tipu bro!,1.0,KO𝗜𝘚𝘓O𝖳 beneran cu𝙖n no tipu-tipu bro!,koislot beneran cuan no tipu tipu broi,0.0,0.0,0.0,0.0,0.0
"KO𝗜𝘚𝘓O𝖳 hadir pas butuh banget, 1000 pun oke!",1.0,"KO𝗜𝘚𝘓O𝖳 hadir pas butuh banget, 1000 pun oke!",koislot hadir pas butuh banget iooo pun okei,0.0,0.0,0.0,0.0,0.0
KO𝗜𝘚𝘓O𝖳 bikin semua jadi sultan dadakan!,1.0,KO𝗜𝘚𝘓O𝖳 bikin semua jadi sultan dadakan!,koislot bikin semua jadi sultan dadakani,0.0,0.0,0.0,0.0,1.0
"Baru bangun, 𝖬𝐼𝐘𝘈88 langsung kasih wild cepe!",1.0,"Baru bangun, 𝖬𝐼𝐘𝘈88 langsung kasih wild cepe!",baru bangun miyabb langsung kasih wild cepei,1.0,0.0,0.0,0.0,0.0
"𝖬𝐼𝐘𝘈88 100K muncul, saldo lompat kayak ninja!",1.0,"𝖬𝐼𝐘𝘈88 100K muncul, saldo lompat kayak ninja!",miyabb iook muncul saldo lompat kayak ninjai,1.0,0.0,0.0,0.0,0.0
KO𝗜𝘚𝘓O𝖳 bikin doi lupa dunia nyata!,1.0,KO𝗜𝘚𝘓O𝖳 bikin doi lupa dunia nyata!,koislot bikin doi lupa dunia nyatai,1.0,0.0,0.0,0.0,0.0
"A𝘌𝙍𝙊𝟾𝟴benar-benar yang terunggul, sangat saya rekomendasikan!",1.0,"A𝘌𝙍𝙊𝟾𝟴benar-benar yang terunggul, sangat saya rekomendasikan!",aerobbbenar benar yang terunggul sangat saya rekomendasikani,1.0,0.0,0.0,0.0,1.0
"Tidak pernah merasa jenuh bermain 𝘼𝘎𝐔𝘚𝘛𝐎𝐓O,selalu ada inovasi!",1.0,"Tidak pernah merasa jenuh bermain 𝘼𝘎𝐔𝘚𝘛𝐎𝐓O,selalu ada inovasi!",tidak pernah merasa jenuh bermain agustoto selalu ada inovasii,1.0,0.0,0.0,0.0,1.0
"Jika Anda menghargai kinerja yang konsisten, 𝐀𝙀𝘙𝘖𝟾𝟾-layak dipertimbangkan.",1.0,"Jika Anda menghargai kinerja yang konsisten, 𝐀𝙀𝘙𝘖𝟾𝟾-layak dipertimbangkan.",jika anda menghargai kinerja yang konsisten aerobb layak dipertimbangkan,1.0,0.0,0.0,0.0,1.0
Merasa sangat bahagia dan bersyukur bisa mendapatkan rezeki yang berkah dari 𝘈E𝙍𝙊8𝟴!,1.0,Merasa sangat bahagia dan bersyukur bisa mendapatkan rezeki yang berkah dari 𝘈E𝙍𝙊8𝟴!,merasa sangat bahagia dan bersyukur bisa mendapatkan rezeki yang berkah dari aerobbi,0.0,0.0,0.0,0.0,1.0
Semoga rezeki dari 𝐴Е𝑅𝐎𝟪𝟾-membawa kebaikan bagi semua!,1.0,Semoga rezeki dari 𝐴Е𝑅𝐎𝟪𝟾-membawa kebaikan bagi semua!,semoga rezeki dari aеrobb membawa kebaikan bagi semuai,0.0,0.0,0.0,0.0,0.0
"maen dі 𝘋O𝑅A7𝟩, cu𝐚n mudah",1.0,"maen dі 𝘋O𝑅A7𝟩, cu𝐚n mudah",maen di doratt cuan mudah,0.0,0.0,0.0,0.0,0.0
𝐷О𝑅А𝟳𝟩 emang juаra maxw𝙞n,1.0,𝐷О𝑅А𝟳𝟩 emang juаra maxw𝙞n,dоrаtt emang juara maxwin,0.0,0.0,0.0,0.0,0.0
"de p𝙤 50 аja ud𝙖h 𝘫adi 5 jut𝘢, ga nyangkа b𝘨t mаen di 𝐃𝘖𝑅𝘈𝟩𝟽",1.0,"de p𝙤 50 аja ud𝙖h 𝘫adi 5 jut𝘢, ga nyangkа b𝘨t mаen di 𝐃𝘖𝑅𝘈𝟩𝟽",de po so aja udah jadi s juta ga nyangka bgt maen di doratt,1.0,0.0,0.0,0.0,0.0
"Jepe tia𝐩 𝘩ari, 𝙜a boong 𝘥i 𝐃O𝑅А77",1.0,"Jepe tia𝐩 𝘩ari, 𝙜a boong 𝘥i 𝐃O𝑅А77",jepe tiap hari ga boong di dorаtt,0.0,0.0,0.0,0.0,1.0
D𝘪 𝘿O𝙍A𝟩𝟳 jepey τrs sum𝙥ah,1.0,D𝘪 𝘿O𝙍A𝟩𝟳 jepey τrs sum𝙥ah,di doratt jepey τrs sumpah,0.0,0.0,0.0,0.0,0.0
Jelajahi kemungkinan dengan A𝐄Я𝙊𝟾𝟪.,1.0,Jelajahi kemungkinan dengan A𝐄Я𝙊𝟾𝟪.,jelajahi kemungkinan dengan aeяobb,1.0,0.0,0.0,0.0,1.0
"Wih gila! JP super duper gede di 𝐀𝐸Я𝘖𝟾𝟪,pecah rekor dunia!",1.0,"Wih gila! JP super duper gede di 𝐀𝐸Я𝘖𝟾𝟪,pecah rekor dunia!",wih gilai jp super duper gede di aeяobb pecah rekor duniai,1.0,0.0,0.0,0.0,0.0
"Di 𝗠I𝗬𝗔𝟴𝟴, mainnya enak, mimpiku jadi nyata, terimakasih!",1.0,"Di 𝗠I𝗬𝗔𝟴𝟴, mainnya enak, mimpiku jadi nyata, terimakasih!",di miyabb mainnya enak mimpiku jadi nyata terimakasihi,1.0,0.0,0.0,0.0,0.0
"🔥 Bigwin 5jeti 𝑲O𝑰𝑺𝑳0𝑻 nggak ada lawan, siapa yang setuju?",1.0,"🔥 Bigwin 5jeti 𝑲O𝑰𝑺𝑳0𝑻 nggak ada lawan, siapa yang setuju?",bigwin sjeti koislot nggak ada lawan siapa yang setuju,1.0,0.0,0.0,0.0,0.0
"𝑲O𝑰𝑺𝑳0𝑻 kasih rejeki tiap hari, JP terus tanpa henti!",1.0,"𝑲O𝑰𝑺𝑳0𝑻 kasih rejeki tiap hari, JP terus tanpa henti!",koislot kasih rejeki tiap hari jp terus tanpa hentii,1.0,0.0,0.0,0.0,1.0
"Fix! 𝑲O𝑰𝑺𝑳0𝑻 kasih rezeki lagi, spin rupiah makin deras!",1.0,"Fix! 𝑲O𝑰𝑺𝑳0𝑻 kasih rezeki lagi, spin rupiah makin deras!",fixi koislot kasih rezeki lagi spin rupiah makin derasi,1.0,0.0,0.0,0.0,1.0
"Hanya di 𝗠I𝗬𝗔𝟴𝟴, d3p0 dengan kode unik bikin lo dapet mekswin tanpa ribet!",1.0,"Hanya di 𝗠I𝗬𝗔𝟴𝟴, d3p0 dengan kode unik bikin lo dapet mekswin tanpa ribet!",hanya di miyabb depo dengan kode unik bikin lo dapet mekswin tanpa ribeti,1.0,0.0,0.0,0.0,0.0
"Dengan modal receh, berharap dapet mekswin, cuma di 𝗠I𝗬𝗔𝟴𝟴 bisa!",1.0,"Dengan modal receh, berharap dapet mekswin, cuma di 𝗠I𝗬𝗔𝟴𝟴 bisa!",dengan modal receh berharap dapet mekswin cuma di miyabb bisai,0.0,0.0,0.0,0.0,0.0
Pokoknya 𝐀𝐆𝐔𝙎𝘛𝐎𝐓𝑂-recommended banget buat semua!,1.0,Pokoknya 𝐀𝐆𝐔𝙎𝘛𝐎𝐓𝑂-recommended banget buat semua!,pokoknya agustoto recommended banget buat semuai,1.0,0.0,0.0,0.0,0.0
Semoga rezeki dari 𝐀E𝑅О8𝟪-membawa berkah dan manfaat bagi sesama umat manusia!,1.0,Semoga rezeki dari 𝐀E𝑅О8𝟪-membawa berkah dan manfaat bagi sesama umat manusia!,semoga rezeki dari aerоbb membawa berkah dan manfaat bagi sesama umat manusiai,1.0,0.0,0.0,0.0,1.0
"Keren sekali! Berhasil meraih kemenangan yang sangat besar di A𝐸Я𝑂8𝟾,saatnya untuk berlibur mewah ke tempat impian!",1.0,"Keren sekali! Berhasil meraih kemenangan yang sangat besar di A𝐸Я𝑂8𝟾,saatnya untuk berlibur mewah ke tempat impian!",keren sekalii berhasil meraih kemenangan yang sangat besar di aeяobb saatnya untuk berlibur mewah ke tempat impiani,1.0,0.0,0.0,0.0,0.0
"Bermain bersama teman-teman di A𝐄𝙍О𝟾8-semakin seru dan asyik, semakin banyak pula rezekinya!",1.0,"Bermain bersama teman-teman di A𝐄𝙍О𝟾8-semakin seru dan asyik, semakin banyak pula rezekinya!",bermain bersama teman teman di aerоbb semakin seru dan asyik semakin banyak pula rezekinyai,1.0,0.0,0.0,0.0,1.0
"Rezeki datang tak terduga di 𝐷𝑂𝙍А𝟳𝟳, coba dan buktikan sendiri!",1.0,"Rezeki datang tak terduga di 𝐷𝑂𝙍А𝟳𝟳, coba dan buktikan sendiri!",rezeki datang tak terduga di dorаtt coba dan buktikan sendirii,1.0,0.0,0.0,0.0,0.0
Berkat 𝘋𝙊𝐑𝘼7𝟽 saya mendapatkan dana yang mendukung pertumbuhan usaha.,1.0,Berkat 𝘋𝙊𝐑𝘼7𝟽 saya mendapatkan dana yang mendukung pertumbuhan usaha.,berkat doratt saya mendapatkan dana yang mendukung pertumbuhan usaha,1.0,0.0,0.0,0.0,1.0
"G𝘢 ny𝘢ngka, 𝘋𝑂𝙍𝘼𝟽𝟽 gаcir bange𝘵",1.0,"G𝘢 ny𝘢ngka, 𝘋𝑂𝙍𝘼𝟽𝟽 gаcir bange𝘵",ga nyangka doratt gacir banget,1.0,0.0,0.0,0.0,0.0
Wah lanjut bang ke part 4 belum abis juga nih thr gua 😢,0.0,Wah lanjut bang ke part 4 belum abis juga nih thr gua 😢,wah lanjut bang ke part a belum abis juga nih thr gua,0.0,0.0,0.0,0.0,0.0
"Boro boro ngabisi thr bang ini mah dapet thr aja kagak,malah suruh ngabisi thr beli ginian busett dah.",0.0,"Boro boro ngabisi thr bang ini mah dapet thr aja kagak,malah suruh ngabisi thr beli ginian busett dah.",boro boro ngabisi thr bang ini mah dapet thr aja kagak malah suruh ngabisi thr beli ginian busett dah,0.0,0.0,0.0,0.0,0.0
Mainannya ada gak bg 😁,0.0,Mainannya ada gak bg 😁,mainannya ada gak bg,0.0,0.0,0.0,0.0,0.0
😂gile thr penjabat,0.0,😂gile thr penjabat,gile thr penjabat,0.0,0.0,0.0,0.0,1.0
Beli aah mmpung gw lagi gabut😊😊😊😊,0.0,Beli aah mmpung gw lagi gabut😊😊😊😊,beli aah mmpung gw lagi gabut,0.0,0.0,0.0,0.0,1.0
"Itu mau ngabisin thr apa habisin harta 7 turunan 
Tapi saya tetap bersyukur punya roys rolls 1",0.0,"Itu mau ngabisin thr apa habisin harta 7 turunan 
Tapi saya tetap bersyukur punya roys rolls 1",itu mau ngabisin thr apa habisin harta t turunan tapi saya tetap bersyukur punya roys rolls i,0.0,0.0,0.0,0.0,0.0
Jangan menghakimi orang kalo kamu gak mau di hakimi oleh orang lain...  dah lah cape ngasitau klo di ambil4d itu tempat resmi untuk mengais rezeki,1.0,Jangan menghakimi orang kalo kamu gak mau di hakimi oleh orang lain...  dah lah cape ngasitau klo di ambil4d itu tempat resmi untuk mengais rezeki,jangan menghakimi orang kalo kamu gak mau di hakimi oleh orang lain dah lah cape ngasitau klo di ambilad itu tempat resmi untuk mengais rezeki,0.0,0.0,0.0,0.0,1.0
🗿 TEMBAKAN suara dan ambil4d,1.0,🗿 TEMBAKAN suara dan ambil4d,tembakan suara dan ambilad,1.0,0.0,0.0,0.0,1.0
Bagi generasi Z bermain di ambil4d adalah kerjaan sampingan yang sangat menguntungkan,1.0,Bagi generasi Z bermain di ambil4d adalah kerjaan sampingan yang sangat menguntungkan,bagi generasi z bermain di ambilad adalah kerjaan sampingan yang sangat menguntungkan,1.0,0.0,0.0,0.0,1.0
hanya di ambil4d    aku bisa ngerasain maxwin coyyy yang lain mah belum tentu bisa maxwin❤️‍🩹,1.0,hanya di ambil4d    aku bisa ngerasain maxwin coyyy yang lain mah belum tentu bisa maxwin❤️‍🩹,hanya di ambilad aku bisa ngerasain maxwin coyyy yang lain mah belum tentu bisa maxwin,1.0,0.0,0.0,0.0,1.0
Gw tinggal di dubai liat mobil ini b aja .,0.0,Gw tinggal di dubai liat mobil ini b aja .,gw tinggal di dubai liat mobil ini b aja,1.0,0.0,0.0,0.0,1.0
Cuma dapet BHR 50rb dari aplikator bang.... mungkin hanya dalam mimpi aja ...😂😂😂😂,0.0,Cuma dapet BHR 50rb dari aplikator bang.... mungkin hanya dalam mimpi aja ...😂😂😂😂,cuma dapet bhr sorb dari aplikator bang mungkin hanya dalam mimpi aja,1.0,0.0,0.0,0.0,1.0
Oohhh murah bgt😂😂😂😂,0.0,Oohhh murah bgt😂😂😂😂,oohhh murah bgt,1.0,0.0,0.0,0.0,0.0
Gw seh maunya sama km nya aja bang😂,0.0,Gw seh maunya sama km nya aja bang😂,gw seh maunya sama km nya aja bang,1.0,0.0,0.0,0.0,1.0
Cukup sekali melewati cuki darat tol trans jawa 😅😅 . Harus V12 saking kencengnya,0.0,Cukup sekali melewati cuki darat tol trans jawa 😅😅 . Harus V12 saking kencengnya,cukup sekali melewati cuki darat tol trans jawa harus vi 2 saking kencengnya,1.0,0.0,0.0,0.0,0.0
kalau bikin konten judl & isi serta maksud dari knten tsb agr masuk akal 😊,0.0,kalau bikin konten judl & isi serta maksud dari knten tsb agr masuk akal 😊,kalau bikin konten judl isi serta maksud dari knten tsb agr masuk akal,1.0,0.0,0.0,0.0,0.0
Padahal si dimas punya inova,0.0,Padahal si dimas punya inova,padahal si dimas punya inova,1.0,0.0,0.0,0.0,1.0
Beli 2 yang 1 gak pedes bang,0.0,Beli 2 yang 1 gak pedes bang,beli 2 yang i gak pedes bang,1.0,0.0,0.0,0.0,0.0
Ngikutin yt sebelah jokesnya,0.0,Ngikutin yt sebelah jokesnya,ngikutin yt sebelah jokesnya,1.0,0.0,0.0,0.0,1.0
Masih bingung mau ambil monza sp1 atau sp2 🤔,0.0,Masih bingung mau ambil monza sp1 atau sp2 🤔,masih bingung mau ambil monza spi atau sp 2,1.0,0.0,0.0,0.0,1.0
Malah modelnya mirip honda 😂,0.0,Malah modelnya mirip honda 😂,malah modelnya mirip honda,0.0,0.0,0.0,0.0,0.0
Rawan meleduk buat tinggal dikota yg macet melulu😂😂,0.0,Rawan meleduk buat tinggal dikota yg macet melulu😂😂,rawan meleduk buat tinggal dikota yg macet melulu,0.0,0.0,0.0,0.0,0.0
Beli baut velg aja nggak sanggup 🤣🤣🤣🤣,0.0,Beli baut velg aja nggak sanggup 🤣🤣🤣🤣,beli baut velg aja nggak sanggup,1.0,0.0,0.0,0.0,0.0
Thr dirut Pertxxxx ya bang? 😂,0.0,Thr dirut Pertxxxx ya bang? 😂,thr dirut pertxxxx ya bang,0.0,0.0,0.0,0.0,0.0
THR gw 5jt bang cukup gak beli logonya doang😂,0.0,THR gw 5jt bang cukup gak beli logonya doang😂,thr gw sjt bang cukup gak beli logonya doang,0.0,0.0,0.0,0.0,0.0
DP 1jt jadi berapa tahun bang?,0.0,DP 1jt jadi berapa tahun bang?,dp ijt jadi berapa tahun bang,1.0,0.0,0.0,0.0,0.0
Ajak aku kerja sama km bang biar bsa dpet thr 1 ferari,0.0,Ajak aku kerja sama km bang biar bsa dpet thr 1 ferari,ajak aku kerja sama km bang biar bsa dpet thr i ferari,0.0,0.0,0.0,0.0,0.0
Kok makin gak seru ya,0.0,Kok makin gak seru ya,kok makin gak seru ya,0.0,0.0,0.0,0.0,0.0
Aku yang cuman dapet tunjangan gasampe  1jt cuman bisa liat🗿🗿🗿,0.0,Aku yang cuman dapet tunjangan gasampe  1jt cuman bisa liat🗿🗿🗿,aku yang cuman dapet tunjangan gasampe ijt cuman bisa liat,1.0,0.0,0.0,0.0,0.0
Baru tau saya ternyata 𝗔𝗠𝗕𝗜𝗟𝟰𝗗 itu rank 3 terbaik di asia pantas saja pelayanannya luar biasa dan serba cepat !!.,1.0,Baru tau saya ternyata 𝗔𝗠𝗕𝗜𝗟𝟰𝗗 itu rank 3 terbaik di asia pantas saja pelayanannya luar biasa dan serba cepat !!.,baru tau saya ternyata ambilad itu rank e terbaik di asia pantas saja pelayanannya luar biasa dan serba cepat ii,0.0,0.0,0.0,0.0,0.0
beres2 rumah sambil nyepin pas dengar suaranya behhhhhh garang kaliii suara petirnya hahaha makasih y 𝗔𝗠𝗕𝗜𝗟𝟰𝗗,1.0,beres2 rumah sambil nyepin pas dengar suaranya behhhhhh garang kaliii suara petirnya hahaha makasih y 𝗔𝗠𝗕𝗜𝗟𝟰𝗗,beres 2 rumah sambil nyepin pas dengar suaranya behhhhhh garang kaliii suara petirnya hahaha makasih y ambilad,0.0,0.0,0.0,0.0,0.0
Karena gaya menendang nya yang seperti itu saya jadi ingat saat saya bermain di ambil4d dan dapat rezeki 25juta hahah,0.0,Karena gaya menendang nya yang seperti itu saya jadi ingat saat saya bermain di ambil4d dan dapat rezeki 25juta hahah,karena gaya menendang nya yang seperti itu saya jadi ingat saat saya bermain di ambilad dan dapat rezeki 2 sjuta hahah,0.0,0.0,0.0,0.0,0.0
Astaghfirullah...sya ulang² dan ketawa gk brnti²😂😂 eh iya aku abis jp di ambil4d yang mau komen ya guys nanti aku spill gamenya,0.0,Astaghfirullah...sya ulang² dan ketawa gk brnti²😂😂 eh iya aku abis jp di ambil4d yang mau komen ya guys nanti aku spill gamenya,astaghfirullah sya ulang 2 dan ketawa gk brnti 2 eh iya aku abis jp di ambilad yang mau komen ya guys nanti aku spill gamenya,1.0,0.0,0.0,0.0,0.0
kakanyaa cantik bngttt asliiii😊 kaya game di ambil4d cantik2 dan ngasi rezeki terus,0.0,kakanyaa cantik bngttt asliiii😊 kaya game di ambil4d cantik2 dan ngasi rezeki terus,kakanyaa cantik bngttt asliiii kaya game di ambilad cantik 2 dan ngasi rezeki terus,1.0,0.0,0.0,0.0,0.0
langsung pada shock semua cok mukanya pas dapat rezeki di ambil4d🗿,0.0,langsung pada shock semua cok mukanya pas dapat rezeki di ambil4d🗿,langsung pada shock semua cok mukanya pas dapat rezeki di ambilad,0.0,0.0,0.0,0.0,1.0
"dah order di sopi, masih di ekspedisi nggu dateng",0.0,"dah order di sopi, masih di ekspedisi nggu dateng",dah order di sopi masih di ekspedisi nggu dateng,1.0,0.0,0.0,0.0,0.0
"Boleh boleh, miripsii",0.0,"Boleh boleh, miripsii",boleh boleh miripsii,1.0,0.0,0.0,0.0,0.0
Bikin iri tetangga. Wkwkwk tpi tetangganya punya BUGATTI CHIRON SS😂,0.0,Bikin iri tetangga. Wkwkwk tpi tetangganya punya BUGATTI CHIRON SS😂,bikin iri tetangga wkwkwk tpi tetangganya punya bugatti chiron ss,1.0,0.0,0.0,0.0,1.0
Kebelii! Tapi 50 tahun lagi,0.0,Kebelii! Tapi 50 tahun lagi,kebeliii tapi so tahun lagi,1.0,0.0,0.0,0.0,0.0
"bener bgt, Thr 60 M ga tau mau dikemanain",0.0,"bener bgt, Thr 60 M ga tau mau dikemanain",bener bgt thr 6 o m ga tau mau dikemanain,1.0,0.0,0.0,0.0,0.0
Nabung duit thr 😂 ga bs langsung kebeli ini mah,0.0,Nabung duit thr 😂 ga bs langsung kebeli ini mah,nabung duit thr ga bs langsung kebeli ini mah,1.0,0.0,0.0,0.0,0.0
"mau beli satu eh belum ada dealer ferarri deket rumah, duuhh kesel banget.",0.0,"mau beli satu eh belum ada dealer ferarri deket rumah, duuhh kesel banget.",mau beli satu eh belum ada dealer ferarri deket rumah duuhh kesel banget,1.0,0.0,0.0,0.0,1.0
Thr ga sampe 500rb bisa dapet apanya ya,0.0,Thr ga sampe 500rb bisa dapet apanya ya,thr ga sampe soorb bisa dapet apanya ya,1.0,0.0,0.0,0.0,1.0
THR seumur pun belum tentu kebeli ini mah😂,0.0,THR seumur pun belum tentu kebeli ini mah😂,thr seumur pun belum tentu kebeli ini mah,1.0,0.0,0.0,0.0,1.0
"50.000 cash,langsung bayar di tempat😅",0.0,"50.000 cash,langsung bayar di tempat😅",so ooo cash langsung bayar di tempat,1.0,0.0,0.0,0.0,1.0
dah jgn disebar kemana2 ini cukup yang disini aja yang tau gw tiap jumat party duitnya dari ambil4d   cek sendiri aja,1.0,dah jgn disebar kemana2 ini cukup yang disini aja yang tau gw tiap jumat party duitnya dari ambil4d   cek sendiri aja,dah jgn disebar kemana 2 ini cukup yang disini aja yang tau gw tiap jumat party duitnya dari ambilad cek sendiri aja,1.0,0.0,0.0,0.0,0.0
Hari yang menyenangkan berkat ambil4d! Rezeki datang menghampiri!😅😅❤,0.0,Hari yang menyenangkan berkat ambil4d! Rezeki datang menghampiri!😅😅❤,hari yang menyenangkan berkat ambiladi rezeki datang menghampirii,1.0,0.0,0.0,0.0,1.0
Rezeki ngalir deras auto jepe bareng ambil4d,1.0,Rezeki ngalir deras auto jepe bareng ambil4d,rezeki ngalir deras auto jepe bareng ambilad,1.0,0.0,0.0,0.0,0.0
modal 50k jadi 500k makasi ambil4d,1.0,modal 50k jadi 500k makasi ambil4d,modal sok jadi sook makasi ambilad,1.0,0.0,0.0,0.0,0.0
Terpopuler【ambil4d 】Spesial Tahun Baru Pasti Jepe💥,1.0,Terpopuler【ambil4d 】Spesial Tahun Baru Pasti Jepe💥,terpopuler ambilad spesial tahun baru pasti jepe,1.0,0.0,0.0,0.0,0.0
seger kalee bangun tidur langsung nyelot di  ambil4d   dkasi jp broo gilee ahh,1.0,seger kalee bangun tidur langsung nyelot di  ambil4d   dkasi jp broo gilee ahh,seger kalee bangun tidur langsung nyelot di ambilad dkasi jp broo gilee ahh,1.0,0.0,0.0,0.0,0.0
Aku sih kalau sama situs 🥇 ambil4d 🏆 sudah percaya kali kalau memang di kasih kemenangan..,1.0,Aku sih kalau sama situs 🥇 ambil4d 🏆 sudah percaya kali kalau memang di kasih kemenangan..,aku sih kalau sama situs ambilad sudah percaya kali kalau memang di kasih kemenangan,1.0,0.0,0.0,0.0,1.0
emang terbaik si ambil4dI👍,1.0,emang terbaik si ambil4dI👍,emang terbaik si ambiladi,0.0,0.0,0.0,0.0,0.0
Orang cerdas memahami bermain di ambil4d mantap parah😅😅❤,1.0,Orang cerdas memahami bermain di ambil4d mantap parah😅😅❤,orang cerdas memahami bermain di ambilad mantap parah,1.0,0.0,0.0,0.0,0.0
beli=memperkaya orang kaya luar negeri ini mah..,0.0,beli=memperkaya orang kaya luar negeri ini mah..,beli memperkaya orang kaya luar negeri ini mah,0.0,0.0,0.0,0.0,0.0
"Cuma mau kasih tau, gw orang yg ngelike ke 700 😎",0.0,"Cuma mau kasih tau, gw orang yg ngelike ke 700 😎",cuma mau kasih tau gw orang yg ngelike ke too,0.0,0.0,0.0,0.0,1.0
Boro boro beli Ferrari thr buat baju lebaran aja mikir 2 kali,0.0,Boro boro beli Ferrari thr buat baju lebaran aja mikir 2 kali,boro boro beli ferrari thr buat baju lebaran aja mikir 2 kali,1.0,0.0,0.0,0.0,0.0
THR seumur hidup aja gk bakal cukup buat beli😢,0.0,THR seumur hidup aja gk bakal cukup buat beli😢,thr seumur hidup aja gk bakal cukup buat beli,0.0,0.0,0.0,0.0,0.0
"Melalui 𝘿O𝙍A7𝟳 saya bertransformasi, dari tukang ojek ke pengusaha transportasi.",1.0,"Melalui 𝘿O𝙍A7𝟳 saya bertransformasi, dari tukang ojek ke pengusaha transportasi.",melalui doratt saya bertransformasi dari tukang ojek ke pengusaha transportasi,0.0,0.0,0.0,0.0,1.0
"Berkat D𝙊RА𝟩𝟳 saya berubah, dari kuli bangunan jadi pemilik kontraktor.",1.0,"Berkat D𝙊RА𝟩𝟳 saya berubah, dari kuli bangunan jadi pemilik kontraktor.",berkat dorаtt saya berubah dari kuli bangunan jadi pemilik kontraktor,0.0,0.0,0.0,0.0,0.0
"Berkat 𝐷𝐎𝘙𝘼𝟩7 saya melesat, dari tukang sayur ke pengusaha supermarket.",1.0,"Berkat 𝐷𝐎𝘙𝘼𝟩7 saya melesat, dari tukang sayur ke pengusaha supermarket.",berkat doratt saya melesat dari tukang sayur ke pengusaha supermarket,0.0,0.0,0.0,0.0,0.0
Beli mobil tp g bisa buat modif😂,0.0,Beli mobil tp g bisa buat modif😂,beli mobil tp g bisa buat modif,0.0,0.0,0.0,0.0,0.0
"Terlalu OP kalau ini buat nebas cumi darat bang, pake civic type R aja udah mampu buat nebas, apa lagi kalau pakai ini bisa ketinggalan sekebon si cumi",0.0,"Terlalu OP kalau ini buat nebas cumi darat bang, pake civic type R aja udah mampu buat nebas, apa lagi kalau pakai ini bisa ketinggalan sekebon si cumi",terlalu op kalau ini buat nebas cumi darat bang pake civic type r aja udah mampu buat nebas apa lagi kalau pakai ini bisa ketinggalan sekebon si cumi,0.0,0.0,0.0,0.0,0.0
Sudah punya 1 alhamdulilah❤,0.0,Sudah punya 1 alhamdulilah❤,sudah punya i alhamdulilah,0.0,0.0,0.0,0.0,0.0
THR nya para Sultan Dubai ini mah bang😁,0.0,THR nya para Sultan Dubai ini mah bang😁,thr nya para sultan dubai ini mah bang,0.0,0.0,0.0,0.0,0.0
Bang nawarin beli ferrari kayak nawarin beli vario 😭😭😭,0.0,Bang nawarin beli ferrari kayak nawarin beli vario 😭😭😭,bang nawarin beli ferrari kayak nawarin beli vario,0.0,0.0,0.0,0.0,0.0
THR 2012 aja belum gua ambil,0.0,THR 2012 aja belum gua ambil,thr 2 oi 2 aja belum gua ambil,0.0,0.0,0.0,0.0,1.0
thr oraang pertaamina kali kaut beli ferari,0.0,thr oraang pertaamina kali kaut beli ferari,thr oraang pertaamina kali kaut beli ferari,0.0,0.0,0.0,0.0,1.0
"Biasa aja,nggak masuk",0.0,"Biasa aja,nggak masuk",biasa aja nggak masuk,0.0,0.0,0.0,0.0,1.0
"Rezeki hari ini datang dari 𝐀GU𝙎TOTО,nggak nyangka!",1.0,"Rezeki hari ini datang dari 𝐀GU𝙎TOTО,nggak nyangka!",rezeki hari ini datang dari agustotо nggak nyangkai,0.0,0.0,0.0,0.0,0.0
"Modal kecil, untung besar, cuma di 𝐀G𝐔𝘚𝐓𝘖𝑇𝙊.Mantap banget!",1.0,"Modal kecil, untung besar, cuma di 𝐀G𝐔𝘚𝐓𝘖𝑇𝙊.Mantap banget!",modal kecil untung besar cuma di agustoto mantap bangeti,0.0,0.0,0.0,0.0,0.0
Temukan kemungkinan yang dapat dibuka oleh 𝘈𝙀𝐑О𝟪𝟴.,1.0,Temukan kemungkinan yang dapat dibuka oleh 𝘈𝙀𝐑О𝟪𝟴.,temukan kemungkinan yang dapat dibuka oleh aerоbb,0.0,0.0,0.0,0.0,0.0
Hasil gacir dari 𝐴𝙂U𝐒T𝙊TО-bikin hari makin seru. Mantap banget!,1.0,Hasil gacir dari 𝐴𝙂U𝐒T𝙊TО-bikin hari makin seru. Mantap banget!,hasil gacir dari agustotо bikin hari makin seru mantap bangeti,0.0,0.0,0.0,0.0,0.0
"Rezeki dari 𝐴𝐆US𝘛𝐎𝙏𝐎-emang berkah, terima kasih!",1.0,"Rezeki dari 𝐴𝐆US𝘛𝐎𝙏𝐎-emang berkah, terima kasih!",rezeki dari agustoto emang berkah terima kasihi,0.0,0.0,0.0,0.0,0.0
Beberapa pengguna menemukan 𝐴𝙀𝐑𝙊𝟪𝟾-sebagai alat yang berharga untuk berjejaring.,1.0,Beberapa pengguna menemukan 𝐴𝙀𝐑𝙊𝟪𝟾-sebagai alat yang berharga untuk berjejaring.,beberapa pengguna menemukan aerobb sebagai alat yang berharga untuk berjejaring,0.0,0.0,0.0,0.0,0.0
"Hiburan yang seru dan menguntungkan, ya cuma di A𝐺U𝘚𝘛𝘖𝘛𝐎-tempatnya!",1.0,"Hiburan yang seru dan menguntungkan, ya cuma di A𝐺U𝘚𝘛𝘖𝘛𝐎-tempatnya!",hiburan yang seru dan menguntungkan ya cuma di agustoto tempatnyai,0.0,0.0,0.0,0.0,0.0
"Jika Anda mencari rasa kebersamaan, A𝐸R𝘖8𝟴-layak dicoba.",1.0,"Jika Anda mencari rasa kebersamaan, A𝐸R𝘖8𝟴-layak dicoba.",jika anda mencari rasa kebersamaan aerobb layak dicoba,0.0,0.0,0.0,0.0,0.0
"Nggak pernah kecewa sama hasil di 𝐀E𝙍𝑂𝟴𝟾,semuanya luar biasa!",1.0,"Nggak pernah kecewa sama hasil di 𝐀E𝙍𝑂𝟴𝟾,semuanya luar biasa!",nggak pernah kecewa sama hasil di aerobb semuanya luar biasai,1.0,0.0,0.0,0.0,0.0
Beli ah pas buka,0.0,Beli ah pas buka,beli ah pas buka,0.0,0.0,0.0,0.0,1.0
beli diecastnya dulu🤭,0.0,beli diecastnya dulu🤭,beli diecastnya dulu,0.0,0.0,0.0,0.0,0.0
"jangan lah bang, ntar tetangga pada stroke.. cuma beli mbeat seken aja, itu tetangga samping rumah kepala udah mendidih",0.0,"jangan lah bang, ntar tetangga pada stroke.. cuma beli mbeat seken aja, itu tetangga samping rumah kepala udah mendidih",jangan lah bang ntar tetangga pada stroke cuma beli mbeat seken aja itu tetangga samping rumah kepala udah mendidih,0.0,0.0,0.0,0.0,0.0
KO𝗜𝘚𝘓O𝖳 tuh kayak vitamin happy harian gue!,1.0,KO𝗜𝘚𝘓O𝖳 tuh kayak vitamin happy harian gue!,koislot tuh kayak vitamin happy harian guei,0.0,0.0,0.0,0.0,0.0
"KO𝗜𝘚𝘓O𝖳 joss banget, pencai𝒓an juragan goceng bro!",1.0,"KO𝗜𝘚𝘓O𝖳 joss banget, pencai𝒓an juragan goceng bro!",koislot joss banget pencairan juragan goceng broi,0.0,0.0,0.0,0.0,0.0
𝖬𝐼𝐘𝘈88 bikin alarm kalah sama wild-nya!,1.0,𝖬𝐼𝐘𝘈88 bikin alarm kalah sama wild-nya!,miyabb bikin alarm kalah sama wild nyai,1.0,0.0,0.0,0.0,0.0
Beli ah ntar abis tarawih🥹,1.0,Beli ah ntar abis tarawih🥹,beli ah ntar abis tarawih,1.0,0.0,0.0,0.0,0.0
Beli ah bulan depan,1.0,Beli ah bulan depan,beli ah bulan depan,1.0,0.0,0.0,0.0,1.0
Pokoknya 𝐃𝘖𝘙𝘼77 recommended banget buat semua!,1.0,Pokoknya 𝐃𝘖𝘙𝘼77 recommended banget buat semua!,pokoknya doratt recommended banget buat semuai,1.0,0.0,0.0,0.0,1.0
"Hari yang begitu indah dan penuh kebahagiaan bersama DOR𝐀𝟩𝟽, rezeki datang menghampiri tanpa diduga!",1.0,"Hari yang begitu indah dan penuh kebahagiaan bersama DOR𝐀𝟩𝟽, rezeki datang menghampiri tanpa diduga!",hari yang begitu indah dan penuh kebahagiaan bersama doratt rezeki datang menghampiri tanpa didugai,1.0,0.0,0.0,0.0,1.0
"Deg-degan banget nunggu JP di A𝘎𝘜𝘚𝑇𝘖T𝙊,akhirnya pecah juga!",1.0,"Deg-degan banget nunggu JP di A𝘎𝘜𝘚𝑇𝘖T𝙊,akhirnya pecah juga!",deg degan banget nunggu jp di agustoto akhirnya pecah jugai,1.0,0.0,0.0,0.0,1.0
"Rezeki lancar jaya hari ini berkat 𝘈ЕЯ𝘖𝟴𝟴,alhamdulillahirobbil'alamin!",1.0,"Rezeki lancar jaya hari ini berkat 𝘈ЕЯ𝘖𝟴𝟴,alhamdulillahirobbil'alamin!",rezeki lancar jaya hari ini berkat aеяobb alhamdulillahirobbil alamini,1.0,0.0,0.0,0.0,1.0
𝐴𝐄𝐑𝘖𝟴𝟴sedang mendapatkan perhatian belakangan ini. Lihat apa yang ditawarkannya.,1.0,𝐴𝐄𝐑𝘖𝟴𝟴sedang mendapatkan perhatian belakangan ini. Lihat apa yang ditawarkannya.,aerobbsedang mendapatkan perhatian belakangan ini lihat apa yang ditawarkannya,1.0,0.0,0.0,0.0,1.0
"Tidak pernah menyangka sebelumnya bisa mendapatkan rezeki sebanyak ini dari А𝘌RO𝟾𝟾,saatnya berbagi kebahagiaan dengan mentraktir teman-teman terdekat!",1.0,"Tidak pernah menyangka sebelumnya bisa mendapatkan rezeki sebanyak ini dari А𝘌RO𝟾𝟾,saatnya berbagi kebahagiaan dengan mentraktir teman-teman terdekat!",tidak pernah menyangka sebelumnya bisa mendapatkan rezeki sebanyak ini dari аerobb saatnya berbagi kebahagiaan dengan mentraktir teman teman terdekati,1.0,0.0,0.0,0.0,1.0
"Hari ini dapat rezeki besar dari A𝙀𝘙𝐎8𝟾,senang banget rasanya!",1.0,"Hari ini dapat rezeki besar dari A𝙀𝘙𝐎8𝟾,senang banget rasanya!",hari ini dapat rezeki besar dari aerobb senang banget rasanyai,1.0,0.0,0.0,0.0,1.0
"Modal sedikit, langsung dapet hasil gede! Rezeki datang dari A𝙂U𝘚𝙏𝘖𝑇О!",1.0,"Modal sedikit, langsung dapet hasil gede! Rezeki datang dari A𝙂U𝘚𝙏𝘖𝑇О!",modal sedikit langsung dapet hasil gedei rezeki datang dari agustotоi,1.0,0.0,0.0,0.0,1.0
"Keberuntungan saya bener-bener gacir di 𝐀G𝘜𝙎𝑇О𝘛𝘖,nggak nyangka!",1.0,"Keberuntungan saya bener-bener gacir di 𝐀G𝘜𝙎𝑇О𝘛𝘖,nggak nyangka!",keberuntungan saya bener bener gacir di agustоto nggak nyangkai,1.0,0.0,0.0,0.0,1.0
ga𝐜ir parah ԁi 𝘋𝐎𝘙A𝟳𝟳,1.0,ga𝐜ir parah ԁi 𝘋𝐎𝘙A𝟳𝟳,gacir parah di doratt,1.0,0.0,0.0,0.0,1.0
Turunin ke trek dong bg,0.0,Turunin ke trek dong bg,turunin ke trek dong bg,1.0,0.0,0.0,0.0,1.0
Ths ny tekuk kard ny parah bet,0.0,Ths ny tekuk kard ny parah bet,ths ny tekuk kard ny parah bet,1.0,0.0,0.0,0.0,1.0
Den dimas kolektor sejati bukan kolekdoL😊dobrak dobrak,0.0,Den dimas kolektor sejati bukan kolekdoL😊dobrak dobrak,den dimas kolektor sejati bukan kolekdol dobrak dobrak,1.0,0.0,0.0,0.0,1.0
"Produksi PT MATTEL INDONESIA ,ADA DI JABABEKA 1 cikarang",0.0,"Produksi PT MATTEL INDONESIA ,ADA DI JABABEKA 1 cikarang",produksi pt mattel indonesia ada di jababeka i cikarang,1.0,0.0,0.0,0.0,1.0
"Alhamdulillah, rezeki lancar hari ini berkat 𝘼𝐆𝐔𝑆T𝘖𝘛𝐎!",1.0,"Alhamdulillah, rezeki lancar hari ini berkat 𝘼𝐆𝐔𝑆T𝘖𝘛𝐎!",alhamdulillah rezeki lancar hari ini berkat agustotoi,1.0,0.0,0.0,0.0,1.0
A𝘎𝐔𝙎𝑇O𝘛Oemang top markotop! JP terus!,1.0,A𝘎𝐔𝙎𝑇O𝘛Oemang top markotop! JP terus!,agustotoemang top markotopi jp terusi,1.0,0.0,0.0,0.0,1.0
"Keberuntungan hari ini benar-benar tak terduga, cuma di 𝘈𝙀𝙍О𝟪𝟪!",1.0,"Keberuntungan hari ini benar-benar tak terduga, cuma di 𝘈𝙀𝙍О𝟪𝟪!",keberuntungan hari ini benar benar tak terduga cuma di aerоbbi,0.0,0.0,0.0,0.0,1.0
𝐀𝘎𝙐𝘚T𝘖𝐓Оmemang daebak! JP-nya bikin speechless!,1.0,𝐀𝘎𝙐𝘚T𝘖𝐓Оmemang daebak! JP-nya bikin speechless!,agustotоmemang daebaki jp nya bikin speechlessi,0.0,0.0,0.0,0.0,0.0
"Rezeki dari 𝘼ER𝐎𝟾𝟴-emang gak ada duanya, terima kasih ya Allah atas limpahan rezeki-Mu!",1.0,"Rezeki dari 𝘼ER𝐎𝟾𝟴-emang gak ada duanya, terima kasih ya Allah atas limpahan rezeki-Mu!",rezeki dari aerobb emang gak ada duanya terima kasih ya allah atas limpahan rezeki mui,0.0,0.0,0.0,0.0,1.0
"Tak disangka bisa dapat sebanyak ini dari 𝐴𝐄𝘙𝙊𝟪𝟴,auto berbagi rezeki!",1.0,"Tak disangka bisa dapat sebanyak ini dari 𝐴𝐄𝘙𝙊𝟪𝟴,auto berbagi rezeki!",tak disangka bisa dapat sebanyak ini dari aerobb auto berbagi rezekii,0.0,0.0,0.0,0.0,0.0
"𝘼𝐺U𝘚T𝘖𝘛𝐎bikin hidup makin berwarna, cuan gak berhenti!",1.0,"𝘼𝐺U𝘚T𝘖𝘛𝐎bikin hidup makin berwarna, cuan gak berhenti!",agustotobikin hidup makin berwarna cuan gak berhentii,0.0,0.0,0.0,0.0,0.0
"Happy banget, hasil dari 𝐴𝘎𝑈𝙎𝐓О𝐓O-bikin hariku makin ceria!",1.0,"Happy banget, hasil dari 𝐴𝘎𝑈𝙎𝐓О𝐓O-bikin hariku makin ceria!",happy banget hasil dari agustоto bikin hariku makin ceriai,1.0,0.0,0.0,0.0,0.0
Waduhhhh pengen bet tapi apalah daya harganya masyaallah,0.0,Waduhhhh pengen bet tapi apalah daya harganya masyaallah,waduhhhh pengen bet tapi apalah daya harganya masyaallah,1.0,0.0,0.0,0.0,0.0
Sangat racunn 😍,0.0,Sangat racunn 😍,sangat racunn,0.0,0.0,0.0,0.0,0.0
"nah gini bener, beli/punya ya di buka.. ga dikandangin",0.0,"nah gini bener, beli/punya ya di buka.. ga dikandangin",nah gini bener beli punya ya di buka ga dikandangin,1.0,0.0,0.0,0.0,0.0
Wuihhhhh mewah,0.0,Wuihhhhh mewah,wuihhhhh mewah,0.0,0.0,0.0,0.0,0.0
"Mbehhh mantep, emang klo ngoleksi hw lebih enak klo dibuka",0.0,"Mbehhh mantep, emang klo ngoleksi hw lebih enak klo dibuka",mbehhh mantep emang klo ngoleksi hw lebih enak klo dibuka,0.0,0.0,0.0,0.0,0.0
"Gue pikir bercanda itu mau di buka, ternyata beneran 😢",0.0,"Gue pikir bercanda itu mau di buka, ternyata beneran 😢",gue pikir bercanda itu mau di buka ternyata beneran,1.0,0.0,0.0,0.0,0.0
menurut saya terkeren diecast honda nouva 😊😊😊,0.0,menurut saya terkeren diecast honda nouva 😊😊😊,menurut saya terkeren diecast honda nouva,1.0,0.0,0.0,0.0,0.0
"Main ԁi D𝙊R𝘈7𝟩, jepey g𝙖mpang ban𝙜et",1.0,"Main ԁi D𝙊R𝘈7𝟩, jepey g𝙖mpang ban𝙜et",main di doratt jepey gampang banget,1.0,0.0,0.0,0.0,0.0
"de 𝙥o keciⅼ, mekswi𝙣 besar 𝐝i D𝐎ЯА77",1.0,"de 𝙥o keciⅼ, mekswi𝙣 besar 𝐝i D𝐎ЯА77",de po kecil mekswin besar di doяаtt,1.0,0.0,0.0,0.0,1.0
Main di 𝐷𝘖RA𝟩𝟩? Hasilnya maпtep 𝘣gt 🐡,1.0,Main di 𝐷𝘖RA𝟩𝟩? Hasilnya maпtep 𝘣gt 🐡,main di doratt hasilnya maпtep bgt,1.0,0.0,0.0,0.0,0.0
"мaen dі 𝘿𝘖Я𝐴𝟽𝟳, auτo menang",1.0,"мaen dі 𝘿𝘖Я𝐴𝟽𝟳, auτo menang",мaen di doяatt auτo menang,1.0,0.0,0.0,0.0,0.0
DO𝑅𝐴7𝟳 meksw𝙞n teru𝙨 ♀,1.0,DO𝑅𝐴7𝟳 meksw𝙞n teru𝙨 ♀,doratt mekswin terus,1.0,0.0,0.0,0.0,0.0
"Pembahasan detail dan runut. Luar biasa!,poipet308",1.0,"Pembahasan detail dan runut. Luar biasa!,poipet308",pembahasan detail dan runut luar biasai poipeteob,1.0,0.0,0.0,0.0,1.0
"Liat trending, poipet308 nongol mulu langsung ta cobain eh beneran lagi bagi rejeki ternyata!",1.0,"Liat trending, poipet308 nongol mulu langsung ta cobain eh beneran lagi bagi rejeki ternyata!",liat trending poipeteob nongol mulu langsung ta cobain eh beneran lagi bagi rejeki ternyatai,1.0,0.0,0.0,0.0,0.0
ga ada yang lebih menarik dari poipet308 semoga selalu dilimpahkan rejekinya❤️,1.0,ga ada yang lebih menarik dari poipet308 semoga selalu dilimpahkan rejekinya❤️,ga ada yang lebih menarik dari poipeteob semoga selalu dilimpahkan rejekinya,1.0,0.0,0.0,0.0,0.0
luar biasa ini bisa jadi panutan! bravo poipet308,1.0,luar biasa ini bisa jadi panutan! bravo poipet308,luar biasa ini bisa jadi panutani bravo poipeteob,1.0,0.0,0.0,0.0,1.0
Gak nyangka poipet308 bikin nagih juga.,1.0,Gak nyangka poipet308 bikin nagih juga.,gak nyangka poipeteob bikin nagih juga,1.0,0.0,0.0,0.0,0.0
Konten begini yang seharusnya viral poipet308,1.0,Konten begini yang seharusnya viral poipet308,konten begini yang seharusnya viral poipeteob,1.0,0.0,0.0,0.0,0.0
"𝘋𝐎𝐑А7𝟳 gaсor, maxwiп terus ➗",1.0,"𝘋𝐎𝐑А7𝟳 gaсor, maxwiп terus ➗",dorаtt gaсor maxwiп terus,1.0,0.0,0.0,0.0,0.0
"Je𝐩e τrs ɡa a𝙙a p𝘶tusnya, dі 𝐃O𝑅𝐴𝟳𝟳 🤙",1.0,"Je𝐩e τrs ɡa a𝙙a p𝘶tusnya, dі 𝐃O𝑅𝐴𝟳𝟳 🤙",jepe τrs ga ada putusnya di doratt,1.0,0.0,0.0,0.0,1.0
"ga𝙘ir banget s𝙪mpah, d𝙞 𝘋𝐎𝙍𝘈77 Ьikin kеtagihan main ter𝐮s 🍏",1.0,"ga𝙘ir banget s𝙪mpah, d𝙞 𝘋𝐎𝙍𝘈77 Ьikin kеtagihan main ter𝐮s 🍏",gacir banget sumpah di doratt ьikin ketagihan main terus,1.0,0.0,0.0,0.0,1.0
"D𝘖𝘙𝘼𝟩𝟽 de p𝙤 50 ribu, j𝙚pe t𝘦rus s𝐚mpe 5 j𝘶ta. Si𝙩us 𝐩aling gachоr",1.0,"D𝘖𝘙𝘼𝟩𝟽 de p𝙤 50 ribu, j𝙚pe t𝘦rus s𝐚mpe 5 j𝘶ta. Si𝙩us 𝐩aling gachоr",doratt de po so ribu jepe terus sampe s juta situs paling gachor,1.0,0.0,0.0,0.0,0.0
"Ma𝙞n di 𝘿𝐎ЯA𝟳𝟳, jеpe t𝙚rus 🔹",1.0,"Ma𝙞n di 𝘿𝐎ЯA𝟳𝟳, jеpe t𝙚rus 🔹",main di doяatt jepe terus,1.0,0.0,0.0,0.0,1.0
"Main di DО𝑅𝐀𝟽𝟳, 𝐣epey gampang bang𝐞t",1.0,"Main di DО𝑅𝐀𝟽𝟳, 𝐣epey gampang bang𝐞t",main di dоratt jepey gampang banget,1.0,0.0,0.0,0.0,1.0
"𝐷О𝑅A7𝟽 emang gaco𝐫, depo kecil bi𝘴a au𝙩o sultan 🥚",1.0,"𝐷О𝑅A7𝟽 emang gaco𝐫, depo kecil bi𝘴a au𝙩o sultan 🥚",dоratt emang gacor depo kecil bisa auto sultan,1.0,0.0,0.0,0.0,0.0
sejak kenal poipet308 bikin tentram dan damai,1.0,sejak kenal poipet308 bikin tentram dan damai,sejak kenal poipeteob bikin tentram dan damai,1.0,0.0,0.0,0.0,0.0
baru aja daftar di poipet308 pas coba bener kata orang cuan banget disini,1.0,baru aja daftar di poipet308 pas coba bener kata orang cuan banget disini,baru aja daftar di poipeteob pas coba bener kata orang cuan banget disini,1.0,0.0,0.0,0.0,0.0
"gimana sih caranya daftar di poipet308, denger2 lagi bagi thr",1.0,"gimana sih caranya daftar di poipet308, denger2 lagi bagi thr",gimana sih caranya daftar di poipeteob denger 2 lagi bagi thr,1.0,0.0,0.0,0.0,0.0
"wahh mantap poipet308, baru pertama kali coba udah dikasih aja",1.0,"wahh mantap poipet308, baru pertama kali coba udah dikasih aja",wahh mantap poipeteob baru pertama kali coba udah dikasih aja,0.0,0.0,0.0,0.0,0.0
ga ada abisnya kalo bicara soal fans tapi di poipet308 tetap nomor satu,1.0,ga ada abisnya kalo bicara soal fans tapi di poipet308 tetap nomor satu,ga ada abisnya kalo bicara soal fans tapi di poipeteob tetap nomor satu,1.0,0.0,0.0,0.0,0.0
"Awalnya iseng doang, sekarang tiap hari buka poipet308",1.0,"Awalnya iseng doang, sekarang tiap hari buka poipet308",awalnya iseng doang sekarang tiap hari buka poipeteob,1.0,0.0,0.0,0.0,0.0
"𝐷О𝑅А7𝟩 ɡokil bgt, peca𝙝 𝘵rs 𝙜a sia2 anjay 🎨",1.0,"𝐷О𝑅А7𝟩 ɡokil bgt, peca𝙝 𝘵rs 𝙜a sia2 anjay 🎨",dоrаtt gokil bgt pecah trs ga sia 2 anjay,1.0,0.0,0.0,0.0,1.0
Aut𝐨 mekswin tiap maen dі 𝐃𝐎𝑅А𝟽𝟳,1.0,Aut𝐨 mekswin tiap maen dі 𝐃𝐎𝑅А𝟽𝟳,auto mekswin tiap maen di dorаtt,1.0,0.0,0.0,0.0,0.0
"𝑀ain di D𝙊Я𝐀𝟩𝟩, cuan la𝙣car 🥗",1.0,"𝑀ain di D𝙊Я𝐀𝟩𝟩, cuan la𝙣car 🥗",main di doяatt cuan lancar,1.0,0.0,0.0,0.0,0.0
"G𝐚cor abiѕ d𝙞 D𝘖𝐑𝘼𝟩𝟽, me𝐧ang 𝙩erus 🛼",1.0,"G𝐚cor abiѕ d𝙞 D𝘖𝐑𝘼𝟩𝟽, me𝐧ang 𝙩erus 🛼",gacor abis di doratt menang terus,1.0,0.0,0.0,0.0,0.0
Gac𝙤r pa𝙧ah main 𝐝i 𝐷𝘖𝑅𝐴𝟳𝟳 🍱,1.0,Gac𝙤r pa𝙧ah main 𝐝i 𝐷𝘖𝑅𝐴𝟳𝟳 🍱,gacor parah main di doratt,1.0,0.0,0.0,0.0,0.0
j𝘦pey dі 𝐷OЯ𝐀𝟳7 gampanɡ baпget,1.0,j𝘦pey dі 𝐷OЯ𝐀𝟳7 gampanɡ baпget,jepey di doяatt gampang baпget,1.0,0.0,0.0,0.0,1.0
"Berkaτ DO𝘙𝐴𝟳𝟳, uta𝙣g lunas, 𝐬ekarang 𝘢uto sultan 🪕",1.0,"Berkaτ DO𝘙𝐴𝟳𝟳, uta𝙣g lunas, 𝐬ekarang 𝘢uto sultan 🪕",berkaτ doratt utang lunas sekarang auto sultan,1.0,0.0,0.0,0.0,0.0
"𝑀ain di 𝘋O𝐑𝐴𝟳𝟩, 𝐣epey terus",1.0,"𝑀ain di 𝘋O𝐑𝐴𝟳𝟩, 𝐣epey terus",main di doratt jepey terus,1.0,0.0,0.0,0.0,1.0
"maen dі 𝘿𝑂𝐑𝐀77, jepey 𝙡angsung",1.0,"maen dі 𝘿𝑂𝐑𝐀77, jepey 𝙡angsung",maen di doratt jepey langsung,1.0,0.0,0.0,0.0,1.0
semangat yang buat konten doa terbaik dari poipet308,1.0,semangat yang buat konten doa terbaik dari poipet308,semangat yang buat konten doa terbaik dari poipeteob,1.0,0.0,0.0,0.0,0.0
Jangan bandingkan dirimu dengan orang lain. Fokus sama progresmu 💯poipet308,1.0,Jangan bandingkan dirimu dengan orang lain. Fokus sama progresmu 💯poipet308,jangan bandingkan dirimu dengan orang lain fokus sama progresmu poipeteob,0.0,0.0,0.0,0.0,0.0
Main poipet308 bikin gue lupa cara ngeluh 😎,1.0,Main poipet308 bikin gue lupa cara ngeluh 😎,main poipeteob bikin gue lupa cara ngeluh,0.0,0.0,0.0,0.0,0.0
Minta bantuan RRC aman,0.0,Minta bantuan RRC aman,minta bantuan rrc aman,0.0,0.0,0.0,0.0,0.0
"Wah, sebentar tadi aku coba di  poipet308 . senyum-senyum sendiri bro masya Allah lancar terus deh rejekinya",1.0,"Wah, sebentar tadi aku coba di  poipet308 . senyum-senyum sendiri bro masya Allah lancar terus deh rejekinya",wah sebentar tadi aku coba di poipeteob senyum senyum sendiri bro masya allah lancar terus deh rejekinya,1.0,0.0,0.0,0.0,0.0
sangat menghibur ternyata poipet308 ga kalah menarik dari yg lain nya!,1.0,sangat menghibur ternyata poipet308 ga kalah menarik dari yg lain nya!,sangat menghibur ternyata poipeteob ga kalah menarik dari yg lain nyai,0.0,0.0,0.0,0.0,0.0
Kata siapa hoki itu mitos? Di poipet308 tiap spin bisa JP!,1.0,Kata siapa hoki itu mitos? Di poipet308 tiap spin bisa JP!,kata siapa hoki itu mitos di poipeteob tiap spin bisa jpi,0.0,0.0,0.0,0.0,0.0
"Btw, soundtrack-nya calming banget, ada yang tau poipet308?",1.0,"Btw, soundtrack-nya calming banget, ada yang tau poipet308?",btw soundtrack nya calming banget ada yang tau poipeteob,0.0,0.0,0.0,0.0,0.0
"gausah modal gede kalau main di poipet308 ,maen pake akun baru sama aja udah pasti dikasih",1.0,"gausah modal gede kalau main di poipet308 ,maen pake akun baru sama aja udah pasti dikasih",gausah modal gede kalau main di poipeteob maen pake akun baru sama aja udah pasti dikasih,0.0,0.0,0.0,0.0,1.0
"Visual dan audio-nya jernih, nikmat ditonton poipet308",1.0,"Visual dan audio-nya jernih, nikmat ditonton poipet308",visual dan audio nya jernih nikmat ditonton poipeteob,0.0,0.0,0.0,0.0,0.0
"miya88🌈! Coba sekarang, rasakan keseruannya! Saatnya buktikan keberuntunganmu!",1.0,"miya88🌈! Coba sekarang, rasakan keseruannya! Saatnya buktikan keberuntunganmu!",miyabb i coba sekarang rasakan keseruannyai saatnya buktikan keberuntunganmui,1.0,0.0,0.0,0.0,0.0
miya88🌈! Hadiah besar selalu menunggu kamu! Nggak bakal nyesel coba!,1.0,miya88🌈! Hadiah besar selalu menunggu kamu! Nggak bakal nyesel coba!,miyabb i hadiah besar selalu menunggu kamui nggak bakal nyesel cobai,1.0,0.0,0.0,0.0,0.0
Fix! miya88🌈 kasih kesempatan besar buat semua orang menang!,1.0,Fix! miya88🌈 kasih kesempatan besar buat semua orang menang!,fixi miyabb kasih kesempatan besar buat semua orang menangi,0.0,0.0,0.0,0.0,0.0
Fix! koislot🌈 tuh bikin sahur jadi lebih spesial!,1.0,Fix! koislot🌈 tuh bikin sahur jadi lebih spesial!,fixi koislot tuh bikin sahur jadi lebih spesiali,0.0,0.0,0.0,0.0,0.0
"Gue nggak ngarep, tapi koislot🌈 ngasih lebih!",1.0,"Gue nggak ngarep, tapi koislot🌈 ngasih lebih!",gue nggak ngarep tapi koislot ngasih lebihi,1.0,0.0,0.0,0.0,1.0
"Gue udah coba 010 koislot🌈, dan nggak bohong!",1.0,"Gue udah coba 010 koislot🌈, dan nggak bohong!",gue udah coba oio koislot dan nggak bohongi,0.0,0.0,0.0,0.0,0.0
poipet308 bikin gue jadi percaya lagi sama situs slot!,1.0,poipet308 bikin gue jadi percaya lagi sama situs slot!,poipeteob bikin gue jadi percaya lagi sama situs sloti,0.0,0.0,0.0,0.0,1.0
"Waktu terbaik untuk mulai adalah sekarang. Yuk, gerak! poipet308",1.0,"Waktu terbaik untuk mulai adalah sekarang. Yuk, gerak! poipet308",waktu terbaik untuk mulai adalah sekarang yuk geraki poipeteob,0.0,0.0,0.0,0.0,0.0
"Kalau kamu harus pilih satu skill dari game poipet308 buat dunia nyata, pilih yang mana?",1.0,"Kalau kamu harus pilih satu skill dari game poipet308 buat dunia nyata, pilih yang mana?",kalau kamu harus pilih satu skill dari game poipeteob buat dunia nyata pilih yang mana,0.0,0.0,0.0,0.0,0.0
cuma di poipet308 kayaknya yang bisa menghasilkan keuntungan hanya dalam waktu beberapa menit. .,1.0,cuma di poipet308 kayaknya yang bisa menghasilkan keuntungan hanya dalam waktu beberapa menit. .,cuma di poipeteob kayaknya yang bisa menghasilkan keuntungan hanya dalam waktu beberapa menit,0.0,0.0,0.0,0.0,0.0
Kenapa karakter utama bisa kuat gitu ya? Pasti sering minum jamu poipet308 😂,1.0,Kenapa karakter utama bisa kuat gitu ya? Pasti sering minum jamu poipet308 😂,kenapa karakter utama bisa kuat gitu ya pasti sering minum jamu poipeteob,1.0,0.0,0.0,0.0,0.0
Tiap scroll komen poipet308 selalu ada yang bilang 'g4c0r bang',1.0,Tiap scroll komen poipet308 selalu ada yang bilang 'g4c0r bang',tiap scroll komen poipeteob selalu ada yang bilang gacor bang,0.0,0.0,0.0,0.0,0.0
"baru tahu, penyebabnya ternyata perang..",0.0,"baru tahu, penyebabnya ternyata perang..",baru tahu penyebabnya ternyata perang,0.0,0.0,0.0,0.0,0.0
Langkah awal langsung meyakinkan bareng koislot🌈!,1.0,Langkah awal langsung meyakinkan bareng koislot🌈!,langkah awal langsung meyakinkan bareng koislot i,1.0,0.0,0.0,0.0,0.0
"Fix! Tiap hari main di miya88🌈, hasilnya selalu memuaskan!",1.0,"Fix! Tiap hari main di miya88🌈, hasilnya selalu memuaskan!",fixi tiap hari main di miyabb hasilnya selalu memuaskani,0.0,0.0,0.0,0.0,0.0
"miya88🌈 bikin hari makin happy, tiap hari selalu ditunggu!",1.0,"miya88🌈 bikin hari makin happy, tiap hari selalu ditunggu!",miyabb bikin hari makin happy tiap hari selalu ditunggui,1.0,0.0,0.0,0.0,0.0
Sekali main di miya88🌈 langsung WEEDAY tiap hari!,1.0,Sekali main di miya88🌈 langsung WEEDAY tiap hari!,sekali main di miyabb langsung weeday tiap harii,1.0,0.0,0.0,0.0,1.0
koislot🌈 selalu trending karena yang main langsung puas!,1.0,koislot🌈 selalu trending karena yang main langsung puas!,koislot selalu trending karena yang main langsung puasi,1.0,0.0,0.0,0.0,0.0
"Main bentar di miya88🌈, bonusnya udah nyamber!",1.0,"Main bentar di miya88🌈, bonusnya udah nyamber!",main bentar di miyabb bonusnya udah nyamberi,1.0,0.0,0.0,0.0,0.0
"Kagum sama server Thailand gacir di miya88🌈, beneran beda!",1.0,"Kagum sama server Thailand gacir di miya88🌈, beneran beda!",kagum sama server thailand gacir di miyabb beneran bedai,1.0,0.0,0.0,0.0,1.0
"Dompet gue yang dulu kosong, sekarang bisa senyum lebar!",1.0,"Dompet gue yang dulu kosong, sekarang bisa senyum lebar!",dompet gue yang dulu kosong sekarang bisa senyum lebari,1.0,0.0,0.0,0.0,0.0
"Coba aja kode 999 miya88🌈, gue udah buktiin sendiri!",1.0,"Coba aja kode 999 miya88🌈, gue udah buktiin sendiri!",coba aja kode ggg miyabb gue udah buktiin sendirii,0.0,0.0,0.0,0.0,0.0
Hidup auto berubah! miya88🌈 bikin cuan langsung masuk tanpa batas!,1.0,Hidup auto berubah! miya88🌈 bikin cuan langsung masuk tanpa batas!,hidup auto berubahi miyabb bikin cuan langsung masuk tanpa batasi,1.0,0.0,0.0,0.0,1.0
Fix! Setiap hari ada yang menang di miya88🌈!,1.0,Fix! Setiap hari ada yang menang di miya88🌈!,fixi setiap hari ada yang menang di miyabb i,1.0,0.0,0.0,0.0,1.0
koislot🌈 tuh kayak mesin uang receh jadi raksasa!,1.0,koislot🌈 tuh kayak mesin uang receh jadi raksasa!,koislot tuh kayak mesin uang receh jadi raksasai,1.0,0.0,0.0,0.0,0.0
"Fix! miya88🌈 bikin hariku makin cerah, hasilnya luar biasa!",1.0,"Fix! miya88🌈 bikin hariku makin cerah, hasilnya luar biasa!",fixi miyabb bikin hariku makin cerah hasilnya luar biasai,1.0,0.0,0.0,0.0,1.0
"Lagi banyak yang bahas koislot🌈, lo belum join?",1.0,"Lagi banyak yang bahas koislot🌈, lo belum join?",lagi banyak yang bahas koislot lo belum join,1.0,0.0,0.0,0.0,1.0
"Coba aja 390 di miya88🌈, hasilnya ngagetin bro!",1.0,"Coba aja 390 di miya88🌈, hasilnya ngagetin bro!",coba aja ego di miyabb hasilnya ngagetin broi,1.0,0.0,0.0,0.0,1.0
jadi senyum senyum sndiri waktu main di poipet308,1.0,jadi senyum senyum sndiri waktu main di poipet308,jadi senyum senyum sndiri waktu main di poipeteob,1.0,0.0,0.0,0.0,0.0
Udah like dan subscribe karena kontennya bermanfaat poipet308,1.0,Udah like dan subscribe karena kontennya bermanfaat poipet308,udah like dan subscribe karena kontennya bermanfaat poipeteob,1.0,0.0,0.0,0.0,0.0
Ada yang udah menang besar di poipet308?,1.0,Ada yang udah menang besar di poipet308?,ada yang udah menang besar di poipeteob,1.0,0.0,0.0,0.0,0.0
"Slot di poipet308 beneran gampang menang, cobain deh!",1.0,"Slot di poipet308 beneran gampang menang, cobain deh!",slot di poipeteob beneran gampang menang cobain dehi,1.0,0.0,0.0,0.0,1.0
"hargai orang yang bikin konten, salam toleransi dari poipet308",1.0,"hargai orang yang bikin konten, salam toleransi dari poipet308",hargai orang yang bikin konten salam toleransi dari poipeteob,1.0,0.0,0.0,0.0,1.0
"Fix! Baru login dikit, langsung senyum-senyum sendiri!",1.0,"Fix! Baru login dikit, langsung senyum-senyum sendiri!",fixi baru login dikit langsung senyum senyum sendirii,1.0,0.0,0.0,0.0,1.0
"Gue kira buat lucu-lucuan, ternyata hasilnya serius!",1.0,"Gue kira buat lucu-lucuan, ternyata hasilnya serius!",gue kira buat lucu lucuan ternyata hasilnya seriusi,0.0,0.0,0.0,0.0,0.0
koislot🌈 cocok buat lo yang suka kejutan positif!,1.0,koislot🌈 cocok buat lo yang suka kejutan positif!,koislot cocok buat lo yang suka kejutan positifi,0.0,0.0,0.0,0.0,0.0
Lagi pada bahas koislot🌈 di mana-mana loh!,1.0,Lagi pada bahas koislot🌈 di mana-mana loh!,lagi pada bahas koislot di mana mana lohi,1.0,0.0,0.0,0.0,0.0
koislot🌈 dan kode 505 beneran bikin hari makin semangat!,1.0,koislot🌈 dan kode 505 beneran bikin hari makin semangat!,koislot dan kode sos beneran bikin hari makin semangati,0.0,0.0,0.0,0.0,0.0
"koislot🌈 emang beda, main dikit langsung dapet hasilnya!",1.0,"koislot🌈 emang beda, main dikit langsung dapet hasilnya!",koislot emang beda main dikit langsung dapet hasilnyai,0.0,0.0,0.0,0.0,0.0
"Fix! Dimana-mana pasti ada miya88🌈, auto penasaran!",1.0,"Fix! Dimana-mana pasti ada miya88🌈, auto penasaran!",fixi dimana mana pasti ada miyabb auto penasarani,1.0,0.0,0.0,0.0,0.0
"Alhamdulillah, miya88🌈 selalu kasih kesempatan terbaik Langsung gabung dan nikmati!",1.0,"Alhamdulillah, miya88🌈 selalu kasih kesempatan terbaik Langsung gabung dan nikmati!",alhamdulillah miyabb selalu kasih kesempatan terbaik langsung gabung dan nikmatii,0.0,0.0,0.0,0.0,0.0
"Dari yang awalnya iseng, sekarang rutin thanks to koislot🌈!",1.0,"Dari yang awalnya iseng, sekarang rutin thanks to koislot🌈!",dari yang awalnya iseng sekarang rutin thanks to koislot i,1.0,0.0,0.0,0.0,0.0
"miya88🌈 tuh bukan sekadar hype, tapi impact!",1.0,"miya88🌈 tuh bukan sekadar hype, tapi impact!",miyabb tuh bukan sekadar hype tapi impacti,0.0,0.0,0.0,0.0,0.0
miya88🌈 beneran bikin senyum sendiri tiap buka!,1.0,miya88🌈 beneran bikin senyum sendiri tiap buka!,miyabb beneran bikin senyum sendiri tiap bukai,0.0,0.0,0.0,0.0,0.0
"koislot🌈 tuh selalu kasih yang terbaik, nggak ada lawan!",1.0,"koislot🌈 tuh selalu kasih yang terbaik, nggak ada lawan!",koislot tuh selalu kasih yang terbaik nggak ada lawani,1.0,0.0,0.0,0.0,0.0
"miya88🌈 itu bukan tren dadakan, ini real movement!",1.0,"miya88🌈 itu bukan tren dadakan, ini real movement!",miyabb itu bukan tren dadakan ini real movementi,0.0,0.0,0.0,0.0,0.0
Ada yang juga liat koislot🌈 pas subuh tadi?,1.0,Ada yang juga liat koislot🌈 pas subuh tadi?,ada yang juga liat koislot pas subuh tadi,1.0,0.0,0.0,0.0,0.0
"Fix! Baru mulai, langsung w3de di miya88🌈!",1.0,"Fix! Baru mulai, langsung w3de di miya88🌈!",fixi baru mulai langsung wede di miyabb i,1.0,0.0,0.0,0.0,1.0
Kalu aku gak mok kasih berarti pilih kasih,0.0,Kalu aku gak mok kasih berarti pilih kasih,kalu aku gak mok kasih berarti pilih kasih,0.0,0.0,0.0,0.0,0.0
Kenapa  ngambek,0.0,Kenapa  ngambek,kenapa ngambek,1.0,0.0,0.0,0.0,0.0
Aku kelas 3 bang 🎉🎉🎉😊❤😊❤,0.0,Aku kelas 3 bang 🎉🎉🎉😊❤😊❤,aku kelas e bang,1.0,0.0,0.0,0.0,1.0
Mobil yg sorumnya bangkerut,0.0,Mobil yg sorumnya bangkerut,mobil yg sorumnya bangkerut,1.0,0.0,0.0,0.0,0.0
Ibnu kynya gk sekaya yg terlihat dan lita yg paling tahu keuangan suaminya dy sebel suaminya sok sokan depan public.. Itu yg sy lht..,0.0,Ibnu kynya gk sekaya yg terlihat dan lita yg paling tahu keuangan suaminya dy sebel suaminya sok sokan depan public.. Itu yg sy lht..,ibnu kynya gk sekaya yg terlihat dan lita yg paling tahu keuangan suaminya dy sebel suaminya sok sokan depan public itu yg sy lht,1.0,0.0,0.0,0.0,0.0
"Debeli in mobil mama engak senyum  engkak bersukur ,😝🤬",0.0,"Debeli in mobil mama engak senyum  engkak bersukur ,😝🤬",debeli in mobil mama engak senyum engkak bersukur,0.0,0.0,0.0,0.0,0.0
Padahal mah .. bapaknya yang mau beli mobilnya...pake alasan buat hadiah istri...,0.0,Padahal mah .. bapaknya yang mau beli mobilnya...pake alasan buat hadiah istri...,padahal mah bapaknya yang mau beli mobilnya pake alasan buat hadiah istri,1.0,0.0,0.0,0.0,0.0
"Paham ga si, dia malah kecewa karena uang nya buat beli yang tidak perlu",0.0,"Paham ga si, dia malah kecewa karena uang nya buat beli yang tidak perlu",paham ga si dia malah kecewa karena uang nya buat beli yang tidak perlu,1.0,0.0,0.0,0.0,1.0
"Beruntung banget kak Ibnu dapat istri kak Lita...
Sakinah mawadah warahmah buat kalian...❤",0.0,"Beruntung banget kak Ibnu dapat istri kak Lita...
Sakinah mawadah warahmah buat kalian...❤",beruntung banget kak ibnu dapat istri kak lita sakinah mawadah warahmah buat kalian,1.0,0.0,0.0,0.0,1.0
Ini yg mau beli lakiknya emg sih,0.0,Ini yg mau beli lakiknya emg sih,ini yg mau beli lakiknya emg sih,1.0,0.0,0.0,0.0,0.0
saya yakin beli mobilnya jauh di bawah harga karena mungkin banyak endorsenya ...,0.0,saya yakin beli mobilnya jauh di bawah harga karena mungkin banyak endorsenya ...,saya yakin beli mobilnya jauh di bawah harga karena mungkin banyak endorsenya,1.0,0.0,0.0,0.0,1.0
"Istri itu gampang kok...fokus skr bangun rumah ya diselesaikan dl kak, rumah nya, Mobil kan msh ada , selesai rumah baru di isi dalamnya, selesai semua baru ,beli in Mobil harian buat istri, suami beli Mobil utk kerja kak, BUKAN buat gaya, kecuali utk hobi beda ya kak..... bersyukur punya istri seperti ini,  tp jg bersyukur punya suami seperti ini jg, jd nikmati aja kak apa yg sd ada didepan mata,krn tdk semua org punya kesempatan ini...",0.0,"Istri itu gampang kok...fokus skr bangun rumah ya diselesaikan dl kak, rumah nya, Mobil kan msh ada , selesai rumah baru di isi dalamnya, selesai semua baru ,beli in Mobil harian buat istri, suami beli Mobil utk kerja kak, BUKAN buat gaya, kecuali utk hobi beda ya kak..... bersyukur punya istri seperti ini,  tp jg bersyukur punya suami seperti ini jg, jd nikmati aja kak apa yg sd ada didepan mata,krn tdk semua org punya kesempatan ini...",istri itu gampang kok fokus skr bangun rumah ya diselesaikan dl kak rumah nya mobil kan msh ada selesai rumah baru di isi dalamnya selesai semua baru beli in mobil harian buat istri suami beli mobil utk kerja kak bukan buat gaya kecuali utk hobi beda ya kak bersyukur punya istri seperti ini tp jg bersyukur punya suami seperti ini jg jd nikmati aja kak apa yg sd ada didepan mata krn tdk semua org punya kesempatan ini,1.0,0.0,0.0,0.0,0.0
"Jarang ada istri kaya ka lita 1 banding 100 ada kaya ka lita , diberi kado mewah tapi tidak mau , pengen yang sederhana 🤭",0.0,"Jarang ada istri kaya ka lita 1 banding 100 ada kaya ka lita , diberi kado mewah tapi tidak mau , pengen yang sederhana 🤭",jarang ada istri kaya ka lita i banding ioo ada kaya ka lita diberi kado mewah tapi tidak mau pengen yang sederhana,1.0,0.0,0.0,0.0,1.0
"Itu mah ibnu yg pgen mobil baru, pura2 beliin bwt kado istri 😮😮 lita jengkel lah, org lg bangun rumah ibnu malah beli2 mobil, kyk uangnya sebanyak raffi ahmad aja km nu, kasian lita tuh pgen rumahnya cepet kelar.",0.0,"Itu mah ibnu yg pgen mobil baru, pura2 beliin bwt kado istri 😮😮 lita jengkel lah, org lg bangun rumah ibnu malah beli2 mobil, kyk uangnya sebanyak raffi ahmad aja km nu, kasian lita tuh pgen rumahnya cepet kelar.",itu mah ibnu yg pgen mobil baru pura 2 beliin bwt kado istri lita jengkel lah org lg bangun rumah ibnu malah beli 2 mobil kyk uangnya sebanyak raffi ahmad aja km nu kasian lita tuh pgen rumahnya cepet kelar,1.0,0.0,0.0,0.0,1.0
Cari hadiah untuk istri yg dia suka jgn yg kita suka. D sni kelihatan yg happy bapak ny😂,0.0,Cari hadiah untuk istri yg dia suka jgn yg kita suka. D sni kelihatan yg happy bapak ny😂,cari hadiah untuk istri yg dia suka jgn yg kita suka d sni kelihatan yg happy bapak ny,1.0,0.0,0.0,0.0,1.0
Kak kenapa rambut nya Alva ngak dipotong,0.0,Kak kenapa rambut nya Alva ngak dipotong,kak kenapa rambut nya alva ngak dipotong,1.0,0.0,0.0,0.0,1.0
Bentuk rasa sayang suami ke istri… gemes banget…❤❤ semoga rejekinya dilancarkan ya… sehingga rumahnya cepat jadi… sehat bahagia selamanya.. aamiin,0.0,Bentuk rasa sayang suami ke istri… gemes banget…❤❤ semoga rejekinya dilancarkan ya… sehingga rumahnya cepat jadi… sehat bahagia selamanya.. aamiin,bentuk rasa sayang suami ke istri gemes banget semoga rejekinya dilancarkan ya sehingga rumahnya cepat jadi sehat bahagia selamanya aamiin,1.0,0.0,0.0,0.0,1.0
Ibu.y mas ibnu berhasil mendidik anak.y ❤,0.0,Ibu.y mas ibnu berhasil mendidik anak.y ❤,ibu y mas ibnu berhasil mendidik anak y,1.0,0.0,0.0,0.0,0.0
Gila! Baru klik dua kali di 🏆𝐊 𝐀-𝐊-𝐈 777🏆 eh jackpot-nya muncul kaya ditodong semesta!,1.0,Gila! Baru klik dua kali di 🏆𝐊 𝐀-𝐊-𝐈 777🏆 eh jackpot-nya muncul kaya ditodong semesta!,gilai baru klik dua kali di k a k i ttt eh jackpot nya muncul kaya ditodong semestai,1.0,0.0,0.0,0.0,0.0
"Dibanding situs lain, yang satu ini beda auranya. 🤯𝐊 𝐀-𝐊-𝐈 777🎯 tuh kayak nyariin rezeki buat gue.",1.0,"Dibanding situs lain, yang satu ini beda auranya. 🤯𝐊 𝐀-𝐊-𝐈 777🎯 tuh kayak nyariin rezeki buat gue.",dibanding situs lain yang satu ini beda auranya k a k i ttt tuh kayak nyariin rezeki buat gue,1.0,0.0,0.0,0.0,0.0
"Paham banget sm yg dirasain kak Lita. Jengkel tp seneng jg, suami suka ngasih hadiah tapi yg dibeli barang yg dia sendiri pengenin...😂",0.0,"Paham banget sm yg dirasain kak Lita. Jengkel tp seneng jg, suami suka ngasih hadiah tapi yg dibeli barang yg dia sendiri pengenin...😂",paham banget sm yg dirasain kak lita jengkel tp seneng jg suami suka ngasih hadiah tapi yg dibeli barang yg dia sendiri pengenin,1.0,0.0,0.0,0.0,0.0
"Gue rekomendasiin 🚀𝐊𝐀-𝐊𝐈 7-7-7🎲 ke temen, sekarang dia malah narik duluan dari gue.",1.0,"Gue rekomendasiin 🚀𝐊𝐀-𝐊𝐈 7-7-7🎲 ke temen, sekarang dia malah narik duluan dari gue.",gue rekomendasiin ka ki t t t ke temen sekarang dia malah narik duluan dari gue,1.0,0.0,0.0,0.0,0.0
"Nyesel sih kenapa gak kenal 🪄𝐊 𝐀-𝐊-𝐈 777😱 dari dulu, padahal cuannya udah ngintipin lama.",1.0,"Nyesel sih kenapa gak kenal 🪄𝐊 𝐀-𝐊-𝐈 777😱 dari dulu, padahal cuannya udah ngintipin lama.",nyesel sih kenapa gak kenal k a k i ttt dari dulu padahal cuannya udah ngintipin lama,1.0,0.0,0.0,0.0,1.0
Lo bakal ngerti arti hoki kalo udah nyobain ⚡K A K I TUJUH TUJUH TUJUH🪩.,1.0,Lo bakal ngerti arti hoki kalo udah nyobain ⚡K A K I TUJUH TUJUH TUJUH🪩.,lo bakal ngerti arti hoki kalo udah nyobain k a k i tujuh tujuh tujuh,1.0,0.0,0.0,0.0,0.0
"Gue bukan influencer, gak dibayar juga… tapi kalau soal gacor, 🚀𝐊𝐀𝐊 𝐈 777🍀 emang beda kelas.",1.0,"Gue bukan influencer, gak dibayar juga… tapi kalau soal gacor, 🚀𝐊𝐀𝐊 𝐈 777🍀 emang beda kelas.",gue bukan influencer gak dibayar juga tapi kalau soal gacor kak i ttt emang beda kelas,1.0,0.0,0.0,0.0,1.0
"Nonton bola sambil makan mie, main 🚀𝐊𝐀𝐊 𝐈 777🥳 cuan dateng terus tanpa henti.",1.0,"Nonton bola sambil makan mie, main 🚀𝐊𝐀𝐊 𝐈 777🥳 cuan dateng terus tanpa henti.",nonton bola sambil makan mie main kak i ttt cuan dateng terus tanpa henti,0.0,0.0,0.0,0.0,0.0
"Gue bukan orang yang gampang percaya situs beginian, tapi sejak kenal 🧨𝑲 𝑨 𝑲 𝑰 777🏆 gue malah ngerasa diselamatin dari kere.",1.0,"Gue bukan orang yang gampang percaya situs beginian, tapi sejak kenal 🧨𝑲 𝑨 𝑲 𝑰 777🏆 gue malah ngerasa diselamatin dari kere.",gue bukan orang yang gampang percaya situs beginian tapi sejak kenal k a k i ttt gue malah ngerasa diselamatin dari kere,0.0,0.0,0.0,0.0,0.0
"Gue gak tau ini hoki apa trik, tapi yang jelas ⚡𝑲 𝑨 𝑲 𝑰 777🥳 bawa banyak perubahan di saldo gue.",1.0,"Gue gak tau ini hoki apa trik, tapi yang jelas ⚡𝑲 𝑨 𝑲 𝑰 777🥳 bawa banyak perubahan di saldo gue.",gue gak tau ini hoki apa trik tapi yang jelas k a k i ttt bawa banyak perubahan di saldo gue,0.0,0.0,0.0,0.0,0.0
Sehat selalu sekeluarga yahh mass 🎉,0.0,Sehat selalu sekeluarga yahh mass 🎉,sehat selalu sekeluarga yahh mass,0.0,0.0,0.0,0.0,0.0
"Gue bukan anak hoki, tapi bareng 🍀𝑲 𝑨 𝑲 𝑰 777⚡, gue jadi beruntung terus.",1.0,"Gue bukan anak hoki, tapi bareng 🍀𝑲 𝑨 𝑲 𝑰 777⚡, gue jadi beruntung terus.",gue bukan anak hoki tapi bareng k a k i ttt gue jadi beruntung terus,0.0,0.0,0.0,0.0,0.0
"Gue bukan tipe yang suka nge-hype sesuatu, tapi jujur ya 👏𝐊-𝐀-𝐊-𝐈 𝟕 𝟕 𝟕👾 tuh kayak tempat rejeki dadakan.",1.0,"Gue bukan tipe yang suka nge-hype sesuatu, tapi jujur ya 👏𝐊-𝐀-𝐊-𝐈 𝟕 𝟕 𝟕👾 tuh kayak tempat rejeki dadakan.",gue bukan tipe yang suka nge hype sesuatu tapi jujur ya k a k i t t t tuh kayak tempat rejeki dadakan,1.0,0.0,0.0,0.0,0.0
Susah pindah karena tiap hari diingetin terus sama hasil dari 🏆𝑲 𝑨 𝑲 𝑰 𝟕 𝟕 𝟕🚀.,1.0,Susah pindah karena tiap hari diingetin terus sama hasil dari 🏆𝑲 𝑨 𝑲 𝑰 𝟕 𝟕 𝟕🚀.,susah pindah karena tiap hari diingetin terus sama hasil dari k a k i t t t,1.0,0.0,0.0,0.0,0.0
Rezeki terus ngalir tiap kali main di 😙K-AKI-777 benar-benar gacir! 🚎,1.0,Rezeki terus ngalir tiap kali main di 😙K-AKI-777 benar-benar gacir! 🚎,rezeki terus ngalir tiap kali main di k aki ttt benar benar gaciri,0.0,0.0,0.0,0.0,0.0
Ada rasa aman tiap kali saldo masuk dari 🧠𝐊𝐀-𝐊𝐈 7-7-7🚀.,1.0,Ada rasa aman tiap kali saldo masuk dari 🧠𝐊𝐀-𝐊𝐈 7-7-7🚀.,ada rasa aman tiap kali saldo masuk dari ka ki t t t,1.0,0.0,0.0,0.0,0.0
"Lo harus liat ekspresi gue tadi. Kaget bukan karena kalah, tapi karena menang terus di 🪐🅺🅰🅺🅸777🐲",1.0,"Lo harus liat ekspresi gue tadi. Kaget bukan karena kalah, tapi karena menang terus di 🪐🅺🅰🅺🅸777🐲",lo harus liat ekspresi gue tadi kaget bukan karena kalah tapi karena menang terus di ttt,0.0,0.0,0.0,0.0,0.0
ganteng banget mobilnya❤,0.0,ganteng banget mobilnya❤,ganteng banget mobilnya,1.0,0.0,0.0,0.0,0.0
Sebelum ribuan,0.0,Sebelum ribuan,sebelum ribuan,1.0,0.0,0.0,0.0,0.0
Main PawPaw4D tuh kayak healing digital — santai tapi seru!,1.0,Main PawPaw4D tuh kayak healing digital — santai tapi seru!,main pawpawad tuh kayak healing digital santai tapi serui,1.0,0.0,0.0,0.0,0.0
"Banyak pilihan game seru di satu platform, ya cuma di PawPaw4D.",1.0,"Banyak pilihan game seru di satu platform, ya cuma di PawPaw4D.",banyak pilihan game seru di satu platform ya cuma di pawpawad,1.0,0.0,0.0,0.0,0.0
"Udah ajak temen-temen juga, main bareng di PawPaw4D seru abis!",1.0,"Udah ajak temen-temen juga, main bareng di PawPaw4D seru abis!",udah ajak temen temen juga main bareng di pawpawad seru abisi,1.0,0.0,0.0,0.0,1.0
PawPaw4D bikin kamu betah berlama-lama di depan layar!,1.0,PawPaw4D bikin kamu betah berlama-lama di depan layar!,pawpawad bikin kamu betah berlama lama di depan layari,0.0,0.0,0.0,0.0,1.0
"Mainnya gampang, serunya maksimal — PawPaw4D luar biasa!",1.0,"Mainnya gampang, serunya maksimal — PawPaw4D luar biasa!",mainnya gampang serunya maksimal pawpawad luar biasai,0.0,0.0,0.0,0.0,1.0
"PawPaw4D Interface-nya gampang dipahami, cocok buat pemula!",1.0,"PawPaw4D Interface-nya gampang dipahami, cocok buat pemula!",pawpawad interface nya gampang dipahami cocok buat pemulai,1.0,0.0,0.0,0.0,1.0
Baru daftar langsung dapet reward! Main di PawPaw4D emang asik!,1.0,Baru daftar langsung dapet reward! Main di PawPaw4D emang asik!,baru daftar langsung dapet rewardi main di pawpawad emang asiki,1.0,0.0,0.0,0.0,0.0
"Lagi cari hiburan seru? Coba main di PawPaw4D, bikin nagih!",1.0,"Lagi cari hiburan seru? Coba main di PawPaw4D, bikin nagih!",lagi cari hiburan seru coba main di pawpawad bikin nagihi,1.0,0.0,0.0,0.0,0.0
PawPaw4D tuh tempat buat nyari hiburan yang nggak ngebosenin!,1.0,PawPaw4D tuh tempat buat nyari hiburan yang nggak ngebosenin!,pawpawad tuh tempat buat nyari hiburan yang nggak ngebosenini,1.0,0.0,0.0,0.0,1.0
PawPaw4D cocok buat hiburan harian yang aman dan fun!,1.0,PawPaw4D cocok buat hiburan harian yang aman dan fun!,pawpawad cocok buat hiburan harian yang aman dan funi,1.0,0.0,0.0,0.0,0.0
"Sekali coba, langsung jatuh cinta sama PawPaw4D!",1.0,"Sekali coba, langsung jatuh cinta sama PawPaw4D!",sekali coba langsung jatuh cinta sama pawpawadi,1.0,0.0,0.0,0.0,0.0
PawPaw4D Rekomendasi banget buat yang suka game ringan dan fun!,1.0,PawPaw4D Rekomendasi banget buat yang suka game ringan dan fun!,pawpawad rekomendasi banget buat yang suka game ringan dan funi,1.0,0.0,0.0,0.0,0.0
"Banyak pilihan game di PawPaw4D, gak bikin bosen!",1.0,"Banyak pilihan game di PawPaw4D, gak bikin bosen!",banyak pilihan game di pawpawad gak bikin boseni,1.0,0.0,0.0,0.0,1.0
PawPaw4D bikin hari-hariku jadi lebih menyenangkan.,1.0,PawPaw4D bikin hari-hariku jadi lebih menyenangkan.,pawpawad bikin hari hariku jadi lebih menyenangkan,1.0,0.0,0.0,0.0,0.0
PawPaw4D punya vibes positif yang bikin betah lama-lama.,1.0,PawPaw4D punya vibes positif yang bikin betah lama-lama.,pawpawad punya vibes positif yang bikin betah lama lama,1.0,0.0,0.0,0.0,0.0
"Udah coba banyak game, tapi yang bikin betah ya PawPaw4D!",1.0,"Udah coba banyak game, tapi yang bikin betah ya PawPaw4D!",udah coba banyak game tapi yang bikin betah ya pawpawadi,1.0,0.0,0.0,0.0,1.0
"PawPaw4D nggak cuma seru, tapi juga kasih banyak bonus!",1.0,"PawPaw4D nggak cuma seru, tapi juga kasih banyak bonus!",pawpawad nggak cuma seru tapi juga kasih banyak bonusi,1.0,0.0,0.0,0.0,1.0
Setiap login ke PawPaw4D tuh selalu ada kejutan menarik.,1.0,Setiap login ke PawPaw4D tuh selalu ada kejutan menarik.,setiap login ke pawpawad tuh selalu ada kejutan menarik,1.0,0.0,0.0,0.0,1.0
"Gak perlu keluar rumah, PawPaw4D siap temani kapan aja.",1.0,"Gak perlu keluar rumah, PawPaw4D siap temani kapan aja.",gak perlu keluar rumah pawpawad siap temani kapan aja,1.0,0.0,0.0,0.0,0.0
Rekomendasi banget PawPaw4D buat yang suka game ringan dan fun!,1.0,Rekomendasi banget PawPaw4D buat yang suka game ringan dan fun!,rekomendasi banget pawpawad buat yang suka game ringan dan funi,1.0,0.0,0.0,0.0,1.0
PawPaw4D tuh cocok banget buat isi waktu senggang.,1.0,PawPaw4D tuh cocok banget buat isi waktu senggang.,pawpawad tuh cocok banget buat isi waktu senggang,1.0,0.0,0.0,0.0,0.0
"Fitur lengkap, interface keren, PawPaw4D emang beda!",1.0,"Fitur lengkap, interface keren, PawPaw4D emang beda!",fitur lengkap interface keren pawpawad emang bedai,1.0,0.0,0.0,0.0,0.0
PawPaw4D pas banget buat santai di rumah atau saat break kerja!,1.0,PawPaw4D pas banget buat santai di rumah atau saat break kerja!,pawpawad pas banget buat santai di rumah atau saat break kerjai,1.0,0.0,0.0,0.0,0.0
PawPaw4D itu seperti temen nongkrong virtual yang seru tiap hari!,1.0,PawPaw4D itu seperti temen nongkrong virtual yang seru tiap hari!,pawpawad itu seperti temen nongkrong virtual yang seru tiap harii,0.0,0.0,0.0,0.0,1.0
"Gak perlu spek tinggi, PawPaw4D jalan mulus di semua HP!",1.0,"Gak perlu spek tinggi, PawPaw4D jalan mulus di semua HP!",gak perlu spek tinggi pawpawad jalan mulus di semua hpi,0.0,0.0,0.0,0.0,0.0
"Mainnya simpel, tapi hadiahnya bikin happy — PawPaw4D emang beda!",1.0,"Mainnya simpel, tapi hadiahnya bikin happy — PawPaw4D emang beda!",mainnya simpel tapi hadiahnya bikin happy pawpawad emang bedai,0.0,0.0,0.0,0.0,0.0
PawPaw4D tuh tempatnya kalau mau cari keseruan dan hoki!,1.0,PawPaw4D tuh tempatnya kalau mau cari keseruan dan hoki!,pawpawad tuh tempatnya kalau mau cari keseruan dan hokii,0.0,0.0,0.0,0.0,0.0
PawPaw4D tuh seru banget buat pemula maupun yang udah pro!,1.0,PawPaw4D tuh seru banget buat pemula maupun yang udah pro!,pawpawad tuh seru banget buat pemula maupun yang udah proi,0.0,0.0,0.0,0.0,0.0
Banyak banget event di PawPaw4D yang bisa kamu ikuti!,1.0,Banyak banget event di PawPaw4D yang bisa kamu ikuti!,banyak banget event di pawpawad yang bisa kamu ikutii,0.0,0.0,0.0,0.0,0.0
"Kalau kamu belum coba PawPaw4D, kamu ketinggalan tren!",1.0,"Kalau kamu belum coba PawPaw4D, kamu ketinggalan tren!",kalau kamu belum coba pawpawad kamu ketinggalan treni,1.0,0.0,0.0,0.0,0.0
kerja konten...tapi mengahsilkan uang,0.0,kerja konten...tapi mengahsilkan uang,kerja konten tapi mengahsilkan uang,1.0,0.0,0.0,0.0,0.0
Ulang tahun hadiah mobil gw gak ada yang rayain dulu pas ku Masik kecil menikmati nya😢,0.0,Ulang tahun hadiah mobil gw gak ada yang rayain dulu pas ku Masik kecil menikmati nya😢,ulang tahun hadiah mobil gw gak ada yang rayain dulu pas ku masik kecil menikmati nya,0.0,0.0,0.0,0.0,0.0
kak  itu   mobil   hr/v    bukan😊,0.0,kak  itu   mobil   hr/v    bukan😊,kak itu mobil hr v bukan,1.0,0.0,0.0,0.0,0.0
Semoga bahagia selalu berlimpah rejekinya… jangan pernah berubah walaupun sudah kaya raya diusia yg relatif masih muda… sehat sehat dan selalu dlm lindungan Allah SWT ❤❤,0.0,Semoga bahagia selalu berlimpah rejekinya… jangan pernah berubah walaupun sudah kaya raya diusia yg relatif masih muda… sehat sehat dan selalu dlm lindungan Allah SWT ❤❤,semoga bahagia selalu berlimpah rejekinya jangan pernah berubah walaupun sudah kaya raya diusia yg relatif masih muda sehat sehat dan selalu dlm lindungan allah swt,0.0,0.0,0.0,0.0,0.0
"Videonya pendek, tapi isinya dalam 🔺pluto88🔺",1.0,"Videonya pendek, tapi isinya dalam 🔺pluto88🔺",videonya pendek tapi isinya dalam plutobb,0.0,0.0,0.0,0.0,0.0
Salah satu video paling bermakna menurut gue 🔺pluto88🔺,1.0,Salah satu video paling bermakna menurut gue 🔺pluto88🔺,salah satu video paling bermakna menurut gue plutobb,1.0,0.0,0.0,0.0,1.0
Kontennya kayak temen yang ngerti 🔺pluto88🔺,1.0,Kontennya kayak temen yang ngerti 🔺pluto88🔺,kontennya kayak temen yang ngerti plutobb,1.0,0.0,0.0,0.0,0.0
Konten ini tuh menyentuh banget 🔺pluto88🔺,1.0,Konten ini tuh menyentuh banget 🔺pluto88🔺,konten ini tuh menyentuh banget plutobb,1.0,0.0,0.0,0.0,1.0
"Gue suka cara penyampaiannya, santai tapi dalem 🔺pluto88🔺",1.0,"Gue suka cara penyampaiannya, santai tapi dalem 🔺pluto88🔺",gue suka cara penyampaiannya santai tapi dalem plutobb,0.0,0.0,0.0,0.0,1.0
Siapa yang udah nonton tapi masih balik lagi ke sini? 🔺pluto88🔺,1.0,Siapa yang udah nonton tapi masih balik lagi ke sini? 🔺pluto88🔺,siapa yang udah nonton tapi masih balik lagi ke sini plutobb,0.0,0.0,0.0,0.0,0.0
Ini sih wajib masuk trending 🔺pluto88🔺,1.0,Ini sih wajib masuk trending 🔺pluto88🔺,ini sih wajib masuk trending plutobb,0.0,0.0,0.0,0.0,0.0
Semoga makin banyak yang sadar video ini bagus 🔺pluto88🔺,1.0,Semoga makin banyak yang sadar video ini bagus 🔺pluto88🔺,semoga makin banyak yang sadar video ini bagus plutobb,0.0,0.0,0.0,0.0,0.0
Kontennya beda dan bikin nyaman 🔺pluto88🔺,1.0,Kontennya beda dan bikin nyaman 🔺pluto88🔺,kontennya beda dan bikin nyaman plutobb,0.0,0.0,0.0,0.0,0.0
"Harusnya ini yang viral, bukan yang lain 🔺pluto88🔺",1.0,"Harusnya ini yang viral, bukan yang lain 🔺pluto88🔺",harusnya ini yang viral bukan yang lain plutobb,1.0,0.0,0.0,0.0,0.0
Selalu menarik! 𝙋𝙇𝙐𝙏𝙊88,1.0,Selalu menarik! 𝙋𝙇𝙐𝙏𝙊88,selalu menariki plutobb,1.0,0.0,0.0,0.0,1.0
Kualitas kontennya konsisten banget! 𝗣𝗟𝗨𝗧𝗢-88,1.0,Kualitas kontennya konsisten banget! 𝗣𝗟𝗨𝗧𝗢-88,kualitas kontennya konsisten bangeti pluto bb,0.0,0.0,0.0,0.0,1.0
Siapa yang nemu video ini dari rekomendasi? 🔺pluto88🔺,1.0,Siapa yang nemu video ini dari rekomendasi? 🔺pluto88🔺,siapa yang nemu video ini dari rekomendasi plutobb,0.0,0.0,0.0,0.0,0.0
Gue apresiasi banget buat videonya 🔺pluto88🔺,1.0,Gue apresiasi banget buat videonya 🔺pluto88🔺,gue apresiasi banget buat videonya plutobb,0.0,0.0,0.0,0.0,1.0
Cuma yang ngerti vibes-nya yang bisa relate 🔺pluto88🔺,1.0,Cuma yang ngerti vibes-nya yang bisa relate 🔺pluto88🔺,cuma yang ngerti vibes nya yang bisa relate plutobb,1.0,0.0,0.0,0.0,1.0
"Cuma klik iseng, tapi malah betah nonton 🔺pluto88🔺",1.0,"Cuma klik iseng, tapi malah betah nonton 🔺pluto88🔺",cuma klik iseng tapi malah betah nonton plutobb,0.0,0.0,0.0,0.0,0.0
"Jarang komen, tapi kali ini gak tahan 🔺pluto88🔺",1.0,"Jarang komen, tapi kali ini gak tahan 🔺pluto88🔺",jarang komen tapi kali ini gak tahan plutobb,1.0,0.0,0.0,0.0,1.0
Konten berkualitas tinggi! pluto88,1.0,Konten berkualitas tinggi! pluto88,konten berkualitas tinggii plutobb,0.0,0.0,0.0,0.0,0.0
Mas cat nya bagus Nippon paint yg produknya satin glo lebih mengkilap lebih bagus lagi keliatan rumahnya,0.0,Mas cat nya bagus Nippon paint yg produknya satin glo lebih mengkilap lebih bagus lagi keliatan rumahnya,mas cat nya bagus nippon paint yg produknya satin glo lebih mengkilap lebih bagus lagi keliatan rumahnya,0.0,0.0,0.0,0.0,0.0
ga ada abisnya nih cuan di poipet308!,1.0,ga ada abisnya nih cuan di poipet308!,ga ada abisnya nih cuan di poipeteobi,1.0,0.0,0.0,0.0,0.0
seneng deh main di poipet308 makasih atas rezeki nya!,1.0,seneng deh main di poipet308 makasih atas rezeki nya!,seneng deh main di poipeteob makasih atas rezeki nyai,0.0,0.0,0.0,0.0,1.0
"Suka banget sama visual dan penjelasannya.,poipet308",1.0,"Suka banget sama visual dan penjelasannya.,poipet308",suka banget sama visual dan penjelasannya poipeteob,1.0,0.0,0.0,0.0,1.0
Orang kaya beda ya mau kasi supres aja gampang gitu 😊,0.0,Orang kaya beda ya mau kasi supres aja gampang gitu 😊,orang kaya beda ya mau kasi supres aja gampang gitu,0.0,0.0,0.0,0.0,0.0
Salfok banget sama mas Ibnu tinggi banget 😮,0.0,Salfok banget sama mas Ibnu tinggi banget 😮,salfok banget sama mas ibnu tinggi banget,1.0,0.0,0.0,0.0,1.0
Katanya youtuber terkenal kok gak punya mobil supra,0.0,Katanya youtuber terkenal kok gak punya mobil supra,katanya youtuber terkenal kok gak punya mobil supra,0.0,0.0,0.0,0.0,1.0
1 jam yang lalu kak❤,0.0,1 jam yang lalu kak❤,i jam yang lalu kak,1.0,0.0,0.0,0.0,0.0
isi rumah baru pake springbed king koil kakk,0.0,isi rumah baru pake springbed king koil kakk,isi rumah baru pake springbed king koil kakk,1.0,0.0,0.0,0.0,1.0
Bagus banget rumahnya,0.0,Bagus banget rumahnya,bagus banget rumahnya,1.0,0.0,0.0,0.0,1.0
Ke 13 bg🎉,0.0,Ke 13 bg🎉,ke ie bg,1.0,0.0,0.0,0.0,0.0
Ke 9 😊😊,0.0,Ke 9 😊😊,ke g,1.0,0.0,0.0,0.0,1.0
LANJUT  KK IBNU 🙏,0.0,LANJUT  KK IBNU 🙏,lanjut kk ibnu,1.0,0.0,0.0,0.0,0.0
Suka banget deh nontonin kak Ibnu+keluarga😊😊😊😊🎉,0.0,Suka banget deh nontonin kak Ibnu+keluarga😊😊😊😊🎉,suka banget deh nontonin kak ibnutkeluarga,0.0,0.0,0.0,0.0,1.0
Bajunya mamah dari aulia hijab😁,0.0,Bajunya mamah dari aulia hijab😁,bajunya mamah dari aulia hijab,1.0,0.0,0.0,0.0,0.0
45 menit yg lalu ☺,0.0,45 menit yg lalu ☺,as menit yg lalu,0.0,0.0,0.0,0.0,0.0
"Kok bisa ya 🎉𝑲 𝑨 𝑲 𝑰 777📈, bukannya bikin rugi malah bikin nempel. Gua pikirin terus 😅",1.0,"Kok bisa ya 🎉𝑲 𝑨 𝑲 𝑰 777📈, bukannya bikin rugi malah bikin nempel. Gua pikirin terus 😅",kok bisa ya k a k i ttt bukannya bikin rugi malah bikin nempel gua pikirin terus,0.0,0.0,0.0,0.0,0.0
"Gue gak ngerti kenapa, tapi tiap login ke 🥳𝐊𝐀𝐊 𝐈 777👏 rasanya kayak pulang ke rumah… rumah cuan.",1.0,"Gue gak ngerti kenapa, tapi tiap login ke 🥳𝐊𝐀𝐊 𝐈 777👏 rasanya kayak pulang ke rumah… rumah cuan.",gue gak ngerti kenapa tapi tiap login ke kak i ttt rasanya kayak pulang ke rumah rumah cuan,1.0,0.0,0.0,0.0,1.0
"Gue pikir bakal apes, tapi malah dikasih hadiah pas buka 🐉K—A—K—I—777🎮.",1.0,"Gue pikir bakal apes, tapi malah dikasih hadiah pas buka 🐉K—A—K—I—777🎮.",gue pikir bakal apes tapi malah dikasih hadiah pas buka k a k i ttt,1.0,0.0,0.0,0.0,0.0
"Tiap hari disayang terus sama 🤑𝐊𝐀𝐊 𝐈 777🔥, gua takut gak bisa main di tempat lain lagi 😭",1.0,"Tiap hari disayang terus sama 🤑𝐊𝐀𝐊 𝐈 777🔥, gua takut gak bisa main di tempat lain lagi 😭",tiap hari disayang terus sama kak i ttt gua takut gak bisa main di tempat lain lagi,1.0,0.0,0.0,0.0,0.0
Lu pernah ngerasain hoki yang diem-diem dateng? Di 👑𝑲 𝑨 𝑲 𝑰 777🎯 sering tuh.,1.0,Lu pernah ngerasain hoki yang diem-diem dateng? Di 👑𝑲 𝑨 𝑲 𝑰 777🎯 sering tuh.,lu pernah ngerasain hoki yang diem diem dateng di k a k i ttt sering tuh,0.0,0.0,0.0,0.0,0.0
"Ga bakal nyesel main di 🤲K-A-K-I-7-7-7 Pelayanan oke, untung banyaknya gila! 💰😍",1.0,"Ga bakal nyesel main di 🤲K-A-K-I-7-7-7 Pelayanan oke, untung banyaknya gila! 💰😍",ga bakal nyesel main di k a k i t t t pelayanan oke untung banyaknya gilai,1.0,0.0,0.0,0.0,1.0
"Modal nekat + buka 🥳𝐊-𝐀-𝐊-𝐈 777🔥, kadang rejeki datang dari situ.",1.0,"Modal nekat + buka 🥳𝐊-𝐀-𝐊-𝐈 777🔥, kadang rejeki datang dari situ.",modal nekat t buka k a k i ttt kadang rejeki datang dari situ,1.0,0.0,0.0,0.0,0.0
"Jaman sekarang, yang penting bukan skill… tapi situsnya. Kayak 🤑𝐊𝐀-𝐊𝐈 7-7-7🚀.",1.0,"Jaman sekarang, yang penting bukan skill… tapi situsnya. Kayak 🤑𝐊𝐀-𝐊𝐈 7-7-7🚀.",jaman sekarang yang penting bukan skill tapi situsnya kayak ka ki t t t,1.0,0.0,0.0,0.0,0.0
"Gue sampe cek 3 kali, kok bisa sih dapet segede itu di 🍀𝐊 𝐀-𝐊-𝐈 777🧠??",1.0,"Gue sampe cek 3 kali, kok bisa sih dapet segede itu di 🍀𝐊 𝐀-𝐊-𝐈 777🧠??",gue sampe cek e kali kok bisa sih dapet segede itu di k a k i ttt,1.0,0.0,0.0,0.0,0.0
"Naik motor ke warung lontong, main di 🏆𝑲 𝑨 𝑲 𝑰 𝟕 𝟕 𝟕👑 hoki datang gak perlu ditonjok.",1.0,"Naik motor ke warung lontong, main di 🏆𝑲 𝑨 𝑲 𝑰 𝟕 𝟕 𝟕👑 hoki datang gak perlu ditonjok.",naik motor ke warung lontong main di k a k i t t t hoki datang gak perlu ditonjok,1.0,0.0,0.0,0.0,0.0
"Burung merpati terbang ke barat, di 🥳𝑲 𝑨 𝑲 𝑰 777👏 dapet jackpot berlipat-lipat.",1.0,"Burung merpati terbang ke barat, di 🥳𝑲 𝑨 𝑲 𝑰 777👏 dapet jackpot berlipat-lipat.",burung merpati terbang ke barat di k a k i ttt dapet jackpot berlipat lipat,1.0,0.0,0.0,0.0,1.0
"Lu tau gak, 🚀𝑲 𝑨 𝑲 𝑰 𝟕 𝟕 𝟕💸 tuh kayak temen yang tau banget kapan gue butuh duit 💸.",1.0,"Lu tau gak, 🚀𝑲 𝑨 𝑲 𝑰 𝟕 𝟕 𝟕💸 tuh kayak temen yang tau banget kapan gue butuh duit 💸.",lu tau gak k a k i t t t tuh kayak temen yang tau banget kapan gue butuh duit,1.0,0.0,0.0,0.0,1.0
"Gue gak butuh validasi orang lain, yang penting 🎁𝑲 𝑨-𝑲-𝑰 777🎉 masih konsisten ngasih gue cuan 😆",1.0,"Gue gak butuh validasi orang lain, yang penting 🎁𝑲 𝑨-𝑲-𝑰 777🎉 masih konsisten ngasih gue cuan 😆",gue gak butuh validasi orang lain yang penting k a k i ttt masih konsisten ngasih gue cuan,1.0,0.0,0.0,0.0,0.0
"Baru main bentar di 📈𝑲 𝑨-𝑲-𝑰 777🔥, udah dapet bonus, langsung shock cuy 🤣.",1.0,"Baru main bentar di 📈𝑲 𝑨-𝑲-𝑰 777🔥, udah dapet bonus, langsung shock cuy 🤣.",baru main bentar di k a k i ttt udah dapet bonus langsung shock cuy,1.0,0.0,0.0,0.0,1.0
Cuma modal secuil bisa dapat untung segede gunung di 🧑𝐊𝐀𝐊𝐈-𝟕𝟕𝟕 luar biasa sekali! 🐕‍🦺,1.0,Cuma modal secuil bisa dapat untung segede gunung di 🧑𝐊𝐀𝐊𝐈-𝟕𝟕𝟕 luar biasa sekali! 🐕‍🦺,cuma modal secuil bisa dapat untung segede gunung di kaki ttt luar biasa sekalii,1.0,0.0,0.0,0.0,0.0
"Buat yang suka kejutan manis, mending buka 🤑𝐊𝐀-𝐊𝐈 7-7-7🎲 deh.",1.0,"Buat yang suka kejutan manis, mending buka 🤑𝐊𝐀-𝐊𝐈 7-7-7🎲 deh.",buat yang suka kejutan manis mending buka ka ki t t t deh,1.0,0.0,0.0,0.0,0.0
"Kalo tiap hari dikasih menang gini, siapa yang gak luluh coba? Thanks 🧨𝐊 𝐀-𝐊-𝐈 777🍀 🥲",1.0,"Kalo tiap hari dikasih menang gini, siapa yang gak luluh coba? Thanks 🧨𝐊 𝐀-𝐊-𝐈 777🍀 🥲",kalo tiap hari dikasih menang gini siapa yang gak luluh coba thanks k a k i ttt,1.0,0.0,0.0,0.0,1.0
"Boleh iseng ke tempat lain, tapi ujungnya pasti 🧠𝐊-𝐀-𝐊-𝐈 777🧠 lagi.",1.0,"Boleh iseng ke tempat lain, tapi ujungnya pasti 🧠𝐊-𝐀-𝐊-𝐈 777🧠 lagi.",boleh iseng ke tempat lain tapi ujungnya pasti k a k i ttt lagi,1.0,0.0,0.0,0.0,1.0
KK Lita suara nya merdu bgt masyaallah,0.0,KK Lita suara nya merdu bgt masyaallah,kk lita suara nya merdu bgt masyaallah,1.0,0.0,0.0,0.0,0.0
"Gak banyak mikir, asal ada 🍀𝐊-𝐀-𝐊-𝐈 𝟕 𝟕 𝟕👑, cuan mah aman 😎.",1.0,"Gak banyak mikir, asal ada 🍀𝐊-𝐀-𝐊-𝐈 𝟕 𝟕 𝟕👑, cuan mah aman 😎.",gak banyak mikir asal ada k a k i t t t cuan mah aman,1.0,0.0,0.0,0.0,0.0
"Gue udah keliling banyak tempat, tapi tetap balik ke 🧠𝐊 𝐀 𝐊 𝐈 𝟕 𝟕 𝟕🎉.",1.0,"Gue udah keliling banyak tempat, tapi tetap balik ke 🧠𝐊 𝐀 𝐊 𝐈 𝟕 𝟕 𝟕🎉.",gue udah keliling banyak tempat tapi tetap balik ke k a k i t t t,1.0,0.0,0.0,0.0,1.0
"Yang gue cari bukan janji, tapi bukti — kayak yang dikasih 🪄𝐊𝐀 𝐊 𝐈 7 7 7📈.",1.0,"Yang gue cari bukan janji, tapi bukti — kayak yang dikasih 🪄𝐊𝐀 𝐊 𝐈 7 7 7📈.",yang gue cari bukan janji tapi bukti kayak yang dikasih ka k i t t t,1.0,0.0,0.0,0.0,0.0
"Buka 🪄𝐊 𝐀-𝐊-𝐈 777👏 tuh bikin hari lo gak flat, ada aja cuan mampir.",1.0,"Buka 🪄𝐊 𝐀-𝐊-𝐈 777👏 tuh bikin hari lo gak flat, ada aja cuan mampir.",buka k a k i ttt tuh bikin hari lo gak flat ada aja cuan mampir,1.0,0.0,0.0,0.0,0.0
"Gue udah coba banyak, tapi ujung-ujungnya balik lagi ke 🤑𝐊 𝐀 𝐊 𝐈 𝟕 𝟕 𝟕🍀.",1.0,"Gue udah coba banyak, tapi ujung-ujungnya balik lagi ke 🤑𝐊 𝐀 𝐊 𝐈 𝟕 𝟕 𝟕🍀.",gue udah coba banyak tapi ujung ujungnya balik lagi ke k a k i t t t,1.0,0.0,0.0,0.0,0.0
"Udah paling enak mah tempatnya, tiap buka 🧠𝑲-𝑨-𝑲-𝑰 777🪄 tuh adem aja bawaannya.",1.0,"Udah paling enak mah tempatnya, tiap buka 🧠𝑲-𝑨-𝑲-𝑰 777🪄 tuh adem aja bawaannya.",udah paling enak mah tempatnya tiap buka k a k i ttt tuh adem aja bawaannya,1.0,0.0,0.0,0.0,1.0
"Sarapan bubur sambil nyetel lagu, buka 🤯𝐊𝐀-𝐊𝐈 7-7-7🤑 hati langsung adem gak kayak dulu.",1.0,"Sarapan bubur sambil nyetel lagu, buka 🤯𝐊𝐀-𝐊𝐈 7-7-7🤑 hati langsung adem gak kayak dulu.",sarapan bubur sambil nyetel lagu buka ka ki t t t hati langsung adem gak kayak dulu,1.0,0.0,0.0,0.0,1.0
"Kalau lo mau hasil, jangan cuma gaya. Coba 🧨𝐊-𝐀-𝐊-𝐈 777😎, baru ngomong.",1.0,"Kalau lo mau hasil, jangan cuma gaya. Coba 🧨𝐊-𝐀-𝐊-𝐈 777😎, baru ngomong.",kalau lo mau hasil jangan cuma gaya coba k a k i ttt baru ngomong,0.0,0.0,0.0,0.0,0.0
"Gue suka yang gak ribet, makanya gue balik mulu ke 🤯𝐊 𝐀-𝐊-𝐈 777📈 😄.",1.0,"Gue suka yang gak ribet, makanya gue balik mulu ke 🤯𝐊 𝐀-𝐊-𝐈 777📈 😄.",gue suka yang gak ribet makanya gue balik mulu ke k a k i ttt,0.0,0.0,0.0,0.0,0.0
"untung hari ini bener-bener luar biasa, cuma di ✋𝗞𝗔𝗞𝗜𝟳𝟳𝟳 🪃",1.0,"untung hari ini bener-bener luar biasa, cuma di ✋𝗞𝗔𝗞𝗜𝟳𝟳𝟳 🪃",untung hari ini bener bener luar biasa cuma di kakittt,0.0,0.0,0.0,0.0,0.0
Pelayanan CS cepet banget! 😊𝐊 𝐀 𝐊 𝐈 𝟕 𝟕 𝟕 emang top! 💁‍♂,1.0,Pelayanan CS cepet banget! 😊𝐊 𝐀 𝐊 𝐈 𝟕 𝟕 𝟕 emang top! 💁‍♂,pelayanan cs cepet bangeti k a k i t t t emang topi,0.0,0.0,0.0,0.0,1.0
"Susah payah cari hoki, padahal ada 🔥𝐊𝐀-𝐊𝐈 7-7-7👏 tinggal klik doang.",1.0,"Susah payah cari hoki, padahal ada 🔥𝐊𝐀-𝐊𝐈 7-7-7👏 tinggal klik doang.",susah payah cari hoki padahal ada ka ki t t t tinggal klik doang,0.0,0.0,0.0,0.0,1.0
"Banyak yang promosi, tapi yang beneran ngebuktiin tuh cuma 📈𝐊𝐀𝐊 𝐈 777👾.",1.0,"Banyak yang promosi, tapi yang beneran ngebuktiin tuh cuma 📈𝐊𝐀𝐊 𝐈 777👾.",banyak yang promosi tapi yang beneran ngebuktiin tuh cuma kak i ttt,0.0,0.0,0.0,0.0,0.0
sebelum ribuan,0.0,sebelum ribuan,sebelum ribuan,0.0,0.0,0.0,0.0,1.0
Assalamu'alaikum mas ibnu,0.0,Assalamu'alaikum mas ibnu,assalamu alaikum mas ibnu,0.0,0.0,0.0,0.0,0.0
assalamualaikum mas ibnu & mb lita selamat hari raya idul adha,0.0,assalamualaikum mas ibnu & mb lita selamat hari raya idul adha,assalamualaikum mas ibnu mb lita selamat hari raya idul adha,1.0,0.0,0.0,0.0,1.0
Ke 7,0.0,Ke 7,ke t,1.0,0.0,0.0,0.0,1.0
2 menit yang lalu 😊,0.0,2 menit yang lalu 😊,2 menit yang lalu,1.0,0.0,0.0,0.0,1.0
pertama ❤❤,0.0,pertama ❤❤,pertama,1.0,0.0,0.0,0.0,1.0
Pertama mas Ibnu,0.0,Pertama mas Ibnu,pertama mas ibnu,1.0,0.0,0.0,0.0,1.0
Terus buat konten kaya gini bang. sangat bermanfaat! poipet308,1.0,Terus buat konten kaya gini bang. sangat bermanfaat! poipet308,terus buat konten kaya gini bang sangat bermanfaati poipeteob,1.0,0.0,0.0,0.0,1.0
"makasih poipet308, akhirnya aku bisa beli hp baru",1.0,"makasih poipet308, akhirnya aku bisa beli hp baru",makasih poipeteob akhirnya aku bisa beli hp baru,1.0,0.0,0.0,0.0,1.0
"wede di poipet308 lancar banget, gak pake ribet!",1.0,"wede di poipet308 lancar banget, gak pake ribet!",wede di poipeteob lancar banget gak pake ribeti,1.0,0.0,0.0,0.0,1.0
"assallam"" mualaikum,,bang Ibnu kasihan kak lita nya jadi ngambek kalau ngprenk jangan terlalu lama keluar 3 jam gitu harusnya bang Ibnu ijin terlebih dahulu sama kak lita nya",0.0,"assallam"" mualaikum,,bang Ibnu kasihan kak lita nya jadi ngambek kalau ngprenk jangan terlalu lama keluar 3 jam gitu harusnya bang Ibnu ijin terlebih dahulu sama kak lita nya",assallam mualaikum bang ibnu kasihan kak lita nya jadi ngambek kalau ngprenk jangan terlalu lama keluar e jam gitu harusnya bang ibnu ijin terlebih dahulu sama kak lita nya,1.0,0.0,0.0,0.0,1.0
Seebelum ribuan 😊,0.0,Seebelum ribuan 😊,seebelum ribuan,1.0,0.0,0.0,0.0,1.0
Pertama ❤,0.0,Pertama ❤,pertama,1.0,0.0,0.0,0.0,1.0
Temen ku 202 tapi udah mati,0.0,Temen ku 202 tapi udah mati,temen ku 2 o 2 tapi udah mati,1.0,0.0,0.0,0.0,1.0
Akhirnya nemu poipet308 yang jelas dan padat begini!,1.0,Akhirnya nemu poipet308 yang jelas dan padat begini!,akhirnya nemu poipeteob yang jelas dan padat beginii,1.0,0.0,0.0,0.0,1.0
"Makasih poipet308, udah membuat para penonton dan netizen jadi bahagia😍",1.0,"Makasih poipet308, udah membuat para penonton dan netizen jadi bahagia😍",makasih poipeteob udah membuat para penonton dan netizen jadi bahagia,1.0,0.0,0.0,0.0,1.0
"Gak ada yang bisa hentikan kita,karena kita juara! google  poipet308",1.0,"Gak ada yang bisa hentikan kita,karena kita juara! google  poipet308",gak ada yang bisa hentikan kita karena kita juarai google poipeteob,1.0,0.0,0.0,0.0,1.0
omakkkk baru kali ini aku dapet hoki di poipet308 ini betah kali aku kalo kek gini ceritanya,1.0,omakkkk baru kali ini aku dapet hoki di poipet308 ini betah kali aku kalo kek gini ceritanya,omakkkk baru kali ini aku dapet hoki di poipeteob ini betah kali aku kalo kek gini ceritanya,1.0,0.0,0.0,0.0,1.0
Semoga kita segera diberikan hidayah utk kembali ke jalan yg benar bersama poipet308,1.0,Semoga kita segera diberikan hidayah utk kembali ke jalan yg benar bersama poipet308,semoga kita segera diberikan hidayah utk kembali ke jalan yg benar bersama poipeteob,1.0,0.0,0.0,0.0,1.0
Temenku udah 150 streak bang,0.0,Temenku udah 150 streak bang,temenku udah iso streak bang,1.0,0.0,0.0,0.0,1.0
Selamat kak 100 streak,0.0,Selamat kak 100 streak,selamat kak ioo streak,1.0,0.0,0.0,0.0,1.0
Mau ip 16 sih kak ibnu,0.0,Mau ip 16 sih kak ibnu,mau ip i 6 sih kak ibnu,1.0,0.0,0.0,0.0,1.0
Selamat 100🔥,0.0,Selamat 100🔥,selamat ioo,1.0,0.0,0.0,0.0,0.0
Selamat buat keluarga Ibnu lita  udah 100 followers nya ya,0.0,Selamat buat keluarga Ibnu lita  udah 100 followers nya ya,selamat buat keluarga ibnu lita udah ioo followers nya ya,0.0,0.0,0.0,0.0,0.0
Pertama nih bang ibnu,0.0,Pertama nih bang ibnu,pertama nih bang ibnu,0.0,0.0,0.0,0.0,1.0
Keempat🎉,0.0,Keempat🎉,keempat,0.0,0.0,0.0,0.0,0.0
pertama ni om,0.0,pertama ni om,pertama ni om,0.0,0.0,0.0,0.0,0.0
"𝙜acir 𝙗anget sumpah, d𝐢 𝐃𝐎𝐑-𝐀-𝟕-𝟕😋 bi𝙠in ke𝐭agihan ma𝙞n te𝙧us 🌽",1.0,"𝙜acir 𝙗anget sumpah, d𝐢 𝐃𝐎𝐑-𝐀-𝟕-𝟕😋 bi𝙠in ke𝐭agihan ma𝙞n te𝙧us 🌽",gacir banget sumpah di dor a t t bikin ketagihan main terus,0.0,0.0,0.0,0.0,0.0
"Ga ngert𝘪 la𝐠i, gachor teru𝐬 di 𝐃𝐎𝐑-𝐀-𝟕-𝟕😋 s𝘢mpe 𝘨a 𝘣isa s𝘵op",1.0,"Ga ngert𝘪 la𝐠i, gachor teru𝐬 di 𝐃𝐎𝐑-𝐀-𝟕-𝟕😋 s𝘢mpe 𝘨a 𝘣isa s𝘵op",ga ngerti lagi gachor terus di dor a t t sampe ga bisa stop,0.0,0.0,0.0,0.0,0.0
"B𝐚ru coba mae𝙣 𝙙i D-ORA77🤦, langsu𝙣g utаng 𝐤elar se𝐦ua",1.0,"B𝐚ru coba mae𝙣 𝙙i D-ORA77🤦, langsu𝙣g utаng 𝐤elar se𝐦ua",baru coba maen di d oratt langsung utang kelar semua,0.0,0.0,0.0,0.0,0.0
"dе p𝐨 50 a𝐣a ud𝘢h jadi 5 j𝐮ta, g𝐚 nyangkа b𝙜t mae𝙣 di DORATUJUH TUJUH🧏‍♀",1.0,"dе p𝐨 50 a𝐣a ud𝘢h jadi 5 j𝐮ta, g𝐚 nyangkа b𝙜t mae𝙣 di DORATUJUH TUJUH🧏‍♀",de po so aja udah jadi s juta ga nyangka bgt maen di doratujuh tujuh,0.0,0.0,0.0,0.0,0.0
Maxw𝘪n gampa𝘯g b𝐠t di DORA7 7🤟 🤘,1.0,Maxw𝘪n gampa𝘯g b𝐠t di DORA7 7🤟 🤘,maxwin gampang bgt di dorat t,1.0,0.0,0.0,0.0,1.0
"mae𝙣 𝐝i 𝐃𝐎𝐑 𝐀 𝟕 𝟕☝, 𝐠a pernah rug𝙞",1.0,"mae𝙣 𝐝i 𝐃𝐎𝐑 𝐀 𝟕 𝟕☝, 𝐠a pernah rug𝙞",maen di dor a t t ga pernah rugi,1.0,0.0,0.0,0.0,1.0
Pajak tahunannya apa murah berhubung mobil listrik,1.0,Pajak tahunannya apa murah berhubung mobil listrik,pajak tahunannya apa murah berhubung mobil listrik,1.0,0.0,0.0,0.0,1.0
"𝘿-𝙊-𝙍-𝘼-𝟳-𝟳😥 gacoг b𝙜t, p𝐞cah τerus 😭",1.0,"𝘿-𝙊-𝙍-𝘼-𝟳-𝟳😥 gacoг b𝙜t, p𝐞cah τerus 😭",d o r a t t gacoг bgt pecah τerus,1.0,0.0,0.0,0.0,1.0
"ma𝐞n 𝐝i 𝘿 𝙊 𝙍 𝘼 𝟳𝟳🧑, c𝐮an ti𝙖p һari",1.0,"ma𝐞n 𝐝i 𝘿 𝙊 𝙍 𝘼 𝟳𝟳🧑, c𝐮an ti𝙖p һari",maen di d o r a tt cuan tiap hari,1.0,0.0,0.0,0.0,1.0
"Mаin d𝐢 𝘿𝙊-𝙍-𝘼-𝟳-𝟳😮, 𝙜ak 𝙧ugi 😀",1.0,"Mаin d𝐢 𝘿𝙊-𝙍-𝘼-𝟳-𝟳😮, 𝙜ak 𝙧ugi 😀",main di do r a t t gak rugi,1.0,0.0,0.0,0.0,1.0
"𝐃 𝐎 𝐑 𝐀𝟕𝟕👈 gacoг banget, peca𝘩 𝘵erus 🦍",1.0,"𝐃 𝐎 𝐑 𝐀𝟕𝟕👈 gacoг banget, peca𝘩 𝘵erus 🦍",d o r att gacoг banget pecah terus,1.0,0.0,0.0,0.0,1.0
"𝗗𝗢 𝗥 𝗔 𝟳 𝟳🤲, me𝘯ang ter𝘶s! 🤾",1.0,"𝗗𝗢 𝗥 𝗔 𝟳 𝟳🤲, me𝘯ang ter𝘶s! 🤾",do r a t t menang terusi,1.0,0.0,0.0,0.0,1.0
"D ORA77🤚 еmang gac𝘩or, 𝐝e pо ke𝙘il bi𝘴a autо 𝙨ultan",1.0,"D ORA77🤚 еmang gac𝘩or, 𝐝e pо ke𝙘il bi𝘴a autо 𝙨ultan",d oratt emang gachor de po kecil bisa auto sultan,1.0,0.0,0.0,0.0,1.0
"𝑀ain di D-ORA77🤦, 𝐣epey terus",1.0,"𝑀ain di D-ORA77🤦, 𝐣epey terus",main di d oratt jepey terus,1.0,0.0,0.0,0.0,1.0
"𝘿𝙊𝙍𝘼 𝟳 𝟳🙅 iпi 𝐛eda ѕih, gacho𝐫nya kebangetan bik𝐢n na𝐠ih",1.0,"𝘿𝙊𝙍𝘼 𝟳 𝟳🙅 iпi 𝐛eda ѕih, gacho𝐫nya kebangetan bik𝐢n na𝐠ih",dora t t iпi beda sih gachornya kebangetan bikin nagih,1.0,0.0,0.0,0.0,1.0
"gaci𝙧 𝐚bis ԁi DORATUJUHTUJUH😫, me𝐧ang teru𝘴",1.0,"gaci𝙧 𝐚bis ԁi DORATUJUHTUJUH😫, me𝐧ang teru𝘴",gacir abis di doratujuhtujuh menang terus,1.0,0.0,0.0,0.0,1.0
"Maiп ԁi DORATUJUH-TUJUH😛, сuan laпcar 🥟",1.0,"Maiп ԁi DORATUJUH-TUJUH😛, сuan laпcar 🥟",maiп di doratujuh tujuh сuan laпcar,1.0,0.0,0.0,0.0,1.0
"G𝘢 boon𝐠, dі 𝐃𝐎𝐑𝐀𝟕𝟕🤘 depо kеcil do𝙖ng bis𝐚 mekswin berkali-kali 🥩",1.0,"G𝘢 boon𝐠, dі 𝐃𝐎𝐑𝐀𝟕𝟕🤘 depо kеcil do𝙖ng bis𝐚 mekswin berkali-kali 🥩",ga boong di doratt depo kecil doang bisa mekswin berkali kali,1.0,0.0,0.0,0.0,1.0
"𝘿𝙊𝙍𝘼 𝟳 𝟳🙅 gacir parah, ga ad𝘢 𝐦atinya",1.0,"𝘿𝙊𝙍𝘼 𝟳 𝟳🙅 gacir parah, ga ad𝘢 𝐦atinya",dora t t gacir parah ga ada matinya,1.0,0.0,0.0,0.0,1.0
"Deрo 𝐫eceh СEPEK ri𝐛u, meks𝘸in auto 10 juta d𝐢 𝐃𝐎𝐑𝐀 𝟕 𝟕👍",1.0,"Deрo 𝐫eceh СEPEK ri𝐛u, meks𝘸in auto 10 juta d𝐢 𝐃𝐎𝐑𝐀 𝟕 𝟕👍",depo receh сepek ribu mekswin auto io juta di dora t t,1.0,0.0,0.0,0.0,0.0
"Gac𝙤r ab𝙞s d𝘪 DORA-TUJUHTUJUH😴, menang tеrus ⚾",1.0,"Gac𝙤r ab𝙞s d𝘪 DORA-TUJUHTUJUH😴, menang tеrus ⚾",gacor abis di dora tujuhtujuh menang terus,0.0,0.0,0.0,0.0,0.0
"Main dі D O RA77🖐, cu𝙖n mudah ⛰",1.0,"Main dі D O RA77🖐, cu𝙖n mudah ⛰",main di d o ratt cuan mudah,0.0,0.0,0.0,0.0,0.0
"Mobil sultan kl saya mending dibeliin rumah 3 M, palisade 1 M, sisanya invest.",0.0,"Mobil sultan kl saya mending dibeliin rumah 3 M, palisade 1 M, sisanya invest.",mobil sultan kl saya mending dibeliin rumah e m palisade i m sisanya invest,0.0,0.0,0.0,0.0,0.0
Pesaing Chery Omoda J6,0.0,Pesaing Chery Omoda J6,pesaing chery omoda j 6,0.0,0.0,0.0,0.0,0.0
Soal mobil listrik eropa udah kalau jauh ma tesla and china..😢,0.0,Soal mobil listrik eropa udah kalau jauh ma tesla and china..😢,soal mobil listrik eropa udah kalau jauh ma tesla and china,0.0,0.0,0.0,0.0,0.0
berasa liat mobil rc wkwk,0.0,berasa liat mobil rc wkwk,berasa liat mobil rc wkwk,1.0,0.0,0.0,0.0,0.0
Mercy masih musim yak?,0.0,Mercy masih musim yak?,mercy masih musim yak,0.0,0.0,0.0,0.0,0.0
Buset lebih Mahal dari rumah gw,0.0,Buset lebih Mahal dari rumah gw,buset lebih mahal dari rumah gw,1.0,0.0,0.0,0.0,1.0
"Jgnkan 5M nya, sisa belakangnya aja masih mahal 😑",0.0,"Jgnkan 5M nya, sisa belakangnya aja masih mahal 😑",jgnkan sm nya sisa belakangnya aja masih mahal,0.0,0.0,0.0,0.0,0.0
"Gw tetap lebih suka yg bukan EV, kalau PHEV baru ok.",0.0,"Gw tetap lebih suka yg bukan EV, kalau PHEV baru ok.",gw tetap lebih suka yg bukan ev kalau phev baru ok,1.0,0.0,0.0,0.0,0.0
Wih bisa muter 360° kyk byd u8,0.0,Wih bisa muter 360° kyk byd u8,wih bisa muter e 6 o kyk byd ub,1.0,0.0,0.0,0.0,0.0
pajak nya brp ya kira2 kalo listrik gini?,0.0,pajak nya brp ya kira2 kalo listrik gini?,pajak nya brp ya kira 2 kalo listrik gini,0.0,0.0,0.0,0.0,0.0
Agak kaget sih kok boros batrenya ternyata tenaganya besar sekali,0.0,Agak kaget sih kok boros batrenya ternyata tenaganya besar sekali,agak kaget sih kok boros batrenya ternyata tenaganya besar sekali,0.0,0.0,0.0,0.0,0.0
Kalau OffTR 5.4M berarti ada kecurigaan OnTR nya 7M 😌,0.0,Kalau OffTR 5.4M berarti ada kecurigaan OnTR nya 7M 😌,kalau offtr s am berarti ada kecurigaan ontr nya tm,1.0,0.0,0.0,0.0,0.0
"1.164 nm edan, setara dump truck",0.0,"1.164 nm edan, setara dump truck",i i 6 a nm edan setara dump truck,1.0,0.0,0.0,0.0,0.0
"G580 ini kayaknya cuma buat decoy product, biar G63 lebih dilirik. tapi ada kemungkinan juga bisa bener2 jadi pengganti nya G-class di masa depan",0.0,"G580 ini kayaknya cuma buat decoy product, biar G63 lebih dilirik. tapi ada kemungkinan juga bisa bener2 jadi pengganti nya G-class di masa depan",gsbo ini kayaknya cuma buat decoy product biar g 6 e lebih dilirik tapi ada kemungkinan juga bisa bener 2 jadi pengganti nya g class di masa depan,1.0,0.0,0.0,0.0,1.0
"Peruntukkannya buat offroad, klo disini sih sayang bgt dipake ke lumpur😅",0.0,"Peruntukkannya buat offroad, klo disini sih sayang bgt dipake ke lumpur😅",peruntukkannya buat offroad klo disini sih sayang bgt dipake ke lumpur,0.0,0.0,0.0,0.0,1.0
Mending ini sih dari pada g63 v8 torsi lebih gila 😃,0.0,Mending ini sih dari pada g63 v8 torsi lebih gila 😃,mending ini sih dari pada g 6 e vb torsi lebih gila,1.0,0.0,0.0,0.0,0.0
Review mobil skrg EV semua ya,0.0,Review mobil skrg EV semua ya,review mobil skrg ev semua ya,1.0,0.0,0.0,0.0,0.0
Wkwkwkwkwk jadi keliatan affordable Chery J6  dapat 10 biji 😂😂😂,0.0,Wkwkwkwkwk jadi keliatan affordable Chery J6  dapat 10 biji 😂😂😂,wkwkwkwkwk jadi keliatan affordable chery j 6 dapat io biji,1.0,0.0,0.0,0.0,0.0
"EV bukannya torsinya 700an Nm ya?🤔,  kok masih dikasih low gear??. kurang nendang kah?.",0.0,"EV bukannya torsinya 700an Nm ya?🤔,  kok masih dikasih low gear??. kurang nendang kah?.",ev bukannya torsinya tooan nm ya kok masih dikasih low gear kurang nendang kah,1.0,0.0,0.0,0.0,0.0
Butuh berapa ginjal ini 😂😅😊,0.0,Butuh berapa ginjal ini 😂😅😊,butuh berapa ginjal ini,0.0,0.0,0.0,0.0,0.0
Tenaganya ga beda jauh sama mobil listriknya geem 🤔,0.0,Tenaganya ga beda jauh sama mobil listriknya geem 🤔,tenaganya ga beda jauh sama mobil listriknya geem,0.0,0.0,0.0,0.0,1.0
Harganya mepet G63 ya.,0.0,Harganya mepet G63 ya.,harganya mepet g 6 e ya,0.0,0.0,0.0,0.0,0.0
Mobilnya sunyi gak ada suara Cocok banget untuk menabrak mantan pacar :v 😂😂😂😂,0.0,Mobilnya sunyi gak ada suara Cocok banget untuk menabrak mantan pacar :v 😂😂😂😂,mobilnya sunyi gak ada suara cocok banget untuk menabrak mantan pacar v,1.0,0.0,0.0,0.0,0.0
"Bаru ma𝘪n ԁepo L𝘐MPUL, laпgsung j𝙖di 5 j𝘶ta 𝘥i D-ORA77🤦, gokil s𝘪h",1.0,"Bаru ma𝘪n ԁepo L𝘐MPUL, laпgsung j𝙖di 5 j𝘶ta 𝘥i D-ORA77🤦, gokil s𝘪h",baru main depo limpul laпgsung jadi s juta di d oratt gokil sih,1.0,0.0,0.0,0.0,1.0
"Pecah teruѕ 𝘥i D-O-R-A-77💇, maxωin 🤞",1.0,"Pecah teruѕ 𝘥i D-O-R-A-77💇, maxωin 🤞",pecah terus di d o r a tt maxωin,1.0,0.0,0.0,0.0,1.0
"Dari pe𝘳tama maen sampe skгg, 𝙙i 𝐃𝐎𝐑𝐀 𝟕 𝟕👍 𝐠a p𝘦rnah zoпk",1.0,"Dari pe𝘳tama maen sampe skгg, 𝙙i 𝐃𝐎𝐑𝐀 𝟕 𝟕👍 𝐠a p𝘦rnah zoпk",dari pertama maen sampe skгg di dora t t ga pernah zoпk,1.0,0.0,0.0,0.0,0.0
"Gokil, gacho𝘳 te𝐫us maiп ԁi 𝐃-𝐎𝐑𝐀𝟕𝟕🤣 bi𝐤in auto ketagihan",1.0,"Gokil, gacho𝘳 te𝐫us maiп ԁi 𝐃-𝐎𝐑𝐀𝟕𝟕🤣 bi𝐤in auto ketagihan",gokil gachor terus maiп di d oratt bikin auto ketagihan,1.0,0.0,0.0,0.0,0.0
gachоr pa𝙧ah main 𝘥i 𝗗 𝗢 𝗥𝗔𝟳𝟳🤛,1.0,gachоr pa𝙧ah main 𝘥i 𝗗 𝗢 𝗥𝗔𝟳𝟳🤛,gachor parah main di d o ratt,0.0,0.0,0.0,0.0,0.0
"𝐃𝐎-𝐑-𝐀-𝟕-𝟕😉 gokil bgt, p𝘦cah t𝐫s 𝙜a sіa2 𝐚njay 🚜",1.0,"𝐃𝐎-𝐑-𝐀-𝟕-𝟕😉 gokil bgt, p𝘦cah t𝐫s 𝙜a sіa2 𝐚njay 🚜",do r a t t gokil bgt pecah trs ga sia 2 anjay,1.0,0.0,0.0,0.0,1.0
"mae𝙣 di 𝗗-𝗢-𝗥-𝗔𝟳𝟳😚, cuan jаdi mud𝙖h",1.0,"mae𝙣 di 𝗗-𝗢-𝗥-𝗔𝟳𝟳😚, cuan jаdi mud𝙖h",maen di d o r att cuan jadi mudah,1.0,0.0,0.0,0.0,0.0
"Si𝙩us gaco𝙧, p𝘢sti menaпg di 𝗗𝗢𝗥𝗔𝟳-𝟳😐 🐴",1.0,"Si𝙩us gaco𝙧, p𝘢sti menaпg di 𝗗𝗢𝗥𝗔𝟳-𝟳😐 🐴",situs gacor pasti menaпg di dorat t,0.0,0.0,0.0,0.0,0.0
"Lu𝐧as utaпg gara-ɡara m𝙖en d𝘪 D-ORA77🤦, 𝙝oki abi𝙨!",1.0,"Lu𝐧as utaпg gara-ɡara m𝙖en d𝘪 D-ORA77🤦, 𝙝oki abi𝙨!",lunas utaпg gara gara maen di d oratt hoki abisi,0.0,0.0,0.0,0.0,1.0
"G𝘢 𝙣gerti lagi, gacһor terus di D O R A 7 7👌 s𝙖mpe 𝙜a bi𝘴a stop",1.0,"G𝘢 𝙣gerti lagi, gacһor terus di D O R A 7 7👌 s𝙖mpe 𝙜a bi𝘴a stop",ga ngerti lagi gachor terus di d o r a t t sampe ga bisa stop,1.0,0.0,0.0,0.0,0.0
"𝘿-𝙊-𝙍-𝘼-𝟳𝟳😣 𝘨achor p𝙖rah, biki𝐧 𝘭upa 𝙬aktu ka𝐫ena nagih mainпya",1.0,"𝘿-𝙊-𝙍-𝘼-𝟳𝟳😣 𝘨achor p𝙖rah, biki𝐧 𝘭upa 𝙬aktu ka𝐫ena nagih mainпya",d o r a tt gachor parah bikin lupa waktu karena nagih mainпya,1.0,0.0,0.0,0.0,0.0
"g𝘢chor banɡet di D-O-RA77🤷, sumpah",1.0,"g𝘢chor banɡet di D-O-RA77🤷, sumpah",gachor banget di d o ratt sumpah,1.0,0.0,0.0,0.0,1.0
mekswin gampang b𝙜t d𝘪 D O R A 7 7👌 🦮,1.0,mekswin gampang b𝙜t d𝘪 D O R A 7 7👌 🦮,mekswin gampang bgt di d o r a t t,1.0,0.0,0.0,0.0,1.0
"mae𝙣 𝘥i 𝐃𝐎𝐑𝐀 𝟕 𝟕👍 ga 𝐬ia2, meκswin p𝐨l",1.0,"mae𝙣 𝘥i 𝐃𝐎𝐑𝐀 𝟕 𝟕👍 ga 𝐬ia2, meκswin p𝐨l",maen di dora t t ga sia 2 meκswin pol,1.0,0.0,0.0,0.0,1.0
"gachor bang𝘦t sumpah, d𝐢 𝗗 𝗢 𝗥 𝗔𝟳𝟳🤜 bi𝘬in 𝘬etagihan мain terus",1.0,"gachor bang𝘦t sumpah, d𝐢 𝗗 𝗢 𝗥 𝗔𝟳𝟳🤜 bi𝘬in 𝘬etagihan мain terus",gachor banget sumpah di d o r att bikin ketagihan мain terus,0.0,0.0,0.0,0.0,1.0
"Baru mаin dep𝐨 LIMPUL, langsυng jad𝘪 5 jut𝘢 ԁi DOR A 7 7✌, g𝙤kil s𝘪h",1.0,"Baru mаin dep𝐨 LIMPUL, langsυng jad𝘪 5 jut𝘢 ԁi DOR A 7 7✌, g𝙤kil s𝘪h",baru main depo limpul langsυng jadi s juta di dor a t t gokil sih,0.0,0.0,0.0,0.0,0.0
"mae𝘯 di D-O-R-A-7-7🧑, men𝘢ng gmpng",1.0,"mae𝘯 di D-O-R-A-7-7🧑, men𝘢ng gmpng",maen di d o r a t t menang gmpng,1.0,0.0,0.0,0.0,0.0
"Dep𝘰 keci𝘭, 𝘮axwin 𝘣esar 𝘥i DORATUJUHTUJUH😫 😘",1.0,"Dep𝘰 keci𝘭, 𝘮axwin 𝘣esar 𝘥i DORATUJUHTUJUH😫 😘",depo kecil maxwin besar di doratujuhtujuh,1.0,0.0,0.0,0.0,1.0
Mobil yg kena Recall,0.0,Mobil yg kena Recall,mobil yg kena recall,1.0,0.0,0.0,0.0,0.0
"Mau tanya dong..kira"" Apa nya yah ko suka ngerem ngedadak",0.0,"Mau tanya dong..kira"" Apa nya yah ko suka ngerem ngedadak",mau tanya dong kira apa nya yah ko suka ngerem ngedadak,1.0,0.0,0.0,0.0,0.0
Dp bisa pake beras ketan ga ?,0.0,Dp bisa pake beras ketan ga ?,dp bisa pake beras ketan ga,1.0,0.0,0.0,0.0,0.0
7 seater bukan sih?,0.0,7 seater bukan sih?,t seater bukan sih,0.0,0.0,0.0,0.0,0.0
ini gk pke masker andalan kah?,0.0,ini gk pke masker andalan kah?,ini gk pke masker andalan kah,1.0,0.0,0.0,0.0,1.0
Kapan BYD buat mobil LFP sejuta umat😊😊😊❤,0.0,Kapan BYD buat mobil LFP sejuta umat😊😊😊❤,kapan byd buat mobil lfp sejuta umat,0.0,0.0,0.0,0.0,0.0
Kaget pas layar nya di puter😅,0.0,Kaget pas layar nya di puter😅,kaget pas layar nya di puter,1.0,0.0,0.0,0.0,1.0
"Ukuran pas bgt, mirip dengan honda jazz. Fearure berlimpah",0.0,"Ukuran pas bgt, mirip dengan honda jazz. Fearure berlimpah",ukuran pas bgt mirip dengan honda jazz fearure berlimpah,1.0,0.0,0.0,0.0,1.0
"Desainnya bagus luar dalem, buat saya ini lebih cocok jadi ALL New Honda Jazz 😂 😂",0.0,"Desainnya bagus luar dalem, buat saya ini lebih cocok jadi ALL New Honda Jazz 😂 😂",desainnya bagus luar dalem buat saya ini lebih cocok jadi all new honda jazz,1.0,0.0,0.0,0.0,1.0
"Performanya menurut kami di atas rata2 , mobil kecil dengan tenaga sebesar itu",0.0,"Performanya menurut kami di atas rata2 , mobil kecil dengan tenaga sebesar itu",performanya menurut kami di atas rata 2 mobil kecil dengan tenaga sebesar itu,1.0,0.0,0.0,0.0,1.0
"Main d𝙞 𝘿-𝙊-𝙍-𝘼𝟳𝟳😏 ɡa p𝙚rnah z𝘰nk, gachor t𝘳s bikіn lup𝐚 waktu",1.0,"Main d𝙞 𝘿-𝙊-𝙍-𝘼𝟳𝟳😏 ɡa p𝙚rnah z𝘰nk, gachor t𝘳s bikіn lup𝐚 waktu",main di d o r att ga pernah zonk gachor trs bikin lupa waktu,1.0,0.0,0.0,0.0,0.0
"M𝙖in ԁi 𝐃𝐎𝐑𝐀-𝟕-𝟕😎, cυan mu𝘥ah 🏡",1.0,"M𝙖in ԁi 𝐃𝐎𝐑𝐀-𝟕-𝟕😎, cυan mu𝘥ah 🏡",main di dora t t cυan mudah,1.0,0.0,0.0,0.0,0.0
"Ket𝘢gihan ma𝙞n 𝘥i 𝗗𝗢-𝗥-𝗔-𝟳-𝟳🤩, gachor ter𝙪s jеpe g𝘢 a𝙙a lawaп",1.0,"Ket𝘢gihan ma𝙞n 𝘥i 𝗗𝗢-𝗥-𝗔-𝟳-𝟳🤩, gachor ter𝙪s jеpe g𝘢 a𝙙a lawaп",ketagihan main di do r a t t gachor terus jepe ga ada lawaп,1.0,0.0,0.0,0.0,0.0
D ORA77🤚 emang gacir bangeτ,1.0,D ORA77🤚 emang gacir bangeτ,d oratt emang gacir bangeτ,1.0,0.0,0.0,0.0,1.0
Pe𝙘ah ban𝐠et 𝘥i 𝘿-𝙊-𝙍-𝘼-𝟳𝟳😣 🦕,1.0,Pe𝙘ah ban𝐠et 𝘥i 𝘿-𝙊-𝙍-𝘼-𝟳𝟳😣 🦕,pecah banget di d o r a tt,0.0,0.0,0.0,0.0,0.0
Bang bahas soal potongan driver ojol berani gak? Kalau berani saya kasih datanya.,1.0,Bang bahas soal potongan driver ojol berani gak? Kalau berani saya kasih datanya.,bang bahas soal potongan driver ojol berani gak kalau berani saya kasih datanya,1.0,0.0,0.0,0.0,0.0
jangan investor yang lokal aja baru mau mulai udah di sambut sama ormas sialan,1.0,jangan investor yang lokal aja baru mau mulai udah di sambut sama ormas sialan,jangan investor yang lokal aja baru mau mulai udah di sambut sama ormas sialan,1.0,0.0,0.0,0.0,0.0
"maen dі DORA-TUJUH-TUJUH😌, c𝐮an jаdi mudah",1.0,"maen dі DORA-TUJUH-TUJUH😌, c𝐮an jаdi mudah",maen di dora tujuh tujuh cuan jadi mudah,1.0,0.0,0.0,0.0,1.0
"Kaⅼo u𝘥ah ma𝐞n di 𝐃𝐎𝐑𝐀𝟕 𝟕👎, ke𝙩agihan pas𝙩i soalnya g𝙖chor b𝙜t",1.0,"Kaⅼo u𝘥ah ma𝐞n di 𝐃𝐎𝐑𝐀𝟕 𝟕👎, ke𝙩agihan pas𝙩i soalnya g𝙖chor b𝙜t",kalo udah maen di dorat t ketagihan pasti soalnya gachor bgt,0.0,0.0,0.0,0.0,0.0
"D ORA77🤚 g𝐚chor a𝘣is, sekali maen lаngsung pengen la𝘨i",1.0,"D ORA77🤚 g𝐚chor a𝘣is, sekali maen lаngsung pengen la𝘨i",d oratt gachor abis sekali maen langsung pengen lagi,1.0,0.0,0.0,0.0,0.0
"M𝙖in di DORATUJUHTUJUH💁, maxwіn ud𝙖h aut𝐨 𝙜as 🎖",1.0,"M𝙖in di DORATUJUHTUJUH💁, maxwіn ud𝙖h aut𝐨 𝙜as 🎖",main di doratujuhtujuh maxwin udah auto gas,0.0,0.0,0.0,0.0,1.0
"DO R A 7 7🤏 gaciг bg𝙩, mena𝙣g terυs",1.0,"DO R A 7 7🤏 gaciг bg𝙩, mena𝙣g terυs",do r a t t gaciг bgt menang terυs,0.0,0.0,0.0,0.0,1.0
"Kalo uda𝙝 m𝘢in di 𝐃-𝐎𝐑𝐀𝟕𝟕🤣, ketagihan рasti soalny𝙖 g𝐚cir bgτ 🐡",1.0,"Kalo uda𝙝 m𝘢in di 𝐃-𝐎𝐑𝐀𝟕𝟕🤣, ketagihan рasti soalny𝙖 g𝐚cir bgτ 🐡",kalo udah main di d oratt ketagihan pasti soalnya gacir bgτ,1.0,0.0,0.0,0.0,0.0
"j𝘦pey ga𝙢pang banget, maіn di 𝗗𝗢𝗥-𝗔-𝟳-𝟳🤔",1.0,"j𝘦pey ga𝙢pang banget, maіn di 𝗗𝗢𝗥-𝗔-𝟳-𝟳🤔",jepey gampang banget main di dor a t t,0.0,0.0,0.0,0.0,0.0
"DORA7-7😁, menan𝙜 𝘵erus! 🎽",1.0,"DORA7-7😁, menan𝙜 𝘵erus! 🎽",dorat t menang terusi,0.0,0.0,0.0,0.0,1.0
"gaсir bange𝐭 d𝐢 dora77😘, su𝘮pah",1.0,"gaсir bange𝐭 d𝐢 dora77😘, su𝘮pah",gaсir banget di doratt sumpah,0.0,0.0,0.0,0.0,0.0
𝗗-𝗢-𝗥-𝗔-𝟳𝟳🙂 inі 𝙗eneran gacir 🔸,1.0,𝗗-𝗢-𝗥-𝗔-𝟳𝟳🙂 inі 𝙗eneran gacir 🔸,d o r a tt ini beneran gacir,0.0,0.0,0.0,0.0,1.0
"Maxwi𝐧 τiap h𝙖ri ԁi 𝘿𝙊𝙍𝘼 𝟳 𝟳🙅, ser𝘪us 𝘨a bo𝐨ng ♑",1.0,"Maxwi𝐧 τiap h𝙖ri ԁi 𝘿𝙊𝙍𝘼 𝟳 𝟳🙅, ser𝘪us 𝘨a bo𝐨ng ♑",maxwin τiap hari di dora t t serius ga boong,0.0,0.0,0.0,0.0,1.0
"DORATUJUH-TUJUH😛 max𝘸in, peca𝙝 terus 🕌",1.0,"DORATUJUH-TUJUH😛 max𝘸in, peca𝙝 terus 🕌",doratujuh tujuh maxwin pecah terus,0.0,0.0,0.0,0.0,0.0
Ga𝐜or paгah d𝙞 𝗗𝗢𝗥𝗔 𝟳 𝟳🦾 🐃,1.0,Ga𝐜or paгah d𝙞 𝗗𝗢𝗥𝗔 𝟳 𝟳🦾 🐃,gacor paгah di dora t t,0.0,0.0,0.0,0.0,0.0
"DORA TUJUHTUJUH🙋 еmang beda, maxwiп terυs 🗺",1.0,"DORA TUJUHTUJUH🙋 еmang beda, maxwiп terυs 🗺",dora tujuhtujuh emang beda maxwiп terυs,0.0,0.0,0.0,0.0,0.0
P𝘦cah bange𝙩 𝘥i 𝘿𝙊𝙍𝘼-𝟳-𝟳😯 🐘,1.0,P𝘦cah bange𝙩 𝘥i 𝘿𝙊𝙍𝘼-𝟳-𝟳😯 🐘,pecah banget di dora t t,0.0,0.0,0.0,0.0,0.0
"gаcir pa𝐫ah di DORA TUJUH TUJUH🧏‍♂, υtang langsung bereѕ! 🏅",1.0,"gаcir pa𝐫ah di DORA TUJUH TUJUH🧏‍♂, υtang langsung bereѕ! 🏅",gacir parah di dora tujuh tujuh υtang langsung beresi,0.0,0.0,0.0,0.0,0.0
"gachor b𝙜t d𝘪 DORATUJUHTUJUH😫, bisa mena𝘯g tia𝙥 haгi",1.0,"gachor b𝙜t d𝘪 DORATUJUHTUJUH😫, bisa mena𝘯g tia𝙥 haгi",gachor bgt di doratujuhtujuh bisa menang tiap haгi,0.0,0.0,0.0,0.0,1.0
Banyak Ormas minta jatah😂😂😂😂😂😂,1.0,Banyak Ormas minta jatah😂😂😂😂😂😂,banyak ormas minta jatah,0.0,0.0,0.0,0.0,0.0
Rezeki ngalir deras auto jepe bareng T O K E 6 9,1.0,Rezeki ngalir deras auto jepe bareng T O K E 6 9,rezeki ngalir deras auto jepe bareng t o k e 6 g,0.0,0.0,0.0,0.0,0.0
modal 50k jadi 500k makasi T O K E 6 9,1.0,modal 50k jadi 500k makasi T O K E 6 9,modal sok jadi sook makasi t o k e 6 g,0.0,0.0,0.0,0.0,0.0
Salam dari T O K E 6 9,1.0,Salam dari T O K E 6 9,salam dari t o k e 6 g,0.0,0.0,0.0,0.0,1.0
Rezeki gak ada putusnya makasi T O K E 6 9,1.0,Rezeki gak ada putusnya makasi T O K E 6 9,rezeki gak ada putusnya makasi t o k e 6 g,0.0,0.0,0.0,0.0,0.0
Saya akan terus mendukung T O K E 6 9,1.0,Saya akan terus mendukung T O K E 6 9,saya akan terus mendukung t o k e 6 g,0.0,0.0,0.0,0.0,0.0
Keberuntungan saya bener-bener gacir di T O K E 6 9 nggak nyangka!,1.0,Keberuntungan saya bener-bener gacir di T O K E 6 9 nggak nyangka!,keberuntungan saya bener bener gacir di t o k e 6 g nggak nyangkai,0.0,0.0,0.0,0.0,0.0
emang terbaik si T O K E 6 9,1.0,emang terbaik si T O K E 6 9,emang terbaik si t o k e 6 g,0.0,0.0,0.0,0.0,0.0
Ada yg bilang TKDN pun juga banyak yg abal2.. ganti label doang 😅,0.0,Ada yg bilang TKDN pun juga banyak yg abal2.. ganti label doang 😅,ada yg bilang tkdn pun juga banyak yg abal 2 ganti label doang,0.0,0.0,0.0,0.0,0.0
"Kita sj gak percaya sama birokrasi dalam negeri, apa lagi orang luar.",0.0,"Kita sj gak percaya sama birokrasi dalam negeri, apa lagi orang luar.",kita sj gak percaya sama birokrasi dalam negeri apa lagi orang luar,0.0,0.0,0.0,0.0,0.0
Salah satu cara pemerintah meyusahkan rakyat tercintanya ini😍,0.0,Salah satu cara pemerintah meyusahkan rakyat tercintanya ini😍,salah satu cara pemerintah meyusahkan rakyat tercintanya ini,0.0,0.0,0.0,0.0,0.0
"Jadi menurut mas Raymond Chin TKDN bakal ttp menghambat gk bila sdm, birokrasi, stabilitas politik, dll bagus",0.0,"Jadi menurut mas Raymond Chin TKDN bakal ttp menghambat gk bila sdm, birokrasi, stabilitas politik, dll bagus",jadi menurut mas raymond chin tkdn bakal ttp menghambat gk bila sdm birokrasi stabilitas politik dll bagus,0.0,0.0,0.0,0.0,0.0
Tapi produk china ga perlu beginian. Mereka masuk dulu ketika pabriknya baru saja di bikin pondasi udah jualan. Ampe lg n kawan kawan kesel.,0.0,Tapi produk china ga perlu beginian. Mereka masuk dulu ketika pabriknya baru saja di bikin pondasi udah jualan. Ampe lg n kawan kawan kesel.,tapi produk china ga perlu beginian mereka masuk dulu ketika pabriknya baru saja di bikin pondasi udah jualan ampe lg n kawan kawan kesel,0.0,0.0,0.0,0.0,0.0
"labil ya negara kita, birokrasi nya terlalu berbelit belit
ga usah deh jauh jauh ke investor asing, kita aja masyarakat biasa yang cuma butuh tanda tangan sekelas kades dan camat aja birokrasi nya luar biasa mas😹😹😹",0.0,"labil ya negara kita, birokrasi nya terlalu berbelit belit
ga usah deh jauh jauh ke investor asing, kita aja masyarakat biasa yang cuma butuh tanda tangan sekelas kades dan camat aja birokrasi nya luar biasa mas😹😹😹",labil ya negara kita birokrasi nya terlalu berbelit belit ga usah deh jauh jauh ke investor asing kita aja masyarakat biasa yang cuma butuh tanda tangan sekelas kades dan camat aja birokrasi nya luar biasa mas,0.0,0.0,0.0,0.0,0.0
"alasan paling mutlak sih, di Indonesia Warganya Kualifikasi Rendah tapi menuntut gaji tinggi😂",0.0,"alasan paling mutlak sih, di Indonesia Warganya Kualifikasi Rendah tapi menuntut gaji tinggi😂",alasan paling mutlak sih di indonesia warganya kualifikasi rendah tapi menuntut gaji tinggi,0.0,0.0,0.0,0.0,0.0
"🎯 Masuk, spin, menang! Simple di macau328! 🚀",1.0,"🎯 Masuk, spin, menang! Simple di macau328! 🚀",masuk spin menangi simple di macaue 2 bi,0.0,0.0,0.0,0.0,0.0
"Mantap sekali! Main di macau328  lancar, cuan pun lancar jaya!",1.0,"Mantap sekali! Main di macau328  lancar, cuan pun lancar jaya!",mantap sekalii main di macaue 2 b lancar cuan pun lancar jayai,0.0,0.0,0.0,0.0,0.0
"Bikin penasaran banget, dapet jakpot besar cuma dalam sekali coba di macau328 !",1.0,"Bikin penasaran banget, dapet jakpot besar cuma dalam sekali coba di macau328 !",bikin penasaran banget dapet jakpot besar cuma dalam sekali coba di macaue 2 b i,0.0,0.0,0.0,0.0,1.0
"Sungguh luar biasa! macau328 membuat ketagihan berat, sulit untuk berhenti!",1.0,"Sungguh luar biasa! macau328 membuat ketagihan berat, sulit untuk berhenti!",sungguh luar biasai macaue 2 b membuat ketagihan berat sulit untuk berhentii,0.0,0.0,0.0,0.0,1.0
"Main di macau328 seru banget, hasilnya nggak mengecewakan!",1.0,"Main di macau328 seru banget, hasilnya nggak mengecewakan!",main di macaue 2 b seru banget hasilnya nggak mengecewakani,0.0,0.0,0.0,0.0,1.0
"Begitu mantap! Bermain di macau328 lancar, rezeki pun mengalir dengan deras!",1.0,"Begitu mantap! Bermain di macau328 lancar, rezeki pun mengalir dengan deras!",begitu mantapi bermain di macaue 2 b lancar rezeki pun mengalir dengan derasi,0.0,0.0,0.0,0.0,0.0
"⚡ Semua jadi mungkin, karena macau328 terbaik! 🎰💥",1.0,"⚡ Semua jadi mungkin, karena macau328 terbaik! 🎰💥",semua jadi mungkin karena macaue 2 b terbaiki,0.0,0.0,0.0,0.0,1.0
🎰 Jackpot tiap hari! Gas terus di macau328! 💥💰,1.0,🎰 Jackpot tiap hari! Gas terus di macau328! 💥💰,jackpot tiap harii gas terus di macaue 2 bi,0.0,0.0,0.0,0.0,1.0
Main disini bikin kantong tebel macau328,1.0,Main disini bikin kantong tebel macau328,main disini bikin kantong tebel macaue 2 b,0.0,0.0,0.0,0.0,0.0
"Gak mau ketinggalan, main di macau328 langsung dapet jakpot gede!",1.0,"Gak mau ketinggalan, main di macau328 langsung dapet jakpot gede!",gak mau ketinggalan main di macaue 2 b langsung dapet jakpot gedei,0.0,0.0,0.0,0.0,0.0
"Jantung berdebar tak karuan menunggu JP di macau328 , dan akhirnya jackpot pun berhasil diraih!",1.0,"Jantung berdebar tak karuan menunggu JP di macau328 , dan akhirnya jackpot pun berhasil diraih!",jantung berdebar tak karuan menunggu jp di macaue 2 b dan akhirnya jackpot pun berhasil diraihi,1.0,0.0,0.0,0.0,1.0
"💎 Hoki tiada henti di macau328, ayo main! 🚀",1.0,"💎 Hoki tiada henti di macau328, ayo main! 🚀",hoki tiada henti di macaue 2 b ayo maini,0.0,0.0,0.0,0.0,0.0
"Gak sabar buat main lagi di  macau328, karena rezeki datang tak terduga!",1.0,"Gak sabar buat main lagi di  macau328, karena rezeki datang tak terduga!",gak sabar buat main lagi di macaue 2 b karena rezeki datang tak terdugai,0.0,0.0,0.0,0.0,0.0
"📊 Cuan lancar tiap hari, cuma di macau328! 💎",1.0,"📊 Cuan lancar tiap hari, cuma di macau328! 💎",cuan lancar tiap hari cuma di macaue 2 bi,1.0,0.0,0.0,0.0,0.0
"Rezeki hari ini datang dari macau328 , makasih atas keberuntungannya!",1.0,"Rezeki hari ini datang dari macau328 , makasih atas keberuntungannya!",rezeki hari ini datang dari macaue 2 b makasih atas keberuntungannyai,1.0,0.0,0.0,0.0,0.0
"Parah! macau328 bikin nagih banget, susah berhenti!",1.0,"Parah! macau328 bikin nagih banget, susah berhenti!",parahi macaue 2 b bikin nagih banget susah berhentii,1.0,0.0,0.0,0.0,0.0
"🎯 Rezeki selalu datang di macau328, langsung coba! 🔥🚀",1.0,"🎯 Rezeki selalu datang di macau328, langsung coba! 🔥🚀",rezeki selalu datang di macaue 2 b langsung cobai,0.0,0.0,0.0,0.0,0.0
Sikat terus di macau328! Dijamin cuan gak ada habisnya!,1.0,Sikat terus di macau328! Dijamin cuan gak ada habisnya!,sikat terus di macaue 2 bi dijamin cuan gak ada habisnyai,1.0,0.0,0.0,0.0,0.0
🔥 Gak ada lawan! macau328 selalu gacor! 💰,1.0,🔥 Gak ada lawan! macau328 selalu gacor! 💰,gak ada lawani macaue 2 b selalu gacori,0.0,0.0,0.0,0.0,0.0
Semoga rezeki yang berasal dari macau328 membawa manfaat bagi sesama!,1.0,Semoga rezeki yang berasal dari macau328 membawa manfaat bagi sesama!,semoga rezeki yang berasal dari macaue 2 b membawa manfaat bagi sesamai,1.0,0.0,0.0,0.0,0.0
"⚡ Spin santai, jackpot datang sendiri! macau328 gacor abis! 💰🎯",1.0,"⚡ Spin santai, jackpot datang sendiri! macau328 gacor abis! 💰🎯",spin santai jackpot datang sendirii macaue 2 b gacor abisi,1.0,0.0,0.0,0.0,0.0
"Mantap betul main di macau328, cuan terus menerus!",1.0,"Mantap betul main di macau328, cuan terus menerus!",mantap betul main di macaue 2 b cuan terus menerusi,0.0,0.0,0.0,0.0,0.0
⚡ Semua jadi mungkin di macau328! 💎,1.0,⚡ Semua jadi mungkin di macau328! 💎,semua jadi mungkin di macaue 2 bi,1.0,0.0,0.0,0.0,0.0
"💥 Spin dikit, jackpot besar! macau328 emang beda! 🔥🚀",1.0,"💥 Spin dikit, jackpot besar! macau328 emang beda! 🔥🚀",spin dikit jackpot besari macaue 2 b emang bedai,0.0,0.0,0.0,0.0,0.0
🎯 Auto kaya dengan main di macau328! 💰,1.0,🎯 Auto kaya dengan main di macau328! 💰,auto kaya dengan main di macaue 2 bi,0.0,0.0,0.0,0.0,0.0
"🔥 Gokil sih, macau328 bikin saldo tebel terus! 🔥",1.0,"🔥 Gokil sih, macau328 bikin saldo tebel terus! 🔥",gokil sih macaue 2 b bikin saldo tebel terusi,1.0,0.0,0.0,0.0,0.0
"🔥 Jackpot bukan lagi mimpi, nyata di macau328! 💰",1.0,"🔥 Jackpot bukan lagi mimpi, nyata di macau328! 💰",jackpot bukan lagi mimpi nyata di macaue 2 bi,1.0,0.0,0.0,0.0,0.0
🎯 Game yang bikin dompet makin tebal! macau328! 🚀,1.0,🎯 Game yang bikin dompet makin tebal! macau328! 🚀,game yang bikin dompet makin tebali macaue 2 bi,1.0,0.0,0.0,0.0,1.0
"Main di macau328  bikin kantong tebal, rezeki melimpah ruah!",1.0,"Main di macau328  bikin kantong tebal, rezeki melimpah ruah!",main di macaue 2 b bikin kantong tebal rezeki melimpah ruahi,1.0,0.0,0.0,0.0,0.0
💎 Gak ada lawan! macau328 selalu bikin menang! 🎰💰,1.0,💎 Gak ada lawan! macau328 selalu bikin menang! 🎰💰,gak ada lawani macaue 2 b selalu bikin menangi,1.0,0.0,0.0,0.0,0.0
Rezeki dari macau328 bikin senyum lebar hari ini. Terima kasih banyak!,1.0,Rezeki dari macau328 bikin senyum lebar hari ini. Terima kasih banyak!,rezeki dari macaue 2 b bikin senyum lebar hari ini terima kasih banyaki,1.0,0.0,0.0,0.0,0.0
"Ternyata main di  macau328  bikin rezeki datang begitu saja, langsung gacir!",1.0,"Ternyata main di  macau328  bikin rezeki datang begitu saja, langsung gacir!",ternyata main di macaue 2 b bikin rezeki datang begitu saja langsung gaciri,1.0,0.0,0.0,0.0,1.0
"🎯 Putar terus, menang terus! macau328 mantap! 🚀",1.0,"🎯 Putar terus, menang terus! macau328 mantap! 🚀",putar terus menang terusi macaue 2 b mantapi,1.0,0.0,0.0,0.0,0.0
"Bang semalem gw mimpi, lu ada di barisan Roy CS ikut sidang ijasah palsu.... 😂😂😂",0.0,"Bang semalem gw mimpi, lu ada di barisan Roy CS ikut sidang ijasah palsu.... 😂😂😂",bang semalem gw mimpi lu ada di barisan roy cs ikut sidang ijasah palsu,1.0,0.0,0.0,0.0,1.0
Vietnam dan Malaysia sudah jauh melangkah.  🎉,0.0,Vietnam dan Malaysia sudah jauh melangkah.  🎉,vietnam dan malaysia sudah jauh melangkah,1.0,0.0,0.0,0.0,1.0
banyak yg tanya gen z terbuat dari apa sih? dari batu nisan WKWKWK,0.0,banyak yg tanya gen z terbuat dari apa sih? dari batu nisan WKWKWK,banyak yg tanya gen z terbuat dari apa sih dari batu nisan wkwkwk,1.0,0.0,0.0,0.0,0.0
#Tambang_Merah🎉,0.0,#Tambang_Merah🎉,tambang_merah,1.0,0.0,0.0,0.0,0.0
"Ѕitus gаcir, pas𝙩i men𝙖ng d𝐢 𝐃 𝐎 𝐑 𝐀 𝟕 𝟕👆 🆕",1.0,"Ѕitus gаcir, pas𝙩i men𝙖ng d𝐢 𝐃 𝐎 𝐑 𝐀 𝟕 𝟕👆 🆕",ѕitus gacir pasti menang di d o r a t t,1.0,0.0,0.0,0.0,0.0
"gac𝘪r pa𝐫ah dі 𝗗-𝗢𝗥𝗔𝟳𝟳😗, utaпg langsung beres! 🩰",1.0,"gac𝘪r pa𝐫ah dі 𝗗-𝗢𝗥𝗔𝟳𝟳😗, utaпg langsung beres! 🩰",gacir parah di d oratt utaпg langsung beresi,0.0,0.0,0.0,0.0,0.0
"Jepe trs d𝙞 𝘿 𝙊 𝙍 𝘼 𝟳𝟳🧑, asli 𝘣ikin nаgih ga pernah be𝐫henti maіn 🦄",1.0,"Jepe trs d𝙞 𝘿 𝙊 𝙍 𝘼 𝟳𝟳🧑, asli 𝘣ikin nаgih ga pernah be𝐫henti maіn 🦄",jepe trs di d o r a tt asli bikin nagih ga pernah berhenti main,0.0,0.0,0.0,0.0,1.0
𝐃ari 50 𝘳ibu k𝐞 5 𝙟uta tu𝐡 c𝘶ma dі DORA TUJUHTUJUH🙋. gaciг bener 🦑,1.0,𝐃ari 50 𝘳ibu k𝐞 5 𝙟uta tu𝐡 c𝘶ma dі DORA TUJUHTUJUH🙋. gaciг bener 🦑,dari so ribu ke s juta tuh cuma di dora tujuhtujuh gaciг bener,0.0,0.0,0.0,0.0,1.0
"Gila bener, de𝙥o CEPE𝐊 rib𝘶 𝘫adi cu𝙖n 10 jut𝙖. 𝐃-𝐎-𝐑-𝐀-𝟕-𝟕😆 τop banget",1.0,"Gila bener, de𝙥o CEPE𝐊 rib𝘶 𝘫adi cu𝙖n 10 jut𝙖. 𝐃-𝐎-𝐑-𝐀-𝟕-𝟕😆 τop banget",gila bener depo cepek ribu jadi cuan io juta d o r a t t τop banget,1.0,0.0,0.0,0.0,0.0
DORA-7-7😀 de pо 𝐝ikit luna𝙨 utang cok,1.0,DORA-7-7😀 de pо 𝐝ikit luna𝙨 utang cok,dora t t de po dikit lunas utang cok,1.0,0.0,0.0,0.0,1.0
"B𝙖ru 𝘮aen d𝙚 pо 50, la𝐧gsung j𝐚di 5 j𝐮ta 𝙙i 𝗗 𝗢𝗥𝗔𝟳𝟳👊, goκil s𝐢h",1.0,"B𝙖ru 𝘮aen d𝙚 pо 50, la𝐧gsung j𝐚di 5 j𝐮ta 𝙙i 𝗗 𝗢𝗥𝗔𝟳𝟳👊, goκil s𝐢h",baru maen de po so langsung jadi s juta di d oratt goκil sih,1.0,0.0,0.0,0.0,1.0
"D𝙚po 100, la𝙣gsung mekswi𝐧 di 𝗗𝗢𝗥𝗔-𝟳-𝟳🤨 🆒",1.0,"D𝙚po 100, la𝙣gsung mekswi𝐧 di 𝗗𝗢𝗥𝗔-𝟳-𝟳🤨 🆒",depo ioo langsung mekswin di dora t t,0.0,0.0,0.0,0.0,1.0
"gac𝙞r bange𝙩, 𝐣angan lewatk𝐚n DORATUJUHTUJUH😫",1.0,"gac𝙞r bange𝙩, 𝐣angan lewatk𝐚n DORATUJUHTUJUH😫",gacir banget jangan lewatkan doratujuhtujuh,0.0,0.0,0.0,0.0,1.0
"jеpey t𝐫s 𝙙i 𝐃𝐎𝐑-𝐀-𝟕-𝟕😋, asⅼi biki𝐧 nag𝐢h 𝘨a pernah berhen𝙩i mai𝐧",1.0,"jеpey t𝐫s 𝙙i 𝐃𝐎𝐑-𝐀-𝟕-𝟕😋, asⅼi biki𝐧 nag𝐢h 𝘨a pernah berhen𝙩i mai𝐧",jepey trs di dor a t t asli bikin nagih ga pernah berhenti main,1.0,0.0,0.0,0.0,1.0
"S𝘪tus gaco𝐫, pas𝙩i me𝙣ang ԁi 𝘿-𝙊-𝙍-𝘼-𝟳-𝟳😥 🐮",1.0,"S𝘪tus gaco𝐫, pas𝙩i me𝙣ang ԁi 𝘿-𝙊-𝙍-𝘼-𝟳-𝟳😥 🐮",situs gacor pasti menang di d o r a t t,1.0,0.0,0.0,0.0,1.0
"Gilа ben𝙚r, ԁepo 100 riЬu 𝐣adi cuan 10 juta. 𝘿 𝙊 𝙍 𝘼 𝟳 𝟳👩‍🦲 to𝐩 banget 🥑",1.0,"Gilа ben𝙚r, ԁepo 100 riЬu 𝐣adi cuan 10 juta. 𝘿 𝙊 𝙍 𝘼 𝟳 𝟳👩‍🦲 to𝐩 banget 🥑",gila bener depo ioo riьu jadi cuan io juta d o r a t t top banget,0.0,0.0,0.0,0.0,1.0
"Utang ke𝙡ar gara-ga𝐫a 𝘮ain ԁi 𝗗𝗢 𝗥 𝗔 𝟳 𝟳🤲, a𝐬li ga𝐜ir b𝘢nget! 🏔",1.0,"Utang ke𝙡ar gara-ga𝐫a 𝘮ain ԁi 𝗗𝗢 𝗥 𝗔 𝟳 𝟳🤲, a𝐬li ga𝐜ir b𝘢nget! 🏔",utang kelar gara gara main di do r a t t asli gacir bangeti,1.0,0.0,0.0,0.0,1.0
"𝘨achor ban𝙜et d𝙞 𝘿-𝙊𝙍𝘼𝟳𝟳😶, langsu𝙣g jep𝙚",1.0,"𝘨achor ban𝙜et d𝙞 𝘿-𝙊𝙍𝘼𝟳𝟳😶, langsu𝙣g jep𝙚",gachor banget di d oratt langsung jepe,0.0,0.0,0.0,0.0,1.0
"DORA-TUJUHTUJUH😴 emаng ɡacir, aut𝘰 mekswіn",1.0,"DORA-TUJUHTUJUH😴 emаng ɡacir, aut𝘰 mekswіn",dora tujuhtujuh emang gacir auto mekswin,0.0,0.0,0.0,0.0,1.0
"gac𝐡or ba𝐧get, main di DOR A 7 7✌",1.0,"gac𝐡or ba𝐧get, main di DOR A 7 7✌",gachor banget main di dor a t t,1.0,0.0,0.0,0.0,1.0
Darі utang nump𝙪k jad𝐢 sultan abi𝙨 mae𝙣 ԁi 𝗗-𝗢-𝗥-𝗔-𝟳-𝟳🤗,1.0,Darі utang nump𝙪k jad𝐢 sultan abi𝙨 mae𝙣 ԁi 𝗗-𝗢-𝗥-𝗔-𝟳-𝟳🤗,dari utang numpuk jadi sultan abis maen di d o r a t t,0.0,0.0,0.0,0.0,1.0
"DORATUJUH-TUJUH😛 g𝙖chor ab𝐢s, sekal𝐢 𝐦aen l𝐚ngsung 𝙥engen la𝐠i",1.0,"DORATUJUH-TUJUH😛 g𝙖chor ab𝐢s, sekal𝐢 𝐦aen l𝐚ngsung 𝙥engen la𝐠i",doratujuh tujuh gachor abis sekali maen langsung pengen lagi,1.0,0.0,0.0,0.0,1.0
"ԁe po 50 a𝙟a 𝙪dah j𝙖di 5 jut𝐚, 𝙜a nyang𝙠a bgt maеn dі 𝐃 𝐎𝐑𝐀𝟕𝟕🤙",1.0,"ԁe po 50 a𝙟a 𝙪dah j𝙖di 5 jut𝐚, 𝙜a nyang𝙠a bgt maеn dі 𝐃 𝐎𝐑𝐀𝟕𝟕🤙",de po so aja udah jadi s juta ga nyangka bgt maen di d oratt,1.0,0.0,0.0,0.0,1.0
"Au𝘵o 𝐬ultan, ma𝘪n di 𝘿 𝙊 𝙍 𝘼 𝟳 𝟳👩‍🦲 maxwіn τrs 💺",1.0,"Au𝘵o 𝐬ultan, ma𝘪n di 𝘿 𝙊 𝙍 𝘼 𝟳 𝟳👩‍🦲 maxwіn τrs 💺",auto sultan main di d o r a t t maxwin τrs,1.0,0.0,0.0,0.0,1.0
"Pe𝙘ah 𝐛anget 𝙙i DORA77👋, jepe 🐐",1.0,"Pe𝙘ah 𝐛anget 𝙙i DORA77👋, jepe 🐐",pecah banget di doratt jepe,0.0,0.0,0.0,0.0,0.0
Visual and editingnya nambah keren euy,1.0,Visual and editingnya nambah keren euy,visual and editingnya nambah keren euy,0.0,0.0,0.0,0.0,0.0
Setiap hari selalu ada hal-hal baru dan menarik dari T O K E 6 9 bikin rasa penasaran terus terjaga!,1.0,Setiap hari selalu ada hal-hal baru dan menarik dari T O K E 6 9 bikin rasa penasaran terus terjaga!,setiap hari selalu ada hal hal baru dan menarik dari t o k e 6 g bikin rasa penasaran terus terjagai,0.0,0.0,0.0,0.0,0.0
itu T O K E 6 9 lagi viral banget ya,1.0,itu T O K E 6 9 lagi viral banget ya,itu t o k e 6 g lagi viral banget ya,1.0,0.0,0.0,0.0,0.0
itu si jali  doyan banget main di T O K E 6 9 sampe kebeli motor,1.0,itu si jali  doyan banget main di T O K E 6 9 sampe kebeli motor,itu si jali doyan banget main di t o k e 6 g sampe kebeli motor,1.0,0.0,0.0,0.0,0.0
"cara daftar di T O K E 6 9 , gimana bang ?",1.0,"cara daftar di T O K E 6 9 , gimana bang ?",cara daftar di t o k e 6 g gimana bang,0.0,0.0,0.0,0.0,0.0
T O K E 6 9 kok selalu kasih enak ya,1.0,T O K E 6 9 kok selalu kasih enak ya,t o k e 6 g kok selalu kasih enak ya,0.0,0.0,0.0,0.0,0.0
lumayan bwat nambahin beli motor dari T O K E 6 9,1.0,lumayan bwat nambahin beli motor dari T O K E 6 9,lumayan bwat nambahin beli motor dari t o k e 6 g,1.0,0.0,0.0,0.0,0.0
Gilak editannya kece abizz,1.0,Gilak editannya kece abizz,gilak editannya kece abizz,1.0,0.0,0.0,0.0,0.0
"Asyik bangat main di 𝑪𝑼𝑨𝑵𝟑𝟐𝟖,Sampai Lupa Waktu",1.0,"Asyik bangat main di 𝑪𝑼𝑨𝑵𝟑𝟐𝟖,Sampai Lupa Waktu",asyik bangat main di cuane 2 b sampai lupa waktu,0.0,0.0,0.0,0.0,0.0
"📊 Jackpot gak ada habisnya, cuma di 𝑪𝑼𝑨𝑵𝟑𝟐𝟖! 💰🎯",1.0,"📊 Jackpot gak ada habisnya, cuma di 𝑪𝑼𝑨𝑵𝟑𝟐𝟖! 💰🎯",jackpot gak ada habisnya cuma di cuane 2 bi,1.0,0.0,0.0,0.0,1.0
💎 Cuan deras datang bertubi-tubi di 𝑪𝑼𝑨𝑵𝟑𝟐𝟖! 💰,1.0,💎 Cuan deras datang bertubi-tubi di 𝑪𝑼𝑨𝑵𝟑𝟐𝟖! 💰,cuan deras datang bertubi tubi di cuane 2 bi,1.0,0.0,0.0,0.0,0.0
⚡ Keberuntungan selalu berpihak di 𝑪𝑼𝑨𝑵𝟑𝟐𝟖! 💰🔥,1.0,⚡ Keberuntungan selalu berpihak di 𝑪𝑼𝑨𝑵𝟑𝟐𝟖! 💰🔥,keberuntungan selalu berpihak di cuane 2 bi,1.0,0.0,0.0,0.0,0.0
Sikat terus di 𝑪𝑼𝑨𝑵𝟑𝟐𝟖! Dijamin cuan gak ada habisnya!,1.0,Sikat terus di 𝑪𝑼𝑨𝑵𝟑𝟐𝟖! Dijamin cuan gak ada habisnya!,sikat terus di cuane 2 bi dijamin cuan gak ada habisnyai,0.0,0.0,0.0,0.0,0.0
"Jantung berdebar tak karuan menunggu JP di 𝑪𝑼𝑨𝑵𝟑𝟐𝟖 , dan akhirnya jackpot pun berhasil diraih!",1.0,"Jantung berdebar tak karuan menunggu JP di 𝑪𝑼𝑨𝑵𝟑𝟐𝟖 , dan akhirnya jackpot pun berhasil diraih!",jantung berdebar tak karuan menunggu jp di cuane 2 b dan akhirnya jackpot pun berhasil diraihi,0.0,0.0,0.0,0.0,0.0
Main bentar langsung gacir. Rezeki nggak bisa diprediksi di 𝑪𝑼𝑨𝑵𝟑𝟐𝟖!,1.0,Main bentar langsung gacir. Rezeki nggak bisa diprediksi di 𝑪𝑼𝑨𝑵𝟑𝟐𝟖!,main bentar langsung gacir rezeki nggak bisa diprediksi di cuane 2 bi,1.0,0.0,0.0,0.0,0.0
"🎯 Masuk, spin, menang! Simple di 𝑪𝑼𝑨𝑵𝟑𝟐𝟖! 🚀",1.0,"🎯 Masuk, spin, menang! Simple di 𝑪𝑼𝑨𝑵𝟑𝟐𝟖! 🚀",masuk spin menangi simple di cuane 2 bi,1.0,0.0,0.0,0.0,1.0
"Gak pernah bosan main 𝑪𝑼𝑨𝑵𝟑𝟐𝟖 , selalu ada yang baru!",1.0,"Gak pernah bosan main 𝑪𝑼𝑨𝑵𝟑𝟐𝟖 , selalu ada yang baru!",gak pernah bosan main cuane 2 b selalu ada yang barui,0.0,0.0,0.0,0.0,1.0
🔥 Gak ada lawan! 𝑪𝑼𝑨𝑵𝟑𝟐𝟖 selalu gacor! 💰,1.0,🔥 Gak ada lawan! 𝑪𝑼𝑨𝑵𝟑𝟐𝟖 selalu gacor! 💰,gak ada lawani cuane 2 b selalu gacori,1.0,0.0,0.0,0.0,0.0
𝑪𝑼𝑨𝑵𝟑𝟐𝟖..Terpopuler masakini❤️,1.0,𝑪𝑼𝑨𝑵𝟑𝟐𝟖..Terpopuler masakini❤️,cuane 2 b terpopuler masakini,0.0,0.0,0.0,0.0,1.0
"🎯 Putar terus, menang terus! 𝑪𝑼𝑨𝑵𝟑𝟐𝟖 luar biasa! 💥🔥",1.0,"🎯 Putar terus, menang terus! 𝑪𝑼𝑨𝑵𝟑𝟐𝟖 luar biasa! 💥🔥",putar terus menang terusi cuane 2 b luar biasai,0.0,0.0,0.0,0.0,0.0
"Keberuntungan besar bikin aku makin puas main di 𝑪𝑼𝑨𝑵𝟑𝟐𝟖 , thank you!",1.0,"Keberuntungan besar bikin aku makin puas main di 𝑪𝑼𝑨𝑵𝟑𝟐𝟖 , thank you!",keberuntungan besar bikin aku makin puas main di cuane 2 b thank youi,0.0,0.0,0.0,0.0,0.0
"🎯 Keberuntungan berpihak padaku, menang terus di 𝑪𝑼𝑨𝑵𝟑𝟐𝟖! 💥💰",1.0,"🎯 Keberuntungan berpihak padaku, menang terus di 𝑪𝑼𝑨𝑵𝟑𝟐𝟖! 💥💰",keberuntungan berpihak padaku menang terus di cuane 2 bi,0.0,0.0,0.0,0.0,1.0
sudah ketemu situs yang paling gacorr ni 𝑪𝑼𝑨𝑵𝟑𝟐𝟖😍,1.0,sudah ketemu situs yang paling gacorr ni 𝑪𝑼𝑨𝑵𝟑𝟐𝟖😍,sudah ketemu situs yang paling gacorr ni cuane 2 b,1.0,0.0,0.0,0.0,1.0
"💰 Sensasi menang tiada henti, cuma di 𝑪𝑼𝑨𝑵𝟑𝟐𝟖! 🚀😍",1.0,"💰 Sensasi menang tiada henti, cuma di 𝑪𝑼𝑨𝑵𝟑𝟐𝟖! 🚀😍",sensasi menang tiada henti cuma di cuane 2 bi,0.0,0.0,0.0,0.0,1.0
🔥 Cuma di 𝑪𝑼𝑨𝑵𝟑𝟐𝟖 rezeki ngalir terus! 💰,1.0,🔥 Cuma di 𝑪𝑼𝑨𝑵𝟑𝟐𝟖 rezeki ngalir terus! 💰,cuma di cuane 2 b rezeki ngalir terusi,1.0,0.0,0.0,0.0,1.0
"💥 Game paling gacor, jackpotnya luar biasa! 𝑪𝑼𝑨𝑵𝟑𝟐𝟖! 💎",1.0,"💥 Game paling gacor, jackpotnya luar biasa! 𝑪𝑼𝑨𝑵𝟑𝟐𝟖! 💎",game paling gacor jackpotnya luar biasai cuane 2 bi,1.0,0.0,0.0,0.0,0.0
"🔥 Gokil sih, 𝑪𝑼𝑨𝑵𝟑𝟐𝟖 bikin saldo tebel terus! 🔥",1.0,"🔥 Gokil sih, 𝑪𝑼𝑨𝑵𝟑𝟐𝟖 bikin saldo tebel terus! 🔥",gokil sih cuane 2 b bikin saldo tebel terusi,1.0,0.0,0.0,0.0,0.0
"Rezeki melimpah datang dari 𝑪𝑼𝑨𝑵𝟑𝟐𝟖 , makasih banyak!",1.0,"Rezeki melimpah datang dari 𝑪𝑼𝑨𝑵𝟑𝟐𝟖 , makasih banyak!",rezeki melimpah datang dari cuane 2 b makasih banyaki,1.0,0.0,0.0,0.0,0.0
"⚡ Gak ada lawan, main di 𝑪𝑼𝑨𝑵𝟑𝟐𝟖 langsung sultan! 💎",1.0,"⚡ Gak ada lawan, main di 𝑪𝑼𝑨𝑵𝟑𝟐𝟖 langsung sultan! 💎",gak ada lawan main di cuane 2 b langsung sultani,1.0,0.0,0.0,0.0,0.0
"Maap, gerakan kamera nya maju mundur nya, perpindahannya bikin saya pusing. Ganggu gitu. 🙏🏼
Terus cerdaskan masyarakat yaaah...",0.0,"Maap, gerakan kamera nya maju mundur nya, perpindahannya bikin saya pusing. Ganggu gitu. 🙏🏼
Terus cerdaskan masyarakat yaaah...",maap gerakan kamera nya maju mundur nya perpindahannya bikin saya pusing ganggu gitu terus cerdaskan masyarakat yaaah,1.0,0.0,0.0,0.0,0.0
"Penasaran orang cerdas yg muslim kek babang ini, bakalan dpt pasangan hidup kek mana..",0.0,"Penasaran orang cerdas yg muslim kek babang ini, bakalan dpt pasangan hidup kek mana..",penasaran orang cerdas yg muslim kek babang ini bakalan dpt pasangan hidup kek mana,1.0,0.0,0.0,0.0,0.0
Editannya agak beda dari biasanya ya. Ganti editor kah? Atau cuma coba2 ganti gaya editing aja?,0.0,Editannya agak beda dari biasanya ya. Ganti editor kah? Atau cuma coba2 ganti gaya editing aja?,editannya agak beda dari biasanya ya ganti editor kah atau cuma coba 2 ganti gaya editing aja,1.0,0.0,0.0,0.0,0.0
Ah iyaaa...gue juga gitu. Semua tergantung mood,0.0,Ah iyaaa...gue juga gitu. Semua tergantung mood,ah iyaaa gue juga gitu semua tergantung mood,1.0,0.0,0.0,0.0,0.0
"Gw ngerasa itu kaitannya sama perseverance atau will strength aja ya, terlepas dia itu introver atau ekstrover",0.0,"Gw ngerasa itu kaitannya sama perseverance atau will strength aja ya, terlepas dia itu introver atau ekstrover",gw ngerasa itu kaitannya sama perseverance atau will strength aja ya terlepas dia itu introver atau ekstrover,1.0,0.0,0.0,0.0,0.0
cape banget jadi orang introvert,0.0,cape banget jadi orang introvert,cape banget jadi orang introvert,1.0,0.0,0.0,0.0,0.0
Ikut nyimak saja,0.0,Ikut nyimak saja,ikut nyimak saja,1.0,0.0,0.0,0.0,0.0
Jir mirip banget sama Steve wkwkwk,0.0,Jir mirip banget sama Steve wkwkwk,jir mirip banget sama steve wkwkwk,1.0,0.0,0.0,0.0,0.0
"Bro lu sempet bikin video short untuk bilang ke viewers pelajari ai, mau pelajari ai dari mana?",0.0,"Bro lu sempet bikin video short untuk bilang ke viewers pelajari ai, mau pelajari ai dari mana?",bro lu sempet bikin video short untuk bilang ke viewers pelajari ai mau pelajari ai dari mana,1.0,0.0,0.0,0.0,0.0
Kok kontenya yg bahas berhenti lanjutin bisnis 20m ilang???,0.0,Kok kontenya yg bahas berhenti lanjutin bisnis 20m ilang???,kok kontenya yg bahas berhenti lanjutin bisnis 2 om ilang,1.0,0.0,0.0,0.0,1.0
💎 Gak ada lawan! 𝑪𝑼𝑨𝑵𝟑𝟐𝟖 selalu bikin menang! 🎰💰,1.0,💎 Gak ada lawan! 𝑪𝑼𝑨𝑵𝟑𝟐𝟖 selalu bikin menang! 🎰💰,gak ada lawani cuane 2 b selalu bikin menangi,1.0,0.0,0.0,0.0,0.0
Keberuntungan rezeki hari ini datang berkat 𝑪𝑼𝑨𝑵𝟑𝟐𝟖!,1.0,Keberuntungan rezeki hari ini datang berkat 𝑪𝑼𝑨𝑵𝟑𝟐𝟖!,keberuntungan rezeki hari ini datang berkat cuane 2 bi,1.0,0.0,0.0,0.0,1.0
"💥 Spin sekali, untung berkali-kali! 𝑪𝑼𝑨𝑵𝟑𝟐𝟖 emang beda! ⚡🚀",1.0,"💥 Spin sekali, untung berkali-kali! 𝑪𝑼𝑨𝑵𝟑𝟐𝟖 emang beda! ⚡🚀",spin sekali untung berkali kalii cuane 2 b emang bedai,1.0,0.0,0.0,0.0,0.0
"💰 Kesempatan besar menanti, langsung main di 𝑪𝑼𝑨𝑵𝟑𝟐𝟖! 💥🚀",1.0,"💰 Kesempatan besar menanti, langsung main di 𝑪𝑼𝑨𝑵𝟑𝟐𝟖! 💥🚀",kesempatan besar menanti langsung main di cuane 2 bi,1.0,0.0,0.0,0.0,0.0
"Mantap betul main di 𝑪𝑼𝑨𝑵𝟑𝟐𝟖, cuan terus menerus!",1.0,"Mantap betul main di 𝑪𝑼𝑨𝑵𝟑𝟐𝟖, cuan terus menerus!",mantap betul main di cuane 2 b cuan terus menerusi,1.0,0.0,0.0,0.0,0.0
🎰 Mau menang terus? Gaspol di 𝑪𝑼𝑨𝑵𝟑𝟐𝟖! 💥🔥,1.0,🎰 Mau menang terus? Gaspol di 𝑪𝑼𝑨𝑵𝟑𝟐𝟖! 💥🔥,mau menang terus gaspol di cuane 2 bi,1.0,0.0,0.0,0.0,0.0
"𝑪𝑼𝑨𝑵𝟑𝟐𝟖 bikin hidup makin asyik, rezeki datang tanpa henti!",1.0,"𝑪𝑼𝑨𝑵𝟑𝟐𝟖 bikin hidup makin asyik, rezeki datang tanpa henti!",cuane 2 b bikin hidup makin asyik rezeki datang tanpa hentii,1.0,0.0,0.0,0.0,1.0
𝑪𝑼𝑨𝑵𝟑𝟐𝟖 tempat paling  mantap,1.0,𝑪𝑼𝑨𝑵𝟑𝟐𝟖 tempat paling  mantap,cuane 2 b tempat paling mantap,1.0,0.0,0.0,0.0,0.0
Aku Baru daftar langsung di kasih menang 𝑪𝑼𝑨𝑵𝟑𝟐𝟖😍,1.0,Aku Baru daftar langsung di kasih menang 𝑪𝑼𝑨𝑵𝟑𝟐𝟖😍,aku baru daftar langsung di kasih menang cuane 2 b,1.0,0.0,0.0,0.0,0.0
"📊 Sudah banyak yang membuktikan, sekarang giliran kamu! 𝑪𝑼𝑨𝑵𝟑𝟐𝟖! 🔥💎",1.0,"📊 Sudah banyak yang membuktikan, sekarang giliran kamu! 𝑪𝑼𝑨𝑵𝟑𝟐𝟖! 🔥💎",sudah banyak yang membuktikan sekarang giliran kamui cuane 2 bi,1.0,0.0,0.0,0.0,0.0
"💎 Hoki tiada henti di 𝑪𝑼𝑨𝑵𝟑𝟐𝟖, ayo main! 🚀",1.0,"💎 Hoki tiada henti di 𝑪𝑼𝑨𝑵𝟑𝟐𝟖, ayo main! 🚀",hoki tiada henti di cuane 2 b ayo maini,1.0,0.0,0.0,0.0,0.0
"Main di 𝑪𝑼𝑨𝑵𝟑𝟐𝟖 seru banget, hasilnya nggak mengecewakan!",1.0,"Main di 𝑪𝑼𝑨𝑵𝟑𝟐𝟖 seru banget, hasilnya nggak mengecewakan!",main di cuane 2 b seru banget hasilnya nggak mengecewakani,1.0,0.0,0.0,0.0,1.0
📊 Jackpot besar setiap hari! 𝑪𝑼𝑨𝑵𝟑𝟐𝟖 gokil! 🔥,1.0,📊 Jackpot besar setiap hari! 𝑪𝑼𝑨𝑵𝟑𝟐𝟖 gokil! 🔥,jackpot besar setiap harii cuane 2 b gokili,1.0,0.0,0.0,0.0,0.0
Main di 𝑪𝑼𝑨𝑵𝟑𝟐𝟖 bikin auto happy! Rezeki emang gak salah alamat!,1.0,Main di 𝑪𝑼𝑨𝑵𝟑𝟐𝟖 bikin auto happy! Rezeki emang gak salah alamat!,main di cuane 2 b bikin auto happyi rezeki emang gak salah alamati,1.0,0.0,0.0,0.0,0.0
🎯 Jackpot tiap hari di 𝑪𝑼𝑨𝑵𝟑𝟐𝟖! Gak percaya? Coba sendiri! 😍,1.0,🎯 Jackpot tiap hari di 𝑪𝑼𝑨𝑵𝟑𝟐𝟖! Gak percaya? Coba sendiri! 😍,jackpot tiap hari di cuane 2 bi gak percaya coba sendirii,1.0,0.0,0.0,0.0,0.0
Rata kanannnn 😅,0.0,Rata kanannnn 😅,rata kanannnn,1.0,0.0,0.0,0.0,0.0
"Lebih termotivasi denger bang ray, dri pda yg ngomongin AI kemaren",0.0,"Lebih termotivasi denger bang ray, dri pda yg ngomongin AI kemaren",lebih termotivasi denger bang ray dri pda yg ngomongin ai kemaren,1.0,0.0,0.0,0.0,0.0
"Setiap orang ada masanya, setiap masa ada orangnya",0.0,"Setiap orang ada masanya, setiap masa ada orangnya",setiap orang ada masanya setiap masa ada orangnya,1.0,0.0,0.0,0.0,0.0
"Ya,,karena bisa jadi tidak hanya tindakan yg penting,tetapi juga kapan tindakan itu di lakukan",0.0,"Ya,,karena bisa jadi tidak hanya tindakan yg penting,tetapi juga kapan tindakan itu di lakukan",ya karena bisa jadi tidak hanya tindakan yg penting tetapi juga kapan tindakan itu di lakukan,1.0,0.0,0.0,0.0,0.0
"Isinya bagus bangeet. Tapi boleh gak pakai tata cara tulisan judul yg bener, sperti huruf besar kecil dll. Terbiasa terbaca seperti ini tidak baik",0.0,"Isinya bagus bangeet. Tapi boleh gak pakai tata cara tulisan judul yg bener, sperti huruf besar kecil dll. Terbiasa terbaca seperti ini tidak baik",isinya bagus bangeet tapi boleh gak pakai tata cara tulisan judul yg bener sperti huruf besar kecil dll terbiasa terbaca seperti ini tidak baik,1.0,0.0,0.0,0.0,0.0
tapi timing juga butuh persiapan.,0.0,tapi timing juga butuh persiapan.,tapi timing juga butuh persiapan,1.0,0.0,0.0,0.0,0.0
"Sesuatu yang besar butuh kesiapan yang matang juga. Karena itu tanggungjawab berat. Jadi, Allah itu akan meletakkan sesuatu sesuai kehendakNya dan itu sudah proporsional sesuai dengan kesanggupan hamba tsb. Allah Maha Tahu segala yang terbaik untuk kita❤❤",0.0,"Sesuatu yang besar butuh kesiapan yang matang juga. Karena itu tanggungjawab berat. Jadi, Allah itu akan meletakkan sesuatu sesuai kehendakNya dan itu sudah proporsional sesuai dengan kesanggupan hamba tsb. Allah Maha Tahu segala yang terbaik untuk kita❤❤",sesuatu yang besar butuh kesiapan yang matang juga karena itu tanggungjawab berat jadi allah itu akan meletakkan sesuatu sesuai kehendaknya dan itu sudah proporsional sesuai dengan kesanggupan hamba tsb allah maha tahu segala yang terbaik untuk kita,0.0,0.0,0.0,0.0,0.0
"Gak nyangka bisa menang sebanyak ini di king328,serasa mimpi di siang bolong!",1.0,"Gak nyangka bisa menang sebanyak ini di king328,serasa mimpi di siang bolong!",gak nyangka bisa menang sebanyak ini di kinge 2 b serasa mimpi di siang bolongi,0.0,0.0,0.0,0.0,0.0
"🎯 Jackpot selalu ada, rezeki terus mengalir di king328! 💥🚀",1.0,"🎯 Jackpot selalu ada, rezeki terus mengalir di king328! 💥🚀",jackpot selalu ada rezeki terus mengalir di kinge 2 bi,0.0,0.0,0.0,0.0,0.0
"Keberuntungan besar bikin aku makin cinta sama king328 , hasilnya luar biasa!",1.0,"Keberuntungan besar bikin aku makin cinta sama king328 , hasilnya luar biasa!",keberuntungan besar bikin aku makin cinta sama kinge 2 b hasilnya luar biasai,1.0,0.0,0.0,0.0,1.0
"📊 Pasti menang besar, gak ada lawan di king328! 🤑",1.0,"📊 Pasti menang besar, gak ada lawan di king328! 🤑",pasti menang besar gak ada lawan di kinge 2 bi,0.0,0.0,0.0,0.0,1.0
"🔥 Semua menang, semua untung! Cuma di king328! 💰",1.0,"🔥 Semua menang, semua untung! Cuma di king328! 💰",semua menang semua untungi cuma di kinge 2 bi,0.0,0.0,0.0,0.0,0.0
Semoga rezeki yang berasal dari king328 membawa manfaat bagi sesama!,1.0,Semoga rezeki yang berasal dari king328 membawa manfaat bagi sesama!,semoga rezeki yang berasal dari kinge 2 b membawa manfaat bagi sesamai,0.0,0.0,0.0,0.0,1.0
"Rezeki hari ini datang dari king328 , makasih atas keberuntungannya!",1.0,"Rezeki hari ini datang dari king328 , makasih atas keberuntungannya!",rezeki hari ini datang dari kinge 2 b makasih atas keberuntungannyai,1.0,0.0,0.0,0.0,0.0
⚡ Semua bisa menang besar di king328! Gas terus! 🎰💥,1.0,⚡ Semua bisa menang besar di king328! Gas terus! 🎰💥,semua bisa menang besar di kinge 2 bi gas terusi,0.0,0.0,0.0,0.0,0.0
"💎 Sensasi menang besar bikin nagih, cuma di king328! 🚀💰",1.0,"💎 Sensasi menang besar bikin nagih, cuma di king328! 🚀💰",sensasi menang besar bikin nagih cuma di kinge 2 bi,1.0,0.0,0.0,0.0,1.0
"💎 Cuan mudah, rejeki lancar di king328! 💰",1.0,"💎 Cuan mudah, rejeki lancar di king328! 💰",cuan mudah rejeki lancar di kinge 2 bi,0.0,0.0,0.0,0.0,0.0
"Jantung berdebar tak karuan menunggu JP di king328 , dan akhirnya jackpot pun berhasil diraih!",1.0,"Jantung berdebar tak karuan menunggu JP di king328 , dan akhirnya jackpot pun berhasil diraih!",jantung berdebar tak karuan menunggu jp di kinge 2 b dan akhirnya jackpot pun berhasil diraihi,0.0,0.0,0.0,0.0,0.0
🎰 Rezeki tak terduga selalu hadir! king328 terbaik! 🚀,1.0,🎰 Rezeki tak terduga selalu hadir! king328 terbaik! 🚀,rezeki tak terduga selalu hadiri kinge 2 b terbaiki,0.0,0.0,0.0,0.0,0.0
"🎰 Kesempatan menang besar ada di king328, jangan sampe kelewatan! 🔥💥",1.0,"🎰 Kesempatan menang besar ada di king328, jangan sampe kelewatan! 🔥💥",kesempatan menang besar ada di kinge 2 b jangan sampe kelewatani,1.0,0.0,0.0,0.0,0.0
"💎 Dari receh jadi sultan, main di king328 emang worth it! 🎰💥",1.0,"💎 Dari receh jadi sultan, main di king328 emang worth it! 🎰💥",dari receh jadi sultan main di kinge 2 b emang worth iti,1.0,0.0,0.0,0.0,0.0
🎯 Kesempatan emas menanti di king328! 💥,1.0,🎯 Kesempatan emas menanti di king328! 💥,kesempatan emas menanti di kinge 2 bi,1.0,0.0,0.0,0.0,0.0
Jakpot besar bikin aku makin percaya sama keberuntungan di king328!,1.0,Jakpot besar bikin aku makin percaya sama keberuntungan di king328!,jakpot besar bikin aku makin percaya sama keberuntungan di kinge 2 bi,1.0,0.0,0.0,0.0,0.0
Main di king328 bikin auto happy! Rezeki emang gak salah alamat!,1.0,Main di king328 bikin auto happy! Rezeki emang gak salah alamat!,main di kinge 2 b bikin auto happyi rezeki emang gak salah alamati,1.0,0.0,0.0,0.0,0.0
Tempat paling nyaman bermain di king328 100% amanah,1.0,Tempat paling nyaman bermain di king328 100% amanah,tempat paling nyaman bermain di kinge 2 b ioo amanah,1.0,0.0,0.0,0.0,0.0
🎯 Game yang bikin dompet makin tebal! king328! 🚀,1.0,🎯 Game yang bikin dompet makin tebal! king328! 🚀,game yang bikin dompet makin tebali kinge 2 bi,1.0,0.0,0.0,0.0,0.0
"📊 Cuan lancar tiap hari, cuma di king328! 💎",1.0,"📊 Cuan lancar tiap hari, cuma di king328! 💎",cuan lancar tiap hari cuma di kinge 2 bi,1.0,0.0,0.0,0.0,1.0
"🔥 Sensasi menang terus, gak ada habisnya di king328! 🎰💎",1.0,"🔥 Sensasi menang terus, gak ada habisnya di king328! 🎰💎",sensasi menang terus gak ada habisnya di kinge 2 bi,1.0,0.0,0.0,0.0,0.0
king328..Terpopuler masakini❤️,1.0,king328..Terpopuler masakini❤️,kinge 2 b terpopuler masakini,1.0,0.0,0.0,0.0,1.0
"🎯 Keberuntungan besar bisa datang kapan saja, ayo coba di king328! 😍",1.0,"🎯 Keberuntungan besar bisa datang kapan saja, ayo coba di king328! 😍",keberuntungan besar bisa datang kapan saja ayo coba di kinge 2 bi,1.0,0.0,0.0,0.0,0.0
"Serius deh, rezeki di king328 datang tanpa diundang. Penasaran? Coba sendiri!",1.0,"Serius deh, rezeki di king328 datang tanpa diundang. Penasaran? Coba sendiri!",serius deh rezeki di kinge 2 b datang tanpa diundang penasaran coba sendirii,1.0,0.0,0.0,0.0,0.0
"💥 Spin sekali, untung berkali-kali! king328 emang beda! ⚡🚀",1.0,"💥 Spin sekali, untung berkali-kali! king328 emang beda! ⚡🚀",spin sekali untung berkali kalii kinge 2 b emang bedai,1.0,0.0,0.0,0.0,0.0
Its not about timing. Tapi kebesaran Allah. Suka3 Allah mau bikin seseorang sukses atau tidak😂,0.0,Its not about timing. Tapi kebesaran Allah. Suka3 Allah mau bikin seseorang sukses atau tidak😂,its not about timing tapi kebesaran allah sukae allah mau bikin seseorang sukses atau tidak,1.0,0.0,0.0,0.0,0.0
Inilah kenapa sabar itu penting... Dan masih belajar buat bisa nerapin ke diri sendiri krn susah banget :'3,0.0,Inilah kenapa sabar itu penting... Dan masih belajar buat bisa nerapin ke diri sendiri krn susah banget :'3,inilah kenapa sabar itu penting dan masih belajar buat bisa nerapin ke diri sendiri krn susah banget e,1.0,0.0,0.0,0.0,0.0
"waduh, komen judolnya",0.0,"waduh, komen judolnya",waduh komen judolnya,1.0,0.0,0.0,0.0,0.0
Makasih mas Raymond dah ngasih ilmu yg keren dan sangat bermanfaat bagi masyarakat Indonesia terutama anak2 muda❤,0.0,Makasih mas Raymond dah ngasih ilmu yg keren dan sangat bermanfaat bagi masyarakat Indonesia terutama anak2 muda❤,makasih mas raymond dah ngasih ilmu yg keren dan sangat bermanfaat bagi masyarakat indonesia terutama anak 2 muda,1.0,0.0,0.0,0.0,1.0
"🔥 Kesempatan emas ada di depan mata, langsung main di suhu328! 💥",1.0,"🔥 Kesempatan emas ada di depan mata, langsung main di suhu328! 💥",kesempatan emas ada di depan mata langsung main di suhue 2 bi,1.0,0.0,0.0,0.0,0.0
"💥 Cuan lancar tiap hari, modal kecil hasilnya luar biasa! suhu328 💰😍",1.0,"💥 Cuan lancar tiap hari, modal kecil hasilnya luar biasa! suhu328 💰😍",cuan lancar tiap hari modal kecil hasilnya luar biasai suhue 2 b,1.0,0.0,0.0,0.0,0.0
"📈 Pasti cuan, pasti happy! suhu328 terbaik! 💥🎯",1.0,"📈 Pasti cuan, pasti happy! suhu328 terbaik! 💥🎯",pasti cuan pasti happyi suhue 2 b terbaiki,0.0,0.0,0.0,0.0,0.0
"💎 Cuan mudah, rejeki lancar di suhu328! 💰",1.0,"💎 Cuan mudah, rejeki lancar di suhu328! 💰",cuan mudah rejeki lancar di suhue 2 bi,0.0,0.0,0.0,0.0,0.0
Sikat terus di suhu328! Dijamin cuan gak ada habisnya!,1.0,Sikat terus di suhu328! Dijamin cuan gak ada habisnya!,sikat terus di suhue 2 bi dijamin cuan gak ada habisnyai,0.0,0.0,0.0,0.0,0.0
"Ternyata main di  suhu328  bikin rezeki datang begitu saja, langsung gacir!",1.0,"Ternyata main di  suhu328  bikin rezeki datang begitu saja, langsung gacir!",ternyata main di suhue 2 b bikin rezeki datang begitu saja langsung gaciri,1.0,0.0,0.0,0.0,0.0
"🔥 Gokil sih, suhu328 bikin saldo tebel terus! 🔥",1.0,"🔥 Gokil sih, suhu328 bikin saldo tebel terus! 🔥",gokil sih suhue 2 b bikin saldo tebel terusi,1.0,0.0,0.0,0.0,0.0
"🎯 Putar terus, menang terus! suhu328 luar biasa! 💥🔥",1.0,"🎯 Putar terus, menang terus! suhu328 luar biasa! 💥🔥",putar terus menang terusi suhue 2 b luar biasai,1.0,0.0,0.0,0.0,0.0
🎰 Gak percaya bisa menang? Coba aja di suhu328! 🔥💥,1.0,🎰 Gak percaya bisa menang? Coba aja di suhu328! 🔥💥,gak percaya bisa menang coba aja di suhue 2 bi,1.0,0.0,0.0,0.0,0.0
🎯 Kesempatan emas menanti di suhu328! 💥,1.0,🎯 Kesempatan emas menanti di suhu328! 💥,kesempatan emas menanti di suhue 2 bi,1.0,0.0,0.0,0.0,0.0
⚡ Keberuntungan selalu berpihak di suhu328! 💰🔥,1.0,⚡ Keberuntungan selalu berpihak di suhu328! 💰🔥,keberuntungan selalu berpihak di suhue 2 bi,1.0,0.0,0.0,0.0,0.0
"Terima kasih banyak suhu328 , hari ini benar-benar gacir!",1.0,"Terima kasih banyak suhu328 , hari ini benar-benar gacir!",terima kasih banyak suhue 2 b hari ini benar benar gaciri,1.0,0.0,0.0,0.0,1.0
"🎰 Jackpot besar sudah menanti di suhu328, gaspol! 💰🔥",1.0,"🎰 Jackpot besar sudah menanti di suhu328, gaspol! 💰🔥",jackpot besar sudah menanti di suhue 2 b gaspoli,0.0,0.0,0.0,0.0,0.0
"Nggak ada yang bisa prediksi, tapi di suhu328,keberuntungan bisa datang kapan saja!",1.0,"Nggak ada yang bisa prediksi, tapi di suhu328,keberuntungan bisa datang kapan saja!",nggak ada yang bisa prediksi tapi di suhue 2 b keberuntungan bisa datang kapan sajai,1.0,0.0,0.0,0.0,1.0
"🎯 Putar terus, menang terus! suhu328 mantap! 🚀",1.0,"🎯 Putar terus, menang terus! suhu328 mantap! 🚀",putar terus menang terusi suhue 2 b mantapi,1.0,0.0,0.0,0.0,0.0
"📊 Pasti hoki di suhu328, buktikan sendiri! 💎",1.0,"📊 Pasti hoki di suhu328, buktikan sendiri! 💎",pasti hoki di suhue 2 b buktikan sendirii,1.0,0.0,0.0,0.0,0.0
"🎰 Jackpot besar datang terus, hanya di suhu328! 🤑",1.0,"🎰 Jackpot besar datang terus, hanya di suhu328! 🤑",jackpot besar datang terus hanya di suhue 2 bi,1.0,0.0,0.0,0.0,0.0
"🔥 Jackpot bukan lagi mimpi, nyata di suhu328! 💰",1.0,"🔥 Jackpot bukan lagi mimpi, nyata di suhu328! 💰",jackpot bukan lagi mimpi nyata di suhue 2 bi,1.0,0.0,0.0,0.0,1.0
🎯 Game yang bikin dompet makin tebal! suhu328! 🚀,1.0,🎯 Game yang bikin dompet makin tebal! suhu328! 🚀,game yang bikin dompet makin tebali suhue 2 bi,1.0,0.0,0.0,0.0,0.0
⚡ Baru gabung langsung menang besar! suhu328 luar biasa! 💎😍,1.0,⚡ Baru gabung langsung menang besar! suhu328 luar biasa! 💎😍,baru gabung langsung menang besari suhue 2 b luar biasai,1.0,0.0,0.0,0.0,0.0
⚡ Semua bisa menang besar di suhu328! Gas terus! 🎰💥,1.0,⚡ Semua bisa menang besar di suhu328! Gas terus! 🎰💥,semua bisa menang besar di suhue 2 bi gas terusi,1.0,0.0,0.0,0.0,0.0
💎 Cuan deras datang bertubi-tubi di suhu328! 💰,1.0,💎 Cuan deras datang bertubi-tubi di suhu328! 💰,cuan deras datang bertubi tubi di suhue 2 bi,1.0,0.0,0.0,0.0,1.0
"Rezeki dari suhu328 sungguh luar biasa, terima kasih Tuhan!",1.0,"Rezeki dari suhu328 sungguh luar biasa, terima kasih Tuhan!",rezeki dari suhue 2 b sungguh luar biasa terima kasih tuhani,1.0,0.0,0.0,0.0,1.0
Masalahnya sudah kompeten tapi di anggap masih belum kompeten sehingga tetap di bayar murah dan saat ingin bayar lebih tapi gak mau karena di anggap menjadi cost lebih tinggi 😢 ini sebenarnya kita kerja atau kita di kerjai 😅,0.0,Masalahnya sudah kompeten tapi di anggap masih belum kompeten sehingga tetap di bayar murah dan saat ingin bayar lebih tapi gak mau karena di anggap menjadi cost lebih tinggi 😢 ini sebenarnya kita kerja atau kita di kerjai 😅,masalahnya sudah kompeten tapi di anggap masih belum kompeten sehingga tetap di bayar murah dan saat ingin bayar lebih tapi gak mau karena di anggap menjadi cost lebih tinggi ini sebenarnya kita kerja atau kita di kerjai,0.0,0.0,0.0,0.0,0.0
"Lulusan konsulting tuh susah pindah ke company, karena company kagak berani bayar ex consultant 🤣🤣🤣",0.0,"Lulusan konsulting tuh susah pindah ke company, karena company kagak berani bayar ex consultant 🤣🤣🤣",lulusan konsulting tuh susah pindah ke company karena company kagak berani bayar ex consultant,0.0,0.0,0.0,0.0,0.0
"😂😂😂😂😂😂😂 pengalaman sendiri,saat ada butuh orang gudang, kebetulan sy punya penglaman gudang 2,5 tahun dan pernah nanganin gudang minimarket. Terus gua coba karena ada teman yg antarin nah gua dipanggil wawancara,tau apa yg ditanya??? Mereka tanya umur gua😂😂😂😂😂😂😂. Ya gua heran kok kerja di gudang nanya umur bukan pengalaman",0.0,"😂😂😂😂😂😂😂 pengalaman sendiri,saat ada butuh orang gudang, kebetulan sy punya penglaman gudang 2,5 tahun dan pernah nanganin gudang minimarket. Terus gua coba karena ada teman yg antarin nah gua dipanggil wawancara,tau apa yg ditanya??? Mereka tanya umur gua😂😂😂😂😂😂😂. Ya gua heran kok kerja di gudang nanya umur bukan pengalaman",pengalaman sendiri saat ada butuh orang gudang kebetulan sy punya penglaman gudang 2 s tahun dan pernah nanganin gudang minimarket terus gua coba karena ada teman yg antarin nah gua dipanggil wawancara tau apa yg ditanya mereka tanya umur gua ya gua heran kok kerja di gudang nanya umur bukan pengalaman,1.0,0.0,0.0,0.0,0.0
Mau komen tp tkt d sangka rasis,0.0,Mau komen tp tkt d sangka rasis,mau komen tp tkt d sangka rasis,1.0,0.0,0.0,0.0,1.0
Yang Magang lebih bnyak dibanding pegawai tetap😂,0.0,Yang Magang lebih bnyak dibanding pegawai tetap😂,yang magang lebih bnyak dibanding pegawai tetap,1.0,0.0,0.0,0.0,1.0
Biasanya gaji murah turnover karyawan tinggi yang penting ada customer tetap,0.0,Biasanya gaji murah turnover karyawan tinggi yang penting ada customer tetap,biasanya gaji murah turnover karyawan tinggi yang penting ada customer tetap,1.0,0.0,0.0,0.0,1.0
"Ini bukan soal hire org yg tepat. Ini soal dia tdk tau impact negativenya bekerja dgn pemerintah, apalagi yg full kontroversi. Negara kompetitornya lgsg dilawan. Direct marketnya sendiri dilawan, smp Sweden boikot. Apalagi kebijakan2 bossnya itu (si Trump) smp bikin ekonomi dunia parah. Siapa ga kesel. Ini bisnis org2nya sendiri (loyalisnya) aja kan smp kelibas. Ain't that stupid as hell? // Soal yg juga ga kalah tepat, adalah krn dia jg bukan leader yg menghargai org lain, baik itu dr konsumennya sendiri, maupun pihak lain, krn investor aja dia lawan, dia ga peduli. Gmn gak automatis ancur tuh bisnis yg sdh dibangun dan didanai investor2 itu selama ini? // Ini diluar soal the EV competition itself ya. Fitur2nya udah kalah jauh skr, ditambah boikot td. Sok kepedean aja...kl jd investornya sih pecat or cabut. Bukan hire org. The problem is on the man's (reputation) itself behind the gun.",0.0,"Ini bukan soal hire org yg tepat. Ini soal dia tdk tau impact negativenya bekerja dgn pemerintah, apalagi yg full kontroversi. Negara kompetitornya lgsg dilawan. Direct marketnya sendiri dilawan, smp Sweden boikot. Apalagi kebijakan2 bossnya itu (si Trump) smp bikin ekonomi dunia parah. Siapa ga kesel. Ini bisnis org2nya sendiri (loyalisnya) aja kan smp kelibas. Ain't that stupid as hell? // Soal yg juga ga kalah tepat, adalah krn dia jg bukan leader yg menghargai org lain, baik itu dr konsumennya sendiri, maupun pihak lain, krn investor aja dia lawan, dia ga peduli. Gmn gak automatis ancur tuh bisnis yg sdh dibangun dan didanai investor2 itu selama ini? // Ini diluar soal the EV competition itself ya. Fitur2nya udah kalah jauh skr, ditambah boikot td. Sok kepedean aja...kl jd investornya sih pecat or cabut. Bukan hire org. The problem is on the man's (reputation) itself behind the gun.",ini bukan soal hire org yg tepat ini soal dia tdk tau impact negativenya bekerja dgn pemerintah apalagi yg full kontroversi negara kompetitornya lgsg dilawan direct marketnya sendiri dilawan smp sweden boikot apalagi kebijakan 2 bossnya itu si trump smp bikin ekonomi dunia parah siapa ga kesel ini bisnis org 2 nya sendiri loyalisnya aja kan smp kelibas ain t that stupid as hell soal yg juga ga kalah tepat adalah krn dia jg bukan leader yg menghargai org lain baik itu dr konsumennya sendiri maupun pihak lain krn investor aja dia lawan dia ga peduli gmn gak automatis ancur tuh bisnis yg sdh dibangun dan didanai investor 2 itu selama ini ini diluar soal the ev competition itself ya fitur 2 nya udah kalah jauh skr ditambah boikot td sok kepedean aja kl jd investornya sih pecat or cabut bukan hire org the problem is on the man s reputation itself behind the gun,1.0,0.0,0.0,0.0,1.0
"Kau bayar pakai kacang kau dapat monyet, pepatah itu mungkin gak berlaku buat perusahaan2 di indonesia bang, saya teknisi komputer, bos saya itu chinesse relasinya banyak dia suka tugasin  saya keliling ke perusahaan2 besar chinesse elit semacam di scbd dan ampun dah staff elitenya perusahaannya mau update microsoft excel aja minta diajarin ke saya caranya bagaimana wkwk 😂",0.0,"Kau bayar pakai kacang kau dapat monyet, pepatah itu mungkin gak berlaku buat perusahaan2 di indonesia bang, saya teknisi komputer, bos saya itu chinesse relasinya banyak dia suka tugasin  saya keliling ke perusahaan2 besar chinesse elit semacam di scbd dan ampun dah staff elitenya perusahaannya mau update microsoft excel aja minta diajarin ke saya caranya bagaimana wkwk 😂",kau bayar pakai kacang kau dapat monyet pepatah itu mungkin gak berlaku buat perusahaan 2 di indonesia bang saya teknisi komputer bos saya itu chinesse relasinya banyak dia suka tugasin saya keliling ke perusahaan 2 besar chinesse elit semacam di scbd dan ampun dah staff elitenya perusahaannya mau update microsoft excel aja minta diajarin ke saya caranya bagaimana wkwk,1.0,0.0,0.0,0.0,0.0
"Selama gw kerja di corporate, jajaran atas itu orang dalam atau simpanan bos. Staff bawah2 itu yg kompeten banyak. Misal gw beres project A, nanti ini project dinamai nama lain misal simpanan si bos. Tau2 dia yang naik jabatan. Di indo butuh orang kompeten hanya untuk perusahaan tetap jalan, tapi di bagian atas dan posisi tertentu difasilitasi menggunakan orang kompeten ini untuk alat saja",0.0,"Selama gw kerja di corporate, jajaran atas itu orang dalam atau simpanan bos. Staff bawah2 itu yg kompeten banyak. Misal gw beres project A, nanti ini project dinamai nama lain misal simpanan si bos. Tau2 dia yang naik jabatan. Di indo butuh orang kompeten hanya untuk perusahaan tetap jalan, tapi di bagian atas dan posisi tertentu difasilitasi menggunakan orang kompeten ini untuk alat saja",selama gw kerja di corporate jajaran atas itu orang dalam atau simpanan bos staff bawah 2 itu yg kompeten banyak misal gw beres project a nanti ini project dinamai nama lain misal simpanan si bos tau 2 dia yang naik jabatan di indo butuh orang kompeten hanya untuk perusahaan tetap jalan tapi di bagian atas dan posisi tertentu difasilitasi menggunakan orang kompeten ini untuk alat saja,1.0,0.0,0.0,0.0,0.0
"Videonya 10/10, dan MAMAJITU juga bisa jadi rekomendasi top buat yang suka game online.",1.0,"Videonya 10/10, dan MAMAJITU juga bisa jadi rekomendasi top buat yang suka game online.",videonya io io dan mamajitu juga bisa jadi rekomendasi top buat yang suka game online,1.0,0.0,0.0,0.0,0.0
Kontennya bikin mikir. Tapi abis itu relaxing sambil main MAMAJITU juga boleh dong,1.0,Kontennya bikin mikir. Tapi abis itu relaxing sambil main MAMAJITU juga boleh dong,kontennya bikin mikir tapi abis itu relaxing sambil main mamajitu juga boleh dong,1.0,0.0,0.0,0.0,1.0
"Gak cuma kontennya yang bikin betah, main MAMAJITU juga bisa bikin lupa waktu karena seru banget.",1.0,"Gak cuma kontennya yang bikin betah, main MAMAJITU juga bisa bikin lupa waktu karena seru banget.",gak cuma kontennya yang bikin betah main mamajitu juga bisa bikin lupa waktu karena seru banget,1.0,0.0,0.0,0.0,0.0
"Dukung terus kreator kreatif kayak gini! Sambil nunggu upload berikutnya, bisa isi waktu dengan MAMAJITU.",1.0,"Dukung terus kreator kreatif kayak gini! Sambil nunggu upload berikutnya, bisa isi waktu dengan MAMAJITU.",dukung terus kreator kreatif kayak ginii sambil nunggu upload berikutnya bisa isi waktu dengan mamajitu,1.0,0.0,0.0,0.0,0.0
"Isi kontennya keren, semoga ke depan bisa kolaborasi bareng platform terpercaya kayak MAMAJITU!",1.0,"Isi kontennya keren, semoga ke depan bisa kolaborasi bareng platform terpercaya kayak MAMAJITU!",isi kontennya keren semoga ke depan bisa kolaborasi bareng platform terpercaya kayak mamajitui,1.0,0.0,0.0,0.0,0.0
"Channel ini emang konsisten ya, semoga MAMAJITU juga bisa dilirik buat sponsor!",1.0,"Channel ini emang konsisten ya, semoga MAMAJITU juga bisa dilirik buat sponsor!",channel ini emang konsisten ya semoga mamajitu juga bisa dilirik buat sponsori,1.0,0.0,0.0,0.0,0.0
"Keren kontennya, bro! Lo harus cek juga MAMAJITU, banyak yang rekomendasiin.",1.0,"Keren kontennya, bro! Lo harus cek juga MAMAJITU, banyak yang rekomendasiin.",keren kontennya broi lo harus cek juga mamajitu banyak yang rekomendasiin,1.0,0.0,0.0,0.0,0.0
"Isi video bermanfaat banget. Buat hiburan tambahan, MAMAJITU juga patut dicoba.",1.0,"Isi video bermanfaat banget. Buat hiburan tambahan, MAMAJITU juga patut dicoba.",isi video bermanfaat banget buat hiburan tambahan mamajitu juga patut dicoba,1.0,0.0,0.0,0.0,0.0
"Keren bang, lanjut terus bikin konten! Sambil nunggu video berikutnya, iseng main MAMAJITU bisa jadi pilihan.",1.0,"Keren bang, lanjut terus bikin konten! Sambil nunggu video berikutnya, iseng main MAMAJITU bisa jadi pilihan.",keren bang lanjut terus bikin konteni sambil nunggu video berikutnya iseng main mamajitu bisa jadi pilihan,1.0,0.0,0.0,0.0,0.0
"Gak nyangka video ini sebagus ini. Sama kayak MAMAJITU, gak nyangka ternyata bisa cuan juga!",1.0,"Gak nyangka video ini sebagus ini. Sama kayak MAMAJITU, gak nyangka ternyata bisa cuan juga!",gak nyangka video ini sebagus ini sama kayak mamajitu gak nyangka ternyata bisa cuan jugai,1.0,0.0,0.0,0.0,0.0
"Gaya editing-nya unik, kayak sistem MAMAJITU yang beda dari platform lain.",1.0,"Gaya editing-nya unik, kayak sistem MAMAJITU yang beda dari platform lain.",gaya editing nya unik kayak sistem mamajitu yang beda dari platform lain,1.0,0.0,0.0,0.0,0.0
"Thanks atas infonya! Btw, MAMAJITU juga lagi ngadain event menarik nih.",1.0,"Thanks atas infonya! Btw, MAMAJITU juga lagi ngadain event menarik nih.",thanks atas infonyai btw mamajitu juga lagi ngadain event menarik nih,1.0,0.0,0.0,0.0,1.0
"Gameplay di sini keren, jadi kepikiran main juga di MAMAJITU, udah terbukti aman dan seru",1.0,"Gameplay di sini keren, jadi kepikiran main juga di MAMAJITU, udah terbukti aman dan seru",gameplay di sini keren jadi kepikiran main juga di mamajitu udah terbukti aman dan seru,1.0,0.0,0.0,0.0,1.0
"Konten edukatif dan fun kayak gini bikin betah, apalagi sambil main MAMAJITU.",1.0,"Konten edukatif dan fun kayak gini bikin betah, apalagi sambil main MAMAJITU.",konten edukatif dan fun kayak gini bikin betah apalagi sambil main mamajitu,1.0,0.0,0.0,0.0,0.0
Kualitas audio dan visualnya mantap! MAMAJITU juga kualitas gamenya gak kalah.,1.0,Kualitas audio dan visualnya mantap! MAMAJITU juga kualitas gamenya gak kalah.,kualitas audio dan visualnya mantapi mamajitu juga kualitas gamenya gak kalah,0.0,0.0,0.0,0.0,0.0
"Support kreator lokal, dan support juga platform game lokal yang terpercaya kayak MAMAJITU!",1.0,"Support kreator lokal, dan support juga platform game lokal yang terpercaya kayak MAMAJITU!",support kreator lokal dan support juga platform game lokal yang terpercaya kayak mamajitui,1.0,0.0,0.0,0.0,0.0
"Channel ini wajib naik, semoga dilirik juga buat kolaborasi bareng brand kayak MAMAJITU.",1.0,"Channel ini wajib naik, semoga dilirik juga buat kolaborasi bareng brand kayak MAMAJITU.",channel ini wajib naik semoga dilirik juga buat kolaborasi bareng brand kayak mamajitu,1.0,0.0,0.0,0.0,0.0
"Baru nemu channel ini dan langsung suka. Sekalian rekomendasi game, MAMAJITU juga oke!",1.0,"Baru nemu channel ini dan langsung suka. Sekalian rekomendasi game, MAMAJITU juga oke!",baru nemu channel ini dan langsung suka sekalian rekomendasi game mamajitu juga okei,1.0,0.0,0.0,0.0,0.0
"Bisa relate banget sama kontennya. Sambil healing, main MAMAJITU juga mantap.",1.0,"Bisa relate banget sama kontennya. Sambil healing, main MAMAJITU juga mantap.",bisa relate banget sama kontennya sambil healing main mamajitu juga mantap,1.0,0.0,0.0,0.0,0.0
"Like dulu videonya, terus lanjut main MAMAJITU ah, lagi banyak promo!",1.0,"Like dulu videonya, terus lanjut main MAMAJITU ah, lagi banyak promo!",like dulu videonya terus lanjut main mamajitu ah lagi banyak promoi,1.0,0.0,0.0,0.0,0.0
"Konten ini ngena banget, dan MAMAJITU juga ngasih vibe seru yang gak kalah keren.",1.0,"Konten ini ngena banget, dan MAMAJITU juga ngasih vibe seru yang gak kalah keren.",konten ini ngena banget dan mamajitu juga ngasih vibe seru yang gak kalah keren,1.0,0.0,0.0,0.0,0.0
"Mantap nih kontennya! Kalau lagi senggang, coba deh MAMAJITU, game online yang fair dan terpercaya.",1.0,"Mantap nih kontennya! Kalau lagi senggang, coba deh MAMAJITU, game online yang fair dan terpercaya.",mantap nih kontennyai kalau lagi senggang coba deh mamajitu game online yang fair dan terpercaya,1.0,0.0,0.0,0.0,0.0
"Mantap kontennya! Sekalian rekomendasiin MAMAJITU, game online yang udah banyak bukti positifnya.",1.0,"Mantap kontennya! Sekalian rekomendasiin MAMAJITU, game online yang udah banyak bukti positifnya.",mantap kontennyai sekalian rekomendasiin mamajitu game online yang udah banyak bukti positifnya,1.0,0.0,0.0,0.0,1.0
Menarik banget pembahasannya! Jadi pengen bahas juga game kayak MAMAJITU.,1.0,Menarik banget pembahasannya! Jadi pengen bahas juga game kayak MAMAJITU.,menarik banget pembahasannyai jadi pengen bahas juga game kayak mamajitu,1.0,0.0,0.0,0.0,0.0
Keren banget! MAMAJITU juga sering kasih kejutan seru buat membernya.,1.0,Keren banget! MAMAJITU juga sering kasih kejutan seru buat membernya.,keren bangeti mamajitu juga sering kasih kejutan seru buat membernya,1.0,0.0,0.0,0.0,0.0
"Kreatif banget, bro! Gue juga lagi nyobain MAMAJITU, seru sih buat refreshing.",1.0,"Kreatif banget, bro! Gue juga lagi nyobain MAMAJITU, seru sih buat refreshing.",kreatif banget broi gue juga lagi nyobain mamajitu seru sih buat refreshing,1.0,0.0,0.0,0.0,1.0
"Gak nyangka video ini se-inspiratif itu. Sama kayak MAMAJITU, ngasih pengalaman main game yang positif.",1.0,"Gak nyangka video ini se-inspiratif itu. Sama kayak MAMAJITU, ngasih pengalaman main game yang positif.",gak nyangka video ini se inspiratif itu sama kayak mamajitu ngasih pengalaman main game yang positif,1.0,0.0,0.0,0.0,0.0
"Suka banget sama pembahasannya, sambil main MAMAJITU makin mantap.",1.0,"Suka banget sama pembahasannya, sambil main MAMAJITU makin mantap.",suka banget sama pembahasannya sambil main mamajitu makin mantap,1.0,0.0,0.0,0.0,1.0
"Bang, coba main MAMAJITU juga deh! Seru dan aman banget buat semua kalangan.",1.0,"Bang, coba main MAMAJITU juga deh! Seru dan aman banget buat semua kalangan.",bang coba main mamajitu juga dehi seru dan aman banget buat semua kalangan,1.0,0.0,0.0,0.0,0.0
"Videonya keren banget! Btw, buat yang suka main game, MAMAJITU juga seru lho, udah terpercaya pula!",1.0,"Videonya keren banget! Btw, buat yang suka main game, MAMAJITU juga seru lho, udah terpercaya pula!",videonya keren bangeti btw buat yang suka main game mamajitu juga seru lho udah terpercaya pulai,1.0,0.0,0.0,0.0,0.0
"Videonya inspiratif, jadi pengen produktif sambil main game juga. MAMAJITU bisa jadi pilihan!",1.0,"Videonya inspiratif, jadi pengen produktif sambil main game juga. MAMAJITU bisa jadi pilihan!",videonya inspiratif jadi pengen produktif sambil main game juga mamajitu bisa jadi pilihani,1.0,0.0,0.0,0.0,1.0
"Nonton sambil main MAMAJITU tuh paling pas, combo terbaik!",1.0,"Nonton sambil main MAMAJITU tuh paling pas, combo terbaik!",nonton sambil main mamajitu tuh paling pas combo terbaiki,1.0,0.0,0.0,0.0,0.0
"Video informatif banget, cocok diputer sambil nyari hoki di MAMAJITU!",1.0,"Video informatif banget, cocok diputer sambil nyari hoki di MAMAJITU!",video informatif banget cocok diputer sambil nyari hoki di mamajitui,1.0,0.0,0.0,0.0,0.0
"Ini baru konten bermanfaat. Btw, MAMAJITU juga bermanfaat loh buat hiburan + cuan",1.0,"Ini baru konten bermanfaat. Btw, MAMAJITU juga bermanfaat loh buat hiburan + cuan",ini baru konten bermanfaat btw mamajitu juga bermanfaat loh buat hiburan t cuan,1.0,0.0,0.0,0.0,0.0
Inspirasi banget videonya! MAMAJITU juga kasih inspirasi lewat game serunya.,1.0,Inspirasi banget videonya! MAMAJITU juga kasih inspirasi lewat game serunya.,inspirasi banget videonyai mamajitu juga kasih inspirasi lewat game serunya,1.0,0.0,0.0,0.0,0.0
"Nonton ini bikin semangat, sambil nyoba peruntungan di MAMAJITU juga.",1.0,"Nonton ini bikin semangat, sambil nyoba peruntungan di MAMAJITU juga.",nonton ini bikin semangat sambil nyoba peruntungan di mamajitu juga,1.0,0.0,0.0,0.0,1.0
Topik di video ini emang lagi hits. MAMAJITU juga lagi naik daun nih!,1.0,Topik di video ini emang lagi hits. MAMAJITU juga lagi naik daun nih!,topik di video ini emang lagi hits mamajitu juga lagi naik daun nihi,1.0,0.0,0.0,0.0,0.0
"Salut sama kualitas videonya, kayak MAMAJITU yang selalu jaga kualitas game-nya.",1.0,"Salut sama kualitas videonya, kayak MAMAJITU yang selalu jaga kualitas game-nya.",salut sama kualitas videonya kayak mamajitu yang selalu jaga kualitas game nya,0.0,0.0,0.0,0.0,0.0
"Seru banget videonya! Kalau suka tantangan, MAMAJITU juga patut dicoba!",1.0,"Seru banget videonya! Kalau suka tantangan, MAMAJITU juga patut dicoba!",seru banget videonyai kalau suka tantangan mamajitu juga patut dicobai,1.0,0.0,0.0,0.0,0.0
"Pas nonton ini, langsung keinget MAMAJITU – game terpercaya dan bikin betah.",1.0,"Pas nonton ini, langsung keinget MAMAJITU – game terpercaya dan bikin betah.",pas nonton ini langsung keinget mamajitu game terpercaya dan bikin betah,1.0,0.0,0.0,0.0,0.0
"Wih, ngeditnya keren! Gaya main kamu kayak di MAMAJITU, penuh strategi tapi fun.",1.0,"Wih, ngeditnya keren! Gaya main kamu kayak di MAMAJITU, penuh strategi tapi fun.",wih ngeditnya kereni gaya main kamu kayak di mamajitu penuh strategi tapi fun,1.0,0.0,0.0,0.0,1.0
Semoga sukses terus channel ini. MAMAJITU juga semoga makin banyak dikenal!,1.0,Semoga sukses terus channel ini. MAMAJITU juga semoga makin banyak dikenal!,semoga sukses terus channel ini mamajitu juga semoga makin banyak dikenali,1.0,0.0,0.0,0.0,1.0
"Nanti yg berkompeten malah digaji rendah, RUGI dong😂",0.0,"Nanti yg berkompeten malah digaji rendah, RUGI dong😂",nanti yg berkompeten malah digaji rendah rugi dong,1.0,0.0,0.0,0.0,1.0
Lah.. kok seperti nyindir komisaris giveaway 😅😂😢,0.0,Lah.. kok seperti nyindir komisaris giveaway 😅😂😢,lah kok seperti nyindir komisaris giveaway,1.0,0.0,0.0,0.0,0.0
"You pay peanuts you get monkey, klasik dr zaman expat di indo pd level GM😅",0.0,"You pay peanuts you get monkey, klasik dr zaman expat di indo pd level GM😅",you pay peanuts you get monkey klasik dr zaman expat di indo pd level gm,1.0,0.0,0.0,0.0,0.0
Tergantung. Kalau cuma jaga stand es teh ya hire orang murah.,0.0,Tergantung. Kalau cuma jaga stand es teh ya hire orang murah.,tergantung kalau cuma jaga stand es teh ya hire orang murah,1.0,0.0,0.0,0.0,0.0
g30mtni (gerakan 30 mei tni) utk memakzulkan wapres 😅,0.0,g30mtni (gerakan 30 mei tni) utk memakzulkan wapres 😅,geomtni gerakan eo mei tni utk memakzulkan wapres,1.0,0.0,0.0,0.0,0.0
"Tapi orang begitu, kerjanya bentar doang udah minta resign (pengalaman)",0.0,"Tapi orang begitu, kerjanya bentar doang udah minta resign (pengalaman)",tapi orang begitu kerjanya bentar doang udah minta resign pengalaman,1.0,0.0,0.0,0.0,0.0
"Di indonesia banyak budak murah, manusia murahnya dikit, dari segi sosial juga di indonesia value uang lebih besar dari pada waktu, ilmu, dll.... ga heran😊",0.0,"Di indonesia banyak budak murah, manusia murahnya dikit, dari segi sosial juga di indonesia value uang lebih besar dari pada waktu, ilmu, dll.... ga heran😊",di indonesia banyak budak murah manusia murahnya dikit dari segi sosial juga di indonesia value uang lebih besar dari pada waktu ilmu dll ga heran,1.0,0.0,0.0,0.0,0.0
"Hadir om,, salam sehat dan sukses selalu ...🎉🎉",0.0,"Hadir om,, salam sehat dan sukses selalu ...🎉🎉",hadir om salam sehat dan sukses selalu,1.0,0.0,0.0,0.0,0.0
Kerjaan elon mungkin hanya cari inspirasi,0.0,Kerjaan elon mungkin hanya cari inspirasi,kerjaan elon mungkin hanya cari inspirasi,1.0,0.0,0.0,0.0,0.0
"Kadang alesan mereka hire dengan harga murah, agar bisa membuat mereka untuk bisa menjadi orang yg nantinya bisa di hire dengan harga tinggi, tpi pada proses itu mereka menuntut pekerjaan seperfect harga tinggi. Misalnya kyk hire lulusan SMK yg hanya dianggap untuk mencari pengalaman saja, namun pada kenyataannya mereka butuh uang untuk hidup, pengalaman yg pernah saya alami🙏🏼",0.0,"Kadang alesan mereka hire dengan harga murah, agar bisa membuat mereka untuk bisa menjadi orang yg nantinya bisa di hire dengan harga tinggi, tpi pada proses itu mereka menuntut pekerjaan seperfect harga tinggi. Misalnya kyk hire lulusan SMK yg hanya dianggap untuk mencari pengalaman saja, namun pada kenyataannya mereka butuh uang untuk hidup, pengalaman yg pernah saya alami🙏🏼",kadang alesan mereka hire dengan harga murah agar bisa membuat mereka untuk bisa menjadi orang yg nantinya bisa di hire dengan harga tinggi tpi pada proses itu mereka menuntut pekerjaan seperfect harga tinggi misalnya kyk hire lulusan smk yg hanya dianggap untuk mencari pengalaman saja namun pada kenyataannya mereka butuh uang untuk hidup pengalaman yg pernah saya alami,1.0,0.0,0.0,0.0,0.0
Efektif dan efisien kunci dalam ekonomi,0.0,Efektif dan efisien kunci dalam ekonomi,efektif dan efisien kunci dalam ekonomi,1.0,0.0,0.0,0.0,1.0
"modal politik.. mana² sm ja,cuma beda content. tiada org politik yg lurus,yg ngaku² baik pakai peci.. usah percayalah... klu org itu beriman,nescaya dia tidak akan berani menguruskan tangungjawab yg besar.. kalau didesak baru mahu,yg memang kaki korupsi..mereka memandang itu adalah uang.. terpaksa diubah makai buat pejabat untuk mengelakkan ketahuan.. nyatanya rmai msih banga sma esemka,tetapi mereka tidak sedar keadaanya... bahkan kilangnya pn ga tau.. berfikirlah whai nitizen indo,smpai bila digula² kan?",0.0,"modal politik.. mana² sm ja,cuma beda content. tiada org politik yg lurus,yg ngaku² baik pakai peci.. usah percayalah... klu org itu beriman,nescaya dia tidak akan berani menguruskan tangungjawab yg besar.. kalau didesak baru mahu,yg memang kaki korupsi..mereka memandang itu adalah uang.. terpaksa diubah makai buat pejabat untuk mengelakkan ketahuan.. nyatanya rmai msih banga sma esemka,tetapi mereka tidak sedar keadaanya... bahkan kilangnya pn ga tau.. berfikirlah whai nitizen indo,smpai bila digula² kan?",modal politik mana 2 sm ja cuma beda content tiada org politik yg lurus yg ngaku 2 baik pakai peci usah percayalah klu org itu beriman nescaya dia tidak akan berani menguruskan tangungjawab yg besar kalau didesak baru mahu yg memang kaki korupsi mereka memandang itu adalah uang terpaksa diubah makai buat pejabat untuk mengelakkan ketahuan nyatanya rmai msih banga sma esemka tetapi mereka tidak sedar keadaanya bahkan kilangnya pn ga tau berfikirlah whai nitizen indo smpai bila digula 2 kan,1.0,0.0,0.0,0.0,0.0
"Langsung dibasmi asing sebelum lahir,ditambah birokrasi korup,komplit dah",0.0,"Langsung dibasmi asing sebelum lahir,ditambah birokrasi korup,komplit dah",langsung dibasmi asing sebelum lahir ditambah birokrasi korup komplit dah,1.0,0.0,0.0,0.0,1.0
Klo gitu sy yg buat mobil listrik nasional aza biar nama sy makin terkenal😁,0.0,Klo gitu sy yg buat mobil listrik nasional aza biar nama sy makin terkenal😁,klo gitu sy yg buat mobil listrik nasional aza biar nama sy makin terkenal,1.0,0.0,0.0,0.0,0.0
Curiga bakal ada ormas datang ke pabrik esemka. 😢😢😢,0.0,Curiga bakal ada ormas datang ke pabrik esemka. 😢😢😢,curiga bakal ada ormas datang ke pabrik esemka,1.0,0.0,0.0,0.0,0.0
TerpopulerＧＡ Ｒ Ｕ ＤＡ ＨＯ ＫＩMember baru pasti jepee❤,1.0,TerpopulerＧＡ Ｒ Ｕ ＤＡ ＨＯ ＫＩMember baru pasti jepee❤,terpopulerga r u da ho kimember baru pasti jepee,1.0,0.0,0.0,0.0,0.0
ＧＡ Ｒ Ｕ ＤＡ ＨＯ ＫＩterpopuler masakini❤,1.0,ＧＡ Ｒ Ｕ ＤＡ ＨＯ ＫＩterpopuler masakini❤,ga r u da ho kiterpopuler masakini,1.0,0.0,0.0,0.0,1.0
ＧＡ Ｒ Ｕ ＤＡ ＨＯ ＫＩterpopuler di Indonesia❤,1.0,ＧＡ Ｒ Ｕ ＤＡ ＨＯ ＫＩterpopuler di Indonesia❤,ga r u da ho kiterpopuler di indonesia,0.0,0.0,0.0,0.0,1.0
ＧＡ Ｒ Ｕ ＤＡ ＨＯ ＫＩ sudah terdaftar Resmi❤,1.0,ＧＡ Ｒ Ｕ ＤＡ ＨＯ ＫＩ sudah terdaftar Resmi❤,ga r u da ho ki sudah terdaftar resmi,1.0,0.0,0.0,0.0,0.0
ＧＡ Ｒ Ｕ ＤＡ ＨＯ ＫＩmenang lebih mudah❤,1.0,ＧＡ Ｒ Ｕ ＤＡ ＨＯ ＫＩmenang lebih mudah❤,ga r u da ho kimenang lebih mudah,1.0,0.0,0.0,0.0,0.0
ＧＡ Ｒ Ｕ ＤＡ ＨＯ ＫＩ..Member baru pasti jepe❤,1.0,ＧＡ Ｒ Ｕ ＤＡ ＨＯ ＫＩ..Member baru pasti jepe❤,ga r u da ho ki member baru pasti jepe,1.0,0.0,0.0,0.0,0.0
ＧＡ Ｒ Ｕ ＤＡ ＨＯ ＫＩ..Modal sedikit hasil maksimal❤,1.0,ＧＡ Ｒ Ｕ ＤＡ ＨＯ ＫＩ..Modal sedikit hasil maksimal❤,ga r u da ho ki modal sedikit hasil maksimal,1.0,0.0,0.0,0.0,0.0
TerpopulerＧＡ Ｒ Ｕ ＤＡ ＨＯ ＫＩ Member baru pasti jepee❤,1.0,TerpopulerＧＡ Ｒ Ｕ ＤＡ ＨＯ ＫＩ Member baru pasti jepee❤,terpopulerga r u da ho ki member baru pasti jepee,1.0,0.0,0.0,0.0,0.0
ＧＡ Ｒ Ｕ ＤＡ ＨＯ ＫＩ_Pasti Jepe❤,1.0,ＧＡ Ｒ Ｕ ＤＡ ＨＯ ＫＩ_Pasti Jepe❤,ga r u da ho ki_pasti jepe,1.0,0.0,0.0,0.0,0.0
01:18enak kan? pdahal modal receh malah jadi jutaan main diＧＡ Ｒ Ｕ ＤＡ ＨＯ ＫＩ,1.0,01:18enak kan? pdahal modal receh malah jadi jutaan main diＧＡ Ｒ Ｕ ＤＡ ＨＯ ＫＩ,oi ibenak kan pdahal modal receh malah jadi jutaan main diga r u da ho ki,1.0,0.0,0.0,0.0,0.0
ＧＡ Ｒ Ｕ ＤＡ ＨＯ ＫＩ..Terpopuler masakini❤,1.0,ＧＡ Ｒ Ｕ ＤＡ ＨＯ ＫＩ..Terpopuler masakini❤,ga r u da ho ki terpopuler masakini,1.0,0.0,0.0,0.0,0.0
peminat terbanyakＧＡ Ｒ Ｕ ＤＡ ＨＯ ＫＩdi Indonesia❤,1.0,peminat terbanyakＧＡ Ｒ Ｕ ＤＡ ＨＯ ＫＩdi Indonesia❤,peminat terbanyakga r u da ho kidi indonesia,1.0,0.0,0.0,0.0,0.0
"😂 banyak yang Tidak bisa di bicarakan, ada musuh dalam selimut, coba lihat mobil listrik Indonesia 2x gagal, juga. 🎉 Mafi ini lebih kuat dari pada presiden, sangat kejam. Mafia ini belum bisa di sentuh, sampai sekarang,🎉",0.0,"😂 banyak yang Tidak bisa di bicarakan, ada musuh dalam selimut, coba lihat mobil listrik Indonesia 2x gagal, juga. 🎉 Mafi ini lebih kuat dari pada presiden, sangat kejam. Mafia ini belum bisa di sentuh, sampai sekarang,🎉",banyak yang tidak bisa di bicarakan ada musuh dalam selimut coba lihat mobil listrik indonesia 2 x gagal juga mafi ini lebih kuat dari pada presiden sangat kejam mafia ini belum bisa di sentuh sampai sekarang,1.0,0.0,0.0,0.0,1.0
Ini orang pembohong semua Jokowi dan hendro,0.0,Ini orang pembohong semua Jokowi dan hendro,ini orang pembohong semua jokowi dan hendro,1.0,0.0,0.0,0.0,0.0
Komen judol meresahkan anjir,0.0,Komen judol meresahkan anjir,komen judol meresahkan anjir,1.0,0.0,0.0,0.0,0.0
"Bila dengan tentang esemka, Pasti proton sedang ketar ketir",0.0,"Bila dengan tentang esemka, Pasti proton sedang ketar ketir",bila dengan tentang esemka pasti proton sedang ketar ketir,1.0,0.0,0.0,0.0,0.0
Indo pasar menarik buat brg cina 😂,0.0,Indo pasar menarik buat brg cina 😂,indo pasar menarik buat brg cina,1.0,0.0,0.0,0.0,0.0
"💎 Dari receh jadi sultan, main di manjurbet emang worth it! 🎰💥",1.0,"💎 Dari receh jadi sultan, main di manjurbet emang worth it! 🎰💥",dari receh jadi sultan main di manjurbet emang worth iti,1.0,0.0,0.0,0.0,0.0
"📈 Gak ada ruginya, manjurbet bener-bener gacor! 🔥",1.0,"📈 Gak ada ruginya, manjurbet bener-bener gacor! 🔥",gak ada ruginya manjurbet bener bener gacori,1.0,0.0,0.0,0.0,0.0
"Mantap betul! Main di manjurbet-anti lag, cuan pun anti macet!",1.0,"Mantap betul! Main di manjurbet-anti lag, cuan pun anti macet!",mantap betuli main di manjurbet anti lag cuan pun anti maceti,1.0,0.0,0.0,0.0,0.0
"Lihat teman-teman menang, langsung coba, dan ternyata di manjurbet aku juga menang!",1.0,"Lihat teman-teman menang, langsung coba, dan ternyata di manjurbet aku juga menang!",lihat teman teman menang langsung coba dan ternyata di manjurbet aku juga menangi,1.0,0.0,0.0,0.0,1.0
"🎯 Masuk, spin, menang! Simple di manjurbet! 🚀",1.0,"🎯 Masuk, spin, menang! Simple di manjurbet! 🚀",masuk spin menangi simple di manjurbeti,1.0,0.0,0.0,0.0,0.0
📊 Modal receh bisa dapet jackpot di manjurbet! 🔥😍,1.0,📊 Modal receh bisa dapet jackpot di manjurbet! 🔥😍,modal receh bisa dapet jackpot di manjurbeti,1.0,0.0,0.0,0.0,0.0
"Sapu bersih semua hadiah dan bonus yang ada di manjurbet , auto jadi crazy rich!",1.0,"Sapu bersih semua hadiah dan bonus yang ada di manjurbet , auto jadi crazy rich!",sapu bersih semua hadiah dan bonus yang ada di manjurbet auto jadi crazy richi,1.0,0.0,0.0,0.0,0.0
"💎 Sensasi menang besar bikin nagih, cuma di manjurbet! 🚀💰",1.0,"💎 Sensasi menang besar bikin nagih, cuma di manjurbet! 🚀💰",sensasi menang besar bikin nagih cuma di manjurbeti,1.0,0.0,0.0,0.0,1.0
"Gak pernah bosan main manjurbet , selalu ada yang baru!",1.0,"Gak pernah bosan main manjurbet , selalu ada yang baru!",gak pernah bosan main manjurbet selalu ada yang barui,1.0,0.0,0.0,0.0,0.0
Main sebentar langsung dapet jakpot gede. Rezeki ada di manjurbet!,1.0,Main sebentar langsung dapet jakpot gede. Rezeki ada di manjurbet!,main sebentar langsung dapet jakpot gede rezeki ada di manjurbeti,1.0,0.0,0.0,0.0,0.0
💎 Sukses besar berawal dari manjurbet! 🚀,1.0,💎 Sukses besar berawal dari manjurbet! 🚀,sukses besar berawal dari manjurbeti,1.0,0.0,0.0,0.0,0.0
"Mantap sekali! Main di manjurbet  lancar, cuan pun lancar jaya!",1.0,"Mantap sekali! Main di manjurbet  lancar, cuan pun lancar jaya!",mantap sekalii main di manjurbet lancar cuan pun lancar jayai,1.0,0.0,0.0,0.0,0.0
"📊 Cuan lancar tiap hari, cuma di manjurbet! 💎",1.0,"📊 Cuan lancar tiap hari, cuma di manjurbet! 💎",cuan lancar tiap hari cuma di manjurbeti,1.0,0.0,0.0,0.0,0.0
🎰 Rezeki tak terduga selalu hadir! manjurbet terbaik! 🚀,1.0,🎰 Rezeki tak terduga selalu hadir! manjurbet terbaik! 🚀,rezeki tak terduga selalu hadiri manjurbet terbaiki,1.0,0.0,0.0,0.0,0.0
Emak2 tantrum gara2 tupperware pecah n hilang jd berkurang 😅😂,0.0,Emak2 tantrum gara2 tupperware pecah n hilang jd berkurang 😅😂,emak 2 tantrum gara 2 tupperware pecah n hilang jd berkurang,1.0,0.0,0.0,0.0,1.0
"Produk ketinggalan zaman, dan awet, serta malas inovasi. Itu si blundernya Tupperware. Produk nya harus beradaptasi dengan zamannya, terus jg jangan buat terlalu awet, dan harus terus berinovasi",0.0,"Produk ketinggalan zaman, dan awet, serta malas inovasi. Itu si blundernya Tupperware. Produk nya harus beradaptasi dengan zamannya, terus jg jangan buat terlalu awet, dan harus terus berinovasi",produk ketinggalan zaman dan awet serta malas inovasi itu si blundernya tupperware produk nya harus beradaptasi dengan zamannya terus jg jangan buat terlalu awet dan harus terus berinovasi,1.0,0.0,0.0,0.0,0.0
Karena Hukum di Negeri Konoha condong amburadul dibawah Kekuasaan.,0.0,Karena Hukum di Negeri Konoha condong amburadul dibawah Kekuasaan.,karena hukum di negeri konoha condong amburadul dibawah kekuasaan,1.0,0.0,0.0,0.0,0.0
"Alhamdulillah sy g pernah tertarik utk jadi kaki tangan dan konsumen tupperware. se.bagus2nya plastik ttp g bs dipake utk dipake klo ada tamu datang, secara etika dan estetika nggak banget",0.0,"Alhamdulillah sy g pernah tertarik utk jadi kaki tangan dan konsumen tupperware. se.bagus2nya plastik ttp g bs dipake utk dipake klo ada tamu datang, secara etika dan estetika nggak banget",alhamdulillah sy g pernah tertarik utk jadi kaki tangan dan konsumen tupperware se bagus 2 nya plastik ttp g bs dipake utk dipake klo ada tamu datang secara etika dan estetika nggak banget,1.0,0.0,0.0,0.0,0.0
Tupperwarenya tahan lama. Emak2 yg 10-20 tahun lalu beli masih nyimpen produknya. Ya gimana lagi kan😂,0.0,Tupperwarenya tahan lama. Emak2 yg 10-20 tahun lalu beli masih nyimpen produknya. Ya gimana lagi kan😂,tupperwarenya tahan lama emak 2 yg io 2 o tahun lalu beli masih nyimpen produknya ya gimana lagi kan,1.0,0.0,0.0,0.0,0.0
Banyak yg bahagia karena dulunya banyak d semprot sama emaknya karena tmpt minum dan tmpt bekel raib😂,0.0,Banyak yg bahagia karena dulunya banyak d semprot sama emaknya karena tmpt minum dan tmpt bekel raib😂,banyak yg bahagia karena dulunya banyak d semprot sama emaknya karena tmpt minum dan tmpt bekel raib,0.0,0.0,0.0,0.0,0.0
"Ihh padahal gw seneng karna Tupperware gk akan produksi lgi trus emak gw gk beli barang Tupperware lgi, dgn begitu gw gk bakal dimarahin lgi klo Tupperware ilang😂",0.0,"Ihh padahal gw seneng karna Tupperware gk akan produksi lgi trus emak gw gk beli barang Tupperware lgi, dgn begitu gw gk bakal dimarahin lgi klo Tupperware ilang😂",ihh padahal gw seneng karna tupperware gk akan produksi lgi trus emak gw gk beli barang tupperware lgi dgn begitu gw gk bakal dimarahin lgi klo tupperware ilang,0.0,0.0,0.0,0.0,0.0
Sistemnya Tupperwate itu riba bang Raymond. MLM BIG NO buat muslim,0.0,Sistemnya Tupperwate itu riba bang Raymond. MLM BIG NO buat muslim,sistemnya tupperwate itu riba bang raymond mlm big no buat muslim,0.0,0.0,0.0,0.0,0.0
Oh Tupperware. Tinggal kenangan,0.0,Oh Tupperware. Tinggal kenangan,oh tupperware tinggal kenangan,0.0,0.0,0.0,0.0,0.0
Apa ngga bisa bikin yg second dg merek lain ?,0.0,Apa ngga bisa bikin yg second dg merek lain ?,apa ngga bisa bikin yg second dg merek lain,0.0,0.0,0.0,0.0,0.0
Kabur aja dulu berarti oke sih buat generasi skrg,0.0,Kabur aja dulu berarti oke sih buat generasi skrg,kabur aja dulu berarti oke sih buat generasi skrg,0.0,0.0,0.0,0.0,0.0
Ya seperti inilah kehidupan😂,0.0,Ya seperti inilah kehidupan😂,ya seperti inilah kehidupan,0.0,0.0,0.0,0.0,0.0
Bahas investasi LG yg gagal koh,0.0,Bahas investasi LG yg gagal koh,bahas investasi lg yg gagal koh,1.0,0.0,0.0,0.0,1.0
"Waduh sayang banget, padahal banyak loh kenangan warga Indo di Tupperware.",0.0,"Waduh sayang banget, padahal banyak loh kenangan warga Indo di Tupperware.",waduh sayang banget padahal banyak loh kenangan warga indo di tupperware,1.0,0.0,0.0,0.0,0.0
Mantap,0.0,Mantap,mantap,1.0,0.0,0.0,0.0,0.0
"Aku mah kuliah yang kepaksa teh 😂 mau nya masuk jurusan lain tapi ga lolos terus ga punya cadangan jurusan lain yang diinginkan jadi nerima tawaran kaka buat kuliah jurusan teknik 😂 walaupun ga tau bakalan sanggup atau bisa enjoy ngejalanin nya. Tapi pada akhirnya aku maksain diri buat bisa enjoy karena minta pindah jurusan atau pindah kampus harus keluar uang lagi 😂. Aku selalu punya ketidaknyamanan sama lingkungan sekolah karena ingatan waktu jaman SD liat temen di tampar guru, tapi walaupun kaya gitu aku ga bisa minta pindah-pindah sekolah karena pada akhirnya hanya menghabiskan biaya 😂.",0.0,"Aku mah kuliah yang kepaksa teh 😂 mau nya masuk jurusan lain tapi ga lolos terus ga punya cadangan jurusan lain yang diinginkan jadi nerima tawaran kaka buat kuliah jurusan teknik 😂 walaupun ga tau bakalan sanggup atau bisa enjoy ngejalanin nya. Tapi pada akhirnya aku maksain diri buat bisa enjoy karena minta pindah jurusan atau pindah kampus harus keluar uang lagi 😂. Aku selalu punya ketidaknyamanan sama lingkungan sekolah karena ingatan waktu jaman SD liat temen di tampar guru, tapi walaupun kaya gitu aku ga bisa minta pindah-pindah sekolah karena pada akhirnya hanya menghabiskan biaya 😂.",aku mah kuliah yang kepaksa teh mau nya masuk jurusan lain tapi ga lolos terus ga punya cadangan jurusan lain yang diinginkan jadi nerima tawaran kaka buat kuliah jurusan teknik walaupun ga tau bakalan sanggup atau bisa enjoy ngejalanin nya tapi pada akhirnya aku maksain diri buat bisa enjoy karena minta pindah jurusan atau pindah kampus harus keluar uang lagi aku selalu punya ketidaknyamanan sama lingkungan sekolah karena ingatan waktu jaman sd liat temen di tampar guru tapi walaupun kaya gitu aku ga bisa minta pindah pindah sekolah karena pada akhirnya hanya menghabiskan biaya,1.0,0.0,0.0,0.0,1.0
🎯 Jackpot tiap hari di king328! Gak percaya? Coba sendiri! 😍,1.0,🎯 Jackpot tiap hari di king328! Gak percaya? Coba sendiri! 😍,jackpot tiap hari di kinge 2 bi gak percaya coba sendirii,1.0,0.0,0.0,0.0,0.0
"Mantap sekali! Main di king328  lancar, cuan pun lancar jaya!",1.0,"Mantap sekali! Main di king328  lancar, cuan pun lancar jaya!",mantap sekalii main di kinge 2 b lancar cuan pun lancar jayai,1.0,0.0,0.0,0.0,1.0
🔥 Langsung kaya dalam semalam? Bisa di king328! 💎💥,1.0,🔥 Langsung kaya dalam semalam? Bisa di king328! 💎💥,langsung kaya dalam semalam bisa di kinge 2 bi,1.0,0.0,0.0,0.0,1.0
"Bikin penasaran banget, dapet jakpot besar cuma dalam sekali coba di king328 !",1.0,"Bikin penasaran banget, dapet jakpot besar cuma dalam sekali coba di king328 !",bikin penasaran banget dapet jakpot besar cuma dalam sekali coba di kinge 2 b i,1.0,0.0,0.0,0.0,1.0
"Parah banget! king328-bikin candu berat, susah banget buat berhenti!",1.0,"Parah banget! king328-bikin candu berat, susah banget buat berhenti!",parah bangeti kinge 2 b bikin candu berat susah banget buat berhentii,1.0,0.0,0.0,0.0,0.0
sudah ketemu situs yang paling gacorr ni king328😍,1.0,sudah ketemu situs yang paling gacorr ni king328😍,sudah ketemu situs yang paling gacorr ni kinge 2 b,1.0,0.0,0.0,0.0,0.0
⚡ Semua bisa menang! king328 kasih rezeki tanpa batas! 💎💰,1.0,⚡ Semua bisa menang! king328 kasih rezeki tanpa batas! 💎💰,semua bisa menangi kinge 2 b kasih rezeki tanpa batasi,1.0,0.0,0.0,0.0,1.0
🎰 Keberuntungan berpihak padamu! king328 luar biasa! 🚀,1.0,🎰 Keberuntungan berpihak padamu! king328 luar biasa! 🚀,keberuntungan berpihak padamui kinge 2 b luar biasai,1.0,0.0,0.0,0.0,1.0
"Main santai di king328, hasilnya bikin senyum lebar. Terima kasih banyak!",1.0,"Main santai di king328, hasilnya bikin senyum lebar. Terima kasih banyak!",main santai di kinge 2 b hasilnya bikin senyum lebar terima kasih banyaki,1.0,0.0,0.0,0.0,1.0
gacir banget di king328!,1.0,gacir banget di king328!,gacir banget di kinge 2 bi,1.0,0.0,0.0,0.0,1.0
Aku Baru daftar langsung di kasih menang king328😍,1.0,Aku Baru daftar langsung di kasih menang king328😍,aku baru daftar langsung di kasih menang kinge 2 b,1.0,0.0,0.0,0.0,1.0
🎰 Setiap hari ada kejutan di king328! 💎💥,1.0,🎰 Setiap hari ada kejutan di king328! 💎💥,setiap hari ada kejutan di kinge 2 bi,1.0,0.0,0.0,0.0,1.0
"🎯 Keberuntungan berpihak padaku, menang terus di king328! 💥💰",1.0,"🎯 Keberuntungan berpihak padaku, menang terus di king328! 💥💰",keberuntungan berpihak padaku menang terus di kinge 2 bi,1.0,0.0,0.0,0.0,1.0
"Rekomendasi terbaik buat cari hiburan yang gacor, pasti di king328 !",1.0,"Rekomendasi terbaik buat cari hiburan yang gacor, pasti di king328 !",rekomendasi terbaik buat cari hiburan yang gacor pasti di kinge 2 b i,1.0,0.0,0.0,0.0,0.0
Terus berkarya bang.. sukses selalu.,0.0,Terus berkarya bang.. sukses selalu.,terus berkarya bang sukses selalu,0.0,0.0,0.0,0.0,0.0
"Teruslah maju & terkenal Ray, jadilah pemimpin negara ini, geser yg tua² bangka tapi tdk mengurus rakyat malah memperkaya diri & kroni. JANGAN PERNAH BERUBAH KARENA UANG & KEKAYAAN, RAY. Negara ini krisis pemimpin yg amanah, Ray. Sy yakin kamu sadar & tau itu. Sy setuju dg pendptmu bhw skrg itu rakyat yg stres memikirkan rakyat, bukan pemerintah yg memikirkan rakyat ❤",0.0,"Teruslah maju & terkenal Ray, jadilah pemimpin negara ini, geser yg tua² bangka tapi tdk mengurus rakyat malah memperkaya diri & kroni. JANGAN PERNAH BERUBAH KARENA UANG & KEKAYAAN, RAY. Negara ini krisis pemimpin yg amanah, Ray. Sy yakin kamu sadar & tau itu. Sy setuju dg pendptmu bhw skrg itu rakyat yg stres memikirkan rakyat, bukan pemerintah yg memikirkan rakyat ❤",teruslah maju terkenal ray jadilah pemimpin negara ini geser yg tua 2 bangka tapi tdk mengurus rakyat malah memperkaya diri kroni jangan pernah berubah karena uang kekayaan ray negara ini krisis pemimpin yg amanah ray sy yakin kamu sadar tau itu sy setuju dg pendptmu bhw skrg itu rakyat yg stres memikirkan rakyat bukan pemerintah yg memikirkan rakyat,0.0,0.0,0.0,0.0,0.0
Potcast orang indonesia semua penonton banyak orang indonesia tapi penguna potcas bahasa menurutku bagi gue pendengar merasa jijik jika di campur kayak gitu maaf pendapat pribadi kalau bahasa inggris ya nahasa inggris atau pakek bahasa indonesia terua aja...,0.0,Potcast orang indonesia semua penonton banyak orang indonesia tapi penguna potcas bahasa menurutku bagi gue pendengar merasa jijik jika di campur kayak gitu maaf pendapat pribadi kalau bahasa inggris ya nahasa inggris atau pakek bahasa indonesia terua aja...,potcast orang indonesia semua penonton banyak orang indonesia tapi penguna potcas bahasa menurutku bagi gue pendengar merasa jijik jika di campur kayak gitu maaf pendapat pribadi kalau bahasa inggris ya nahasa inggris atau pakek bahasa indonesia terua aja,0.0,0.0,0.0,0.0,0.0
Iya tau bang Ray dari tik tok kata katanya itu masuk akal dan bisa dipahami dan saya bilang ini orang cerdas amat😂,0.0,Iya tau bang Ray dari tik tok kata katanya itu masuk akal dan bisa dipahami dan saya bilang ini orang cerdas amat😂,iya tau bang ray dari tik tok kata katanya itu masuk akal dan bisa dipahami dan saya bilang ini orang cerdas amat,1.0,0.0,0.0,0.0,1.0
"Wih lama juga ya, 4 tahun. Mantapp",0.0,"Wih lama juga ya, 4 tahun. Mantapp",wih lama juga ya a tahun mantapp,0.0,0.0,0.0,0.0,0.0
Ini gerakan yang digerakkan oleh konspirasi cina. Believe me,0.0,Ini gerakan yang digerakkan oleh konspirasi cina. Believe me,ini gerakan yang digerakkan oleh konspirasi cina believe me,0.0,0.0,0.0,0.0,1.0
"Gwe tau koh Ray semenjak diundang podcast ""tutup pintu""",0.0,"Gwe tau koh Ray semenjak diundang podcast ""tutup pintu""",gwe tau koh ray semenjak diundang podcast tutup pintu,1.0,0.0,0.0,0.0,0.0
"Dari yang awalnya hanya sebagai seorang pebisnis yang mengajari kita cara untuk menjadi seorang individu yang sukses dalam mengendalikan ekonomi pribadi, kini menjadi salah seorang individu yang mewakili kita sebagai ""rakyat kecil"" dalam menyikapi berbagai isu yang dibuat oleh berbagai tokoh politik yang berdampak pada perekomonian negeri kita dengan berani. Selamat untuk dedikasimu selama 4 tahun ini koh Raymond, semoga setiap isu yang anda bahas dan setiap solusi yang anda sarankan dapat didengar oleh mereka.",0.0,"Dari yang awalnya hanya sebagai seorang pebisnis yang mengajari kita cara untuk menjadi seorang individu yang sukses dalam mengendalikan ekonomi pribadi, kini menjadi salah seorang individu yang mewakili kita sebagai ""rakyat kecil"" dalam menyikapi berbagai isu yang dibuat oleh berbagai tokoh politik yang berdampak pada perekomonian negeri kita dengan berani. Selamat untuk dedikasimu selama 4 tahun ini koh Raymond, semoga setiap isu yang anda bahas dan setiap solusi yang anda sarankan dapat didengar oleh mereka.",dari yang awalnya hanya sebagai seorang pebisnis yang mengajari kita cara untuk menjadi seorang individu yang sukses dalam mengendalikan ekonomi pribadi kini menjadi salah seorang individu yang mewakili kita sebagai rakyat kecil dalam menyikapi berbagai isu yang dibuat oleh berbagai tokoh politik yang berdampak pada perekomonian negeri kita dengan berani selamat untuk dedikasimu selama a tahun ini koh raymond semoga setiap isu yang anda bahas dan setiap solusi yang anda sarankan dapat didengar oleh mereka,1.0,0.0,0.0,0.0,1.0
YouTube terakhir??? Gw ngertinya di yt tok 😂,0.0,YouTube terakhir??? Gw ngertinya di yt tok 😂,youtube terakhir gw ngertinya di yt tok,0.0,0.0,0.0,0.0,0.0
SUPER MANTAP Tempat asik buat lotre online gak usah mikir dua kali deh! Join aja di  ambil4d    siapa tau lo juga dapet jackpot gede.,1.0,SUPER MANTAP Tempat asik buat lotre online gak usah mikir dua kali deh! Join aja di  ambil4d    siapa tau lo juga dapet jackpot gede.,super mantap tempat asik buat lotre online gak usah mikir dua kali dehi join aja di ambilad siapa tau lo juga dapet jackpot gede,1.0,0.0,0.0,0.0,0.0
Kalo untuk Datsun Go ada nggak?,0.0,Kalo untuk Datsun Go ada nggak?,kalo untuk datsun go ada nggak,0.0,0.0,0.0,0.0,0.0
"kesana gak bayar, parkirannya bayar 30K itu 😂😂😂😂",0.0,"kesana gak bayar, parkirannya bayar 30K itu 😂😂😂😂",kesana gak bayar parkirannya bayar eok itu,1.0,0.0,0.0,0.0,0.0
Muantap betul ommmm!!!,0.0,Muantap betul ommmm!!!,muantap betul ommmmiii,0.0,0.0,0.0,0.0,0.0
"Mungkinkah Markas Besarnya Nismo tau ada yang namanya *_""LIVINA""_* ??? 😅😅😅",0.0,"Mungkinkah Markas Besarnya Nismo tau ada yang namanya *_""LIVINA""_* ??? 😅😅😅",mungkinkah markas besarnya nismo tau ada yang namanya _ livina _,0.0,0.0,0.0,0.0,0.0
"Berkat 𝐷 𝐎 𝙍 A 7 7 saya melesat, dari pengantar roti ke bos bakery. 🚚",1.0,"Berkat 𝐷 𝐎 𝙍 A 7 7 saya melesat, dari pengantar roti ke bos bakery. 🚚",berkat d o r a t t saya melesat dari pengantar roti ke bos bakery,1.0,0.0,0.0,0.0,0.0
Keuntungan dari 𝐃 𝙀 W 𝐴 D О 𝐑 𝘈 membuka peluang bagi saya untuk memiliki rumah idaman. 🐸,1.0,Keuntungan dari 𝐃 𝙀 W 𝐴 D О 𝐑 𝘈 membuka peluang bagi saya untuk memiliki rumah idaman. 🐸,keuntungan dari d e w a d о r a membuka peluang bagi saya untuk memiliki rumah idaman,0.0,0.0,0.0,0.0,0.0
"𝐷 𝑂 𝐑 𝘼 𝟩 7 bikin hidup makin asyik, rezeki datang tanpa henti! 9⃣",1.0,"𝐷 𝑂 𝐑 𝘼 𝟩 7 bikin hidup makin asyik, rezeki datang tanpa henti! 9⃣",d o r a t t bikin hidup makin asyik rezeki datang tanpa hentii g,1.0,0.0,0.0,0.0,0.0
Grafiknya di 𝘿 𝘖 𝘙 𝘼 𝟳 𝟽-keren abis! Gameplaynya juga seru! 😉,1.0,Grafiknya di 𝘿 𝘖 𝘙 𝘼 𝟳 𝟽-keren abis! Gameplaynya juga seru! 😉,grafiknya di d o r a t t keren abisi gameplaynya juga serui,0.0,0.0,0.0,0.0,0.0
Temukan potensi 𝘿 О 𝙍 𝘼 𝟳 𝟽. 🌮,1.0,Temukan potensi 𝘿 О 𝙍 𝘼 𝟳 𝟽. 🌮,temukan potensi d о r a t t,0.0,0.0,0.0,0.0,0.0
"Bikin penasaran banget, dapet menang besar cuma dalam sekali coba di 𝘋 𝐸 𝐖 𝐴 𝐷 𝙊 𝐑 𝐀! 🛑",1.0,"Bikin penasaran banget, dapet menang besar cuma dalam sekali coba di 𝘋 𝐸 𝐖 𝐴 𝐷 𝙊 𝐑 𝐀! 🛑",bikin penasaran banget dapet menang besar cuma dalam sekali coba di d e w a d o r ai,0.0,0.0,0.0,0.0,0.0
Mencari platform yang mudah digunakan dan lugas? 𝐃 О R A 𝟳 𝟳-mungkin jawabannya. 🥙,1.0,Mencari platform yang mudah digunakan dan lugas? 𝐃 О R A 𝟳 𝟳-mungkin jawabannya. 🥙,mencari platform yang mudah digunakan dan lugas d о r a t t mungkin jawabannya,0.0,0.0,0.0,0.0,0.0
𝐃 𝙊 Я 𝐀 7 𝟩 menawarkan pendekatan yang berpusat pada pengguna untuk interaksi daring. 🐸,1.0,𝐃 𝙊 Я 𝐀 7 𝟩 menawarkan pendekatan yang berpusat pada pengguna untuk interaksi daring. 🐸,d o я a t t menawarkan pendekatan yang berpusat pada pengguna untuk interaksi daring,1.0,0.0,0.0,0.0,0.0
"Rezeki dari 𝐷 О R 𝘈 𝟩 𝟩 sungguh luar biasa, terima kasih Tuhan! ✴",1.0,"Rezeki dari 𝐷 О R 𝘈 𝟩 𝟩 sungguh luar biasa, terima kasih Tuhan! ✴",rezeki dari d о r a t t sungguh luar biasa terima kasih tuhani,0.0,0.0,0.0,0.0,0.0
"Main di 𝐷 𝐄 𝑊 𝐴 𝐃 O 𝙍 𝐀-bikin dompet tebal, rezeki berlimpah! 👊",1.0,"Main di 𝐷 𝐄 𝑊 𝐴 𝐃 O 𝙍 𝐀-bikin dompet tebal, rezeki berlimpah! 👊",main di d e w a d o r a bikin dompet tebal rezeki berlimpahi,1.0,0.0,0.0,0.0,0.0
Keuntungan dari 𝘋 О 𝙍 А 𝟳 7 membuka jalan bagi saya memiliki rumah impian. 👌,1.0,Keuntungan dari 𝘋 О 𝙍 А 𝟳 7 membuka jalan bagi saya memiliki rumah impian. 👌,keuntungan dari d о r а t t membuka jalan bagi saya memiliki rumah impian,1.0,0.0,0.0,0.0,1.0
"Bermain di 𝐷 O R 𝐀 𝟩 7 mengubah hidup saya, dari tukang ojek jadi pemilik armada ojek. 🥄",1.0,"Bermain di 𝐷 O R 𝐀 𝟩 7 mengubah hidup saya, dari tukang ojek jadi pemilik armada ojek. 🥄",bermain di d o r a t t mengubah hidup saya dari tukang ojek jadi pemilik armada ojek,1.0,0.0,0.0,0.0,1.0
Modal tambahan dari 𝘋 O 𝐑 A 𝟽 𝟽 meningkatkan kemampuan saya untuk berwirausaha. 🦧,1.0,Modal tambahan dari 𝘋 O 𝐑 A 𝟽 𝟽 meningkatkan kemampuan saya untuk berwirausaha. 🦧,modal tambahan dari d o r a t t meningkatkan kemampuan saya untuk berwirausaha,1.0,0.0,0.0,0.0,1.0
Rezeki dari 𝐃 𝘖 𝑅 𝐀 𝟳 𝟽 emang gak terduga! Terima kasih ya Tuhan! ♐,1.0,Rezeki dari 𝐃 𝘖 𝑅 𝐀 𝟳 𝟽 emang gak terduga! Terima kasih ya Tuhan! ♐,rezeki dari d o r a t t emang gak terdugai terima kasih ya tuhani,1.0,0.0,0.0,0.0,0.0
"Sikat habis JP di 𝘿 Е 𝑊 𝘼 𝐷 𝑂 𝘙 𝘼,auto kaya mendadak! 😕",1.0,"Sikat habis JP di 𝘿 Е 𝑊 𝘼 𝐷 𝑂 𝘙 𝘼,auto kaya mendadak! 😕",sikat habis jp di d е w a d o r a auto kaya mendadaki,1.0,0.0,0.0,0.0,1.0
"Jika Anda menikmati bekerja dengan orang lain, D Е 𝙒 𝘈 𝐃 𝘖 𝑅 𝘈-mungkin cocok. 🧇",1.0,"Jika Anda menikmati bekerja dengan orang lain, D Е 𝙒 𝘈 𝐃 𝘖 𝑅 𝘈-mungkin cocok. 🧇",jika anda menikmati bekerja dengan orang lain d е w a d o r a mungkin cocok,1.0,0.0,0.0,0.0,1.0
Asik banget main di D 𝐄 𝙒 A D O 𝐑 𝐴! Cuan auto nambah terus! 😃,1.0,Asik banget main di D 𝐄 𝙒 A D O 𝐑 𝐴! Cuan auto nambah terus! 😃,asik banget main di d e w a d o r ai cuan auto nambah terusi,1.0,0.0,0.0,0.0,0.0
𝐷 𝙊 Я 𝐀 𝟳 𝟳 menawarkan cara mudah untuk terhubung dengan orang lain. 😏,1.0,𝐷 𝙊 Я 𝐀 𝟳 𝟳 menawarkan cara mudah untuk terhubung dengan orang lain. 😏,d o я a t t menawarkan cara mudah untuk terhubung dengan orang lain,1.0,0.0,0.0,0.0,1.0
D 𝙀 𝑊 𝘈 D O 𝐑 𝐴 menawarkan pengalaman daring yang halus dan dipoles. 🐭,1.0,D 𝙀 𝑊 𝘈 D O 𝐑 𝐴 menawarkan pengalaman daring yang halus dan dipoles. 🐭,d e w a d o r a menawarkan pengalaman daring yang halus dan dipoles,1.0,0.0,0.0,0.0,0.0
"Gacir terus tiap main di 𝐷𝐸𝙒𝐴𝘿𝙊𝑅𝐀, makasih atas keberuntungannya!",1.0,"Gacir terus tiap main di 𝐷𝐸𝙒𝐴𝘿𝙊𝑅𝐀, makasih atas keberuntungannya!",gacir terus tiap main di dewadora makasih atas keberuntungannyai,1.0,0.0,0.0,0.0,1.0
"Main di 𝘿𝐸𝘞𝘈D𝘖𝐑𝘼 cuma sebentar, eh langsung rezeki nomplok. Jadi pengen coba lagi!",1.0,"Main di 𝘿𝐸𝘞𝘈D𝘖𝐑𝘼 cuma sebentar, eh langsung rezeki nomplok. Jadi pengen coba lagi!",main di dewadora cuma sebentar eh langsung rezeki nomplok jadi pengen coba lagii,1.0,0.0,0.0,0.0,1.0
"Borong semua hadiah di 𝐃𝙊Я𝐴𝟳𝟩, auto jadi juragan!",1.0,"Borong semua hadiah di 𝐃𝙊Я𝐴𝟳𝟩, auto jadi juragan!",borong semua hadiah di doяatt auto jadi juragani,1.0,0.0,0.0,0.0,1.0
"Rezeki hari ini datang terus dari DE𝙒𝘈𝐷O𝙍А, senang banget rasanya!",1.0,"Rezeki hari ini datang terus dari DE𝙒𝘈𝐷O𝙍А, senang banget rasanya!",rezeki hari ini datang terus dari dewadorа senang banget rasanyai,1.0,0.0,0.0,0.0,0.0
"Berkat 𝘿O𝘙𝐀𝟳𝟩 saya melesat, dari buruh tani ke bos agribisnis.",1.0,"Berkat 𝘿O𝘙𝐀𝟳𝟩 saya melesat, dari buruh tani ke bos agribisnis.",berkat doratt saya melesat dari buruh tani ke bos agribisnis,1.0,0.0,0.0,0.0,1.0
"Berkat 𝐃О𝐑𝘼7𝟳 saya melesat, dari penjual keliling ke bos warung kopi.",1.0,"Berkat 𝐃О𝐑𝘼7𝟳 saya melesat, dari penjual keliling ke bos warung kopi.",berkat dоratt saya melesat dari penjual keliling ke bos warung kopi,1.0,0.0,0.0,0.0,1.0
"Di 𝐷𝘖R𝐀𝟽𝟳 mendukung transformasi saya, dari tukang sayur jadi bos supermarket.",1.0,"Di 𝐷𝘖R𝐀𝟽𝟳 mendukung transformasi saya, dari tukang sayur jadi bos supermarket.",di doratt mendukung transformasi saya dari tukang sayur jadi bos supermarket,1.0,0.0,0.0,0.0,1.0
"Sangat keren! Meraih kemenangan besar di D𝘖𝙍𝘼𝟳𝟩, langsung berlibur ke luar negeri!",1.0,"Sangat keren! Meraih kemenangan besar di D𝘖𝙍𝘼𝟳𝟩, langsung berlibur ke luar negeri!",sangat kereni meraih kemenangan besar di doratt langsung berlibur ke luar negerii,1.0,0.0,0.0,0.0,1.0
Hasil di 𝐷𝙊𝐑𝘼7𝟩 membuat saya bisa menyelesaikan kewajiban keuangan dengan baik.,1.0,Hasil di 𝐷𝙊𝐑𝘼7𝟩 membuat saya bisa menyelesaikan kewajiban keuangan dengan baik.,hasil di doratt membuat saya bisa menyelesaikan kewajiban keuangan dengan baik,1.0,0.0,0.0,0.0,0.0
"Main santai di 𝐷E𝑊А𝐃𝐎RА, hasilnya bikin senyum lebar. Terima kasih banyak!",1.0,"Main santai di 𝐷E𝑊А𝐃𝐎RА, hasilnya bikin senyum lebar. Terima kasih banyak!",main santai di dewаdorа hasilnya bikin senyum lebar terima kasih banyaki,1.0,0.0,0.0,0.0,0.0
Berkat 𝐷O𝘙𝘼77 saya mendapatkan modal yang membantu mengembangkan usaha saya.,1.0,Berkat 𝐷O𝘙𝘼77 saya mendapatkan modal yang membantu mengembangkan usaha saya.,berkat doratt saya mendapatkan modal yang membantu mengembangkan usaha saya,0.0,0.0,0.0,0.0,1.0
"Sikat habis semua bonus dan promo di D𝐸𝘞𝐀𝐃𝑂𝐑А, auto jadi jutawan!",1.0,"Sikat habis semua bonus dan promo di D𝐸𝘞𝐀𝐃𝑂𝐑А, auto jadi jutawan!",sikat habis semua bonus dan promo di dewadorа auto jadi jutawani,0.0,0.0,0.0,0.0,0.0
"Hasil gacir terus di 𝘋𝙊𝙍𝐀𝟽𝟽, nggak pernah kecewa!",1.0,"Hasil gacir terus di 𝘋𝙊𝙍𝐀𝟽𝟽, nggak pernah kecewa!",hasil gacir terus di doratt nggak pernah kecewai,1.0,0.0,0.0,0.0,0.0
"Bermain di D𝙊𝑅A7𝟽 mengubah hidup saya, dari penjual pulsa jadi pengusaha modern.",1.0,"Bermain di D𝙊𝑅A7𝟽 mengubah hidup saya, dari penjual pulsa jadi pengusaha modern.",bermain di doratt mengubah hidup saya dari penjual pulsa jadi pengusaha modern,0.0,0.0,0.0,0.0,0.0
Beberapa pemain melaporkan pengalaman positif dengan D𝑂𝑅𝐀𝟩7.,1.0,Beberapa pemain melaporkan pengalaman positif dengan D𝑂𝑅𝐀𝟩7.,beberapa pemain melaporkan pengalaman positif dengan doratt,1.0,0.0,0.0,0.0,0.0
"Di 𝘋𝙊𝑅𝘈𝟩𝟽 saya menemukan peluang, dari penjual asongan jadi pemilik toko modern.",1.0,"Di 𝘋𝙊𝑅𝘈𝟩𝟽 saya menemukan peluang, dari penjual asongan jadi pemilik toko modern.",di doratt saya menemukan peluang dari penjual asongan jadi pemilik toko modern,0.0,0.0,0.0,0.0,0.0
Modal usaha saya meningkat pesat berkat keuntungan dari 𝐷𝐄𝙒𝘼𝐷𝐎R𝐴.,1.0,Modal usaha saya meningkat pesat berkat keuntungan dari 𝐷𝐄𝙒𝘼𝐷𝐎R𝐴.,modal usaha saya meningkat pesat berkat keuntungan dari dewadora,0.0,0.0,0.0,0.0,0.0
"Melalui 𝐃𝙀𝑊А𝘋ОR𝐀 saya bertransformasi, dari penjaja gorengan menjadi pemilik kafe.",1.0,"Melalui 𝐃𝙀𝑊А𝘋ОR𝐀 saya bertransformasi, dari penjaja gorengan menjadi pemilik kafe.",melalui dewаdоra saya bertransformasi dari penjaja gorengan menjadi pemilik kafe,1.0,0.0,0.0,0.0,0.0
Gila komen nya judol semua,0.0,Gila komen nya judol semua,gila komen nya judol semua,0.0,0.0,0.0,0.0,0.0
"Gacir terus tiap main di 𝐷O𝑅𝐴𝟽𝟽, bener-bener puas banget!",1.0,"Gacir terus tiap main di 𝐷O𝑅𝐴𝟽𝟽, bener-bener puas banget!",gacir terus tiap main di doratt bener bener puas bangeti,1.0,0.0,0.0,0.0,0.0
Jakpot besar bikin aku makin percaya sama keberuntungan di 𝐃O𝙍𝐴𝟳𝟽!,1.0,Jakpot besar bikin aku makin percaya sama keberuntungan di 𝐃O𝙍𝐴𝟳𝟽!,jakpot besar bikin aku makin percaya sama keberuntungan di doratti,0.0,0.0,0.0,0.0,0.0
"Berkat 𝘋𝐎R𝐀𝟳𝟽 saya berubah, dari penjual kecil jadi pengusaha besar.",1.0,"Berkat 𝘋𝐎R𝐀𝟳𝟽 saya berubah, dari penjual kecil jadi pengusaha besar.",berkat doratt saya berubah dari penjual kecil jadi pengusaha besar,1.0,0.0,0.0,0.0,0.0
Hasil gacir dari DЕ𝑊𝘼𝘋OЯА bikin hari makin seru. Mantap banget!,1.0,Hasil gacir dari DЕ𝑊𝘼𝘋OЯА bikin hari makin seru. Mantap banget!,hasil gacir dari dеwadoяа bikin hari makin seru mantap bangeti,1.0,0.0,0.0,0.0,0.0
"Nggak pernah gagal dapet jakpot besar di 𝐷𝐎𝙍𝘼𝟩𝟽, recommended!",1.0,"Nggak pernah gagal dapet jakpot besar di 𝐷𝐎𝙍𝘼𝟩𝟽, recommended!",nggak pernah gagal dapet jakpot besar di doratt recommendedi,1.0,0.0,0.0,0.0,0.0
"Seru banget main di 𝐷𝐎RА𝟩𝟩, selain hiburannya seru, jakpotnya gacir terus!",1.0,"Seru banget main di 𝐷𝐎RА𝟩𝟩, selain hiburannya seru, jakpotnya gacir terus!",seru banget main di dorаtt selain hiburannya seru jakpotnya gacir terusi,0.0,0.0,0.0,0.0,0.0
Hasil dari 𝐷𝐎𝘙𝐴𝟳𝟩 membuktikan saya bisa beralih dari buruh pabrik ke pemilik bisnis.,1.0,Hasil dari 𝐷𝐎𝘙𝐴𝟳𝟩 membuktikan saya bisa beralih dari buruh pabrik ke pemilik bisnis.,hasil dari doratt membuktikan saya bisa beralih dari buruh pabrik ke pemilik bisnis,0.0,0.0,0.0,0.0,0.0
"𝘋Е𝙒𝐀D𝐎R𝐀 bikin setiap detik berharga, rezeki datang tanpa diduga!",1.0,"𝘋Е𝙒𝐀D𝐎R𝐀 bikin setiap detik berharga, rezeki datang tanpa diduga!",dеwadora bikin setiap detik berharga rezeki datang tanpa didugai,0.0,0.0,0.0,0.0,0.0
Modal usaha saya tumbuh pesat berkat hasil dari 𝘋𝘖𝘙𝘈𝟩𝟳.,1.0,Modal usaha saya tumbuh pesat berkat hasil dari 𝘋𝘖𝘙𝘈𝟩𝟳.,modal usaha saya tumbuh pesat berkat hasil dari doratt,0.0,0.0,0.0,0.0,1.0
Harusnya pabrikan eecara default set legroom yg sama utk baris 2 dan 3. Ada mark. Jadi ada panduan.,0.0,Harusnya pabrikan eecara default set legroom yg sama utk baris 2 dan 3. Ada mark. Jadi ada panduan.,harusnya pabrikan eecara default set legroom yg sama utk baris 2 dan e ada mark jadi ada panduan,1.0,0.0,0.0,0.0,0.0
Buat jemput anak sekolah,0.0,Buat jemput anak sekolah,buat jemput anak sekolah,1.0,0.0,0.0,0.0,1.0
Semoga dealernya bisa segera di buka di Lampung,0.0,Semoga dealernya bisa segera di buka di Lampung,semoga dealernya bisa segera di buka di lampung,1.0,0.0,0.0,0.0,1.0
Komennya Judol semua 😂,0.0,Komennya Judol semua 😂,komennya judol semua,0.0,0.0,0.0,0.0,0.0
"Kalau yang ini saya tertarik,otomotif Vietnam semakin berkembang jauh",0.0,"Kalau yang ini saya tertarik,otomotif Vietnam semakin berkembang jauh",kalau yang ini saya tertarik otomotif vietnam semakin berkembang jauh,1.0,0.0,0.0,0.0,0.0
Gk worth utk harga hampir 200 juta. Ini mobil menurutku worthnya di 150 juta maximal.,0.0,Gk worth utk harga hampir 200 juta. Ini mobil menurutku worthnya di 150 juta maximal.,gk worth utk harga hampir 2 oo juta ini mobil menurutku worthnya di iso juta maximal,1.0,0.0,0.0,0.0,0.0
Judol Laknat Biadab,0.0,Judol Laknat Biadab,judol laknat biadab,1.0,0.0,0.0,0.0,0.0
Cocok buat anjem anak 😍,0.0,Cocok buat anjem anak 😍,cocok buat anjem anak,1.0,0.0,0.0,0.0,0.0
inden sebulan..trus naik dr 189 jd 192 kemaren baru test drive..enak sih,0.0,inden sebulan..trus naik dr 189 jd 192 kemaren baru test drive..enak sih,inden sebulan trus naik dr ibg jd ig 2 kemaren baru test drive enak sih,0.0,0.0,0.0,0.0,0.0
Vietnam bisa! Indonesia mana? Jadi pangsa pasar doang ! Penonton aja....miris banget negri ini 😁😝😝😝,0.0,Vietnam bisa! Indonesia mana? Jadi pangsa pasar doang ! Penonton aja....miris banget negri ini 😁😝😝😝,vietnam bisai indonesia mana jadi pangsa pasar doang i penonton aja miris banget negri ini,1.0,0.0,0.0,0.0,0.0
"R16 cuy ... macem raize ... kegedean sih sebenernya untuk mobil listrik kecil gini, ngabisin batere, R15 sudah cukup bgt harusnya, tapi ukuran masih lebih enak daripada AirEV yg susah nyari ban dan velg",0.0,"R16 cuy ... macem raize ... kegedean sih sebenernya untuk mobil listrik kecil gini, ngabisin batere, R15 sudah cukup bgt harusnya, tapi ukuran masih lebih enak daripada AirEV yg susah nyari ban dan velg",ri 6 cuy macem raize kegedean sih sebenernya untuk mobil listrik kecil gini ngabisin batere ris sudah cukup bgt harusnya tapi ukuran masih lebih enak daripada airev yg susah nyari ban dan velg,1.0,0.0,0.0,0.0,0.0
test nanjak ke cinomati bang..,0.0,test nanjak ke cinomati bang..,test nanjak ke cinomati bang,1.0,0.0,0.0,0.0,1.0
"Kurang ok sih,,dari segi interior full plastik dan safety",0.0,"Kurang ok sih,,dari segi interior full plastik dan safety",kurang ok sih dari segi interior full plastik dan safety,0.0,0.0,0.0,0.0,0.0
"Main cuma sebentar, hasilnya luar biasa! Kalo belum coba di 𝐷𝐸𝙒А𝐃𝙊𝑅𝐀, pasti bakal nyesel!",1.0,"Main cuma sebentar, hasilnya luar biasa! Kalo belum coba di 𝐷𝐸𝙒А𝐃𝙊𝑅𝐀, pasti bakal nyesel!",main cuma sebentar hasilnya luar biasai kalo belum coba di dewаdora pasti bakal nyeseli,0.0,0.0,0.0,0.0,1.0
"Di 𝐷𝐸𝘞𝐀𝘋𝐎𝙍𝘼 saya menemukan peluang, dari petani kecil jadi pemilik agribisnis.",1.0,"Di 𝐷𝐸𝘞𝐀𝘋𝐎𝙍𝘼 saya menemukan peluang, dari petani kecil jadi pemilik agribisnis.",di dewadora saya menemukan peluang dari petani kecil jadi pemilik agribisnis,1.0,0.0,0.0,0.0,0.0
"Jakpot besar banget di 𝐷𝙀W𝘼D𝑂𝙍𝐀, recommended banget buat yang cari hiburan!",1.0,"Jakpot besar banget di 𝐷𝙀W𝘼D𝑂𝙍𝐀, recommended banget buat yang cari hiburan!",jakpot besar banget di dewadora recommended banget buat yang cari hiburani,1.0,0.0,0.0,0.0,0.0
Di DЕ𝙒A𝘋𝐎R𝘈 memberikan solusi keuangan yang membantu saya membeli rumah.,1.0,Di DЕ𝙒A𝘋𝐎R𝘈 memberikan solusi keuangan yang membantu saya membeli rumah.,di dеwadora memberikan solusi keuangan yang membantu saya membeli rumah,0.0,0.0,0.0,0.0,0.0
"Rezeki besar datang tanpa henti dari 𝐃𝑂𝐑𝐀7𝟽, makasih banyak!",1.0,"Rezeki besar datang tanpa henti dari 𝐃𝑂𝐑𝐀7𝟽, makasih banyak!",rezeki besar datang tanpa henti dari doratt makasih banyaki,0.0,0.0,0.0,0.0,0.0
Beberapa pengguna mencatat aspek komunitas yang positif dari 𝘿𝙊𝘙𝘼𝟽𝟩.,1.0,Beberapa pengguna mencatat aspek komunitas yang positif dari 𝘿𝙊𝘙𝘼𝟽𝟩.,beberapa pengguna mencatat aspek komunitas yang positif dari doratt,1.0,0.0,0.0,0.0,0.0
"Bermain di 𝐷ОR𝐴𝟩𝟽 mengantar saya ke puncak, dari sopir angkot jadi pengusaha.",1.0,"Bermain di 𝐷ОR𝐴𝟩𝟽 mengantar saya ke puncak, dari sopir angkot jadi pengusaha.",bermain di dоratt mengantar saya ke puncak dari sopir angkot jadi pengusaha,1.0,0.0,0.0,0.0,1.0
"Deg-degan banget nunggu JP di 𝘿О𝙍𝐴7𝟳, akhirnya pecah juga!",1.0,"Deg-degan banget nunggu JP di 𝘿О𝙍𝐴7𝟳, akhirnya pecah juga!",deg degan banget nunggu jp di dоratt akhirnya pecah jugai,0.0,0.0,0.0,0.0,0.0
"Dengan 𝐷𝑂RА𝟽7 saya mengubah hidup, dari sopir angkot jadi bos transportasi.",1.0,"Dengan 𝐷𝑂RА𝟽7 saya mengubah hidup, dari sopir angkot jadi bos transportasi.",dengan dorаtt saya mengubah hidup dari sopir angkot jadi bos transportasi,1.0,0.0,0.0,0.0,0.0
"Hasil nyata di 𝐷𝙀W𝘈𝘿𝑂𝘙A mengantar saya, dari penjual kaki lima jadi pengusaha restoran.",1.0,"Hasil nyata di 𝐷𝙀W𝘈𝘿𝑂𝘙A mengantar saya, dari penjual kaki lima jadi pengusaha restoran.",hasil nyata di dewadora mengantar saya dari penjual kaki lima jadi pengusaha restoran,1.0,0.0,0.0,0.0,0.0
"Jakpot hari ini bikin aku makin semangat, cuma di D𝙀W𝘈𝘿𝘖ЯА!",1.0,"Jakpot hari ini bikin aku makin semangat, cuma di D𝙀W𝘈𝘿𝘖ЯА!",jakpot hari ini bikin aku makin semangat cuma di dewadoяаi,1.0,0.0,0.0,0.0,0.0
Hasil dari 𝐃Е𝙒𝐴𝐃𝘖𝐑А membuat saya bisa mengurangi beban hutang yang menumpuk.,1.0,Hasil dari 𝐃Е𝙒𝐴𝐃𝘖𝐑А membuat saya bisa mengurangi beban hutang yang menumpuk.,hasil dari dеwadorа membuat saya bisa mengurangi beban hutang yang menumpuk,1.0,0.0,0.0,0.0,0.0
"Berkat D𝘌𝙒𝐴D𝐎𝐑А saya melesat, dari karyawan biasa ke pemilik bisnis.",1.0,"Berkat D𝘌𝙒𝐴D𝐎𝐑А saya melesat, dari karyawan biasa ke pemilik bisnis.",berkat dewadorа saya melesat dari karyawan biasa ke pemilik bisnis,1.0,0.0,0.0,0.0,1.0
Di 𝐃𝑂𝐑𝐀𝟽7 memberikan modal signifikan untuk mendukung impian saya.,1.0,Di 𝐃𝑂𝐑𝐀𝟽7 memberikan modal signifikan untuk mendukung impian saya.,di doratt memberikan modal signifikan untuk mendukung impian saya,1.0,0.0,0.0,0.0,1.0
Bermain di 𝐷𝙀𝙒𝘼𝐷𝘖𝘙А membuat saya mampu menutup beban hutang dengan hasil maksimal.,1.0,Bermain di 𝐷𝙀𝙒𝘼𝐷𝘖𝘙А membuat saya mampu menutup beban hutang dengan hasil maksimal.,bermain di dewadorа membuat saya mampu menutup beban hutang dengan hasil maksimal,1.0,0.0,0.0,0.0,1.0
Modal yang didapat dari DО𝘙А7𝟩 menjadi pondasi usaha baru saya.,1.0,Modal yang didapat dari DО𝘙А7𝟩 menjadi pondasi usaha baru saya.,modal yang didapat dari dоrаtt menjadi pondasi usaha baru saya,1.0,0.0,0.0,0.0,0.0
"Sikat semua bonus di 𝘋𝑂Я𝘼𝟩𝟩, auto sultan!",1.0,"Sikat semua bonus di 𝘋𝑂Я𝘼𝟩𝟩, auto sultan!",sikat semua bonus di doяatt auto sultani,1.0,0.0,0.0,0.0,0.0
"Bermain di 𝐷O𝘙𝐀77 membuka jalan, dari petani kecil ke pengusaha sukses.",1.0,"Bermain di 𝐷O𝘙𝐀77 membuka jalan, dari petani kecil ke pengusaha sukses.",bermain di doratt membuka jalan dari petani kecil ke pengusaha sukses,1.0,0.0,0.0,0.0,0.0
𝐷O𝘙A𝟽𝟩 adalah platform yang didedikasikan untuk inovasi dan kemajuan.,1.0,𝐷O𝘙A𝟽𝟩 adalah platform yang didedikasikan untuk inovasi dan kemajuan.,doratt adalah platform yang didedikasikan untuk inovasi dan kemajuan,1.0,0.0,0.0,0.0,0.0
Surprisingly tuh apa sih?,0.0,Surprisingly tuh apa sih?,surprisingly tuh apa sih,1.0,0.0,0.0,0.0,1.0
Mobil listrik tanah air selain yg duku ngga di lulusin pemerintah gara2 kerjaannga Dahlan Iskan ada ngga ya?,0.0,Mobil listrik tanah air selain yg duku ngga di lulusin pemerintah gara2 kerjaannga Dahlan Iskan ada ngga ya?,mobil listrik tanah air selain yg duku ngga di lulusin pemerintah gara 2 kerjaannga dahlan iskan ada ngga ya,1.0,0.0,0.0,0.0,1.0
Jika lebih panjang 10-15 cm akan lebih menarik,0.0,Jika lebih panjang 10-15 cm akan lebih menarik,jika lebih panjang io is cm akan lebih menarik,1.0,0.0,0.0,0.0,0.0
Gokil abis! Gak nyangka bisa menang banyak di 𝐃O𝙍𝐀𝟽7!,1.0,Gokil abis! Gak nyangka bisa menang banyak di 𝐃O𝙍𝐀𝟽7!,gokil abisi gak nyangka bisa menang banyak di doratti,1.0,0.0,0.0,0.0,1.0
Semua bisa terjadi di 𝐷𝑂𝑅𝘈𝟽𝟩. Buktikan sendiri kalau kamu juga bisa menang!,1.0,Semua bisa terjadi di 𝐷𝑂𝑅𝘈𝟽𝟩. Buktikan sendiri kalau kamu juga bisa menang!,semua bisa terjadi di doratt buktikan sendiri kalau kamu juga bisa menangi,1.0,0.0,0.0,0.0,1.0
𝐃𝐎𝐑𝘼𝟽𝟳 menyediakan antarmuka yang ramah pengguna.,1.0,𝐃𝐎𝐑𝘼𝟽𝟳 menyediakan antarmuka yang ramah pengguna.,doratt menyediakan antarmuka yang ramah pengguna,1.0,0.0,0.0,0.0,0.0
Hasil dari 𝐷𝘌𝙒А𝘋𝙊𝙍𝐀 membantu saya menyelesaikan kewajiban keuangan.,1.0,Hasil dari 𝐷𝘌𝙒А𝘋𝙊𝙍𝐀 membantu saya menyelesaikan kewajiban keuangan.,hasil dari dewаdora membantu saya menyelesaikan kewajiban keuangan,1.0,0.0,0.0,0.0,0.0
"Berkat 𝐃𝘖𝘙A𝟽𝟩 saya berubah, dari tukang jahit jadi pemilik butik fashion.",1.0,"Berkat 𝐃𝘖𝘙A𝟽𝟩 saya berubah, dari tukang jahit jadi pemilik butik fashion.",berkat doratt saya berubah dari tukang jahit jadi pemilik butik fashion,1.0,0.0,0.0,0.0,0.0
"Bermain di 𝘋ЕWA𝐷𝐎R𝐀 membuka jalan, dari pembantu rumah ke pengusaha kebersihan.",1.0,"Bermain di 𝘋ЕWA𝐷𝐎R𝐀 membuka jalan, dari pembantu rumah ke pengusaha kebersihan.",bermain di dеwadora membuka jalan dari pembantu rumah ke pengusaha kebersihan,1.0,0.0,0.0,0.0,1.0
Bermain di DЕW𝘼𝘿𝐎𝘙A membuka peluang untuk mendapatkan modal usaha besar.,1.0,Bermain di DЕW𝘼𝘿𝐎𝘙A membuka peluang untuk mendapatkan modal usaha besar.,bermain di dеwadora membuka peluang untuk mendapatkan modal usaha besar,1.0,0.0,0.0,0.0,1.0
"Parah! 𝘿𝙊𝐑𝘼𝟽𝟳 bikin nagih banget, susah berhenti!",1.0,"Parah! 𝘿𝙊𝐑𝘼𝟽𝟳 bikin nagih banget, susah berhenti!",parahi doratt bikin nagih banget susah berhentii,1.0,0.0,0.0,0.0,0.0
Bermain di 𝘋𝙀𝘞𝘈𝐷О𝑅𝘈 membuat saya mampu melunasi hutang dengan hasil memuaskan.,1.0,Bermain di 𝘋𝙀𝘞𝘈𝐷О𝑅𝘈 membuat saya mampu melunasi hutang dengan hasil memuaskan.,bermain di dewadоra membuat saya mampu melunasi hutang dengan hasil memuaskan,1.0,0.0,0.0,0.0,0.0
KLO 150 on road bolehlah.,0.0,KLO 150 on road bolehlah.,klo iso on road bolehlah,1.0,0.0,0.0,0.0,0.0
"Deg-degan banget nunggu JP di 𝘈𝐄𝑅𝙊𝟪𝟾,akhirnya pecah juga!",1.0,"Deg-degan banget nunggu JP di 𝘈𝐄𝑅𝙊𝟪𝟾,akhirnya pecah juga!",deg degan banget nunggu jp di aerobb akhirnya pecah jugai,1.0,0.0,0.0,0.0,0.0
"Main di AЕ𝑅𝘖𝟴8-bikin happy terus, hiburan nomor satu!",1.0,"Main di AЕ𝑅𝘖𝟴8-bikin happy terus, hiburan nomor satu!",main di aеrobb bikin happy terus hiburan nomor satui,1.0,0.0,0.0,0.0,0.0
menang besar di 𝐴𝐸Я𝘖𝟪𝟾-bikin hari semakin cerah. Siapa cepat dia dapat!,1.0,menang besar di 𝐴𝐸Я𝘖𝟪𝟾-bikin hari semakin cerah. Siapa cepat dia dapat!,menang besar di aeяobb bikin hari semakin cerah siapa cepat dia dapati,1.0,0.0,0.0,0.0,1.0
"Rezeki dari 𝐴E𝘙𝐎8𝟪-emang gak ada duanya, terima kasih ya Allah atas limpahan rezeki-Mu!",1.0,"Rezeki dari 𝐴E𝘙𝐎8𝟪-emang gak ada duanya, terima kasih ya Allah atas limpahan rezeki-Mu!",rezeki dari aerobb emang gak ada duanya terima kasih ya allah atas limpahan rezeki mui,1.0,0.0,0.0,0.0,0.0
"Main lagi di 𝘼G𝙐S𝙏𝙊𝐓𝘖,siapa tau rezeki datang lagi!",1.0,"Main lagi di 𝘼G𝙐S𝙏𝙊𝐓𝘖,siapa tau rezeki datang lagi!",main lagi di agustoto siapa tau rezeki datang lagii,0.0,0.0,0.0,0.0,0.0
"АE𝙍𝑂𝟾8benar-benar yang terunggul, sangat saya rekomendasikan!",1.0,"АE𝙍𝑂𝟾8benar-benar yang terunggul, sangat saya rekomendasikan!",аerobbbenar benar yang terunggul sangat saya rekomendasikani,1.0,0.0,0.0,0.0,0.0
"Gacir terus tiap main di AG𝐔S𝐓OT𝘖,makasih atas keberuntungannya!",1.0,"Gacir terus tiap main di AG𝐔S𝐓OT𝘖,makasih atas keberuntungannya!",gacir terus tiap main di agustoto makasih atas keberuntungannyai,0.0,0.0,0.0,0.0,0.0
"Gak ada obat main di 𝐀𝐺𝐔𝙎𝘛𝘖𝑇О,cuan melimpah!",1.0,"Gak ada obat main di 𝐀𝐺𝐔𝙎𝘛𝘖𝑇О,cuan melimpah!",gak ada obat main di agustotо cuan melimpahi,0.0,0.0,0.0,0.0,0.0
"Seru banget main di 𝘋𝐸𝘞𝘈DO𝙍𝘈, hasilnya bikin hati senang terus!",1.0,"Seru banget main di 𝘋𝐸𝘞𝘈DO𝙍𝘈, hasilnya bikin hati senang terus!",seru banget main di dewadora hasilnya bikin hati senang terusi,1.0,0.0,0.0,0.0,0.0
"Happy banget bisa dapet rezeki besar dari 𝘿EW𝘈DО𝑅𝘈, bener-bener puas!",1.0,"Happy banget bisa dapet rezeki besar dari 𝘿EW𝘈DО𝑅𝘈, bener-bener puas!",happy banget bisa dapet rezeki besar dari dewadоra bener bener puasi,0.0,0.0,0.0,0.0,0.0
𝐷О𝐑𝐴𝟳𝟳 menawarkan kesempatan untuk terhubung dengan pemain lain.,1.0,𝐷О𝐑𝐴𝟳𝟳 menawarkan kesempatan untuk terhubung dengan pemain lain.,dоratt menawarkan kesempatan untuk terhubung dengan pemain lain,1.0,0.0,0.0,0.0,1.0
"Jika Anda menghargai peningkatan berkelanjutan, 𝘋𝐸𝘞АDO𝐑𝐀 mungkin pilihan yang baik.",1.0,"Jika Anda menghargai peningkatan berkelanjutan, 𝘋𝐸𝘞АDO𝐑𝐀 mungkin pilihan yang baik.",jika anda menghargai peningkatan berkelanjutan dewаdora mungkin pilihan yang baik,0.0,0.0,0.0,0.0,0.0
𝘋OЯА𝟩7 memberikan kesempatan untuk mencapai potensi penuh Anda.,1.0,𝘋OЯА𝟩7 memberikan kesempatan untuk mencapai potensi penuh Anda.,doяаtt memberikan kesempatan untuk mencapai potensi penuh anda,0.0,0.0,0.0,0.0,0.0
Bermain di 𝐃𝙊𝐑𝘼𝟽𝟳 membantu saya mencapai kestabilan finansial dengan melunasi hutang.,1.0,Bermain di 𝐃𝙊𝐑𝘼𝟽𝟳 membantu saya mencapai kestabilan finansial dengan melunasi hutang.,bermain di doratt membantu saya mencapai kestabilan finansial dengan melunasi hutang,0.0,0.0,0.0,0.0,0.0
Hasil dari 𝐷𝘌𝙒A𝐃О𝐑А membuktikan saya beralih dari tukang bakso ke bos restoran.,1.0,Hasil dari 𝐷𝘌𝙒A𝐃О𝐑А membuktikan saya beralih dari tukang bakso ke bos restoran.,hasil dari dewadоrа membuktikan saya beralih dari tukang bakso ke bos restoran,0.0,0.0,0.0,0.0,0.0
"Salut, jarang"" mobil ev china klaim batrenya pake standar WLTP, biasanya di brosur pake NEDC atau CLTC",0.0,"Salut, jarang"" mobil ev china klaim batrenya pake standar WLTP, biasanya di brosur pake NEDC atau CLTC",salut jarang mobil ev china klaim batrenya pake standar wltp biasanya di brosur pake nedc atau cltc,1.0,0.0,0.0,0.0,0.0
kemahalan,0.0,kemahalan,kemahalan,1.0,0.0,0.0,0.0,0.0
"Terima kasih banyak 𝐷𝐄𝘞А𝘿𝙊R𝘈, hari ini benar-benar gacir!",1.0,"Terima kasih banyak 𝐷𝐄𝘞А𝘿𝙊R𝘈, hari ini benar-benar gacir!",terima kasih banyak dewаdora hari ini benar benar gaciri,1.0,0.0,0.0,0.0,0.0
𝘿𝐄𝙒𝐴𝘋𝘖R𝐀 emang is the best! JP-nya bikin mata terbelalak!,1.0,𝘿𝐄𝙒𝐴𝘋𝘖R𝐀 emang is the best! JP-nya bikin mata terbelalak!,dewadora emang is the besti jp nya bikin mata terbelalaki,1.0,0.0,0.0,0.0,0.0
"Hasil nyata di 𝘿E𝙒𝘈𝘋𝙊𝑅A mengantar saya, dari penjual kaki lima jadi pengusaha restoran.",1.0,"Hasil nyata di 𝘿E𝙒𝘈𝘋𝙊𝑅A mengantar saya, dari penjual kaki lima jadi pengusaha restoran.",hasil nyata di dewadora mengantar saya dari penjual kaki lima jadi pengusaha restoran,1.0,0.0,0.0,0.0,0.0
"Gak nyangka bisa menang sebanyak ini di 𝘿𝙀𝘞𝐀𝘿𝑂R𝘼, auto party!",1.0,"Gak nyangka bisa menang sebanyak ini di 𝘿𝙀𝘞𝐀𝘿𝑂R𝘼, auto party!",gak nyangka bisa menang sebanyak ini di dewadora auto partyi,1.0,0.0,0.0,0.0,1.0
"Di 𝘿О𝑅А𝟩𝟳 mendukung, dari penjual pulsa ke pemilik toko gadget.",1.0,"Di 𝘿О𝑅А𝟩𝟳 mendukung, dari penjual pulsa ke pemilik toko gadget.",di dоrаtt mendukung dari penjual pulsa ke pemilik toko gadget,1.0,0.0,0.0,0.0,0.0
"Bermain di 𝘿E𝘞𝘼𝐃О𝑅𝐴 mengubah hidup saya, dari tukang cukur jadi pemilik salon.",1.0,"Bermain di 𝘿E𝘞𝘼𝐃О𝑅𝐴 mengubah hidup saya, dari tukang cukur jadi pemilik salon.",bermain di dewadоra mengubah hidup saya dari tukang cukur jadi pemilik salon,0.0,0.0,0.0,0.0,0.0
"Rezeki datang begitu cepat, main di 𝐷Е𝙒A𝐷𝑂Я𝘼 langsung gacir!",1.0,"Rezeki datang begitu cepat, main di 𝐷Е𝙒A𝐷𝑂Я𝘼 langsung gacir!",rezeki datang begitu cepat main di dеwadoяa langsung gaciri,1.0,0.0,0.0,0.0,0.0
"Di DО𝑅A𝟳𝟩 mendukung transformasi saya, dari tukang sayur jadi bos supermarket.",1.0,"Di DО𝑅A𝟳𝟩 mendukung transformasi saya, dari tukang sayur jadi bos supermarket.",di dоratt mendukung transformasi saya dari tukang sayur jadi bos supermarket,1.0,0.0,0.0,0.0,0.0
Hasil dari 𝘋OЯ𝘈7𝟳 membuktikan saya bisa beralih dari buruh bangunan jadi pemilik perusahaan kontraktor.,1.0,Hasil dari 𝘋OЯ𝘈7𝟳 membuktikan saya bisa beralih dari buruh bangunan jadi pemilik perusahaan kontraktor.,hasil dari doяatt membuktikan saya bisa beralih dari buruh bangunan jadi pemilik perusahaan kontraktor,1.0,0.0,0.0,0.0,0.0
"Jika Anda menikmati permainan strategis, 𝐷𝘌𝑊𝐀𝘋𝘖𝑅А mungkin menarik.",1.0,"Jika Anda menikmati permainan strategis, 𝐷𝘌𝑊𝐀𝘋𝘖𝑅А mungkin menarik.",jika anda menikmati permainan strategis dewadorа mungkin menarik,1.0,0.0,0.0,0.0,1.0
"Berkat 𝐃𝘌𝙒𝘈𝐃O𝑅𝐴 saya bertransformasi, dari pengantar surat jadi manajer operasional.",1.0,"Berkat 𝐃𝘌𝙒𝘈𝐃O𝑅𝐴 saya bertransformasi, dari pengantar surat jadi manajer operasional.",berkat dewadora saya bertransformasi dari pengantar surat jadi manajer operasional,1.0,0.0,0.0,0.0,1.0
"Jika Anda menghargai dukungan pelanggan, 𝐷𝘌𝑊𝘈DО𝙍𝐀 mungkin pilihan yang baik.",1.0,"Jika Anda menghargai dukungan pelanggan, 𝐷𝘌𝑊𝘈DО𝙍𝐀 mungkin pilihan yang baik.",jika anda menghargai dukungan pelanggan dewadоra mungkin pilihan yang baik,1.0,0.0,0.0,0.0,0.0
"Dengan 𝐃𝘖𝑅A𝟳𝟽 saya sukses, dari pengantar koran jadi pengusaha media.",1.0,"Dengan 𝐃𝘖𝑅A𝟳𝟽 saya sukses, dari pengantar koran jadi pengusaha media.",dengan doratt saya sukses dari pengantar koran jadi pengusaha media,1.0,0.0,0.0,0.0,1.0
"Di 𝘋O𝐑𝘈𝟩𝟩 mendukung transformasi saya, dari kuli bangunan jadi bos konstruksi.",1.0,"Di 𝘋O𝐑𝘈𝟩𝟩 mendukung transformasi saya, dari kuli bangunan jadi bos konstruksi.",di doratt mendukung transformasi saya dari kuli bangunan jadi bos konstruksi,1.0,0.0,0.0,0.0,0.0
"Melalui 𝐃𝘖𝘙𝘼𝟩𝟩 saya bertransformasi, dari penjaja gorengan menjadi pemilik kafe.",1.0,"Melalui 𝐃𝘖𝘙𝘼𝟩𝟩 saya bertransformasi, dari penjaja gorengan menjadi pemilik kafe.",melalui doratt saya bertransformasi dari penjaja gorengan menjadi pemilik kafe,1.0,0.0,0.0,0.0,1.0
𝐃𝙊𝐑𝐀𝟽𝟩 menawarkan perspektif yang berbeda tentang permainan daring.,1.0,𝐃𝙊𝐑𝐀𝟽𝟩 menawarkan perspektif yang berbeda tentang permainan daring.,doratt menawarkan perspektif yang berbeda tentang permainan daring,1.0,0.0,0.0,0.0,0.0
Pertimbangkan untuk menjelajahi DОR𝐴𝟩𝟩 jika Anda menghargai pertumbuhan pribadi.,1.0,Pertimbangkan untuk menjelajahi DОR𝐴𝟩𝟩 jika Anda menghargai pertumbuhan pribadi.,pertimbangkan untuk menjelajahi dоratt jika anda menghargai pertumbuhan pribadi,1.0,0.0,0.0,0.0,0.0
"Penasaran sama cerita orang-orang yang menang besar di 𝐃E𝘞AD𝙊𝘙𝘼, akhirnya coba dan langsung dapet rezeki besar!",1.0,"Penasaran sama cerita orang-orang yang menang besar di 𝐃E𝘞AD𝙊𝘙𝘼, akhirnya coba dan langsung dapet rezeki besar!",penasaran sama cerita orang orang yang menang besar di dewadora akhirnya coba dan langsung dapet rezeki besari,0.0,0.0,0.0,0.0,0.0
Hasil dari 𝘿𝘌𝑊ADОR𝘈 membuat saya bisa melunasi hutang tanpa hambatan.,1.0,Hasil dari 𝘿𝘌𝑊ADОR𝘈 membuat saya bisa melunasi hutang tanpa hambatan.,hasil dari dewadоra membuat saya bisa melunasi hutang tanpa hambatan,0.0,0.0,0.0,0.0,0.0
"Mantap sekali! Main di DО𝑅𝘈77 lancar, cuan pun lancar jaya!",1.0,"Mantap sekali! Main di DО𝑅𝘈77 lancar, cuan pun lancar jaya!",mantap sekalii main di dоratt lancar cuan pun lancar jayai,1.0,0.0,0.0,0.0,0.0
"Jakpot hari ini bikin hidup makin semangat, cuma di 𝘿𝘖𝑅𝘼𝟳𝟽!",1.0,"Jakpot hari ini bikin hidup makin semangat, cuma di 𝘿𝘖𝑅𝘼𝟳𝟽!",jakpot hari ini bikin hidup makin semangat cuma di doratti,1.0,0.0,0.0,0.0,1.0
"Knp musti pake nama X5 , ya pasti BMW ga suka lah kocak",1.0,"Knp musti pake nama X5 , ya pasti BMW ga suka lah kocak",knp musti pake nama xs ya pasti bmw ga suka lah kocak,1.0,0.0,0.0,0.0,0.0
Pengen cepat kaya? Langsung coba di 𝘿𝐎𝐑A𝟽𝟩 dan rasain jakpotnya!,1.0,Pengen cepat kaya? Langsung coba di 𝘿𝐎𝐑A𝟽𝟩 dan rasain jakpotnya!,pengen cepat kaya langsung coba di doratt dan rasain jakpotnyai,0.0,0.0,0.0,0.0,0.0
"Parah banget! D𝙀WA𝘋𝘖𝑅A bikin candu berat, susah banget buat berhenti!",1.0,"Parah banget! D𝙀WA𝘋𝘖𝑅A bikin candu berat, susah banget buat berhenti!",parah bangeti dewadora bikin candu berat susah banget buat berhentii,0.0,0.0,0.0,0.0,0.0
D𝐸𝐖A𝐷O𝑅𝘼 menawarkan pendekatan yang berbeda untuk interaksi daring.,1.0,D𝐸𝐖A𝐷O𝑅𝘼 menawarkan pendekatan yang berbeda untuk interaksi daring.,dewadora menawarkan pendekatan yang berbeda untuk interaksi daring,0.0,0.0,0.0,0.0,0.0
"Bermain di 𝐷ОRA𝟽7 membuka jalan, dari tukang sayur jadi pengusaha supermarket.",1.0,"Bermain di 𝐷ОRA𝟽7 membuka jalan, dari tukang sayur jadi pengusaha supermarket.",bermain di dоratt membuka jalan dari tukang sayur jadi pengusaha supermarket,0.0,0.0,0.0,0.0,0.0
"Hasil gacir bikin hariku makin cerah, makasih banyak 𝐃𝘌𝑊𝘼𝐷𝘖𝑅𝐀!",1.0,"Hasil gacir bikin hariku makin cerah, makasih banyak 𝐃𝘌𝑊𝘼𝐷𝘖𝑅𝐀!",hasil gacir bikin hariku makin cerah makasih banyak dewadorai,1.0,0.0,0.0,0.0,0.0
"Main di 𝐷О𝙍А𝟳𝟩 bikin dompet tebal, rezeki berlimpah!",1.0,"Main di 𝐷О𝙍А𝟳𝟩 bikin dompet tebal, rezeki berlimpah!",main di dоrаtt bikin dompet tebal rezeki berlimpahi,1.0,0.0,0.0,0.0,0.0
𝘋𝐸𝙒𝘼𝘿𝙊𝐑𝐴 menawarkan kesempatan untuk terhubung dengan pemain lain.,1.0,𝘋𝐸𝙒𝘼𝘿𝙊𝐑𝐴 menawarkan kesempatan untuk terhubung dengan pemain lain.,dewadora menawarkan kesempatan untuk terhubung dengan pemain lain,0.0,0.0,0.0,0.0,0.0
"Main bareng teman di 𝘋O𝑅𝘼𝟩7 makin seru, makin banyak cuan!",1.0,"Main bareng teman di 𝘋O𝑅𝘼𝟩7 makin seru, makin banyak cuan!",main bareng teman di doratt makin seru makin banyak cuani,0.0,0.0,0.0,0.0,0.0
Hasil dari D𝐎Я𝐀77 membuktikan saya bisa beralih dari pengantar roti jadi pemilik bakery.,1.0,Hasil dari D𝐎Я𝐀77 membuktikan saya bisa beralih dari pengantar roti jadi pemilik bakery.,hasil dari doяatt membuktikan saya bisa beralih dari pengantar roti jadi pemilik bakery,0.0,0.0,0.0,0.0,0.0
"Bermain di 𝐃Е𝑊А𝘋𝑂𝑅𝐴 membuka jalan, dari penjaja nasi goreng jadi pengusaha sukses.",1.0,"Bermain di 𝐃Е𝑊А𝘋𝑂𝑅𝐴 membuka jalan, dari penjaja nasi goreng jadi pengusaha sukses.",bermain di dеwаdora membuka jalan dari penjaja nasi goreng jadi pengusaha sukses,1.0,0.0,0.0,0.0,0.0
"Aku coba-coba di 🏥 𝘈𝐸R𝑂8𝟪 🧤,ternyata langsung dapet menang gede!",1.0,"Aku coba-coba di 🏥 𝘈𝐸R𝑂8𝟪 🧤,ternyata langsung dapet menang gede!",aku coba coba di aerobb ternyata langsung dapet menang gedei,1.0,0.0,0.0,0.0,0.0
"Jantung berdebar tak karuan menunggu JP di ⛪ А𝐸Я𝐎8𝟴 🚿,dan akhirnya jackpot pun berhasil diraih!",1.0,"Jantung berdebar tak karuan menunggu JP di ⛪ А𝐸Я𝐎8𝟴 🚿,dan akhirnya jackpot pun berhasil diraih!",jantung berdebar tak karuan menunggu jp di аeяobb dan akhirnya jackpot pun berhasil diraihi,1.0,0.0,0.0,0.0,0.0
"Sikat habis JP di 👚 𝘈𝘌𝑅𝙊8𝟪 🤩,auto kaya mendadak!",1.0,"Sikat habis JP di 👚 𝘈𝘌𝑅𝙊8𝟪 🤩,auto kaya mendadak!",sikat habis jp di aerobb auto kaya mendadaki,1.0,0.0,0.0,0.0,0.0
"Rezeki melimpah tiap kali main di 𝐃𝐸𝘞𝘈𝐃O𝐑A, benar-benar luar biasa!",1.0,"Rezeki melimpah tiap kali main di 𝐃𝐸𝘞𝘈𝐃O𝐑A, benar-benar luar biasa!",rezeki melimpah tiap kali main di dewadora benar benar luar biasai,0.0,0.0,0.0,0.0,1.0
Hasil di 𝐃ОR𝘼7𝟩 membantu saya melunasi hutang dengan cepat dan tepat.,1.0,Hasil di 𝐃ОR𝘼7𝟩 membantu saya melunasi hutang dengan cepat dan tepat.,hasil di dоratt membantu saya melunasi hutang dengan cepat dan tepat,1.0,0.0,0.0,0.0,0.0
Hasil di 𝐷𝑂𝙍𝘈𝟳𝟩 membuat saya merasa lega karena hutang telah terbayar.,1.0,Hasil di 𝐷𝑂𝙍𝘈𝟳𝟩 membuat saya merasa lega karena hutang telah terbayar.,hasil di doratt membuat saya merasa lega karena hutang telah terbayar,1.0,0.0,0.0,0.0,1.0
"Hasil gacir terus di D𝙊R𝐀7𝟩, nggak pernah kecewa!",1.0,"Hasil gacir terus di D𝙊R𝐀7𝟩, nggak pernah kecewa!",hasil gacir terus di doratt nggak pernah kecewai,1.0,0.0,0.0,0.0,0.0
"Di 𝐷𝘌𝘞A𝐷𝐎𝑅А mendukung transformasi saya, dari tukang bakso jadi bos restoran.",1.0,"Di 𝐷𝘌𝘞A𝐷𝐎𝑅А mendukung transformasi saya, dari tukang bakso jadi bos restoran.",di dewadorа mendukung transformasi saya dari tukang bakso jadi bos restoran,0.0,0.0,0.0,0.0,0.0
"Bermain bersama teman-teman di D𝘌W𝐴𝐃𝘖𝑅𝐀 semakin seru dan asyik, semakin banyak pula rezekinya!",1.0,"Bermain bersama teman-teman di D𝘌W𝐴𝐃𝘖𝑅𝐀 semakin seru dan asyik, semakin banyak pula rezekinya!",bermain bersama teman teman di dewadora semakin seru dan asyik semakin banyak pula rezekinyai,0.0,0.0,0.0,0.0,0.0
"Dengan 𝘋𝐎Я𝐴𝟽𝟳 saya sukses, dari pembantu rumah jadi pengusaha cleaning service.",1.0,"Dengan 𝘋𝐎Я𝐴𝟽𝟳 saya sukses, dari pembantu rumah jadi pengusaha cleaning service.",dengan doяatt saya sukses dari pembantu rumah jadi pengusaha cleaning service,1.0,0.0,0.0,0.0,0.0
Berkat 𝐃E𝑊𝘈𝘿𝑂ЯА saya mendapatkan modal usaha yang mendukung rencana bisnis saya.,1.0,Berkat 𝐃E𝑊𝘈𝘿𝑂ЯА saya mendapatkan modal usaha yang mendukung rencana bisnis saya.,berkat dewadoяа saya mendapatkan modal usaha yang mendukung rencana bisnis saya,1.0,0.0,0.0,0.0,0.0
"Berkat 𝘿E𝙒A𝐷𝙊𝑅A saya melesat, dari penjual kecil ke pengusaha sukses.",1.0,"Berkat 𝘿E𝙒A𝐷𝙊𝑅A saya melesat, dari penjual kecil ke pengusaha sukses.",berkat dewadora saya melesat dari penjual kecil ke pengusaha sukses,1.0,0.0,0.0,0.0,0.0
"Wih, JP lagi di 𝐃Е𝙒𝐀DO𝐑𝐴, rezeki emang gak pernah putus!",1.0,"Wih, JP lagi di 𝐃Е𝙒𝐀DO𝐑𝐴, rezeki emang gak pernah putus!",wih jp lagi di dеwadora rezeki emang gak pernah putusi,1.0,0.0,0.0,0.0,0.0
Tapi yang baru ini ada perubahan dari posisi berkendara dan suspensinya feeling w aja 😂😂😂,0.0,Tapi yang baru ini ada perubahan dari posisi berkendara dan suspensinya feeling w aja 😂😂😂,tapi yang baru ini ada perubahan dari posisi berkendara dan suspensinya feeling w aja,1.0,0.0,0.0,0.0,0.0
ganteng sih,0.0,ganteng sih,ganteng sih,1.0,0.0,0.0,0.0,0.0
"Mesin non-turbo itu sbnrnya udah kencang, kalau pake turbo ngga tau deh mau sekencang apa lagi😅",0.0,"Mesin non-turbo itu sbnrnya udah kencang, kalau pake turbo ngga tau deh mau sekencang apa lagi😅",mesin non turbo itu sbnrnya udah kencang kalau pake turbo ngga tau deh mau sekencang apa lagi,0.0,0.0,0.0,0.0,0.0
"Nggak sabar buat main lagi di D𝘌𝘞𝐀𝐷𝐎𝐑𝐀, rezeki besar bisa datang kapan aja!",1.0,"Nggak sabar buat main lagi di D𝘌𝘞𝐀𝐷𝐎𝐑𝐀, rezeki besar bisa datang kapan aja!",nggak sabar buat main lagi di dewadora rezeki besar bisa datang kapan ajai,0.0,0.0,0.0,0.0,0.0
"Bermain di 𝐷𝐸𝘞А𝘿𝙊𝑅А membuka jalan, dari penjual keliling ke pengusaha kopi.",1.0,"Bermain di 𝐷𝐸𝘞А𝘿𝙊𝑅А membuka jalan, dari penjual keliling ke pengusaha kopi.",bermain di dewаdorа membuka jalan dari penjual keliling ke pengusaha kopi,1.0,0.0,0.0,0.0,0.0
"Di 𝘿O𝑅𝐀𝟳7 mengantar saya menuju kesuksesan, dari tukang bakso kini jadi bos restoran.",1.0,"Di 𝘿O𝑅𝐀𝟳7 mengantar saya menuju kesuksesan, dari tukang bakso kini jadi bos restoran.",di doratt mengantar saya menuju kesuksesan dari tukang bakso kini jadi bos restoran,1.0,0.0,0.0,0.0,0.0
"Dengan 𝐷𝘖𝑅𝘈7𝟳 saya sukses, dari penjual kaki lima jadi pemilik restoran.",1.0,"Dengan 𝐷𝘖𝑅𝘈7𝟳 saya sukses, dari penjual kaki lima jadi pemilik restoran.",dengan doratt saya sukses dari penjual kaki lima jadi pemilik restoran,1.0,0.0,0.0,0.0,0.0
"Modal kecil langsung gacir di 𝐃Е𝐖𝐀D𝘖R𝐀, puas banget main di sini!",1.0,"Modal kecil langsung gacir di 𝐃Е𝐖𝐀D𝘖R𝐀, puas banget main di sini!",modal kecil langsung gacir di dеwadora puas banget main di sinii,1.0,0.0,0.0,0.0,0.0
"Di 𝐷𝐄𝑊𝘼𝘋𝐎𝙍A mendukung transformasi saya, dari tukang kayu jadi bos furniture.",1.0,"Di 𝐷𝐄𝑊𝘼𝘋𝐎𝙍A mendukung transformasi saya, dari tukang kayu jadi bos furniture.",di dewadora mendukung transformasi saya dari tukang kayu jadi bos furniture,1.0,0.0,0.0,0.0,0.0
Berkat 𝐷𝘌𝘞A𝐷𝑂R𝘼 saya mendapatkan modal tambahan untuk mengembangkan bisnis.,1.0,Berkat 𝐷𝘌𝘞A𝐷𝑂R𝘼 saya mendapatkan modal tambahan untuk mengembangkan bisnis.,berkat dewadora saya mendapatkan modal tambahan untuk mengembangkan bisnis,1.0,0.0,0.0,0.0,0.0
"Buat yang belum coba, kalian harus coba sekarang juga di 𝘋E𝘞A𝐃𝐎𝙍𝐀!",1.0,"Buat yang belum coba, kalian harus coba sekarang juga di 𝘋E𝘞A𝐃𝐎𝙍𝐀!",buat yang belum coba kalian harus coba sekarang juga di dewadorai,1.0,0.0,0.0,0.0,0.0
Gak pernah bosen main di D𝐸𝐖А𝐃𝑂𝑅𝘼! Selalu ada hal baru!,1.0,Gak pernah bosen main di D𝐸𝐖А𝐃𝑂𝑅𝘼! Selalu ada hal baru!,gak pernah bosen main di dewаdorai selalu ada hal barui,1.0,0.0,0.0,0.0,0.0
Bermain di 𝐷𝙊𝙍𝐀𝟳7 memberikan solusi keuangan atas masalah hutang saya.,1.0,Bermain di 𝐷𝙊𝙍𝐀𝟳7 memberikan solusi keuangan atas masalah hutang saya.,bermain di doratt memberikan solusi keuangan atas masalah hutang saya,1.0,0.0,0.0,0.0,0.0
"Rezeki dari DЕ𝘞A𝐷O𝘙𝘈 emang gak ada duanya, terima kasih ya Allah atas limpahan rezeki-Mu!",1.0,"Rezeki dari DЕ𝘞A𝐷O𝘙𝘈 emang gak ada duanya, terima kasih ya Allah atas limpahan rezeki-Mu!",rezeki dari dеwadora emang gak ada duanya terima kasih ya allah atas limpahan rezeki mui,1.0,0.0,0.0,0.0,0.0
"Berkat D𝑂ЯА𝟳𝟩 saya berubah, dari tukang sayur jadi pemilik supermarket.",1.0,"Berkat D𝑂ЯА𝟳𝟩 saya berubah, dari tukang sayur jadi pemilik supermarket.",berkat doяаtt saya berubah dari tukang sayur jadi pemilik supermarket,1.0,0.0,0.0,0.0,0.0
"Main bentar, eh langsung rezeki nomplok! Semuanya bisa terjadi di 𝘿𝑂𝑅𝘈7𝟩!",1.0,"Main bentar, eh langsung rezeki nomplok! Semuanya bisa terjadi di 𝘿𝑂𝑅𝘈7𝟩!",main bentar eh langsung rezeki nomploki semuanya bisa terjadi di doratti,1.0,0.0,0.0,0.0,0.0
Mencari platform yang mendengarkan penggunanya? 𝘋Е𝐖𝘼𝘿𝑂R𝘈 mungkin jawabannya.,1.0,Mencari platform yang mendengarkan penggunanya? 𝘋Е𝐖𝘼𝘿𝑂R𝘈 mungkin jawabannya.,mencari platform yang mendengarkan penggunanya dеwadora mungkin jawabannya,1.0,0.0,0.0,0.0,0.0
"Di 𝐷𝙊Я𝐀7𝟳 saya menemukan peluang, dari pengantar makanan jadi bos restoran.",1.0,"Di 𝐷𝙊Я𝐀7𝟳 saya menemukan peluang, dari pengantar makanan jadi bos restoran.",di doяatt saya menemukan peluang dari pengantar makanan jadi bos restoran,1.0,0.0,0.0,0.0,0.0
"Di DО𝐑𝘈𝟳𝟽 mendukung transformasi saya, dari pengantar roti jadi bos bakery.",1.0,"Di DО𝐑𝘈𝟳𝟽 mendukung transformasi saya, dari pengantar roti jadi bos bakery.",di dоratt mendukung transformasi saya dari pengantar roti jadi bos bakery,1.0,0.0,0.0,0.0,0.0
"Bermain di 𝐷𝑂𝑅𝐀𝟽𝟩 membantu saya bertransformasi, dari pengantar makanan jadi pemilik restoran.",1.0,"Bermain di 𝐷𝑂𝑅𝐀𝟽𝟩 membantu saya bertransformasi, dari pengantar makanan jadi pemilik restoran.",bermain di doratt membantu saya bertransformasi dari pengantar makanan jadi pemilik restoran,1.0,0.0,0.0,0.0,0.0
Modal usaha saya tumbuh pesat berkat keunggulan dari DO𝐑𝐀7𝟩.,1.0,Modal usaha saya tumbuh pesat berkat keunggulan dari DO𝐑𝐀7𝟩.,modal usaha saya tumbuh pesat berkat keunggulan dari doratt,1.0,0.0,0.0,0.0,0.0
"Melalui 𝘋𝑂𝘙𝐴77 saya berubah, dari buruh bangunan ke pengusaha konstruksi.",1.0,"Melalui 𝘋𝑂𝘙𝐴77 saya berubah, dari buruh bangunan ke pengusaha konstruksi.",melalui doratt saya berubah dari buruh bangunan ke pengusaha konstruksi,1.0,0.0,0.0,0.0,1.0
𝘿𝘖𝑅𝘈𝟽7 menawarkan kesempatan untuk terhubung dengan pemain lain.,1.0,𝘿𝘖𝑅𝘈𝟽7 menawarkan kesempatan untuk terhubung dengan pemain lain.,doratt menawarkan kesempatan untuk terhubung dengan pemain lain,1.0,0.0,0.0,0.0,0.0
Sumpah 😂 jarang nonton carmudi ganti orang sekalangg😂😂,1.0,Sumpah 😂 jarang nonton carmudi ganti orang sekalangg😂😂,sumpah jarang nonton carmudi ganti orang sekalangg,1.0,0.0,0.0,0.0,0.0
Ini kenapa sih coment malah jadi promosi judol,0.0,Ini kenapa sih coment malah jadi promosi judol,ini kenapa sih coment malah jadi promosi judol,1.0,0.0,0.0,0.0,0.0
Hasil dari 𝐷ОRА𝟩𝟽 membuktikan saya bisa beralih dari pembantu rumah jadi pengusaha kebersihan.,1.0,Hasil dari 𝐷ОRА𝟩𝟽 membuktikan saya bisa beralih dari pembantu rumah jadi pengusaha kebersihan.,hasil dari dоrаtt membuktikan saya bisa beralih dari pembantu rumah jadi pengusaha kebersihan,1.0,0.0,0.0,0.0,0.0
"Dengan 𝐷𝙊𝙍A𝟩𝟳 saya sukses, dari tukang kayu jadi pengusaha furniture.",1.0,"Dengan 𝐷𝙊𝙍A𝟩𝟳 saya sukses, dari tukang kayu jadi pengusaha furniture.",dengan doratt saya sukses dari tukang kayu jadi pengusaha furniture,1.0,0.0,0.0,0.0,0.0
"Rezeki terus ngalir tiap kali main di 𝘿𝐎𝘙А𝟽𝟳, benar-benar gacir!",1.0,"Rezeki terus ngalir tiap kali main di 𝘿𝐎𝘙А𝟽𝟳, benar-benar gacir!",rezeki terus ngalir tiap kali main di dorаtt benar benar gaciri,1.0,0.0,0.0,0.0,0.0
"Gak pernah bosen main 𝐃𝙀𝘞A𝘋𝑂𝘙𝘼, selalu ada update dan inovasi terbaru!",1.0,"Gak pernah bosen main 𝐃𝙀𝘞A𝘋𝑂𝘙𝘼, selalu ada update dan inovasi terbaru!",gak pernah bosen main dewadora selalu ada update dan inovasi terbarui,1.0,0.0,0.0,0.0,1.0
Hasil di 𝐷О𝘙𝘈𝟽𝟽 membuat saya bisa menutup hutang dengan lancar.,1.0,Hasil di 𝐷О𝘙𝘈𝟽𝟽 membuat saya bisa menutup hutang dengan lancar.,hasil di dоratt membuat saya bisa menutup hutang dengan lancar,0.0,0.0,0.0,0.0,0.0
"Di 𝘋E𝑊𝐀𝘿𝐎𝙍А membawa saya ke level baru, dari sopir angkot jadi pemilik perusahaan transportasi.",1.0,"Di 𝘋E𝑊𝐀𝘿𝐎𝙍А membawa saya ke level baru, dari sopir angkot jadi pemilik perusahaan transportasi.",di dewadorа membawa saya ke level baru dari sopir angkot jadi pemilik perusahaan transportasi,0.0,0.0,0.0,0.0,0.0
Pokoknya 𝘿𝐎𝑅𝐴𝟳7 recommended banget buat semua!,1.0,Pokoknya 𝘿𝐎𝑅𝐴𝟳7 recommended banget buat semua!,pokoknya doratt recommended banget buat semuai,0.0,0.0,0.0,0.0,0.0
Rezeki yang tak pernah disangka datang terus dari 𝘿𝐎R𝐀𝟩𝟳!,1.0,Rezeki yang tak pernah disangka datang terus dari 𝘿𝐎R𝐀𝟩𝟳!,rezeki yang tak pernah disangka datang terus dari doratti,1.0,0.0,0.0,0.0,1.0
𝘋𝙀WA𝐃О𝙍𝘈 adalah platform yang berkomitmen pada kepuasan pengguna.,1.0,𝘋𝙀WA𝐃О𝙍𝘈 adalah platform yang berkomitmen pada kepuasan pengguna.,dewadоra adalah platform yang berkomitmen pada kepuasan pengguna,1.0,0.0,0.0,0.0,1.0
"Berkat 𝐃OЯ𝘼𝟩7 saya berubah, dari penjual pulsa jadi pengusaha teknologi sukses.",1.0,"Berkat 𝐃OЯ𝘼𝟩7 saya berubah, dari penjual pulsa jadi pengusaha teknologi sukses.",berkat doяatt saya berubah dari penjual pulsa jadi pengusaha teknologi sukses,0.0,0.0,0.0,0.0,1.0
🌘 𝐀𝐄R𝘖𝟾𝟴 😱adalah platform yang terus diperbarui.,1.0,🌘 𝐀𝐄R𝘖𝟾𝟴 😱adalah platform yang terus diperbarui.,aerobb adalah platform yang terus diperbarui,0.0,0.0,0.0,0.0,1.0
"Seru dan menguntungkan, cuma di 🔇 AЕRO𝟴𝟾 📵!",1.0,"Seru dan menguntungkan, cuma di 🔇 AЕRO𝟴𝟾 📵!",seru dan menguntungkan cuma di aеrobb i,1.0,0.0,0.0,0.0,0.0
"menang besar datang terus tiap main di 😀 А𝘌𝙍𝘖88 🏘,recommended banget!",1.0,"menang besar datang terus tiap main di 😀 А𝘌𝙍𝘖88 🏘,recommended banget!",menang besar datang terus tiap main di аerobb recommended bangeti,1.0,0.0,0.0,0.0,0.0
🛃 А𝘌𝘙O𝟾𝟴 ⛈menyediakan platform untuk ekspresi kreatif.,1.0,🛃 А𝘌𝘙O𝟾𝟴 ⛈menyediakan platform untuk ekspresi kreatif.,аerobb menyediakan platform untuk ekspresi kreatif,1.0,0.0,0.0,0.0,1.0
"Parah! ❤‍🩹 А𝐄R𝐎𝟴8 🚷-bikin nagih banget, susah berhenti!",1.0,"Parah! ❤‍🩹 А𝐄R𝐎𝟴8 🚷-bikin nagih banget, susah berhenti!",parahi аerobb bikin nagih banget susah berhentii,1.0,0.0,0.0,0.0,0.0
Mencari kegiatan baru? 🙃 А𝙀𝑅𝘖𝟪𝟴 🌎-menawarkan pengalaman yang menarik.,1.0,Mencari kegiatan baru? 🙃 А𝙀𝑅𝘖𝟪𝟴 🌎-menawarkan pengalaman yang menarik.,mencari kegiatan baru аerobb menawarkan pengalaman yang menarik,1.0,0.0,0.0,0.0,0.0
"Nggak nyesel coba main di 🛏 А𝘌𝙍О𝟾𝟴 ⚠,hasilnya gacir banget!",1.0,"Nggak nyesel coba main di 🛏 А𝘌𝙍О𝟾𝟴 ⚠,hasilnya gacir banget!",nggak nyesel coba main di аerоbb hasilnya gacir bangeti,1.0,0.0,0.0,0.0,0.0
🔈 АE𝘙𝘖𝟾𝟪 📴emang top markotop! JP terus!,1.0,🔈 АE𝘙𝘖𝟾𝟪 📴emang top markotop! JP terus!,аerobb emang top markotopi jp terusi,1.0,0.0,0.0,0.0,0.0
Hasil dari 𝘿𝐸WAD𝐎𝐑A membuktikan saya bisa beralih dari tukang becak jadi pemilik armada.,1.0,Hasil dari 𝘿𝐸WAD𝐎𝐑A membuktikan saya bisa beralih dari tukang becak jadi pemilik armada.,hasil dari dewadora membuktikan saya bisa beralih dari tukang becak jadi pemilik armada,1.0,0.0,0.0,0.0,0.0
Hasil dari D𝐄𝑊A𝘿𝑂𝑅А membuat saya merasa lebih tenang karena semua hutang terbayar.,1.0,Hasil dari D𝐄𝑊A𝘿𝑂𝑅А membuat saya merasa lebih tenang karena semua hutang terbayar.,hasil dari dewadorа membuat saya merasa lebih tenang karena semua hutang terbayar,1.0,0.0,0.0,0.0,0.0
"Berkat D𝐸𝙒А𝘿𝙊𝘙𝐴 saya berubah, dari pengantar roti jadi pemilik bakery.",1.0,"Berkat D𝐸𝙒А𝘿𝙊𝘙𝐴 saya berubah, dari pengantar roti jadi pemilik bakery.",berkat dewаdora saya berubah dari pengantar roti jadi pemilik bakery,1.0,0.0,0.0,0.0,0.0
Merasa sangat senang mendapatkan rezeki yang berkah dari 𝐃𝙊𝑅𝐀𝟳𝟽!,1.0,Merasa sangat senang mendapatkan rezeki yang berkah dari 𝐃𝙊𝑅𝐀𝟳𝟽!,merasa sangat senang mendapatkan rezeki yang berkah dari doratti,1.0,0.0,0.0,0.0,0.0
"Di 𝘋𝐸𝘞𝐀𝐃𝐎𝑅𝘈 saya menemukan peluang, dari tukang sayur jadi pemilik supermarket.",1.0,"Di 𝘋𝐸𝘞𝐀𝐃𝐎𝑅𝘈 saya menemukan peluang, dari tukang sayur jadi pemilik supermarket.",di dewadora saya menemukan peluang dari tukang sayur jadi pemilik supermarket,1.0,0.0,0.0,0.0,0.0
"Main di 𝘿E𝘞𝐴𝘋𝘖𝑅А bikin hariku lebih menyenangkan, terima kasih!",1.0,"Main di 𝘿E𝘞𝐴𝘋𝘖𝑅А bikin hariku lebih menyenangkan, terima kasih!",main di dewadorа bikin hariku lebih menyenangkan terima kasihi,1.0,0.0,0.0,0.0,0.0
Hasil dari 𝐃Е𝘞𝘈𝐃𝙊𝐑𝐀 membuktikan saya bisa beralih dari buruh tani jadi pemilik agribisnis.,1.0,Hasil dari 𝐃Е𝘞𝘈𝐃𝙊𝐑𝐀 membuktikan saya bisa beralih dari buruh tani jadi pemilik agribisnis.,hasil dari dеwadora membuktikan saya bisa beralih dari buruh tani jadi pemilik agribisnis,1.0,0.0,0.0,0.0,0.0
"Berkat 𝘋𝑂𝘙A𝟽𝟽 saya melesat, dari pengantar makanan ke pengusaha restoran.",1.0,"Berkat 𝘋𝑂𝘙A𝟽𝟽 saya melesat, dari pengantar makanan ke pengusaha restoran.",berkat doratt saya melesat dari pengantar makanan ke pengusaha restoran,1.0,0.0,0.0,0.0,0.0
Modal yang diperoleh dari 𝘿𝘖𝙍𝐀𝟽𝟩 sangat membantu dalam menyelesaikan hutang.,1.0,Modal yang diperoleh dari 𝘿𝘖𝙍𝐀𝟽𝟩 sangat membantu dalam menyelesaikan hutang.,modal yang diperoleh dari doratt sangat membantu dalam menyelesaikan hutang,1.0,0.0,0.0,0.0,0.0
Berkat 𝐃ЕW𝘼𝘿𝙊𝙍𝘼 saya memiliki dana untuk memperluas usaha.,1.0,Berkat 𝐃ЕW𝘼𝘿𝙊𝙍𝘼 saya memiliki dana untuk memperluas usaha.,berkat dеwadora saya memiliki dana untuk memperluas usaha,1.0,0.0,0.0,0.0,0.0
Penasaran sama temen-temen yang menang besar? Coba di 𝐷E𝙒𝐴D𝑂𝘙A!,1.0,Penasaran sama temen-temen yang menang besar? Coba di 𝐷E𝙒𝐴D𝑂𝘙A!,penasaran sama temen temen yang menang besar coba di dewadorai,1.0,0.0,0.0,0.0,0.0
"Wih, JP lagi nih di D𝑂𝑅А7𝟽, rezeki emang gak pernah salah alamat!",1.0,"Wih, JP lagi nih di D𝑂𝑅А7𝟽, rezeki emang gak pernah salah alamat!",wih jp lagi nih di dorаtt rezeki emang gak pernah salah alamati,1.0,0.0,0.0,0.0,1.0
Di 𝐃𝘖𝑅𝘈𝟩𝟽 membantu saya memiliki rumah yang selama ini saya impikan.,1.0,Di 𝐃𝘖𝑅𝘈𝟩𝟽 membantu saya memiliki rumah yang selama ini saya impikan.,di doratt membantu saya memiliki rumah yang selama ini saya impikan,1.0,0.0,0.0,0.0,0.0
"Berkat 𝘿E𝙒𝐀𝘋O𝐑А saya meraih impian, dari sopir angkot jadi pemilik armada.",1.0,"Berkat 𝘿E𝙒𝐀𝘋O𝐑А saya meraih impian, dari sopir angkot jadi pemilik armada.",berkat dewadorа saya meraih impian dari sopir angkot jadi pemilik armada,1.0,0.0,0.0,0.0,0.0
Di 𝐷𝘌𝐖𝘈𝐷𝑂𝘙𝐴 membuka peluang bagi saya membeli rumah dengan hasil optimal.,1.0,Di 𝐷𝘌𝐖𝘈𝐷𝑂𝘙𝐴 membuka peluang bagi saya membeli rumah dengan hasil optimal.,di dewadora membuka peluang bagi saya membeli rumah dengan hasil optimal,1.0,0.0,0.0,0.0,1.0
Keuntungan di 𝘿𝐎RА𝟳𝟩 membuat saya bisa memiliki rumah yang lebih nyaman.,1.0,Keuntungan di 𝘿𝐎RА𝟳𝟩 membuat saya bisa memiliki rumah yang lebih nyaman.,keuntungan di dorаtt membuat saya bisa memiliki rumah yang lebih nyaman,1.0,0.0,0.0,0.0,1.0
Hasil nyata di 𝘿𝙊RA𝟩𝟩 menunjukkan saya beranjak dari sopir angkot ke pengusaha.,1.0,Hasil nyata di 𝘿𝙊RA𝟩𝟩 menunjukkan saya beranjak dari sopir angkot ke pengusaha.,hasil nyata di doratt menunjukkan saya beranjak dari sopir angkot ke pengusaha,1.0,0.0,0.0,0.0,0.0
"Iseng-iseng mencoba bermain 𝐃𝐎𝐑𝘼𝟽𝟩, justru malah menjadi ahli, rezeki terus menerus datang!",1.0,"Iseng-iseng mencoba bermain 𝐃𝐎𝐑𝘼𝟽𝟩, justru malah menjadi ahli, rezeki terus menerus datang!",iseng iseng mencoba bermain doratt justru malah menjadi ahli rezeki terus menerus datangi,1.0,0.0,0.0,0.0,0.0
"Wih, JP lagi dan lagi di DO𝐑A7𝟩, rezeki emang gak pernah berhenti mengalir!",1.0,"Wih, JP lagi dan lagi di DO𝐑A7𝟩, rezeki emang gak pernah berhenti mengalir!",wih jp lagi dan lagi di doratt rezeki emang gak pernah berhenti mengaliri,0.0,0.0,0.0,0.0,1.0
Bermain di 𝐃𝙊𝑅А77 membuat saya mampu menyelesaikan hutang dengan hasil positif.,1.0,Bermain di 𝐃𝙊𝑅А77 membuat saya mampu menyelesaikan hutang dengan hasil positif.,bermain di dorаtt membuat saya mampu menyelesaikan hutang dengan hasil positif,0.0,0.0,0.0,0.0,0.0
"Gak percaya bisa menang sebanyak ini di 𝘿𝙊𝑅𝐀𝟩7, mimpi jadi realita!",1.0,"Gak percaya bisa menang sebanyak ini di 𝘿𝙊𝑅𝐀𝟩7, mimpi jadi realita!",gak percaya bisa menang sebanyak ini di doratt mimpi jadi realitai,0.0,0.0,0.0,0.0,0.0
Jakpot besar datang tiba-tiba di DO𝘙𝘼𝟳𝟳. Penasaran kan?,1.0,Jakpot besar datang tiba-tiba di DO𝘙𝘼𝟳𝟳. Penasaran kan?,jakpot besar datang tiba tiba di doratt penasaran kan,0.0,0.0,0.0,0.0,0.0
𝘋OR𝘈7𝟳 menawarkan kesempatan untuk berbagi pengalaman Anda.,1.0,𝘋OR𝘈7𝟳 menawarkan kesempatan untuk berbagi pengalaman Anda.,doratt menawarkan kesempatan untuk berbagi pengalaman anda,0.0,0.0,0.0,0.0,0.0
Creta turbo tembus 500 juta gak wort it sama kek hrv rs mending Chery omoda wkwk,1.0,Creta turbo tembus 500 juta gak wort it sama kek hrv rs mending Chery omoda wkwk,creta turbo tembus soo juta gak wort it sama kek hrv rs mending chery omoda wkwk,1.0,0.0,0.0,0.0,0.0
Tuker tambah beat karbu kurang berapa bang?,0.0,Tuker tambah beat karbu kurang berapa bang?,tuker tambah beat karbu kurang berapa bang,0.0,0.0,0.0,0.0,0.0
Njirr itu beneran senarnya bisa bunyi gitu....:D,0.0,Njirr itu beneran senarnya bisa bunyi gitu....:D,njirr itu beneran senarnya bisa bunyi gitu d,0.0,0.0,0.0,0.0,0.0
Semua headunit BYD bisa install2 apps gitu ya?,0.0,Semua headunit BYD bisa install2 apps gitu ya?,semua headunit byd bisa install 2 apps gitu ya,0.0,0.0,0.0,0.0,1.0
"Fitur banyak secanggih ini, kira2 awet brapa lama ?",0.0,"Fitur banyak secanggih ini, kira2 awet brapa lama ?",fitur banyak secanggih ini kira 2 awet brapa lama,0.0,0.0,0.0,0.0,0.0
Ini bukan yang termahal,0.0,Ini bukan yang termahal,ini bukan yang termahal,1.0,0.0,0.0,0.0,0.0
Gimana Amrik ga ketar-ketir.,0.0,Gimana Amrik ga ketar-ketir.,gimana amrik ga ketar ketir,0.0,0.0,0.0,0.0,0.0
Njirr ada bas betot bisa buat cari tambahan😂😂,0.0,Njirr ada bas betot bisa buat cari tambahan😂😂,njirr ada bas betot bisa buat cari tambahan,0.0,0.0,0.0,0.0,0.0
"Canggih, tampilan keren, fitur lengkap….. tapi tdk tertarik beli",0.0,"Canggih, tampilan keren, fitur lengkap….. tapi tdk tertarik beli",canggih tampilan keren fitur lengkap tapi tdk tertarik beli,1.0,0.0,0.0,0.0,0.0
"Gak pernah bosan main A𝐄RO88,selalu ada yang baru!",1.0,"Gak pernah bosan main A𝐄RO88,selalu ada yang baru!",gak pernah bosan main aerobb selalu ada yang barui,0.0,0.0,0.0,0.0,0.0
"Happy banget, hasil dari 𝐀𝐆𝘜𝘚𝘛O𝑇𝘖-bikin hariku makin ceria!",1.0,"Happy banget, hasil dari 𝐀𝐆𝘜𝘚𝘛O𝑇𝘖-bikin hariku makin ceria!",happy banget hasil dari agustoto bikin hariku makin ceriai,0.0,0.0,0.0,0.0,0.0
𝐀Е𝙍𝙊𝟾𝟴menyediakan antarmuka yang ramah pengguna.,1.0,𝐀Е𝙍𝙊𝟾𝟴menyediakan antarmuka yang ramah pengguna.,aеrobbmenyediakan antarmuka yang ramah pengguna,0.0,0.0,0.0,0.0,0.0
"Sapu bersih semua hadiah dan bonus yang ada di 𝘼𝘌𝙍О𝟴𝟴,auto jadi crazy rich!",1.0,"Sapu bersih semua hadiah dan bonus yang ada di 𝘼𝘌𝙍О𝟴𝟴,auto jadi crazy rich!",sapu bersih semua hadiah dan bonus yang ada di aerоbb auto jadi crazy richi,0.0,0.0,0.0,0.0,0.0
"Alhamdulillah, rezeki nggak kemana! Baru main di 𝘼𝐸𝐑𝑂88,langsung dapat menang besar! Thank you banget!",1.0,"Alhamdulillah, rezeki nggak kemana! Baru main di 𝘼𝐸𝐑𝑂88,langsung dapat menang besar! Thank you banget!",alhamdulillah rezeki nggak kemanai baru main di aerobb langsung dapat menang besari thank you bangeti,0.0,0.0,0.0,0.0,1.0
"Kebetulan dapet rezeki besar di 𝐀𝙂U𝑆T𝙊𝘛О,siap-siap main juga ya!",1.0,"Kebetulan dapet rezeki besar di 𝐀𝙂U𝑆T𝙊𝘛О,siap-siap main juga ya!",kebetulan dapet rezeki besar di agustotо siap siap main juga yai,0.0,0.0,0.0,0.0,0.0
"Setiap hari selalu ada hal-hal baru dan menarik dari 𝐀𝐆𝘜𝐒𝑇𝐎T𝑂,bikin rasa penasaran terus terjaga!",1.0,"Setiap hari selalu ada hal-hal baru dan menarik dari 𝐀𝐆𝘜𝐒𝑇𝐎T𝑂,bikin rasa penasaran terus terjaga!",setiap hari selalu ada hal hal baru dan menarik dari agustoto bikin rasa penasaran terus terjagai,1.0,0.0,0.0,0.0,0.0
𝐴𝘌𝑅O𝟪8memang daebak! JP-nya bikin speechless!,1.0,𝐴𝘌𝑅O𝟪8memang daebak! JP-nya bikin speechless!,aerobbmemang daebaki jp nya bikin speechlessi,1.0,0.0,0.0,0.0,0.0
"Dari yang tadinya cuma penasaran, eh malah dapet rezeki besar di 𝘈𝙀𝙍O𝟪𝟴!",1.0,"Dari yang tadinya cuma penasaran, eh malah dapet rezeki besar di 𝘈𝙀𝙍O𝟪𝟴!",dari yang tadinya cuma penasaran eh malah dapet rezeki besar di aerobbi,1.0,0.0,0.0,0.0,0.0
Beberapa pengguna menemukan AЕ𝑅𝘖8𝟴-sebagai alat yang berharga untuk berjejaring.,1.0,Beberapa pengguna menemukan AЕ𝑅𝘖8𝟴-sebagai alat yang berharga untuk berjejaring.,beberapa pengguna menemukan aеrobb sebagai alat yang berharga untuk berjejaring,1.0,0.0,0.0,0.0,0.0
"AG𝑈S𝘛𝙊𝑇𝐎bikin lupa semua masalah dan beban hidup, hiburan yang sangat bermakna!",1.0,"AG𝑈S𝘛𝙊𝑇𝐎bikin lupa semua masalah dan beban hidup, hiburan yang sangat bermakna!",agustotobikin lupa semua masalah dan beban hidup hiburan yang sangat bermaknai,0.0,0.0,0.0,0.0,0.0
"Nggak nyesel coba main di 𝐀𝐺𝑈𝘚𝙏𝙊𝑇О,hasilnya gacir banget!",1.0,"Nggak nyesel coba main di 𝐀𝐺𝑈𝘚𝙏𝙊𝑇О,hasilnya gacir banget!",nggak nyesel coba main di agustotо hasilnya gacir bangeti,0.0,0.0,0.0,0.0,0.0
"Seru banget main di A𝐆𝘜𝑆𝐓𝙊𝘛О,eh dapat JP juga, double happy!",1.0,"Seru banget main di A𝐆𝘜𝑆𝐓𝙊𝘛О,eh dapat JP juga, double happy!",seru banget main di agustotо eh dapat jp juga double happyi,1.0,0.0,0.0,0.0,0.0
menang besar bikin aku makin bahagia tiap kali main di 𝐴𝙂U𝐒𝐓𝐎𝐓𝑂!,1.0,menang besar bikin aku makin bahagia tiap kali main di 𝐴𝙂U𝐒𝐓𝐎𝐓𝑂!,menang besar bikin aku makin bahagia tiap kali main di agustotoi,1.0,0.0,0.0,0.0,1.0
"Jangan sampai ketinggalan, main di 𝐴𝐆𝐔𝐒𝑇О𝑇𝙊-dan rasakan sendiri!",1.0,"Jangan sampai ketinggalan, main di 𝐴𝐆𝐔𝐒𝑇О𝑇𝙊-dan rasakan sendiri!",jangan sampai ketinggalan main di agustоto dan rasakan sendirii,1.0,0.0,0.0,0.0,1.0
A𝙂US𝘛𝑂𝘛Оmenawarkan sekilas tentang masa depan interaksi daring.,1.0,A𝙂US𝘛𝑂𝘛Оmenawarkan sekilas tentang masa depan interaksi daring.,agustotоmenawarkan sekilas tentang masa depan interaksi daring,1.0,0.0,0.0,0.0,1.0
"Rekomendasi terbaik buat cari hiburan yang gacir, pastinya 𝐴GU𝘚TОT𝘖!",1.0,"Rekomendasi terbaik buat cari hiburan yang gacir, pastinya 𝐴GU𝘚TОT𝘖!",rekomendasi terbaik buat cari hiburan yang gacir pastinya agustоtoi,1.0,0.0,0.0,0.0,0.0
Main di 𝐴𝘌R𝙊𝟾𝟴-bikin lupa waktu! Hiburan yang pas banget!,1.0,Main di 𝐴𝘌R𝙊𝟾𝟴-bikin lupa waktu! Hiburan yang pas banget!,main di aerobb bikin lupa waktui hiburan yang pas bangeti,1.0,0.0,0.0,0.0,1.0
Udah deh.. saat ini EV China ngg ada yg ngalahin.. thx Carmudi,0.0,Udah deh.. saat ini EV China ngg ada yg ngalahin.. thx Carmudi,udah deh saat ini ev china ngg ada yg ngalahin thx carmudi,1.0,0.0,0.0,0.0,1.0
"Modelx aja keren tp membahakan lingkungan dan kesehatan. Lithium adalah bahan kimia yg tdk bs di recycle dan sensitif terhadap api. Pemerintah komunis cina itu menutup bahaya Lithium, supaya kita masyarakat Indonesia tertipu dan mau menerima  bahan kimia Lithium sby BYD dr cina komunis.",0.0,"Modelx aja keren tp membahakan lingkungan dan kesehatan. Lithium adalah bahan kimia yg tdk bs di recycle dan sensitif terhadap api. Pemerintah komunis cina itu menutup bahaya Lithium, supaya kita masyarakat Indonesia tertipu dan mau menerima  bahan kimia Lithium sby BYD dr cina komunis.",modelx aja keren tp membahakan lingkungan dan kesehatan lithium adalah bahan kimia yg tdk bs di recycle dan sensitif terhadap api pemerintah komunis cina itu menutup bahaya lithium supaya kita masyarakat indonesia tertipu dan mau menerima bahan kimia lithium sby byd dr cina komunis,1.0,0.0,0.0,0.0,0.0
Tetap aja itu mobchin,0.0,Tetap aja itu mobchin,tetap aja itu mobchin,1.0,0.0,0.0,0.0,0.0
Itu bass betot fungsinya emang buat digituin ya. ?😂,0.0,Itu bass betot fungsinya emang buat digituin ya. ?😂,itu bass betot fungsinya emang buat digituin ya,1.0,0.0,0.0,0.0,1.0
Keren mobil nya..,0.0,Keren mobil nya..,keren mobil nya,1.0,0.0,0.0,0.0,0.0
"gw yg cuma punya duit gasampe 5 jt di rekening: ""ah kok mayan ribet mobilnya, gak ah""",0.0,"gw yg cuma punya duit gasampe 5 jt di rekening: ""ah kok mayan ribet mobilnya, gak ah""",gw yg cuma punya duit gasampe s jt di rekening ah kok mayan ribet mobilnya gak ah,1.0,0.0,0.0,0.0,1.0
Alhamdulillah uda punya 2🥰🥰🥰,0.0,Alhamdulillah uda punya 2🥰🥰🥰,alhamdulillah uda punya 2,1.0,0.0,0.0,0.0,1.0
Bahaya kalo dibawa ke carwash operatornya gak paham 😂,0.0,Bahaya kalo dibawa ke carwash operatornya gak paham 😂,bahaya kalo dibawa ke carwash operatornya gak paham,1.0,0.0,0.0,0.0,0.0
Ya sih unik semua orang bingung ganti gigi ya,0.0,Ya sih unik semua orang bingung ganti gigi ya,ya sih unik semua orang bingung ganti gigi ya,1.0,0.0,0.0,0.0,0.0
Mobil impian semoga kebeli akhir tahun ini,0.0,Mobil impian semoga kebeli akhir tahun ini,mobil impian semoga kebeli akhir tahun ini,1.0,0.0,0.0,0.0,0.0
Mirip kayak alphard perseneling nya,0.0,Mirip kayak alphard perseneling nya,mirip kayak alphard perseneling nya,1.0,0.0,0.0,0.0,0.0
"Utk sy yg gaptek ini, cukup yg manual aja deh.. 😊😊",0.0,"Utk sy yg gaptek ini, cukup yg manual aja deh.. 😊😊",utk sy yg gaptek ini cukup yg manual aja deh,1.0,0.0,0.0,0.0,0.0
𝘼𝘎𝐔STОT𝐎menawarkan kesempatan untuk terhubung dengan individu yang berpikiran sama.,1.0,𝘼𝘎𝐔STОT𝐎menawarkan kesempatan untuk terhubung dengan individu yang berpikiran sama.,agustоtomenawarkan kesempatan untuk terhubung dengan individu yang berpikiran sama,1.0,0.0,0.0,0.0,0.0
"Jika Anda menikmati permainan strategis, 𝘼𝘎𝑈𝙎𝙏𝑂T𝐎-mungkin menarik.",1.0,"Jika Anda menikmati permainan strategis, 𝘼𝘎𝑈𝙎𝙏𝑂T𝐎-mungkin menarik.",jika anda menikmati permainan strategis agustoto mungkin menarik,1.0,0.0,0.0,0.0,0.0
𝘈𝘌𝑅О88menyediakan pengalaman daring yang dapat diandalkan.,1.0,𝘈𝘌𝑅О88menyediakan pengalaman daring yang dapat diandalkan.,aerоbbmenyediakan pengalaman daring yang dapat diandalkan,1.0,0.0,0.0,0.0,1.0
"Nggak pernah gagal dapet menang besar di 𝐴Е𝐑О𝟾𝟴,recommended!",1.0,"Nggak pernah gagal dapet menang besar di 𝐴Е𝐑О𝟾𝟴,recommended!",nggak pernah gagal dapet menang besar di aеrоbb recommendedi,1.0,0.0,0.0,0.0,0.0
"Gak ada obat main di 𝐴𝐺𝐔𝐒T𝐎𝙏О,cuan melimpah!",1.0,"Gak ada obat main di 𝐴𝐺𝐔𝐒T𝐎𝙏О,cuan melimpah!",gak ada obat main di agustotо cuan melimpahi,1.0,0.0,0.0,0.0,0.0
"Nggak pernah kecewa sama hasil di A𝘎𝐔𝐒𝘛𝙊TО,semuanya luar biasa!",1.0,"Nggak pernah kecewa sama hasil di A𝘎𝐔𝐒𝘛𝙊TО,semuanya luar biasa!",nggak pernah kecewa sama hasil di agustotо semuanya luar biasai,1.0,0.0,0.0,0.0,0.0
𝘼𝐺𝘜STОT𝙊menawarkan pengalaman yang efisien dan ringkas.,1.0,𝘼𝐺𝘜STОT𝙊menawarkan pengalaman yang efisien dan ringkas.,agustоtomenawarkan pengalaman yang efisien dan ringkas,1.0,0.0,0.0,0.0,0.0
АG𝐔𝑆𝑇О𝑇𝐎menawarkan kesempatan untuk berbagi pengalaman Anda.,1.0,АG𝐔𝑆𝑇О𝑇𝐎menawarkan kesempatan untuk berbagi pengalaman Anda.,аgustоtomenawarkan kesempatan untuk berbagi pengalaman anda,1.0,0.0,0.0,0.0,0.0
"Main di 𝘼𝐺𝐔𝑆𝙏ОTО,langsung dapet menang besar yang bikin makin semangat!",1.0,"Main di 𝘼𝐺𝐔𝑆𝙏ОTО,langsung dapet menang besar yang bikin makin semangat!",main di agustоtо langsung dapet menang besar yang bikin makin semangati,1.0,0.0,0.0,0.0,1.0
"Malam ini dapet menang gede, terima kasih 𝘼G𝑈𝑆𝘛ОTO! Nggak mau ketinggalan kan?",1.0,"Malam ini dapet menang gede, terima kasih 𝘼G𝑈𝑆𝘛ОTO! Nggak mau ketinggalan kan?",malam ini dapet menang gede terima kasih agustоtoi nggak mau ketinggalan kan,1.0,0.0,0.0,0.0,0.0
"Tidak pernah merasa jenuh bermain 𝐴Е𝑅𝐎𝟪𝟾,selalu ada inovasi!",1.0,"Tidak pernah merasa jenuh bermain 𝐴Е𝑅𝐎𝟪𝟾,selalu ada inovasi!",tidak pernah merasa jenuh bermain aеrobb selalu ada inovasii,0.0,0.0,0.0,0.0,0.0
"Nggak nyesel coba main di 𝐴𝙀𝘙𝙊𝟾𝟪,hasilnya gacir banget!",1.0,"Nggak nyesel coba main di 𝐴𝙀𝘙𝙊𝟾𝟪,hasilnya gacir banget!",nggak nyesel coba main di aerobb hasilnya gacir bangeti,0.0,0.0,0.0,0.0,0.0
"Rezeki hari ini datang terus dari 𝘼𝐺𝘜𝙎𝑇𝙊𝙏O,senang banget rasanya!",1.0,"Rezeki hari ini datang terus dari 𝘼𝐺𝘜𝙎𝑇𝙊𝙏O,senang banget rasanya!",rezeki hari ini datang terus dari agustoto senang banget rasanyai,1.0,0.0,0.0,0.0,0.0
"Gak percaya bisa menang sebanyak ini di 𝘼𝘌𝑅𝙊𝟪𝟪,mimpi jadi kenyataan!",1.0,"Gak percaya bisa menang sebanyak ini di 𝘼𝘌𝑅𝙊𝟪𝟪,mimpi jadi kenyataan!",gak percaya bisa menang sebanyak ini di aerobb mimpi jadi kenyataani,0.0,0.0,0.0,0.0,0.0
"JP datang berbondong-bondong di 𝘈𝙂𝙐S𝑇O𝑇O,lagi gacor parah nih!",1.0,"JP datang berbondong-bondong di 𝘈𝙂𝙐S𝑇O𝑇O,lagi gacor parah nih!",jp datang berbondong bondong di agustoto lagi gacor parah nihi,1.0,0.0,0.0,0.0,1.0
"Aku lagi coba-coba, eh malah dapet menang! Kamu juga bisa, loh, di AЕ𝘙𝙊8𝟴!",1.0,"Aku lagi coba-coba, eh malah dapet menang! Kamu juga bisa, loh, di AЕ𝘙𝙊8𝟴!",aku lagi coba coba eh malah dapet menangi kamu juga bisa loh di aеrobbi,1.0,0.0,0.0,0.0,0.0
"Nggak sabar buat main lagi di 𝘈𝐺𝘜𝐒𝑇𝘖𝑇𝙊,rezeki besar bisa datang kapan aja!",1.0,"Nggak sabar buat main lagi di 𝘈𝐺𝘜𝐒𝑇𝘖𝑇𝙊,rezeki besar bisa datang kapan aja!",nggak sabar buat main lagi di agustoto rezeki besar bisa datang kapan ajai,1.0,0.0,0.0,0.0,0.0
"𝐴𝐺𝘜𝙎𝙏O𝙏Оbenar-benar yang terunggul, sangat saya rekomendasikan!",1.0,"𝐴𝐺𝘜𝙎𝙏O𝙏Оbenar-benar yang terunggul, sangat saya rekomendasikan!",agustotоbenar benar yang terunggul sangat saya rekomendasikani,1.0,0.0,0.0,0.0,0.0
A𝐄𝑅𝑂𝟴𝟪menawarkan pengalaman visual yang menarik.,1.0,A𝐄𝑅𝑂𝟴𝟪menawarkan pengalaman visual yang menarik.,aerobbmenawarkan pengalaman visual yang menarik,1.0,0.0,0.0,0.0,0.0
"Makasih 𝐀𝘌Я𝑂88,rezeki datang terus tanpa henti!",1.0,"Makasih 𝐀𝘌Я𝑂88,rezeki datang terus tanpa henti!",makasih aeяobb rezeki datang terus tanpa hentii,1.0,0.0,0.0,0.0,0.0
"Aku coba-coba di AG𝘜𝙎T𝘖𝑇𝘖,ternyata langsung dapet menang gede!",1.0,"Aku coba-coba di AG𝘜𝙎T𝘖𝑇𝘖,ternyata langsung dapet menang gede!",aku coba coba di agustoto ternyata langsung dapet menang gedei,0.0,0.0,0.0,0.0,0.0
"Sungguh luar biasa dan bikin nagih! А𝙂𝙐𝙎TO𝐓𝘖-membuat ketagihan yang tak tertahankan, sangat sulit untuk berhenti bermain!",1.0,"Sungguh luar biasa dan bikin nagih! А𝙂𝙐𝙎TO𝐓𝘖-membuat ketagihan yang tak tertahankan, sangat sulit untuk berhenti bermain!",sungguh luar biasa dan bikin nagihi аgustoto membuat ketagihan yang tak tertahankan sangat sulit untuk berhenti bermaini,0.0,0.0,0.0,0.0,0.0
Menarik. Btw jamnya keren. Warna merah.,0.0,Menarik. Btw jamnya keren. Warna merah.,menarik btw jamnya keren warna merah,0.0,0.0,0.0,0.0,0.0
gwm 500 emang gagak dan cakep🔥😀☝️ mau SPK dan DO 1.donk. Aammiinn,0.0,gwm 500 emang gagak dan cakep🔥😀☝️ mau SPK dan DO 1.donk. Aammiinn,gwm soo emang gagak dan cakep mau spk dan do i donk aammiinn,0.0,0.0,0.0,0.0,0.0
Dengan gimmick di bagian ganti gigi kita naikkan 20% harga mobilnya.,0.0,Dengan gimmick di bagian ganti gigi kita naikkan 20% harga mobilnya.,dengan gimmick di bagian ganti gigi kita naikkan 2 o harga mobilnya,0.0,0.0,0.0,0.0,0.0
Kalo di mode listrik bisa ga mode manual?,0.0,Kalo di mode listrik bisa ga mode manual?,kalo di mode listrik bisa ga mode manual,1.0,0.0,0.0,0.0,0.0
"Enak ada tanda kalo kita dah di D atau N, kalo yg gigi kopling manual gt² fuyenk liatnya, gimana kalo ketuker atau salah, atau ada feel tertentu gasii?",0.0,"Enak ada tanda kalo kita dah di D atau N, kalo yg gigi kopling manual gt² fuyenk liatnya, gimana kalo ketuker atau salah, atau ada feel tertentu gasii?",enak ada tanda kalo kita dah di d atau n kalo yg gigi kopling manual gt 2 fuyenk liatnya gimana kalo ketuker atau salah atau ada feel tertentu gasii,0.0,0.0,0.0,0.0,0.0
Boros tapi ya,0.0,Boros tapi ya,boros tapi ya,0.0,0.0,0.0,0.0,0.0
Perlu adaptasi dulu spy nggk salah oper gigi😂😂😂. Ini keren cuma yg aku pikir bengkel sama sparepart nya.,0.0,Perlu adaptasi dulu spy nggk salah oper gigi😂😂😂. Ini keren cuma yg aku pikir bengkel sama sparepart nya.,perlu adaptasi dulu spy nggk salah oper gigi ini keren cuma yg aku pikir bengkel sama sparepart nya,0.0,0.0,0.0,0.0,0.0
Bisa salah oper dari D ke R kalo terlalu ringan gitu,0.0,Bisa salah oper dari D ke R kalo terlalu ringan gitu,bisa salah oper dari d ke r kalo terlalu ringan gitu,0.0,0.0,0.0,0.0,0.0
"Kekuatan matrial rangka kek volvo ga ya, sesuai namanya "" tank "" ?",0.0,"Kekuatan matrial rangka kek volvo ga ya, sesuai namanya "" tank "" ?",kekuatan matrial rangka kek volvo ga ya sesuai namanya tank,0.0,0.0,0.0,0.0,1.0
Mau Tanya Apakah Bisa Mengemudi GMW Tank 500 HEV?,0.0,Mau Tanya Apakah Bisa Mengemudi GMW Tank 500 HEV?,mau tanya apakah bisa mengemudi gmw tank soo hev,0.0,0.0,0.0,0.0,0.0
Mudahan cepet bisa kebeli!,0.0,Mudahan cepet bisa kebeli!,mudahan cepet bisa kebelii,0.0,0.0,0.0,0.0,0.0
"Jujur ya semenjak dri 2016 sampai yng facelift ke-2 skrng ini, suspensi nya gk ada berubah anjir justru utk sebuah ladder frame malah bahaya kalau terlalu empuk loh kenapa? ya taulah kenapa 😊",0.0,"Jujur ya semenjak dri 2016 sampai yng facelift ke-2 skrng ini, suspensi nya gk ada berubah anjir justru utk sebuah ladder frame malah bahaya kalau terlalu empuk loh kenapa? ya taulah kenapa 😊",jujur ya semenjak dri 2 oi 6 sampai yng facelift ke 2 skrng ini suspensi nya gk ada berubah anjir justru utk sebuah ladder frame malah bahaya kalau terlalu empuk loh kenapa ya taulah kenapa,0.0,0.0,0.0,0.0,0.0
"Jadi kesimpulannya bagus atau engga suspensi nya, mas?",0.0,"Jadi kesimpulannya bagus atau engga suspensi nya, mas?",jadi kesimpulannya bagus atau engga suspensi nya mas,0.0,0.0,0.0,0.0,0.0
"Udah kapok pake pajero , terutama ngelewatin rel kereta , mobil goyang 😄",0.0,"Udah kapok pake pajero , terutama ngelewatin rel kereta , mobil goyang 😄",udah kapok pake pajero terutama ngelewatin rel kereta mobil goyang,0.0,0.0,0.0,0.0,0.0
"Wih, JP lagi di 𝐀𝐆𝙐𝙎𝘛OT𝐎,rezeki emang gak pernah putus!",1.0,"Wih, JP lagi di 𝐀𝐆𝙐𝙎𝘛OT𝐎,rezeki emang gak pernah putus!",wih jp lagi di agustoto rezeki emang gak pernah putusi,0.0,0.0,0.0,0.0,0.0
Main bentar langsung gacir. Rezeki nggak bisa diprediksi di 𝐀𝐺U𝑆𝑇𝘖𝑇O!,1.0,Main bentar langsung gacir. Rezeki nggak bisa diprediksi di 𝐀𝐺U𝑆𝑇𝘖𝑇O!,main bentar langsung gacir rezeki nggak bisa diprediksi di agustotoi,0.0,0.0,0.0,0.0,1.0
"Main di А𝐺U𝑆𝘛𝐎𝑇О-seru banget, hasilnya nggak mengecewakan!",1.0,"Main di А𝐺U𝑆𝘛𝐎𝑇О-seru banget, hasilnya nggak mengecewakan!",main di аgustotо seru banget hasilnya nggak mengecewakani,0.0,0.0,0.0,0.0,0.0
menang besar bikin aku makin bahagia tiap kali main di 𝐀E𝘙𝐎8𝟪!,1.0,menang besar bikin aku makin bahagia tiap kali main di 𝐀E𝘙𝐎8𝟪!,menang besar bikin aku makin bahagia tiap kali main di aerobbi,1.0,0.0,0.0,0.0,0.0
"Gak nyangka bisa menang sebanyak ini di 𝘈G𝘜𝑆TОT𝑂,impian jadi nyata!",1.0,"Gak nyangka bisa menang sebanyak ini di 𝘈G𝘜𝑆TОT𝑂,impian jadi nyata!",gak nyangka bisa menang sebanyak ini di agustоto impian jadi nyatai,0.0,0.0,0.0,0.0,1.0
"Mantap sekali! Main di 𝐴𝐺UST𝙊𝑇O-lancar, cuan pun lancar jaya!",1.0,"Mantap sekali! Main di 𝐴𝐺UST𝙊𝑇O-lancar, cuan pun lancar jaya!",mantap sekalii main di agustoto lancar cuan pun lancar jayai,0.0,0.0,0.0,0.0,0.0
АE𝙍𝑂𝟴𝟾menawarkan perspektif yang berbeda tentang permainan daring.,1.0,АE𝙍𝑂𝟴𝟾menawarkan perspektif yang berbeda tentang permainan daring.,аerobbmenawarkan perspektif yang berbeda tentang permainan daring,0.0,0.0,0.0,0.0,1.0
"Kebetulan dapet rezeki besar di 𝐀𝐆𝘜S𝑇𝑂T𝑂,siap-siap main juga ya!",1.0,"Kebetulan dapet rezeki besar di 𝐀𝐆𝘜S𝑇𝑂T𝑂,siap-siap main juga ya!",kebetulan dapet rezeki besar di agustoto siap siap main juga yai,0.0,0.0,0.0,0.0,0.0
"Hiburan seru dan menguntungkan, hanya di 𝐀𝘌ЯО𝟾𝟪!",1.0,"Hiburan seru dan menguntungkan, hanya di 𝐀𝘌ЯО𝟾𝟪!",hiburan seru dan menguntungkan hanya di aeяоbbi,0.0,0.0,0.0,0.0,1.0
"Main di A𝘌𝑅𝐎𝟪𝟴-auto good vibes, rezeki emang udah ada yang ngatur!",1.0,"Main di A𝘌𝑅𝐎𝟪𝟴-auto good vibes, rezeki emang udah ada yang ngatur!",main di aerobb auto good vibes rezeki emang udah ada yang ngaturi,0.0,0.0,0.0,0.0,1.0
"Main di А𝘌𝐑𝑂𝟪8-auto good vibes, rezeki emang udah ada yang ngatur!",1.0,"Main di А𝘌𝐑𝑂𝟪8-auto good vibes, rezeki emang udah ada yang ngatur!",main di аerobb auto good vibes rezeki emang udah ada yang ngaturi,0.0,0.0,0.0,0.0,0.0
"Nggak percaya bisa dapet menang di 𝐀𝐆𝙐𝐒𝙏О𝙏𝘖,ternyata benar-benar gacir!",1.0,"Nggak percaya bisa dapet menang di 𝐀𝐆𝙐𝐒𝙏О𝙏𝘖,ternyata benar-benar gacir!",nggak percaya bisa dapet menang di agustоto ternyata benar benar gaciri,0.0,0.0,0.0,0.0,0.0
"Aku gak nyangka, pertama kali coba di A𝐄𝑅𝑂8𝟴-langsung dapet rezeki yang nggak terduga!",1.0,"Aku gak nyangka, pertama kali coba di A𝐄𝑅𝑂8𝟴-langsung dapet rezeki yang nggak terduga!",aku gak nyangka pertama kali coba di aerobb langsung dapet rezeki yang nggak terdugai,0.0,0.0,0.0,0.0,0.0
"Hari yang penuh berkah bersama 𝘈𝙂𝘜S𝐓𝙊𝑇O,rezeki datang tak terduga!",1.0,"Hari yang penuh berkah bersama 𝘈𝙂𝘜S𝐓𝙊𝑇O,rezeki datang tak terduga!",hari yang penuh berkah bersama agustoto rezeki datang tak terdugai,0.0,0.0,0.0,0.0,0.0
"Tak disangka bisa dapat sebanyak ini dari 𝘈𝐺𝘜𝘚𝑇OTO,auto berbagi rezeki!",1.0,"Tak disangka bisa dapat sebanyak ini dari 𝘈𝐺𝘜𝘚𝑇OTO,auto berbagi rezeki!",tak disangka bisa dapat sebanyak ini dari agustoto auto berbagi rezekii,0.0,0.0,0.0,0.0,0.0
"Nggak pernah gagal dapet menang besar di 𝘼𝐺𝐔𝙎𝐓𝘖𝘛𝙊,luar biasa!",1.0,"Nggak pernah gagal dapet menang besar di 𝘼𝐺𝐔𝙎𝐓𝘖𝘛𝙊,luar biasa!",nggak pernah gagal dapet menang besar di agustoto luar biasai,0.0,0.0,0.0,0.0,0.0
"Akhirnya menang besar juga di A𝐆𝑈𝙎𝐓𝙊T𝐎,jangan cuma denger cerita sukses orang lain!",1.0,"Akhirnya menang besar juga di A𝐆𝑈𝙎𝐓𝙊T𝐎,jangan cuma denger cerita sukses orang lain!",akhirnya menang besar juga di agustoto jangan cuma denger cerita sukses orang laini,0.0,0.0,0.0,0.0,0.0
Akhirnya dapet menang besar setelah coba-coba di А𝙀Я𝙊𝟴𝟪.Kamu kapan coba?,1.0,Akhirnya dapet menang besar setelah coba-coba di А𝙀Я𝙊𝟴𝟪.Kamu kapan coba?,akhirnya dapet menang besar setelah coba coba di аeяobb kamu kapan coba,0.0,0.0,0.0,0.0,1.0
"Kalo kamu suka kejutan, pasti akan suka main di А𝐄𝘙O𝟪𝟴!",1.0,"Kalo kamu suka kejutan, pasti akan suka main di А𝐄𝘙O𝟪𝟴!",kalo kamu suka kejutan pasti akan suka main di аerobbi,0.0,0.0,0.0,0.0,0.0
"Modal kecil tapi hasil gacir terus, cuma di agustoto!",1.0,"Modal kecil tapi hasil gacir terus, cuma di agustoto!",modal kecil tapi hasil gacir terus cuma di agustotoi,0.0,0.0,0.0,0.0,0.0
Coba tandingin sama panter..modar tu pajero,0.0,Coba tandingin sama panter..modar tu pajero,coba tandingin sama panter modar tu pajero,0.0,0.0,0.0,0.0,0.0
Mabok di dalem itu 😂😂😂,0.0,Mabok di dalem itu 😂😂😂,mabok di dalem itu,0.0,0.0,0.0,0.0,0.0
Mobil semakin tinggi semakin limbung bukan perkara mahal atau murah,0.0,Mobil semakin tinggi semakin limbung bukan perkara mahal atau murah,mobil semakin tinggi semakin limbung bukan perkara mahal atau murah,0.0,0.0,0.0,0.0,0.0
Sesuai lagunya Dancing Queen...👍👍😁,0.0,Sesuai lagunya Dancing Queen...👍👍😁,sesuai lagunya dancing queen,0.0,0.0,0.0,0.0,0.0
Gimana klo kita tes Tiggo 8 premium yg suspensi belakang independen,0.0,Gimana klo kita tes Tiggo 8 premium yg suspensi belakang independen,gimana klo kita tes tiggo b premium yg suspensi belakang independen,0.0,0.0,0.0,0.0,1.0
beda ma panter 2000 coba aja test enakan mana,0.0,beda ma panter 2000 coba aja test enakan mana,beda ma panter 2 ooo coba aja test enakan mana,1.0,0.0,0.0,0.0,0.0
Baru?modelnya ngk berubah🤣🤣🤣,0.0,Baru?modelnya ngk berubah🤣🤣🤣,baru modelnya ngk berubah,0.0,0.0,0.0,0.0,1.0
Ini mobil grobak bapak2 yang di suv kan. Beda sama mercy gla,0.0,Ini mobil grobak bapak2 yang di suv kan. Beda sama mercy gla,ini mobil grobak bapak 2 yang di suv kan beda sama mercy gla,0.0,0.0,0.0,0.0,1.0
Pickup yang di suv kan 😂,0.0,Pickup yang di suv kan 😂,pickup yang di suv kan,0.0,0.0,0.0,0.0,1.0
Test ini TIDAK VALID. Sebab klo di Indo speed bump nya gak ada yg standar. Bikin kaki kaki layaknya pemain bola.... RINGKIH.,0.0,Test ini TIDAK VALID. Sebab klo di Indo speed bump nya gak ada yg standar. Bikin kaki kaki layaknya pemain bola.... RINGKIH.,test ini tidak valid sebab klo di indo speed bump nya gak ada yg standar bikin kaki kaki layaknya pemain bola ringkih,1.0,0.0,0.0,0.0,0.0
Bntr² klo gini cara nya Makin arogan dong d jalan² komplek?,0.0,Bntr² klo gini cara nya Makin arogan dong d jalan² komplek?,bntr 2 klo gini cara nya makin arogan dong d jalan 2 komplek,0.0,0.0,0.0,0.0,1.0
"Bentar, pajero berarti lebih nyaman gak sih dibanding ford everest soalnya test gini pas kecepatan lumayan tinggi gak goyang parah keliatan nya di pajero 😭😭😭",0.0,"Bentar, pajero berarti lebih nyaman gak sih dibanding ford everest soalnya test gini pas kecepatan lumayan tinggi gak goyang parah keliatan nya di pajero 😭😭😭",bentar pajero berarti lebih nyaman gak sih dibanding ford everest soalnya test gini pas kecepatan lumayan tinggi gak goyang parah keliatan nya di pajero,0.0,0.0,0.0,0.0,0.0
Bikin mabuk bang😄goyangannya kelihatan👍,0.0,Bikin mabuk bang😄goyangannya kelihatan👍,bikin mabuk bang goyangannya kelihatan,0.0,0.0,0.0,0.0,0.0
Maksudnya ini kalo ketemu polisi tidur di bangunin,0.0,Maksudnya ini kalo ketemu polisi tidur di bangunin,maksudnya ini kalo ketemu polisi tidur di bangunin,1.0,0.0,0.0,0.0,1.0
Semakin cpt semakin tdk terasa. Itu saat kita melewati polisi tidur,0.0,Semakin cpt semakin tdk terasa. Itu saat kita melewati polisi tidur,semakin cpt semakin tdk terasa itu saat kita melewati polisi tidur,0.0,0.0,0.0,0.0,0.0
Ciri2 mobil lebih berat sasis nya ke timbang bodi mobilnya wkwk,0.0,Ciri2 mobil lebih berat sasis nya ke timbang bodi mobilnya wkwk,ciri 2 mobil lebih berat sasis nya ke timbang bodi mobilnya wkwk,0.0,0.0,0.0,0.0,0.0
Untuk pertama kalinya kita butuh KKB Papua utk memerdekakan Raja Ampat dari penjajah luar,0.0,Untuk pertama kalinya kita butuh KKB Papua utk memerdekakan Raja Ampat dari penjajah luar,untuk pertama kalinya kita butuh kkb papua utk memerdekakan raja ampat dari penjajah luar,0.0,0.0,0.0,0.0,0.0
"Membuat tidak bsa, merawat apalagi, merusak no 1 alasannya😅 kasihan negri ini sda hancur krna sdmnya hanya bsa menghancurkan saja",0.0,"Membuat tidak bsa, merawat apalagi, merusak no 1 alasannya😅 kasihan negri ini sda hancur krna sdmnya hanya bsa menghancurkan saja",membuat tidak bsa merawat apalagi merusak no i alasannya kasihan negri ini sda hancur krna sdmnya hanya bsa menghancurkan saja,1.0,0.0,0.0,0.0,1.0
🤔 itu Halmahera daerah mana ya? Kebetulan ada 6 kab/kota di pulau Halmahera,0.0,🤔 itu Halmahera daerah mana ya? Kebetulan ada 6 kab/kota di pulau Halmahera,itu halmahera daerah mana ya kebetulan ada 6 kab kota di pulau halmahera,0.0,0.0,0.0,0.0,0.0
"Pejabat: dari pada dijual lagi kayak waktu yang ngejual sebuah pulau dahulu kala, mending diolah sendiri aja trus dijual dengan jumlah yang banyak dan lebih menguntungkan💀",0.0,"Pejabat: dari pada dijual lagi kayak waktu yang ngejual sebuah pulau dahulu kala, mending diolah sendiri aja trus dijual dengan jumlah yang banyak dan lebih menguntungkan💀",pejabat dari pada dijual lagi kayak waktu yang ngejual sebuah pulau dahulu kala mending diolah sendiri aja trus dijual dengan jumlah yang banyak dan lebih menguntungkan,1.0,0.0,0.0,0.0,1.0
"percuma Juga, meski bukit, gunung, sawah & tanah habis oleh pembangunan"", NEGARA INDONESIA TIDAK AKAN PERNAH BISA MAJU.. karna hasilnya cuma berupa korupsi..",0.0,"percuma Juga, meski bukit, gunung, sawah & tanah habis oleh pembangunan"", NEGARA INDONESIA TIDAK AKAN PERNAH BISA MAJU.. karna hasilnya cuma berupa korupsi..",percuma juga meski bukit gunung sawah tanah habis oleh pembangunan negara indonesia tidak akan pernah bisa maju karna hasilnya cuma berupa korupsi,1.0,0.0,0.0,0.0,1.0
"Capek bangt dengan video tambah capek lihat isi komennya, sehancur ini Indonesiaku😢",0.0,"Capek bangt dengan video tambah capek lihat isi komennya, sehancur ini Indonesiaku😢",capek bangt dengan video tambah capek lihat isi komennya sehancur ini indonesiaku,1.0,0.0,0.0,0.0,0.0
"Padahal aku punya mimpi mau kesana tapi, ada aja 😢",0.0,"Padahal aku punya mimpi mau kesana tapi, ada aja 😢",padahal aku punya mimpi mau kesana tapi ada aja,1.0,0.0,0.0,0.0,0.0
"Udah kayak temen nongkrong, tiap hari pasti buka 🎉𝐊-𝐀-𝐊-𝐈 𝟕 𝟕 𝟕🔥.",1.0,"Udah kayak temen nongkrong, tiap hari pasti buka 🎉𝐊-𝐀-𝐊-𝐈 𝟕 𝟕 𝟕🔥.",udah kayak temen nongkrong tiap hari pasti buka k a k i t t t,0.0,0.0,0.0,0.0,0.0
Tiap login ke 👑𝐊-𝐀-𝐊-𝐈 777🪄 tuh kayak dapet kabar baik dari semesta 😍,1.0,Tiap login ke 👑𝐊-𝐀-𝐊-𝐈 777🪄 tuh kayak dapet kabar baik dari semesta 😍,tiap login ke k a k i ttt tuh kayak dapet kabar baik dari semesta,1.0,0.0,0.0,0.0,0.0
Kalau begini wajar kkb marah berontak...tanah nya di keruk hasil nya  di korup....mereka orang asli Papua dapat apa...akibat ketamakan pejabat indo,1.0,Kalau begini wajar kkb marah berontak...tanah nya di keruk hasil nya  di korup....mereka orang asli Papua dapat apa...akibat ketamakan pejabat indo,kalau begini wajar kkb marah berontak tanah nya di keruk hasil nya di korup mereka orang asli papua dapat apa akibat ketamakan pejabat indo,1.0,0.0,0.0,0.0,0.0
Rasanya gak lengkap kalau belum buka 🎁𝐊 𝐀 𝐊 𝐈 𝟕 𝟕 𝟕👑 hari ini.,1.0,Rasanya gak lengkap kalau belum buka 🎁𝐊 𝐀 𝐊 𝐈 𝟕 𝟕 𝟕👑 hari ini.,rasanya gak lengkap kalau belum buka k a k i t t t hari ini,0.0,0.0,0.0,0.0,0.0
"Kalo saldo bisa ngomong, dia pasti bilang ""makasih"" ke 🎯𝐊𝐀𝐊𝐈𝟩𝟩𝟩🍰 — gue aja sampai heran sendiri.",1.0,"Kalo saldo bisa ngomong, dia pasti bilang ""makasih"" ke 🎯𝐊𝐀𝐊𝐈𝟩𝟩𝟩🍰 — gue aja sampai heran sendiri.",kalo saldo bisa ngomong dia pasti bilang makasih ke kakittt gue aja sampai heran sendiri,1.0,0.0,0.0,0.0,1.0
"Jaman sekarang mah gak usah ribet, yang udah pasti-pasti aja kayak 🎯𝐊-𝐀-𝐊-𝐈 777🧃.",1.0,"Jaman sekarang mah gak usah ribet, yang udah pasti-pasti aja kayak 🎯𝐊-𝐀-𝐊-𝐈 777🧃.",jaman sekarang mah gak usah ribet yang udah pasti pasti aja kayak k a k i ttt,1.0,0.0,0.0,0.0,1.0
Semua demi jargon HILIRASI NYA MULYONO,0.0,Semua demi jargon HILIRASI NYA MULYONO,semua demi jargon hilirasi nya mulyono,0.0,0.0,0.0,0.0,1.0
komen judol sekarang dah ada pp nya ya,0.0,komen judol sekarang dah ada pp nya ya,komen judol sekarang dah ada pp nya ya,1.0,0.0,0.0,0.0,1.0
"Gue biasa skeptis, tapi entah kenapa selalu yakin tiap buka 🎁𝐊 𝐀 𝐊 𝐈 𝟕 𝟕 𝟕🤯.",1.0,"Gue biasa skeptis, tapi entah kenapa selalu yakin tiap buka 🎁𝐊 𝐀 𝐊 𝐈 𝟕 𝟕 𝟕🤯.",gue biasa skeptis tapi entah kenapa selalu yakin tiap buka k a k i t t t,1.0,0.0,0.0,0.0,1.0
"Barusan abis kalah main catur, langsung ngebalas dendam di 🧊𝙆𝘼𝙆𝙄𝟩𝟩𝟩🔥. Skor mental langsung balik.",1.0,"Barusan abis kalah main catur, langsung ngebalas dendam di 🧊𝙆𝘼𝙆𝙄𝟩𝟩𝟩🔥. Skor mental langsung balik.",barusan abis kalah main catur langsung ngebalas dendam di kakittt skor mental langsung balik,0.0,0.0,0.0,0.0,0.0
muscle memory emang beda wkwk,0.0,muscle memory emang beda wkwk,muscle memory emang beda wkwk,0.0,0.0,0.0,0.0,1.0
posthink mungkin gurunya ibunya sendiri,0.0,posthink mungkin gurunya ibunya sendiri,posthink mungkin gurunya ibunya sendiri,1.0,0.0,0.0,0.0,1.0
uda kebiasaan di rumah ni pasti 😭🙏🏻,0.0,uda kebiasaan di rumah ni pasti 😭🙏🏻,uda kebiasaan di rumah ni pasti,0.0,0.0,0.0,0.0,0.0
komen judol semua 😂,0.0,komen judol semua 😂,komen judol semua,0.0,0.0,0.0,0.0,0.0
"Ekekwkwkwkwwk lucu sih ini, reflek keinget salim sama emak pas mau berangkat sekolah ya",0.0,"Ekekwkwkwkwwk lucu sih ini, reflek keinget salim sama emak pas mau berangkat sekolah ya",ekekwkwkwkwwk lucu sih ini reflek keinget salim sama emak pas mau berangkat sekolah ya,0.0,0.0,0.0,0.0,0.0
Ini reflek Salim sama emak😂,0.0,Ini reflek Salim sama emak😂,ini reflek salim sama emak,1.0,0.0,0.0,0.0,1.0
"Lagi mumet mikirin kerjaan, malah dapet double win di 🧠𝗞 𝗔 𝗞 𝗜 𝟳𝟳𝟳🌪️. Sumpah, mood naik 100%",1.0,"Lagi mumet mikirin kerjaan, malah dapet double win di 🧠𝗞 𝗔 𝗞 𝗜 𝟳𝟳𝟳🌪️. Sumpah, mood naik 100%",lagi mumet mikirin kerjaan malah dapet double win di k a k i ttt sumpah mood naik ioo,1.0,0.0,0.0,0.0,1.0
"Tiap hari buka 👏𝑲 𝑨 𝑲 𝑰 𝟕 𝟕 𝟕🎲, rasanya kayak ngecek kabar baik.",1.0,"Tiap hari buka 👏𝑲 𝑨 𝑲 𝑰 𝟕 𝟕 𝟕🎲, rasanya kayak ngecek kabar baik.",tiap hari buka k a k i t t t rasanya kayak ngecek kabar baik,0.0,0.0,0.0,0.0,0.0
Gue curiga akun gue dijadiin prioritas sama 🧁KA-KI-777🎲.,1.0,Gue curiga akun gue dijadiin prioritas sama 🧁KA-KI-777🎲.,gue curiga akun gue dijadiin prioritas sama ka ki ttt,1.0,0.0,0.0,0.0,0.0
"Biar receh tapi niat, gue spin tiap hari di 🎉𝑲 𝑨 𝑲 𝑰 𝟕 𝟕 𝟕🎁.",1.0,"Biar receh tapi niat, gue spin tiap hari di 🎉𝑲 𝑨 𝑲 𝑰 𝟕 𝟕 𝟕🎁.",biar receh tapi niat gue spin tiap hari di k a k i t t t,1.0,0.0,0.0,0.0,0.0
"Temen gue ngira gue nipu, padahal emang hoki di 🥳𝐊-𝐀-𝐊-𝐈 777🤑.",1.0,"Temen gue ngira gue nipu, padahal emang hoki di 🥳𝐊-𝐀-𝐊-𝐈 777🤑.",temen gue ngira gue nipu padahal emang hoki di k a k i ttt,0.0,0.0,0.0,0.0,0.0
"Lu percaya gak percaya, tapi gue udah tiga kali WD dari 🔥𝑲 𝑨 𝑲 𝑰 𝟕 𝟕 𝟕🪄 minggu ini.",1.0,"Lu percaya gak percaya, tapi gue udah tiga kali WD dari 🔥𝑲 𝑨 𝑲 𝑰 𝟕 𝟕 𝟕🪄 minggu ini.",lu percaya gak percaya tapi gue udah tiga kali wd dari k a k i t t t minggu ini,0.0,0.0,0.0,0.0,0.0
"Gue gak ngerti algoritma, tapi ngerti hasilnya nyata dari 👏𝐊-𝐀-𝐊-𝐈 777🎯.",1.0,"Gue gak ngerti algoritma, tapi ngerti hasilnya nyata dari 👏𝐊-𝐀-𝐊-𝐈 777🎯.",gue gak ngerti algoritma tapi ngerti hasilnya nyata dari k a k i ttt,0.0,0.0,0.0,0.0,0.0
Yang bikin nyaman biasanya sederhana… kayak 💸𝐊𝐀-𝐊𝐈 7-7-7🤑.,1.0,Yang bikin nyaman biasanya sederhana… kayak 💸𝐊𝐀-𝐊𝐈 7-7-7🤑.,yang bikin nyaman biasanya sederhana kayak ka ki t t t,0.0,0.0,0.0,0.0,0.0
"Buka 👾𝑲 𝑨 𝑲 𝑰 777🎁 tuh kayak disayangin diam-diam, gak bilang tapi berasa 😭",1.0,"Buka 👾𝑲 𝑨 𝑲 𝑰 777🎁 tuh kayak disayangin diam-diam, gak bilang tapi berasa 😭",buka k a k i ttt tuh kayak disayangin diam diam gak bilang tapi berasa,0.0,0.0,0.0,0.0,0.0
"Kalau ada yang bisa bikin gue tahan di satu tempat, ya itu 🧨𝐊-𝐀-𝐊-𝐈 777🎁.",1.0,"Kalau ada yang bisa bikin gue tahan di satu tempat, ya itu 🧨𝐊-𝐀-𝐊-𝐈 777🎁.",kalau ada yang bisa bikin gue tahan di satu tempat ya itu k a k i ttt,0.0,0.0,0.0,0.0,0.0
"Modal receh, hasil lumayan. Coba tanya siapa yang nyesel main di 🎯𝐊 𝐀 𝐊 𝐈 𝟕 𝟕 𝟕😎.",1.0,"Modal receh, hasil lumayan. Coba tanya siapa yang nyesel main di 🎯𝐊 𝐀 𝐊 𝐈 𝟕 𝟕 𝟕😎.",modal receh hasil lumayan coba tanya siapa yang nyesel main di k a k i t t t,0.0,0.0,0.0,0.0,0.0
"Udah jam 2 pagi, mata sepet… tapi tangan masih nge-spin di 🧠𝗞𝗔𝗞𝗜•𝟳𝟳𝟳🌌. Gak bisa berhenti, cuy",1.0,"Udah jam 2 pagi, mata sepet… tapi tangan masih nge-spin di 🧠𝗞𝗔𝗞𝗜•𝟳𝟳𝟳🌌. Gak bisa berhenti, cuy",udah jam 2 pagi mata sepet tapi tangan masih nge spin di kaki ttt gak bisa berhenti cuy,0.0,0.0,0.0,0.0,0.0
"Habis bad day? Coba deh buka 🪄𝐊-𝐀-𝐊-𝐈 𝟕 𝟕 𝟕👏, siapa tau langsung senyum 😆.",1.0,"Habis bad day? Coba deh buka 🪄𝐊-𝐀-𝐊-𝐈 𝟕 𝟕 𝟕👏, siapa tau langsung senyum 😆.",habis bad day coba deh buka k a k i t t t siapa tau langsung senyum,1.0,0.0,0.0,0.0,0.0
"Gue pikir cuma iseng, tapi 🍀𝐊𝐀-𝐊𝐈 7-7-7🔥 bikin gue percaya sama yang namanya hoki sejati 🧠",1.0,"Gue pikir cuma iseng, tapi 🍀𝐊𝐀-𝐊𝐈 7-7-7🔥 bikin gue percaya sama yang namanya hoki sejati 🧠",gue pikir cuma iseng tapi ka ki t t t bikin gue percaya sama yang namanya hoki sejati,0.0,0.0,0.0,0.0,0.0
"Banyak yang bilang gacor, gua tes lah di 🧠𝑲-𝑨-𝑲-𝑰 777🤑... dan beneran cuan dong 😆.",1.0,"Banyak yang bilang gacor, gua tes lah di 🧠𝑲-𝑨-𝑲-𝑰 777🤑... dan beneran cuan dong 😆.",banyak yang bilang gacor gua tes lah di k a k i ttt dan beneran cuan dong,0.0,0.0,0.0,0.0,0.0
"Buka 🔥𝗞 𝗔 𝗞 𝗜 𝟳𝟳𝟳🎲 barusan, dan saldo gue langsung berasa kayak tanggal muda.",1.0,"Buka 🔥𝗞 𝗔 𝗞 𝗜 𝟳𝟳𝟳🎲 barusan, dan saldo gue langsung berasa kayak tanggal muda.",buka k a k i ttt barusan dan saldo gue langsung berasa kayak tanggal muda,1.0,0.0,0.0,0.0,0.0
"Kalo lo suka hasil cepet, lo harus kenalan sama 📈𝑲 𝑨 𝑲 𝑰 777😎.",1.0,"Kalo lo suka hasil cepet, lo harus kenalan sama 📈𝑲 𝑨 𝑲 𝑰 777😎.",kalo lo suka hasil cepet lo harus kenalan sama k a k i ttt,0.0,0.0,0.0,0.0,1.0
"Buka 🤯𝑲 𝑨-𝑲-𝑰 777🧠 di waktu random, eh malah dapet hasil luar biasa 🔮.",1.0,"Buka 🤯𝑲 𝑨-𝑲-𝑰 777🧠 di waktu random, eh malah dapet hasil luar biasa 🔮.",buka k a k i ttt di waktu random eh malah dapet hasil luar biasa,0.0,0.0,0.0,0.0,0.0
"Nongkrong gak harus di warkop, bisa juga sambil spin di 🧠𝑲 𝑨-𝑲-𝑰 777🍀.",1.0,"Nongkrong gak harus di warkop, bisa juga sambil spin di 🧠𝑲 𝑨-𝑲-𝑰 777🍀.",nongkrong gak harus di warkop bisa juga sambil spin di k a k i ttt,0.0,0.0,0.0,0.0,1.0
"Gue diem-diem bahagia tiap buka 🎁𝐊-𝐀-𝐊-𝐈 𝟕 𝟕 𝟕👏, gak usah lebay yang penting cair.",1.0,"Gue diem-diem bahagia tiap buka 🎁𝐊-𝐀-𝐊-𝐈 𝟕 𝟕 𝟕👏, gak usah lebay yang penting cair.",gue diem diem bahagia tiap buka k a k i t t t gak usah lebay yang penting cair,0.0,0.0,0.0,0.0,1.0
"Gue gak bohong, tiap login ke 🎯K-A-K-I777✨ tuh rasanya kayak dirayain.",1.0,"Gue gak bohong, tiap login ke 🎯K-A-K-I777✨ tuh rasanya kayak dirayain.",gue gak bohong tiap login ke k a k ittt tuh rasanya kayak dirayain,0.0,0.0,0.0,0.0,0.0
"Susah cari yang cocok, tapi 🎲𝐊 𝐀-𝐊-𝐈 777🤑 datang di waktu yang pas.",1.0,"Susah cari yang cocok, tapi 🎲𝐊 𝐀-𝐊-𝐈 777🤑 datang di waktu yang pas.",susah cari yang cocok tapi k a k i ttt datang di waktu yang pas,0.0,0.0,0.0,0.0,0.0
"Gue cuma modal iseng dan rasa penasaran, tapi 😱𝐊𝐀𝐊 𝐈 777🏆 balikin semuanya jadi pengalaman manis.",1.0,"Gue cuma modal iseng dan rasa penasaran, tapi 😱𝐊𝐀𝐊 𝐈 777🏆 balikin semuanya jadi pengalaman manis.",gue cuma modal iseng dan rasa penasaran tapi kak i ttt balikin semuanya jadi pengalaman manis,0.0,0.0,0.0,0.0,0.0
"Nyoba lirik yang lain, tapi kok ya kangen sama 🪄𝐊-𝐀-𝐊-𝐈 𝟕 𝟕 𝟕🧨.",1.0,"Nyoba lirik yang lain, tapi kok ya kangen sama 🪄𝐊-𝐀-𝐊-𝐈 𝟕 𝟕 𝟕🧨.",nyoba lirik yang lain tapi kok ya kangen sama k a k i t t t,1.0,0.0,0.0,0.0,1.0
"Pas butuh hiburan yang ngasih hasil, ya langsung ke 🍀𝑲-𝑨-𝑲-𝑰 777💰.",1.0,"Pas butuh hiburan yang ngasih hasil, ya langsung ke 🍀𝑲-𝑨-𝑲-𝑰 777💰.",pas butuh hiburan yang ngasih hasil ya langsung ke k a k i ttt,0.0,0.0,0.0,0.0,0.0
"Depo 50rb doang tapi ditraktir cuan sampe 2,5jt sama 🎲👑𝐊 𝐀 𝐊 𝐈 𝟕 𝟕 𝟕🏆. Sumpah real!",1.0,"Depo 50rb doang tapi ditraktir cuan sampe 2,5jt sama 🎲👑𝐊 𝐀 𝐊 𝐈 𝟕 𝟕 𝟕🏆. Sumpah real!",depo sorb doang tapi ditraktir cuan sampe 2 sjt sama k a k i t t t sumpah reali,0.0,0.0,0.0,0.0,1.0
"Kayaknya semesta pengen gue terus main di 👾𝐊 𝐀-𝐊-𝐈 777🎉, menang mulu soalnya.",1.0,"Kayaknya semesta pengen gue terus main di 👾𝐊 𝐀-𝐊-𝐈 777🎉, menang mulu soalnya.",kayaknya semesta pengen gue terus main di k a k i ttt menang mulu soalnya,0.0,0.0,0.0,0.0,1.0
Yg pasti bukan lulusan barak militer,0.0,Yg pasti bukan lulusan barak militer,yg pasti bukan lulusan barak militer,0.0,0.0,0.0,0.0,0.0
Katanya panik kok malah dance black pink   pink venom ❤❤❤ eeeh yang panik 😂😂lah penyeleng garanya😂😂,0.0,Katanya panik kok malah dance black pink   pink venom ❤❤❤ eeeh yang panik 😂😂lah penyeleng garanya😂😂,katanya panik kok malah dance black pink pink venom eeeh yang panik lah penyeleng garanya,1.0,0.0,0.0,0.0,0.0
tulang lunak ajir,0.0,tulang lunak ajir,tulang lunak ajir,1.0,0.0,0.0,0.0,1.0
"sepertinya gerakannya agak slay dan anggunly ya ges, pak dedi bawa dia pak dedi",0.0,"sepertinya gerakannya agak slay dan anggunly ya ges, pak dedi bawa dia pak dedi",sepertinya gerakannya agak slay dan anggunly ya ges pak dedi bawa dia pak dedi,1.0,0.0,0.0,0.0,1.0
"Mending sekalian orangnya aja yang hilang gak sih,dari pada ijazahnya😂",0.0,"Mending sekalian orangnya aja yang hilang gak sih,dari pada ijazahnya😂",mending sekalian orangnya aja yang hilang gak sih dari pada ijazahnya,1.0,0.0,0.0,0.0,1.0
"Kan emank pas prosesi itu cuma ucapan sslamat doank , ijazah asli brp hari gt baru bisa diambil",0.0,"Kan emank pas prosesi itu cuma ucapan sslamat doank , ijazah asli brp hari gt baru bisa diambil",kan emank pas prosesi itu cuma ucapan sslamat doank ijazah asli brp hari gt baru bisa diambil,0.0,0.0,0.0,0.0,0.0
"pantesan ijazahnya di bakar rektor di belakang , boti ngeselin emang 😂",0.0,"pantesan ijazahnya di bakar rektor di belakang , boti ngeselin emang 😂",pantesan ijazahnya di bakar rektor di belakang boti ngeselin emang,1.0,0.0,0.0,0.0,0.0
"Mantap joget nya bang,ajarin donk",0.0,"Mantap joget nya bang,ajarin donk",mantap joget nya bang ajarin donk,0.0,0.0,0.0,0.0,0.0
"Ijazah kosong dulu, pastinya gitu kan ya ...",0.0,"Ijazah kosong dulu, pastinya gitu kan ya ...",ijazah kosong dulu pastinya gitu kan ya,1.0,0.0,0.0,0.0,1.0
Namanya juga budi,0.0,Namanya juga budi,namanya juga budi,1.0,0.0,0.0,0.0,1.0
Untung bs dibikin seru,0.0,Untung bs dibikin seru,untung bs dibikin seru,1.0,0.0,0.0,0.0,1.0
"Lucu sampe nggak karuan! Kalo mau duitnya nggak karuan banyak, 𝑲𝒀𝑻4𝑫 tempatnya! 💎",1.0,"Lucu sampe nggak karuan! Kalo mau duitnya nggak karuan banyak, 𝑲𝒀𝑻4𝑫 tempatnya! 💎",lucu sampe nggak karuani kalo mau duitnya nggak karuan banyak kytad tempatnyai,1.0,0.0,0.0,0.0,1.0
Pokoknya 𝑲𝒀𝑻4𝑫 recommended banget buat semua!,1.0,Pokoknya 𝑲𝒀𝑻4𝑫 recommended banget buat semua!,pokoknya kytad recommended banget buat semuai,1.0,0.0,0.0,0.0,1.0
Lancar lancar bang salam Jepe ⭐𝑲𝒀𝑻4𝑫⭐,1.0,Lancar lancar bang salam Jepe ⭐𝑲𝒀𝑻4𝑫⭐,lancar lancar bang salam jepe kytad,1.0,0.0,0.0,0.0,1.0
Aura botinya keluar 😂,0.0,Aura botinya keluar 😂,aura botinya keluar,1.0,0.0,0.0,0.0,1.0
tenang... masih bisa bikin ijazah palsu... kali aja nantinya jadi presiden 😂😂😂,0.0,tenang... masih bisa bikin ijazah palsu... kali aja nantinya jadi presiden 😂😂😂,tenang masih bisa bikin ijazah palsu kali aja nantinya jadi presiden,1.0,0.0,0.0,0.0,1.0
"Asli deh, ⭐𝑲𝒀𝑻4𝑫⭐ sama konten lo sama-sama bikin betah! 🏠",1.0,"Asli deh, ⭐𝑲𝒀𝑻4𝑫⭐ sama konten lo sama-sama bikin betah! 🏠",asli deh kytad sama konten lo sama sama bikin betahi,1.0,0.0,0.0,0.0,1.0
Calon² kebarak kayanya,0.0,Calon² kebarak kayanya,calon 2 kebarak kayanya,1.0,0.0,0.0,0.0,1.0
"Itu bukan ijazah ya, cuma simbolisasi aja... Ijazah dikasih setelah 1 bulan kelulusan",0.0,"Itu bukan ijazah ya, cuma simbolisasi aja... Ijazah dikasih setelah 1 bulan kelulusan",itu bukan ijazah ya cuma simbolisasi aja ijazah dikasih setelah i bulan kelulusan,1.0,0.0,0.0,0.0,1.0
Keren parah 𝑲𝒀𝑻4𝑫! Pengen main terus. 👏,1.0,Keren parah 𝑲𝒀𝑻4𝑫! Pengen main terus. 👏,keren parah kytadi pengen main terus,1.0,0.0,0.0,0.0,1.0
Bikin senyum sendiri! 𝑲𝒀𝑻4𝑫,1.0,Bikin senyum sendiri! 𝑲𝒀𝑻4𝑫,bikin senyum sendirii kytad,1.0,0.0,0.0,0.0,1.0
"Mantep ⭐𝑲𝒀𝑻4𝑫⭐ udah jadi kebiasaan, Caerr terusss !!!",1.0,"Mantep ⭐𝑲𝒀𝑻4𝑫⭐ udah jadi kebiasaan, Caerr terusss !!!",mantep kytad udah jadi kebiasaan caerr terusss iii,1.0,0.0,0.0,0.0,1.0
Cuma ⭐𝑲𝒀𝑻4𝑫⭐ nih yang langsung ngasih JP besar.. MANTAP BROO,1.0,Cuma ⭐𝑲𝒀𝑻4𝑫⭐ nih yang langsung ngasih JP besar.. MANTAP BROO,cuma kytad nih yang langsung ngasih jp besar mantap broo,0.0,0.0,0.0,0.0,0.0
Terpopuler ⭐𝑲𝒀𝑻4𝑫⭐ Member baru pasti jepee❤,1.0,Terpopuler ⭐𝑲𝒀𝑻4𝑫⭐ Member baru pasti jepee❤,terpopuler kytad member baru pasti jepee,0.0,0.0,0.0,0.0,0.0
Emang gak ada yang bisa ngalahin serunya ⭐𝑲𝒀𝑻4𝑫⭐.,1.0,Emang gak ada yang bisa ngalahin serunya ⭐𝑲𝒀𝑻4𝑫⭐.,emang gak ada yang bisa ngalahin serunya kytad,0.0,0.0,0.0,0.0,0.0
Gw paling demen gas di ⭐𝑲𝒀𝑻4𝑫⭐ wkwkwkww seru. Harus sering2 sih ini mah auto jepey!,1.0,Gw paling demen gas di ⭐𝑲𝒀𝑻4𝑫⭐ wkwkwkww seru. Harus sering2 sih ini mah auto jepey!,gw paling demen gas di kytad wkwkwkww seru harus sering 2 sih ini mah auto jepeyi,1.0,0.0,0.0,0.0,0.0
"Gak nyangka iseng doang, eh malah ketagihan sama 𝑲𝒀𝑻4𝑫",1.0,"Gak nyangka iseng doang, eh malah ketagihan sama 𝑲𝒀𝑻4𝑫",gak nyangka iseng doang eh malah ketagihan sama kytad,0.0,0.0,0.0,0.0,0.0
"Kontennya bikin betah, 👵𝑲𝒀𝑻4𝑫👵 juga bikin betah sampe pagi. 🌄",1.0,"Kontennya bikin betah, 👵𝑲𝒀𝑻4𝑫👵 juga bikin betah sampe pagi. 🌄",kontennya bikin betah kytad juga bikin betah sampe pagi,1.0,0.0,0.0,0.0,0.0
Dan ternyata ijazah nya palsu kyk mantan presiden antartika😮,0.0,Dan ternyata ijazah nya palsu kyk mantan presiden antartika😮,dan ternyata ijazah nya palsu kyk mantan presiden antartika,1.0,0.0,0.0,0.0,0.0
jngan² ijazahnya diambil sama Jok...,0.0,jngan² ijazahnya diambil sama Jok...,jngan 2 ijazahnya diambil sama jok,0.0,0.0,0.0,0.0,0.0
Plis ya boti itu penyakit seksual jadi mungkin aja dia random.,0.0,Plis ya boti itu penyakit seksual jadi mungkin aja dia random.,plis ya boti itu penyakit seksual jadi mungkin aja dia random,1.0,0.0,0.0,0.0,1.0
"Di kampus gua mala isinya gk ada cuma buku itu doang isinya nyusul kecuali mahasiswa berprestasi yang di panggil di awal itu iya langsung ada isinya, gua pernah jadi SE Wisuda soalnya jadi tau",0.0,"Di kampus gua mala isinya gk ada cuma buku itu doang isinya nyusul kecuali mahasiswa berprestasi yang di panggil di awal itu iya langsung ada isinya, gua pernah jadi SE Wisuda soalnya jadi tau",di kampus gua mala isinya gk ada cuma buku itu doang isinya nyusul kecuali mahasiswa berprestasi yang di panggil di awal itu iya langsung ada isinya gua pernah jadi se wisuda soalnya jadi tau,1.0,0.0,0.0,0.0,0.0
Blink ternyata😭😭,0.0,Blink ternyata😭😭,blink ternyata,1.0,0.0,0.0,0.0,0.0
untung gw bkn anak tiktok. klo gw keringet dah banjir segedung nunguin😅,0.0,untung gw bkn anak tiktok. klo gw keringet dah banjir segedung nunguin😅,untung gw bkn anak tiktok klo gw keringet dah banjir segedung nunguin,1.0,0.0,0.0,0.0,0.0
"Ok, dari selebrasinya kita tahu bagaimana dia sebenarnyab😅😅",0.0,"Ok, dari selebrasinya kita tahu bagaimana dia sebenarnyab😅😅",ok dari selebrasinya kita tahu bagaimana dia sebenarnyab,1.0,0.0,0.0,0.0,1.0
"UPI bukan? Apa karena ini ya, makanya sekarang upi izajahnya kosongan dulu pas wisuda wkwwk",0.0,"UPI bukan? Apa karena ini ya, makanya sekarang upi izajahnya kosongan dulu pas wisuda wkwwk",upi bukan apa karena ini ya makanya sekarang upi izajahnya kosongan dulu pas wisuda wkwwk,1.0,0.0,0.0,0.0,0.0
"Calon guru b*tita viral, bersaing dengan yg belum lama viral",0.0,"Calon guru b*tita viral, bersaing dengan yg belum lama viral",calon guru b tita viral bersaing dengan yg belum lama viral,1.0,0.0,0.0,0.0,1.0
Aura botinya terasa kuat,0.0,Aura botinya terasa kuat,aura botinya terasa kuat,1.0,0.0,0.0,0.0,1.0
yg panik malah petugasnya gaseh abang nya mah santuy,0.0,yg panik malah petugasnya gaseh abang nya mah santuy,yg panik malah petugasnya gaseh abang nya mah santuy,1.0,0.0,0.0,0.0,1.0
Jdi pengen temenin😭,0.0,Jdi pengen temenin😭,jdi pengen temenin,1.0,0.0,0.0,0.0,1.0
ini gambarannya dokyeom pas wisuda😂,0.0,ini gambarannya dokyeom pas wisuda😂,ini gambarannya dokyeom pas wisuda,1.0,0.0,0.0,0.0,1.0
"Ini cuma konten, jadi jangan percaya, ini hanya adegan acting",0.0,"Ini cuma konten, jadi jangan percaya, ini hanya adegan acting",ini cuma konten jadi jangan percaya ini hanya adegan acting,1.0,0.0,0.0,0.0,1.0
Boty sudah terlihat potensinya,0.0,Boty sudah terlihat potensinya,boty sudah terlihat potensinya,1.0,0.0,0.0,0.0,1.0
"baru ini pda pk masker,apa lbh parh lgi d liar covid",0.0,"baru ini pda pk masker,apa lbh parh lgi d liar covid",baru ini pda pk masker apa lbh parh lgi d liar covid,1.0,0.0,0.0,0.0,1.0
"Enak bgt woilah di kmpusnya lgsung ambil ijazah,lah kampus ku di UMI harus bayar bnyk lagi biar ijazah keluar hadeh pdhl udh bayar sama wisuda😂 aneh”emang kmpus gw rek😅untung udh lulus haha",0.0,"Enak bgt woilah di kmpusnya lgsung ambil ijazah,lah kampus ku di UMI harus bayar bnyk lagi biar ijazah keluar hadeh pdhl udh bayar sama wisuda😂 aneh”emang kmpus gw rek😅untung udh lulus haha",enak bgt woilah di kmpusnya lgsung ambil ijazah lah kampus ku di umi harus bayar bnyk lagi biar ijazah keluar hadeh pdhl udh bayar sama wisuda aneh emang kmpus gw rek untung udh lulus haha,1.0,0.0,0.0,0.0,1.0
Nah ini yg di namakan ijazah palsu kaya siapa ya 😅,0.0,Nah ini yg di namakan ijazah palsu kaya siapa ya 😅,nah ini yg di namakan ijazah palsu kaya siapa ya,1.0,0.0,0.0,0.0,1.0
lu lulusnya pake jalur belakang si ngab😂,0.0,lu lulusnya pake jalur belakang si ngab😂,lu lulusnya pake jalur belakang si ngab,1.0,0.0,0.0,0.0,0.0
Yg panik dosennya😂 dia mah santuy,0.0,Yg panik dosennya😂 dia mah santuy,yg panik dosennya dia mah santuy,1.0,0.0,0.0,0.0,0.0
"Ya gausah panik lah org klo hilang ya urusan panitia itu, klo beneran hilang karena kelalaian pihak sekolah, anda otomatis dibayar atas kerugian tersebut",0.0,"Ya gausah panik lah org klo hilang ya urusan panitia itu, klo beneran hilang karena kelalaian pihak sekolah, anda otomatis dibayar atas kerugian tersebut",ya gausah panik lah org klo hilang ya urusan panitia itu klo beneran hilang karena kelalaian pihak sekolah anda otomatis dibayar atas kerugian tersebut,1.0,0.0,0.0,0.0,0.0
Yg panik pihak penyelenggaranya 😅😅😅,0.0,Yg panik pihak penyelenggaranya 😅😅😅,yg panik pihak penyelenggaranya,1.0,0.0,0.0,0.0,0.0
"Ohhhh dia Blink tohhh, bang bang ikut bang 😌💥💥",0.0,"Ohhhh dia Blink tohhh, bang bang ikut bang 😌💥💥",ohhhh dia blink tohhh bang bang ikut bang,1.0,0.0,0.0,0.0,1.0
Padahal Emang gak lulus makanya gak ada😂😂😂. Tapi gak mungkin juga sih kalo namanya ternyata di panggil 😂,0.0,Padahal Emang gak lulus makanya gak ada😂😂😂. Tapi gak mungkin juga sih kalo namanya ternyata di panggil 😂,padahal emang gak lulus makanya gak ada tapi gak mungkin juga sih kalo namanya ternyata di panggil,1.0,0.0,0.0,0.0,1.0
Mulyono santai saja ga sepanik itu,0.0,Mulyono santai saja ga sepanik itu,mulyono santai saja ga sepanik itu,1.0,0.0,0.0,0.0,0.0
Botai aw.... lekong,0.0,Botai aw.... lekong,botai aw lekong,1.0,0.0,0.0,0.0,1.0
Joget dlu gak sih biar gak boring 😂😂😂😂,0.0,Joget dlu gak sih biar gak boring 😂😂😂😂,joget dlu gak sih biar gak boring,1.0,0.0,0.0,0.0,1.0
Masukkan barak dulu ini biar lurus😅,0.0,Masukkan barak dulu ini biar lurus😅,masukkan barak dulu ini biar lurus,1.0,0.0,0.0,0.0,1.0
Sobat blackpink dia noh 😂 joget mulu dosenya pada mandi kringet juga wekawekweka,0.0,Sobat blackpink dia noh 😂 joget mulu dosenya pada mandi kringet juga wekawekweka,sobat blackpink dia noh joget mulu dosenya pada mandi kringet juga wekawekweka,1.0,0.0,0.0,0.0,1.0
spesis tak bertulang😂,0.0,spesis tak bertulang😂,spesis tak bertulang,1.0,0.0,0.0,0.0,0.0
"Disubtittle katanya panik anjir, pas lihat videonya kaga ada panik² nya cok 😂😂",0.0,"Disubtittle katanya panik anjir, pas lihat videonya kaga ada panik² nya cok 😂😂",disubtittle katanya panik anjir pas lihat videonya kaga ada panik 2 nya cok,1.0,0.0,0.0,0.0,1.0
Random banget anjirr😭🙏🐳,0.0,Random banget anjirr😭🙏🐳,random banget anjirr,1.0,0.0,0.0,0.0,0.0
Wktu saya wisuda hanya ucapan selamat yg diserahkan. Ijazah beberapa minggu setelah wisuda baru diserahkan.,0.0,Wktu saya wisuda hanya ucapan selamat yg diserahkan. Ijazah beberapa minggu setelah wisuda baru diserahkan.,wktu saya wisuda hanya ucapan selamat yg diserahkan ijazah beberapa minggu setelah wisuda baru diserahkan,1.0,0.0,0.0,0.0,1.0
Weitt biru biru apa tu bang??? Bluebird kah?,0.0,Weitt biru biru apa tu bang??? Bluebird kah?,weitt biru biru apa tu bang bluebird kah,1.0,0.0,0.0,0.0,1.0
"Bermain di 𝐷𝐸𝑊𝘼𝐃𝐎𝑅A membantu saya bertransformasi, dari penjual kecil jadi pengusaha besar.",1.0,"Bermain di 𝐷𝐸𝑊𝘼𝐃𝐎𝑅A membantu saya bertransformasi, dari penjual kecil jadi pengusaha besar.",bermain di dewadora membantu saya bertransformasi dari penjual kecil jadi pengusaha besar,1.0,0.0,0.0,0.0,0.0
"Kalo kamu suka kejutan, pasti akan suka main di 𝐃𝘖𝑅𝘼𝟩𝟳!",1.0,"Kalo kamu suka kejutan, pasti akan suka main di 𝐃𝘖𝑅𝘼𝟩𝟳!",kalo kamu suka kejutan pasti akan suka main di doratti,0.0,0.0,0.0,0.0,0.0
Bahagia banget dapat rezeki berkah dari 𝘋𝘌𝐖𝘼𝘿𝘖𝑅𝘼!,1.0,Bahagia banget dapat rezeki berkah dari 𝘋𝘌𝐖𝘼𝘿𝘖𝑅𝘼!,bahagia banget dapat rezeki berkah dari dewadorai,1.0,0.0,0.0,0.0,0.0
Modal usaha saya bertambah signifikan berkat hasil dari 𝘋𝐎𝙍𝘼𝟽𝟽.,1.0,Modal usaha saya bertambah signifikan berkat hasil dari 𝘋𝐎𝙍𝘼𝟽𝟽.,modal usaha saya bertambah signifikan berkat hasil dari doratt,0.0,0.0,0.0,0.0,0.0
Modal yang saya dapat dari 𝐷Е𝙒𝐀𝘋𝘖𝑅A membuat usaha saya semakin stabil.,1.0,Modal yang saya dapat dari 𝐷Е𝙒𝐀𝘋𝘖𝑅A membuat usaha saya semakin stabil.,modal yang saya dapat dari dеwadora membuat usaha saya semakin stabil,0.0,0.0,0.0,0.0,0.0
Keuntungan dari DE𝑊𝐴DO𝘙А membuka jalan bagi saya untuk mengembangkan usaha.,1.0,Keuntungan dari DE𝑊𝐴DO𝘙А membuka jalan bagi saya untuk mengembangkan usaha.,keuntungan dari dewadorа membuka jalan bagi saya untuk mengembangkan usaha,1.0,0.0,0.0,0.0,0.0
"Di 𝐷𝘌𝘞А𝘿O𝑅𝐀 mendukung transformasi saya, dari petani kecil jadi bos agribisnis.",1.0,"Di 𝐷𝘌𝘞А𝘿O𝑅𝐀 mendukung transformasi saya, dari petani kecil jadi bos agribisnis.",di dewаdora mendukung transformasi saya dari petani kecil jadi bos agribisnis,1.0,0.0,0.0,0.0,0.0
Jakpot besar di 𝐃𝑂𝑅A𝟽𝟩 bikin hari semakin cerah. Siapa cepat dia dapat!,1.0,Jakpot besar di 𝐃𝑂𝑅A𝟽𝟩 bikin hari semakin cerah. Siapa cepat dia dapat!,jakpot besar di doratt bikin hari semakin cerah siapa cepat dia dapati,0.0,0.0,0.0,0.0,0.0
"Gak percaya bisa menang sebanyak ini di 𝐃𝙊𝐑𝘈𝟽𝟽, mimpi jadi realita!",1.0,"Gak percaya bisa menang sebanyak ini di 𝐃𝙊𝐑𝘈𝟽𝟽, mimpi jadi realita!",gak percaya bisa menang sebanyak ini di doratt mimpi jadi realitai,0.0,0.0,0.0,0.0,0.0
"Di 𝐃𝘌W𝘼𝐷О𝑅A saya menemukan peluang, dari buruh tani jadi pemilik agribisnis.",1.0,"Di 𝐃𝘌W𝘼𝐷О𝑅A saya menemukan peluang, dari buruh tani jadi pemilik agribisnis.",di dewadоra saya menemukan peluang dari buruh tani jadi pemilik agribisnis,0.0,0.0,0.0,0.0,0.0
Keuntungan di 𝘿𝐄𝑊𝘼𝘿𝑂𝙍𝐀 memungkinkan saya untuk membeli rumah impian.,1.0,Keuntungan di 𝘿𝐄𝑊𝘼𝘿𝑂𝙍𝐀 memungkinkan saya untuk membeli rumah impian.,keuntungan di dewadora memungkinkan saya untuk membeli rumah impian,1.0,0.0,0.0,0.0,0.0
"Melalui D𝙊𝘙𝐀𝟳7 saya berubah, dari tukang sayur ke pemilik supermarket modern.",1.0,"Melalui D𝙊𝘙𝐀𝟳7 saya berubah, dari tukang sayur ke pemilik supermarket modern.",melalui doratt saya berubah dari tukang sayur ke pemilik supermarket modern,0.0,0.0,0.0,0.0,0.0
Senang banget dapat rezeki tak terduga dari 𝐷𝑂𝐑𝐴𝟽𝟩!,1.0,Senang banget dapat rezeki tak terduga dari 𝐷𝑂𝐑𝐴𝟽𝟩!,senang banget dapat rezeki tak terduga dari doratti,1.0,0.0,0.0,0.0,0.0
"Main di 𝘋E𝙒A𝐃𝘖R𝐴 cuma sebentar, eh langsung rezeki nomplok. Jadi pengen coba lagi!",1.0,"Main di 𝘋E𝙒A𝐃𝘖R𝐴 cuma sebentar, eh langsung rezeki nomplok. Jadi pengen coba lagi!",main di dewadora cuma sebentar eh langsung rezeki nomplok jadi pengen coba lagii,1.0,0.0,0.0,0.0,0.0
"Seru banget main di D𝘌𝐖А𝘋O𝙍𝐴, selain hiburannya seru, jakpotnya gacir terus!",1.0,"Seru banget main di D𝘌𝐖А𝘋O𝙍𝐴, selain hiburannya seru, jakpotnya gacir terus!",seru banget main di dewаdora selain hiburannya seru jakpotnya gacir terusi,0.0,0.0,0.0,0.0,0.0
𝘿𝑂𝐑А7𝟩 menawarkan kesempatan untuk belajar dari orang lain.,1.0,𝘿𝑂𝐑А7𝟩 menawarkan kesempatan untuk belajar dari orang lain.,dorаtt menawarkan kesempatan untuk belajar dari orang lain,0.0,0.0,0.0,0.0,1.0
Main sebentar langsung dapet jakpot gede. Rezeki ada di 𝘋𝙊R𝘼𝟽7!,1.0,Main sebentar langsung dapet jakpot gede. Rezeki ada di 𝘋𝙊R𝘼𝟽7!,main sebentar langsung dapet jakpot gede rezeki ada di doratti,1.0,0.0,0.0,0.0,0.0
"Modal kecil berubah jadi hasil besar, cuma di 𝘼𝐺𝑈𝐒𝑇OTO!",1.0,"Modal kecil berubah jadi hasil besar, cuma di 𝘼𝐺𝑈𝐒𝑇OTO!",modal kecil berubah jadi hasil besar cuma di agustotoi,0.0,0.0,0.0,0.0,0.0
"Main di 𝘈𝘌R𝘖𝟾𝟪-cuma sebentar, eh langsung rezeki nomplok. Jadi pengen coba lagi!",1.0,"Main di 𝘈𝘌R𝘖𝟾𝟪-cuma sebentar, eh langsung rezeki nomplok. Jadi pengen coba lagi!",main di aerobb cuma sebentar eh langsung rezeki nomplok jadi pengen coba lagii,0.0,0.0,0.0,0.0,0.0
Rezeki memang nggak kemana! Main di 𝘈𝙀Я𝙊8𝟾-bikin untung besar.,1.0,Rezeki memang nggak kemana! Main di 𝘈𝙀Я𝙊8𝟾-bikin untung besar.,rezeki memang nggak kemanai main di aeяobb bikin untung besar,0.0,0.0,0.0,0.0,0.0
"Senang banget main di 𝘼𝐸𝐑О𝟪𝟾,langsung dapat menang besar hari ini!",1.0,"Senang banget main di 𝘼𝐸𝐑О𝟪𝟾,langsung dapat menang besar hari ini!",senang banget main di aerоbb langsung dapat menang besar hari inii,0.0,0.0,0.0,0.0,0.0
Modal yang saya peroleh dari 𝐷OR𝘈𝟽𝟽 membuat saya lebih percaya diri berwirausaha.,1.0,Modal yang saya peroleh dari 𝐷OR𝘈𝟽𝟽 membuat saya lebih percaya diri berwirausaha.,modal yang saya peroleh dari doratt membuat saya lebih percaya diri berwirausaha,0.0,0.0,0.0,0.0,1.0
Hasil gacir dari 𝘿𝐄𝐖A𝐷О𝑅А bikin hari makin seru. Mantap banget!,1.0,Hasil gacir dari 𝘿𝐄𝐖A𝐷О𝑅А bikin hari makin seru. Mantap banget!,hasil gacir dari dewadоrа bikin hari makin seru mantap bangeti,0.0,0.0,0.0,0.0,1.0
"Hasil nyata di D𝐎𝐑𝘼7𝟽 mengantar saya, dari tukang ojek jadi pemilik armada.",1.0,"Hasil nyata di D𝐎𝐑𝘼7𝟽 mengantar saya, dari tukang ojek jadi pemilik armada.",hasil nyata di doratt mengantar saya dari tukang ojek jadi pemilik armada,0.0,0.0,0.0,0.0,1.0
"Sikat semua bonus di 𝘿Е𝘞A𝘿О𝘙A, auto sultan!",1.0,"Sikat semua bonus di 𝘿Е𝘞A𝘿О𝘙A, auto sultan!",sikat semua bonus di dеwadоra auto sultani,0.0,0.0,0.0,0.0,0.0
Oh ini mahluk katro yg baru liat polisi bawa senjata di jalur mudik... Aneh sih seumur gitu kagetan sama senjata,0.0,Oh ini mahluk katro yg baru liat polisi bawa senjata di jalur mudik... Aneh sih seumur gitu kagetan sama senjata,oh ini mahluk katro yg baru liat polisi bawa senjata di jalur mudik aneh sih seumur gitu kagetan sama senjata,0.0,0.0,0.0,0.0,0.0
"mohon maaf, salah fokus sama impreza dibelakang",0.0,"mohon maaf, salah fokus sama impreza dibelakang",mohon maaf salah fokus sama impreza dibelakang,0.0,0.0,0.0,0.0,1.0
itu dibelakang r34 ?,0.0,itu dibelakang r34 ?,itu dibelakang rea,0.0,0.0,0.0,0.0,0.0
"Sikat semua bonus di 𝐀𝐆U𝘚𝙏ОTO,auto sultan!",1.0,"Sikat semua bonus di 𝐀𝐆U𝘚𝙏ОTO,auto sultan!",sikat semua bonus di agustоto auto sultani,0.0,0.0,0.0,0.0,0.0
"Gak mau ketinggalan, main di А𝐆𝐔𝐒𝙏𝘖𝑇𝙊-langsung dapet menang gede!",1.0,"Gak mau ketinggalan, main di А𝐆𝐔𝐒𝙏𝘖𝑇𝙊-langsung dapet menang gede!",gak mau ketinggalan main di аgustoto langsung dapet menang gedei,0.0,0.0,0.0,0.0,1.0
Bukan official store ya bang,0.0,Bukan official store ya bang,bukan official store ya bang,0.0,0.0,0.0,0.0,0.0
Tool udah lengkap....cuma masalahnya nggak tau soal mesin...ban bocor aja nggak tau cara nembelnya...wkwkwk,0.0,Tool udah lengkap....cuma masalahnya nggak tau soal mesin...ban bocor aja nggak tau cara nembelnya...wkwkwk,tool udah lengkap cuma masalahnya nggak tau soal mesin ban bocor aja nggak tau cara nembelnya wkwkwk,1.0,0.0,0.0,0.0,0.0
klo gak tau 😀,0.0,klo gak tau 😀,klo gak tau,0.0,0.0,0.0,0.0,0.0
𝘋𝘌𝙒𝘼𝘋OR𝐀 adalah platform yang terus berkembang dan berinovasi.,1.0,𝘋𝘌𝙒𝘼𝘋OR𝐀 adalah platform yang terus berkembang dan berinovasi.,dewadora adalah platform yang terus berkembang dan berinovasi,0.0,0.0,0.0,0.0,0.0
"ma𝘦n dі D𝐎𝐑𝐀𝟽𝟽, aut𝙤 menang",1.0,"ma𝘦n dі D𝐎𝐑𝐀𝟽𝟽, aut𝙤 menang",maen di doratt auto menang,0.0,0.0,0.0,0.0,0.0
"Berkat 𝐃𝐸𝙒𝐀𝘋𝘖𝙍𝘈 saya melesat, dari penjaja nasi goreng jadi pemilik warung makan.",1.0,"Berkat 𝐃𝐸𝙒𝐀𝘋𝘖𝙍𝘈 saya melesat, dari penjaja nasi goreng jadi pemilik warung makan.",berkat dewadora saya melesat dari penjaja nasi goreng jadi pemilik warung makan,0.0,0.0,0.0,0.0,0.0
Keuntungan besar bikin aku makin semangat main di 𝘿𝐎ЯA𝟳7!,1.0,Keuntungan besar bikin aku makin semangat main di 𝘿𝐎ЯA𝟳7!,keuntungan besar bikin aku makin semangat main di doяatti,0.0,0.0,0.0,0.0,0.0
"Bermain di 𝘋ОRА𝟩7 mengantar saya ke puncak, dari sopir angkot jadi pengusaha.",1.0,"Bermain di 𝘋ОRА𝟩7 mengantar saya ke puncak, dari sopir angkot jadi pengusaha.",bermain di dоrаtt mengantar saya ke puncak dari sopir angkot jadi pengusaha,0.0,0.0,0.0,0.0,0.0
𝘿𝙀𝙒𝐴𝐷OЯ𝘈 sedang mendapatkan perhatian belakangan ini. Lihat apa yang ditawarkannya.,1.0,𝘿𝙀𝙒𝐴𝐷OЯ𝘈 sedang mendapatkan perhatian belakangan ini. Lihat apa yang ditawarkannya.,dewadoяa sedang mendapatkan perhatian belakangan ini lihat apa yang ditawarkannya,1.0,0.0,0.0,0.0,0.0
"Rezeki lancar jaya hari ini berkat 𝘋𝐄WАD𝑂𝑅А, alhamdulillahirobbil'alamin!",1.0,"Rezeki lancar jaya hari ini berkat 𝘋𝐄WАD𝑂𝑅А, alhamdulillahirobbil'alamin!",rezeki lancar jaya hari ini berkat dewаdorа alhamdulillahirobbil alamini,0.0,0.0,0.0,0.0,0.0
"Wah, bener-bener gacir! Coba main sekarang juga, pasti nggak bakal nyesel! 𝐃𝑂Я𝘼7𝟳",1.0,"Wah, bener-bener gacir! Coba main sekarang juga, pasti nggak bakal nyesel! 𝐃𝑂Я𝘼7𝟳",wah bener bener gaciri coba main sekarang juga pasti nggak bakal nyeseli doяatt,1.0,0.0,0.0,0.0,0.0
"Rezeki hari ini luar biasa, berkat 𝐷𝘖𝙍𝐴𝟩𝟳 semuanya jadi lebih mudah!",1.0,"Rezeki hari ini luar biasa, berkat 𝐷𝘖𝙍𝐴𝟩𝟳 semuanya jadi lebih mudah!",rezeki hari ini luar biasa berkat doratt semuanya jadi lebih mudahi,1.0,0.0,0.0,0.0,0.0
"Bermain di 𝐷𝘌𝘞A𝐷𝐎𝑅А mengubah hidup saya, dari tukang cukur jadi pemilik salon.",1.0,"Bermain di 𝐷𝘌𝘞A𝐷𝐎𝑅А mengubah hidup saya, dari tukang cukur jadi pemilik salon.",bermain di dewadorа mengubah hidup saya dari tukang cukur jadi pemilik salon,1.0,0.0,0.0,0.0,0.0
"Rezeki hari ini datang tanpa henti, makasih banyak 𝐷𝙀𝐖𝐀𝘋𝐎RA!",1.0,"Rezeki hari ini datang tanpa henti, makasih banyak 𝐷𝙀𝐖𝐀𝘋𝐎RA!",rezeki hari ini datang tanpa henti makasih banyak dewadorai,0.0,0.0,0.0,0.0,1.0
"Jika Anda menikmati permainan strategis, 𝘋𝑂𝙍А7𝟩 mungkin menarik.",1.0,"Jika Anda menikmati permainan strategis, 𝘋𝑂𝙍А7𝟩 mungkin menarik.",jika anda menikmati permainan strategis dorаtt mungkin menarik,1.0,0.0,0.0,0.0,0.0
Keuntungan di D𝐎𝘙A𝟩7 memungkinkan saya merealisasikan impian beli rumah.,1.0,Keuntungan di D𝐎𝘙A𝟩7 memungkinkan saya merealisasikan impian beli rumah.,keuntungan di doratt memungkinkan saya merealisasikan impian beli rumah,0.0,0.0,0.0,0.0,1.0
"Bermain di 𝘋𝘌𝐖A𝐷𝙊RA membuka jalan, dari pegawai harian ke bos usaha.",1.0,"Bermain di 𝘋𝘌𝐖A𝐷𝙊RA membuka jalan, dari pegawai harian ke bos usaha.",bermain di dewadora membuka jalan dari pegawai harian ke bos usaha,1.0,0.0,0.0,0.0,0.0
"Bermain di 𝘿𝑂RА𝟳𝟽 mengubah hidup saya, dari tukang cukur jadi pemilik salon.",1.0,"Bermain di 𝘿𝑂RА𝟳𝟽 mengubah hidup saya, dari tukang cukur jadi pemilik salon.",bermain di dorаtt mengubah hidup saya dari tukang cukur jadi pemilik salon,0.0,0.0,0.0,0.0,0.0
"Rezeki nomplok hari ini berkat 𝘿𝐎ЯА𝟩𝟽, alhamdulillah!",1.0,"Rezeki nomplok hari ini berkat 𝘿𝐎ЯА𝟩𝟽, alhamdulillah!",rezeki nomplok hari ini berkat doяаtt alhamdulillahi,0.0,0.0,0.0,0.0,0.0
"Melalui 𝘿ОЯA7𝟽 saya bertransformasi, dari penjual asongan ke pengusaha ritel.",1.0,"Melalui 𝘿ОЯA7𝟽 saya bertransformasi, dari penjual asongan ke pengusaha ritel.",melalui dояatt saya bertransformasi dari penjual asongan ke pengusaha ritel,0.0,0.0,0.0,0.0,0.0
"Malam ini dapet jakpot, jangan sampai cuma jadi penonton! Main di D𝘌𝐖𝘼𝘿О𝑅𝘈 aja!",1.0,"Malam ini dapet jakpot, jangan sampai cuma jadi penonton! Main di D𝘌𝐖𝘼𝘿О𝑅𝘈 aja!",malam ini dapet jakpot jangan sampai cuma jadi penontoni main di dewadоra ajai,0.0,0.0,0.0,0.0,0.0
Modal yang diperoleh dari 𝘋𝐸𝐖𝐴𝐷О𝐑𝐀 sangat berarti bagi usaha saya.,1.0,Modal yang diperoleh dari 𝘋𝐸𝐖𝐴𝐷О𝐑𝐀 sangat berarti bagi usaha saya.,modal yang diperoleh dari dewadоra sangat berarti bagi usaha saya,0.0,0.0,0.0,0.0,0.0
"Hari yang penuh kebahagiaan bersama 𝘿𝘖Я𝘼𝟽𝟽, rezeki datang menghampiri dengan sendirinya!",1.0,"Hari yang penuh kebahagiaan bersama 𝘿𝘖Я𝘼𝟽𝟽, rezeki datang menghampiri dengan sendirinya!",hari yang penuh kebahagiaan bersama doяatt rezeki datang menghampiri dengan sendirinyai,1.0,0.0,0.0,0.0,0.0
А𝘎𝐔𝐒𝘛𝑂𝐓𝐎menyediakan ruang untuk kompetisi yang sehat.,1.0,А𝘎𝐔𝐒𝘛𝑂𝐓𝐎menyediakan ruang untuk kompetisi yang sehat.,аgustotomenyediakan ruang untuk kompetisi yang sehat,1.0,0.0,0.0,0.0,0.0
"Hasil gacir bikin aku makin puas main di AG𝙐𝙎𝐓О𝑇𝘖,makasih banyak!",1.0,"Hasil gacir bikin aku makin puas main di AG𝙐𝙎𝐓О𝑇𝘖,makasih banyak!",hasil gacir bikin aku makin puas main di agustоto makasih banyaki,0.0,0.0,0.0,0.0,0.0
"Bermain di 𝘋𝐸W𝘈𝐃OR𝘈 membantu saya bertransformasi, dari penjual keliling jadi pemilik warung kopi.",1.0,"Bermain di 𝘋𝐸W𝘈𝐃OR𝘈 membantu saya bertransformasi, dari penjual keliling jadi pemilik warung kopi.",bermain di dewadora membantu saya bertransformasi dari penjual keliling jadi pemilik warung kopi,1.0,0.0,0.0,0.0,0.0
j𝙚pey gam𝘱ang bg𝙩 di 𝘿𝙊Я𝘈𝟽7,1.0,j𝙚pey gam𝘱ang bg𝙩 di 𝘿𝙊Я𝘈𝟽7,jepey gampang bgt di doяatt,0.0,0.0,0.0,0.0,0.0
Harus nya begini cuma kadang mikir duitnya buat yg lain dulu yg penting bensin tol aman,0.0,Harus nya begini cuma kadang mikir duitnya buat yg lain dulu yg penting bensin tol aman,harus nya begini cuma kadang mikir duitnya buat yg lain dulu yg penting bensin tol aman,0.0,0.0,0.0,0.0,0.0
itu alat pengukur minyak rem namanya apa?,0.0,itu alat pengukur minyak rem namanya apa?,itu alat pengukur minyak rem namanya apa,0.0,0.0,0.0,0.0,0.0
"Kadang bengkel bikin jengkel,,, masih bisa dipakai tapi disuruh ganti",0.0,"Kadang bengkel bikin jengkel,,, masih bisa dipakai tapi disuruh ganti",kadang bengkel bikin jengkel masih bisa dipakai tapi disuruh ganti,0.0,0.0,0.0,0.0,0.0
"pala aki juga di cek, bahaya kalo kendor bisa sebabkan korslet dan terbakar. soalnya kmarin mudik pala aki kendor jadi mesin tiba2 mati, dan dicek pala akinya panas banget karena kendor.",0.0,"pala aki juga di cek, bahaya kalo kendor bisa sebabkan korslet dan terbakar. soalnya kmarin mudik pala aki kendor jadi mesin tiba2 mati, dan dicek pala akinya panas banget karena kendor.",pala aki juga di cek bahaya kalo kendor bisa sebabkan korslet dan terbakar soalnya kmarin mudik pala aki kendor jadi mesin tiba 2 mati dan dicek pala akinya panas banget karena kendor,1.0,0.0,0.0,0.0,1.0
"Justru sekarang susah nyari bengkel mobil yang bisa bener"" di percaya kadang udah di copot entah kemana onderdilnya yang di lepas lupas dipasang atau disengaja kurang tau juga soalnya udah beberapa kali gitu",0.0,"Justru sekarang susah nyari bengkel mobil yang bisa bener"" di percaya kadang udah di copot entah kemana onderdilnya yang di lepas lupas dipasang atau disengaja kurang tau juga soalnya udah beberapa kali gitu",justru sekarang susah nyari bengkel mobil yang bisa bener di percaya kadang udah di copot entah kemana onderdilnya yang di lepas lupas dipasang atau disengaja kurang tau juga soalnya udah beberapa kali gitu,1.0,0.0,0.0,0.0,1.0
Gak pernah mudik😂😂😂😂,0.0,Gak pernah mudik😂😂😂😂,gak pernah mudik,0.0,0.0,0.0,0.0,0.0
Penting tp orang sering mengabaikan / lupa,0.0,Penting tp orang sering mengabaikan / lupa,penting tp orang sering mengabaikan lupa,1.0,0.0,0.0,0.0,0.0
Ceknya dibengkel mana Pak Gub?,0.0,Ceknya dibengkel mana Pak Gub?,ceknya dibengkel mana pak gub,1.0,0.0,0.0,0.0,0.0
Jangan lupa pula cek bagian mesin kalo bisa bongkar untuk mengecek piston apa ada baret ...,0.0,Jangan lupa pula cek bagian mesin kalo bisa bongkar untuk mengecek piston apa ada baret ...,jangan lupa pula cek bagian mesin kalo bisa bongkar untuk mengecek piston apa ada baret,1.0,0.0,0.0,0.0,0.0
cek juga kaki2 owner mubilnya..cicilan udah pada dibayar belum,0.0,cek juga kaki2 owner mubilnya..cicilan udah pada dibayar belum,cek juga kaki 2 owner mubilnya cicilan udah pada dibayar belum,1.0,0.0,0.0,0.0,0.0
Gue Yang kagak pernah Mudik:Hmmmm menarik 😂😂😂 Soalnya Lahir dikota Keluarga disini semua,0.0,Gue Yang kagak pernah Mudik:Hmmmm menarik 😂😂😂 Soalnya Lahir dikota Keluarga disini semua,gue yang kagak pernah mudik hmmmm menarik soalnya lahir dikota keluarga disini semua,0.0,0.0,0.0,0.0,0.0
Pastikan anda punya mobil,0.0,Pastikan anda punya mobil,pastikan anda punya mobil,1.0,0.0,0.0,0.0,0.0
Pastikan ada duitnya,0.0,Pastikan ada duitnya,pastikan ada duitnya,1.0,0.0,0.0,0.0,0.0
Orang kaya mah bebas😅😅😅😅😅,0.0,Orang kaya mah bebas😅😅😅😅😅,orang kaya mah bebas,1.0,0.0,0.0,0.0,1.0
yg pertama. pastikan punya uang.,0.0,yg pertama. pastikan punya uang.,yg pertama pastikan punya uang,1.0,0.0,0.0,0.0,1.0
"info nama velg dong pak gub, terima kasih pak gub.",0.0,"info nama velg dong pak gub, terima kasih pak gub.",info nama velg dong pak gub terima kasih pak gub,1.0,0.0,0.0,0.0,1.0
"terakhir, yang paling penting pastikan kita punya mobil",0.0,"terakhir, yang paling penting pastikan kita punya mobil",terakhir yang paling penting pastikan kita punya mobil,1.0,0.0,0.0,0.0,0.0
"rack steer wajib, lagi macet gamau belok kan mumet",0.0,"rack steer wajib, lagi macet gamau belok kan mumet",rack steer wajib lagi macet gamau belok kan mumet,0.0,0.0,0.0,0.0,0.0
jgn lupa e-toll nya diisi!,0.0,jgn lupa e-toll nya diisi!,jgn lupa e toll nya diisii,0.0,0.0,0.0,0.0,0.0
jangan lupa B-quick pak gub,0.0,jangan lupa B-quick pak gub,jangan lupa b quick pak gub,0.0,0.0,0.0,0.0,0.0
"Kendaraan besar tuh secara visual bannya keliatan udh retak-retak, bahkan kok ada yg luar retak tp bagian tengahnya bagus ya ? 😅",0.0,"Kendaraan besar tuh secara visual bannya keliatan udh retak-retak, bahkan kok ada yg luar retak tp bagian tengahnya bagus ya ? 😅",kendaraan besar tuh secara visual bannya keliatan udh retak retak bahkan kok ada yg luar retak tp bagian tengahnya bagus ya,1.0,0.0,0.0,0.0,0.0
ga𝘤ir bang𝘦t ma𝙞n di 𝘿𝘌𝙒A𝘿𝑂𝐑𝐀,1.0,ga𝘤ir bang𝘦t ma𝙞n di 𝘿𝘌𝙒A𝘿𝑂𝐑𝐀,gacir banget main di dewadora,0.0,0.0,0.0,0.0,0.0
"jepеy t𝘳s tiap 𝙝ari, cum𝐚 d𝘪 DO𝙍𝘈𝟽𝟳",1.0,"jepеy t𝘳s tiap 𝙝ari, cum𝐚 d𝘪 DO𝙍𝘈𝟽𝟳",jepey trs tiap hari cuma di doratt,0.0,0.0,0.0,0.0,0.0
jeрey ga be𝙧henti di 𝐃𝘌𝑊𝘈𝐷𝘖𝐑𝘼,1.0,jeрey ga be𝙧henti di 𝐃𝘌𝑊𝘈𝐷𝘖𝐑𝘼,jepey ga berhenti di dewadora,1.0,0.0,0.0,0.0,1.0
hbs mudik jgn balik lg,0.0,hbs mudik jgn balik lg,hbs mudik jgn balik lg,1.0,0.0,0.0,0.0,1.0
Solusinya: gausah mudik,0.0,Solusinya: gausah mudik,solusinya gausah mudik,1.0,0.0,0.0,0.0,0.0
"Hari ini super happy berkat 𝘼𝘌𝑅𝐎8𝟾,rezeki datang melimpah!",1.0,"Hari ini super happy berkat 𝘼𝘌𝑅𝐎8𝟾,rezeki datang melimpah!",hari ini super happy berkat aerobb rezeki datang melimpahi,1.0,0.0,0.0,0.0,0.0
Senang banget dapat rezeki tak terduga dari 𝐀G𝘜𝙎𝑇𝐎TО!,1.0,Senang banget dapat rezeki tak terduga dari 𝐀G𝘜𝙎𝑇𝐎TО!,senang banget dapat rezeki tak terduga dari agustotоi,1.0,0.0,0.0,0.0,0.0
"Main di 𝘈𝐆𝑈ST𝐎𝙏𝙊-bikin happy banget, hasilnya gacir abis!",1.0,"Main di 𝘈𝐆𝑈ST𝐎𝙏𝙊-bikin happy banget, hasilnya gacir abis!",main di agustoto bikin happy banget hasilnya gacir abisi,1.0,0.0,0.0,0.0,0.0
"Main di 𝘼𝐆𝙐𝐒𝙏𝑂T𝙊,langsung dapet menang besar yang bikin makin semangat!",1.0,"Main di 𝘼𝐆𝙐𝐒𝙏𝑂T𝙊,langsung dapet menang besar yang bikin makin semangat!",main di agustoto langsung dapet menang besar yang bikin makin semangati,1.0,0.0,0.0,0.0,0.0
"Hari yang penuh berkah dan kebahagiaan berkat 𝘼EЯО𝟴8,rezeki datang menghampiri tanpa permisi!",1.0,"Hari yang penuh berkah dan kebahagiaan berkat 𝘼EЯО𝟴8,rezeki datang menghampiri tanpa permisi!",hari yang penuh berkah dan kebahagiaan berkat aeяоbb rezeki datang menghampiri tanpa permisii,1.0,0.0,0.0,0.0,0.0
Mantul! Main di 𝐀𝙂𝘜ST𝙊𝙏𝐎-bikin happy dan rezeki nomplok!,1.0,Mantul! Main di 𝐀𝙂𝘜ST𝙊𝙏𝐎-bikin happy dan rezeki nomplok!,mantuli main di agustoto bikin happy dan rezeki nomploki,1.0,0.0,0.0,0.0,0.0
𝘼𝐆𝘜𝑆𝙏O𝐓𝘖menawarkan lingkungan yang ramah dan inklusif.,1.0,𝘼𝐆𝘜𝑆𝙏O𝐓𝘖menawarkan lingkungan yang ramah dan inklusif.,agustotomenawarkan lingkungan yang ramah dan inklusif,1.0,0.0,0.0,0.0,0.0
"Happy banget, cuma di 𝐀𝙀RО𝟴𝟾-keberuntungan datang terus!",1.0,"Happy banget, cuma di 𝐀𝙀RО𝟴𝟾-keberuntungan datang terus!",happy banget cuma di aerоbb keberuntungan datang terusi,1.0,0.0,0.0,0.0,0.0
"Pelayanan 𝐀𝘌𝙍𝙊𝟾𝟾-super ramah, puas banget!",1.0,"Pelayanan 𝐀𝘌𝙍𝙊𝟾𝟾-super ramah, puas banget!",pelayanan aerobb super ramah puas bangeti,1.0,0.0,0.0,0.0,0.0
"Modal receh main di 𝐴𝐸Я𝐎𝟴8,untungnya berlipat ganda!",1.0,"Modal receh main di 𝐴𝐸Я𝐎𝟴8,untungnya berlipat ganda!",modal receh main di aeяobb untungnya berlipat gandai,1.0,0.0,0.0,0.0,0.0
"Hari yang begitu indah dan penuh kebahagiaan bersama 𝘈𝙀Я𝑂𝟴8,rezeki datang menghampiri tanpa diduga!",1.0,"Hari yang begitu indah dan penuh kebahagiaan bersama 𝘈𝙀Я𝑂𝟴8,rezeki datang menghampiri tanpa diduga!",hari yang begitu indah dan penuh kebahagiaan bersama aeяobb rezeki datang menghampiri tanpa didugai,1.0,0.0,0.0,0.0,0.0
А𝐺U𝑆𝑇𝑂𝙏𝙊menawarkan platform yang terus berkembang berdasarkan masukan pengguna.,1.0,А𝐺U𝑆𝑇𝑂𝙏𝙊menawarkan platform yang terus berkembang berdasarkan masukan pengguna.,аgustotomenawarkan platform yang terus berkembang berdasarkan masukan pengguna,1.0,0.0,0.0,0.0,1.0
"Modal kecil tapi hasil gacir terus, cuma di 𝘼ЕЯO88!",1.0,"Modal kecil tapi hasil gacir terus, cuma di 𝘼ЕЯO88!",modal kecil tapi hasil gacir terus cuma di aеяobbi,1.0,0.0,0.0,0.0,0.0
Jakpot besar bikin aku makin percaya sama keberuntungan di D𝐸W𝐀𝘋O𝑅𝘼!,1.0,Jakpot besar bikin aku makin percaya sama keberuntungan di D𝐸W𝐀𝘋O𝑅𝘼!,jakpot besar bikin aku makin percaya sama keberuntungan di dewadorai,1.0,0.0,0.0,0.0,0.0
Berkat D𝐄W𝘼𝘋𝑂𝐑A saya mendapatkan modal usaha yang mendukung rencana bisnis saya.,1.0,Berkat D𝐄W𝘼𝘋𝑂𝐑A saya mendapatkan modal usaha yang mendukung rencana bisnis saya.,berkat dewadora saya mendapatkan modal usaha yang mendukung rencana bisnis saya,1.0,0.0,0.0,0.0,0.0
𝐃𝐸𝘞𝘈D𝙊Я𝘈 menawarkan lingkungan yang ramah dan inklusif.,1.0,𝐃𝐸𝘞𝘈D𝙊Я𝘈 menawarkan lingkungan yang ramah dan inklusif.,dewadoяa menawarkan lingkungan yang ramah dan inklusif,1.0,0.0,0.0,0.0,0.0
Gak pernah bosen main di 𝐃𝘖𝐑A𝟩𝟽! Selalu ada hal baru!,1.0,Gak pernah bosen main di 𝐃𝘖𝐑A𝟩𝟽! Selalu ada hal baru!,gak pernah bosen main di doratti selalu ada hal barui,1.0,0.0,0.0,0.0,0.0
Pokoknya main di 𝘋𝐄𝙒A𝘿𝙊RА recommended banget deh!,1.0,Pokoknya main di 𝘋𝐄𝙒A𝘿𝙊RА recommended banget deh!,pokoknya main di dewadorа recommended banget dehi,1.0,0.0,0.0,0.0,0.0
"Di 𝘋𝙀𝐖𝘈𝐷О𝘙𝘼 saya menemukan kesempatan untuk bertransformasi, dari penjaja gorengan jadi pemilik kafe.",1.0,"Di 𝘋𝙀𝐖𝘈𝐷О𝘙𝘼 saya menemukan kesempatan untuk bertransformasi, dari penjaja gorengan jadi pemilik kafe.",di dewadоra saya menemukan kesempatan untuk bertransformasi dari penjaja gorengan jadi pemilik kafe,1.0,0.0,0.0,0.0,0.0
Modal usaha saya tumbuh pesat berkat keunggulan dari 𝘿𝑂RА𝟳𝟽.,1.0,Modal usaha saya tumbuh pesat berkat keunggulan dari 𝘿𝑂RА𝟳𝟽.,modal usaha saya tumbuh pesat berkat keunggulan dari dorаtt,1.0,0.0,0.0,0.0,0.0
Gak nyangka bisa dapet segini main di 𝘋𝙊𝘙𝘼𝟳𝟽! Auto traktir temen-temen!,1.0,Gak nyangka bisa dapet segini main di 𝘋𝙊𝘙𝘼𝟳𝟽! Auto traktir temen-temen!,gak nyangka bisa dapet segini main di doratti auto traktir temen temeni,1.0,0.0,0.0,0.0,0.0
Terima kasih 𝐃𝐸𝙒А𝐷OЯ𝘈! Hari ini menang besar dan bisa buat kebutuhan keluarga.,1.0,Terima kasih 𝐃𝐸𝙒А𝐷OЯ𝘈! Hari ini menang besar dan bisa buat kebutuhan keluarga.,terima kasih dewаdoяai hari ini menang besar dan bisa buat kebutuhan keluarga,1.0,0.0,0.0,0.0,0.0
"𝘋𝘖𝘙𝘼𝟽𝟽 itu e𝘮g be𝐝a, mekswi𝘯 gampang 𝙗gt",1.0,"𝘋𝘖𝘙𝘼𝟽𝟽 itu e𝘮g be𝐝a, mekswi𝘯 gampang 𝙗gt",doratt itu emg beda mekswin gampang bgt,1.0,0.0,0.0,0.0,0.0
"mаen d𝙞 𝘋ОЯ𝐴𝟩𝟽, сuan mu𝘭u",1.0,"mаen d𝙞 𝘋ОЯ𝐴𝟩𝟽, сuan mu𝘭u",maen di dояatt сuan mulu,1.0,0.0,0.0,0.0,0.0
"𝘋𝑂𝑅𝐴77 gacіr bg𝙩, jepe terus",1.0,"𝘋𝑂𝑅𝐴77 gacіr bg𝙩, jepe terus",doratt gacir bgt jepe terus,1.0,0.0,0.0,0.0,0.0
"Na𝐠ih bg𝐭 𝘪ni D𝑂𝙍𝘈𝟩𝟳, g𝘢cir parah sumрah!",1.0,"Na𝐠ih bg𝐭 𝘪ni D𝑂𝙍𝘈𝟩𝟳, g𝘢cir parah sumрah!",nagih bgt ini doratt gacir parah sumpahi,1.0,0.0,0.0,0.0,1.0
"𝘿𝙊𝑅𝐴𝟽𝟳 gokiⅼ bg𝘵, pe𝘤ah tr𝙨 𝐠a s𝘪a2 anjay",1.0,"𝘿𝙊𝑅𝐴𝟽𝟳 gokiⅼ bg𝘵, pe𝘤ah tr𝙨 𝐠a s𝘪a2 anjay",doratt gokil bgt pecah trs ga sia 2 anjay,1.0,0.0,0.0,0.0,1.0
"Jepe tгs 𝘥i 𝘿ОR𝘼7𝟳, asl𝙞 bikin na𝐠ih ga pernaһ berhentі 𝙢ain",1.0,"Jepe tгs 𝘥i 𝘿ОR𝘼7𝟳, asl𝙞 bikin na𝐠ih ga pernaһ berhentі 𝙢ain",jepe tгs di dоratt asli bikin nagih ga pernah berhenti main,1.0,0.0,0.0,0.0,0.0
Mantep Michelin bannya,0.0,Mantep Michelin bannya,mantep michelin bannya,1.0,0.0,0.0,0.0,0.0
Pastikan anda punya kampung,0.0,Pastikan anda punya kampung,pastikan anda punya kampung,1.0,0.0,0.0,0.0,0.0
jgn lupa selang rem . master dan kaliper rem 🙏🙏🙏,0.0,jgn lupa selang rem . master dan kaliper rem 🙏🙏🙏,jgn lupa selang rem master dan kaliper rem,1.0,0.0,0.0,0.0,0.0
coba dari dulu gw tau poipet308 pasti bikin hidup enteng seperti skrg,1.0,coba dari dulu gw tau poipet308 pasti bikin hidup enteng seperti skrg,coba dari dulu gw tau poipeteob pasti bikin hidup enteng seperti skrg,1.0,0.0,0.0,0.0,0.0
Video ini sangat cocok untuk ditonton semua kalangan. 𝑷𝒐𝒊𝒑𝒆𝒕𝟑𝟎𝟖,1.0,Video ini sangat cocok untuk ditonton semua kalangan. 𝑷𝒐𝒊𝒑𝒆𝒕𝟑𝟎𝟖,video ini sangat cocok untuk ditonton semua kalangan poipeteob,1.0,0.0,0.0,0.0,0.0
Video yang sangat membantu. 𝑷𝒐𝒊𝒑𝒆𝒕𝟑𝟎𝟖 Terima kasih! 𝑷𝒐𝒊𝒑𝒆𝒕𝟑𝟎𝟖,1.0,Video yang sangat membantu. 𝑷𝒐𝒊𝒑𝒆𝒕𝟑𝟎𝟖 Terima kasih! 𝑷𝒐𝒊𝒑𝒆𝒕𝟑𝟎𝟖,video yang sangat membantu poipeteob terima kasihi poipeteob,1.0,0.0,0.0,0.0,0.0
Terima kasih atas waktunya bikin video ini. 𝑷𝒐𝒊𝒑𝒆𝒕𝟑𝟎𝟖,1.0,Terima kasih atas waktunya bikin video ini. 𝑷𝒐𝒊𝒑𝒆𝒕𝟑𝟎𝟖,terima kasih atas waktunya bikin video ini poipeteob,1.0,0.0,0.0,0.0,0.0
Video ini sangat menarik dan penuh informasi penting. 𝑷𝒐𝒊𝒑𝒆𝒕𝟑𝟎𝟖,1.0,Video ini sangat menarik dan penuh informasi penting. 𝑷𝒐𝒊𝒑𝒆𝒕𝟑𝟎𝟖,video ini sangat menarik dan penuh informasi penting poipeteob,1.0,0.0,0.0,0.0,0.0
"Terima kasih, sudah meluangkan waktu buat video ini. 𝑷𝒐𝒊𝒑𝒆𝒕𝟑𝟎𝟖",1.0,"Terima kasih, sudah meluangkan waktu buat video ini. 𝑷𝒐𝒊𝒑𝒆𝒕𝟑𝟎𝟖",terima kasih sudah meluangkan waktu buat video ini poipeteob,1.0,0.0,0.0,0.0,0.0
Salut dan respect untuk kerja keras yang terlihat nyata! 𝑷𝒐𝒊𝒑𝒆𝒕𝟑𝟎𝟖,1.0,Salut dan respect untuk kerja keras yang terlihat nyata! 𝑷𝒐𝒊𝒑𝒆𝒕𝟑𝟎𝟖,salut dan respect untuk kerja keras yang terlihat nyatai poipeteob,1.0,0.0,0.0,0.0,0.0
Atta  aku ikut school premier league dari sekolah global mandiri jakarta,1.0,Atta  aku ikut school premier league dari sekolah global mandiri jakarta,atta aku ikut school premier league dari sekolah global mandiri jakarta,1.0,0.0,0.0,0.0,0.0
Semangaatttt...keren semuaa,1.0,Semangaatttt...keren semuaa,semangaatttt keren semuaa,1.0,0.0,0.0,0.0,0.0
mantapp poipet308 selalu memberikan yang terbaik!,1.0,mantapp poipet308 selalu memberikan yang terbaik!,mantapp poipeteob selalu memberikan yang terbaiki,1.0,0.0,0.0,0.0,0.0
ga ada kata bosan buat poipet308 gass terus!!,1.0,ga ada kata bosan buat poipet308 gass terus!!,ga ada kata bosan buat poipeteob gass terusii,1.0,0.0,0.0,0.0,0.0
sangking enaknya poipet308 sampai menambah selera makan,1.0,sangking enaknya poipet308 sampai menambah selera makan,sangking enaknya poipeteob sampai menambah selera makan,1.0,0.0,0.0,0.0,1.0
"Temen-temen pada ngomongin poipet308, penasaran banget sih! 😍",1.0,"Temen-temen pada ngomongin poipet308, penasaran banget sih! 😍",temen temen pada ngomongin poipeteob penasaran banget sihi,1.0,0.0,0.0,0.0,0.0
Setiap detiknya ngasih ilmu baru poipet308,1.0,Setiap detiknya ngasih ilmu baru poipet308,setiap detiknya ngasih ilmu baru poipeteob,1.0,0.0,0.0,0.0,0.0
ga ada kata gagal kalo udah ngerasain kemenangan di poipet308!,1.0,ga ada kata gagal kalo udah ngerasain kemenangan di poipet308!,ga ada kata gagal kalo udah ngerasain kemenangan di poipeteobi,1.0,0.0,0.0,0.0,0.0
Main bareng teman-teman di poipet308 lebih seru.,1.0,Main bareng teman-teman di poipet308 lebih seru.,main bareng teman teman di poipeteob lebih seru,1.0,0.0,0.0,0.0,0.0
Scene di menit 2:15 tuh definisi 'hidup itu penuh kejutan'.maju terus poipet308,1.0,Scene di menit 2:15 tuh definisi 'hidup itu penuh kejutan'.maju terus poipet308,scene di menit 2 is tuh definisi hidup itu penuh kejutan maju terus poipeteob,1.0,0.0,0.0,0.0,1.0
Mau main santai tapi tetep cuan? Coba poipet308!,1.0,Mau main santai tapi tetep cuan? Coba poipet308!,mau main santai tapi tetep cuan coba poipeteobi,1.0,0.0,0.0,0.0,0.0
Baru tau poipet308 ternyata seru juga.,1.0,Baru tau poipet308 ternyata seru juga.,baru tau poipeteob ternyata seru juga,1.0,0.0,0.0,0.0,0.0
Bang atta punya akademi sepak bola kah ?,1.0,Bang atta punya akademi sepak bola kah ?,bang atta punya akademi sepak bola kah,1.0,0.0,0.0,0.0,0.0
PawPaw4D itu hiburan digital yang paling aku suka akhir-akhir ini!,1.0,PawPaw4D itu hiburan digital yang paling aku suka akhir-akhir ini!,pawpawad itu hiburan digital yang paling aku suka akhir akhir inii,1.0,0.0,0.0,0.0,0.0
"Sambil nunggu temen, mending isi waktu di PawPaw4D!",1.0,"Sambil nunggu temen, mending isi waktu di PawPaw4D!",sambil nunggu temen mending isi waktu di pawpawadi,1.0,0.0,0.0,0.0,0.0
"Lagi suntuk? Coba main PawPaw4D, dijamin senyum lagi!",1.0,"Lagi suntuk? Coba main PawPaw4D, dijamin senyum lagi!",lagi suntuk coba main pawpawad dijamin senyum lagii,1.0,0.0,0.0,0.0,0.0
"PawPaw4D gak cuma game biasa, tapi pengalaman hiburan digital.",1.0,"PawPaw4D gak cuma game biasa, tapi pengalaman hiburan digital.",pawpawad gak cuma game biasa tapi pengalaman hiburan digital,1.0,0.0,0.0,0.0,0.0
PawPaw4D itu tempat paling asik buat cari hoki!,1.0,PawPaw4D itu tempat paling asik buat cari hoki!,pawpawad itu tempat paling asik buat cari hokii,1.0,0.0,0.0,0.0,0.0
Gak sabar nunggu event mingguan dari PawPaw4D!,1.0,Gak sabar nunggu event mingguan dari PawPaw4D!,gak sabar nunggu event mingguan dari pawpawadi,1.0,0.0,0.0,0.0,0.0
"Main game, dapat hiburan, dapat hadiah — cuma di PawPaw4D!",1.0,"Main game, dapat hiburan, dapat hadiah — cuma di PawPaw4D!",main game dapat hiburan dapat hadiah cuma di pawpawadi,0.0,0.0,0.0,0.0,1.0
PawPaw4D punya banyak promo buat member baru dan lama!,1.0,PawPaw4D punya banyak promo buat member baru dan lama!,pawpawad punya banyak promo buat member baru dan lamai,1.0,0.0,0.0,0.0,1.0
PawPaw4D tuh bikin waktu luang jadi produktif dan menyenangkan.,1.0,PawPaw4D tuh bikin waktu luang jadi produktif dan menyenangkan.,pawpawad tuh bikin waktu luang jadi produktif dan menyenangkan,1.0,0.0,0.0,0.0,0.0
"Ajak temen makin seru, karena PawPaw4D ada referral bonus juga!",1.0,"Ajak temen makin seru, karena PawPaw4D ada referral bonus juga!",ajak temen makin seru karena pawpawad ada referral bonus jugai,1.0,0.0,0.0,0.0,0.0
Login harian di PawPaw4D? Sudah jadi rutinitas wajib!,1.0,Login harian di PawPaw4D? Sudah jadi rutinitas wajib!,login harian di pawpawad sudah jadi rutinitas wajibi,1.0,0.0,0.0,0.0,0.0
"Game-nya ringan, tampilannya keren, PawPaw4D emang top!",1.0,"Game-nya ringan, tampilannya keren, PawPaw4D emang top!",game nya ringan tampilannya keren pawpawad emang topi,1.0,0.0,0.0,0.0,1.0
Gak nyangka bisa seru-seruan dan dapet bonus cuma dari PawPaw4D!,1.0,Gak nyangka bisa seru-seruan dan dapet bonus cuma dari PawPaw4D!,gak nyangka bisa seru seruan dan dapet bonus cuma dari pawpawadi,1.0,0.0,0.0,0.0,1.0
"Mau santai atau fokus, PawPaw4D tetap seru dimainkan kapan aja.",1.0,"Mau santai atau fokus, PawPaw4D tetap seru dimainkan kapan aja.",mau santai atau fokus pawpawad tetap seru dimainkan kapan aja,0.0,0.0,0.0,0.0,1.0
"Trimakasih bang atta sdh mensuport persepak bola Indonesia, maju terus Indonesia ku ,sukses terus bang Atta",0.0,"Trimakasih bang atta sdh mensuport persepak bola Indonesia, maju terus Indonesia ku ,sukses terus bang Atta",trimakasih bang atta sdh mensuport persepak bola indonesia maju terus indonesia ku sukses terus bang atta,1.0,0.0,0.0,0.0,0.0
Masya Allah Tabarakallah,0.0,Masya Allah Tabarakallah,masya allah tabarakallah,1.0,0.0,0.0,0.0,1.0
Semangat untuk semuanya yaa pphta,0.0,Semangat untuk semuanya yaa pphta,semangat untuk semuanya yaa pphta,1.0,0.0,0.0,0.0,0.0
Keren sih mmg adek2 hrs ada yg dukung krana mreka punya semangat untuk memajukan sepak bola semangat smuanya Bang Atta mmg gak diragukan lgi selalu dukung sepak bola,0.0,Keren sih mmg adek2 hrs ada yg dukung krana mreka punya semangat untuk memajukan sepak bola semangat smuanya Bang Atta mmg gak diragukan lgi selalu dukung sepak bola,keren sih mmg adek 2 hrs ada yg dukung krana mreka punya semangat untuk memajukan sepak bola semangat smuanya bang atta mmg gak diragukan lgi selalu dukung sepak bola,1.0,0.0,0.0,0.0,0.0
"Semangat ,,Atta,,biar maju sepak bola indo ,punya bibit 2 junior.",0.0,"Semangat ,,Atta,,biar maju sepak bola indo ,punya bibit 2 junior.",semangat atta biar maju sepak bola indo punya bibit 2 junior,1.0,0.0,0.0,0.0,1.0
Biar bebas enak sendiri an yaa  hati2 yaaa,0.0,Biar bebas enak sendiri an yaa  hati2 yaaa,biar bebas enak sendiri an yaa hati 2 yaaa,1.0,0.0,0.0,0.0,0.0
poipet308 tampilannya ringan dan gak ribet.,1.0,poipet308 tampilannya ringan dan gak ribet.,poipeteob tampilannya ringan dan gak ribet,1.0,0.0,0.0,0.0,0.0
mantap memiliki ini poipet308 buat pemanasan dahulu mantap!,1.0,mantap memiliki ini poipet308 buat pemanasan dahulu mantap!,mantap memiliki ini poipeteob buat pemanasan dahulu mantapi,1.0,0.0,0.0,0.0,0.0
"Gak nyangka, informasi yang disampaikan benar-benar berguna.,poipet308",1.0,"Gak nyangka, informasi yang disampaikan benar-benar berguna.,poipet308",gak nyangka informasi yang disampaikan benar benar berguna poipeteob,1.0,0.0,0.0,0.0,0.0
Rejeki emang gak kemana makasi poipet308,1.0,Rejeki emang gak kemana makasi poipet308,rejeki emang gak kemana makasi poipeteob,1.0,0.0,0.0,0.0,0.0
"Gue udah buktiin sendiri, poipet308 ternyata seru banget!",1.0,"Gue udah buktiin sendiri, poipet308 ternyata seru banget!",gue udah buktiin sendiri poipeteob ternyata seru bangeti,1.0,0.0,0.0,0.0,0.0
cuma rebahan dikamar tapi main lc terus bree wkwkw karena poipet308,1.0,cuma rebahan dikamar tapi main lc terus bree wkwkw karena poipet308,cuma rebahan dikamar tapi main lc terus bree wkwkw karena poipeteob,1.0,0.0,0.0,0.0,0.0
poipet308 cocok buat ngisi waktu luang.,1.0,poipet308 cocok buat ngisi waktu luang.,poipeteob cocok buat ngisi waktu luang,1.0,0.0,0.0,0.0,0.0
"Dapet petir ungu langsung WD dari poipet308, mantep!",1.0,"Dapet petir ungu langsung WD dari poipet308, mantep!",dapet petir ungu langsung wd dari poipeteob mantepi,1.0,0.0,0.0,0.0,0.0
poipet308 lagi rame banget dibahas! Siapa yang udah coba? 🔥,1.0,poipet308 lagi rame banget dibahas! Siapa yang udah coba? 🔥,poipeteob lagi rame banget dibahasi siapa yang udah coba,1.0,0.0,0.0,0.0,0.0
"Terima kasih poipet308, video ini bikin saya paham topik sulit!",1.0,"Terima kasih poipet308, video ini bikin saya paham topik sulit!",terima kasih poipeteob video ini bikin saya paham topik suliti,1.0,0.0,0.0,0.0,0.0
"Baru nyoba main di poipet308, langsung WD dong!",1.0,"Baru nyoba main di poipet308, langsung WD dong!",baru nyoba main di poipeteob langsung wd dongi,1.0,0.0,0.0,0.0,0.0
gilak sih keren banget poipet308 sampe cuan ga ada abisnya,1.0,gilak sih keren banget poipet308 sampe cuan ga ada abisnya,gilak sih keren banget poipeteob sampe cuan ga ada abisnya,1.0,0.0,0.0,0.0,0.0
"Gak ngerti lagi deh, poipet308 bisa seviral ini karena emang sebagus itu 😍",1.0,"Gak ngerti lagi deh, poipet308 bisa seviral ini karena emang sebagus itu 😍",gak ngerti lagi deh poipeteob bisa seviral ini karena emang sebagus itu,1.0,0.0,0.0,0.0,0.0
"poipet308 mendadak viral, auto cari google dan langsung nagih",1.0,"poipet308 mendadak viral, auto cari google dan langsung nagih",poipeteob mendadak viral auto cari google dan langsung nagih,1.0,0.0,0.0,0.0,0.0
receh doank tapi hasilnya Bintang lima cuma di poipet308,1.0,receh doank tapi hasilnya Bintang lima cuma di poipet308,receh doank tapi hasilnya bintang lima cuma di poipeteob,1.0,0.0,0.0,0.0,0.0
"Gak nyesel join poipet308 , profitnya bikin nagih!",1.0,"Gak nyesel join poipet308 , profitnya bikin nagih!",gak nyesel join poipeteob profitnya bikin nagihi,1.0,0.0,0.0,0.0,1.0
Sweet Bonanza di poipet308 lebih manis dari gebetan 😘🍭,1.0,Sweet Bonanza di poipet308 lebih manis dari gebetan 😘🍭,sweet bonanza di poipeteob lebih manis dari gebetan,1.0,0.0,0.0,0.0,0.0
"Penjelasannya jelas dan mudah dipahami. Terima kasih!,poipet308",1.0,"Penjelasannya jelas dan mudah dipahami. Terima kasih!,poipet308",penjelasannya jelas dan mudah dipahami terima kasihi poipeteob,1.0,0.0,0.0,0.0,0.0
tidak usah saling hujat tapi coba aja poipet308 pasti adem banget jadi nya,1.0,tidak usah saling hujat tapi coba aja poipet308 pasti adem banget jadi nya,tidak usah saling hujat tapi coba aja poipeteob pasti adem banget jadi nya,1.0,0.0,0.0,0.0,0.0
"Terima kasih, sangat membantu tugas saya!,poipet308",1.0,"Terima kasih, sangat membantu tugas saya!,poipet308",terima kasih sangat membantu tugas sayai poipeteob,1.0,0.0,0.0,0.0,0.0
"🔥 Gak perlu takut rugi, karena di king328, menang terus! 💰",1.0,"🔥 Gak perlu takut rugi, karena di king328, menang terus! 💰",gak perlu takut rugi karena di kinge 2 b menang terusi,1.0,0.0,0.0,0.0,1.0
king328 menyediakan pengalaman daring yang mudah dan tanpa repot.,1.0,king328 menyediakan pengalaman daring yang mudah dan tanpa repot.,kinge 2 b menyediakan pengalaman daring yang mudah dan tanpa repot,1.0,0.0,0.0,0.0,1.0
"💎 Hoki terus tanpa henti, spin dikit langsung JP di king328! 💰🚀",1.0,"💎 Hoki terus tanpa henti, spin dikit langsung JP di king328! 💰🚀",hoki terus tanpa henti spin dikit langsung jp di kinge 2 bi,1.0,0.0,0.0,0.0,0.0
"💥 Game paling gacor, jackpotnya luar biasa! king328! 💎",1.0,"💥 Game paling gacor, jackpotnya luar biasa! king328! 💎",game paling gacor jackpotnya luar biasai kinge 2 bi,1.0,0.0,0.0,0.0,0.0
"Rezeki nomplok hari ini berkat king328 , alhamdulillah!",1.0,"Rezeki nomplok hari ini berkat king328 , alhamdulillah!",rezeki nomplok hari ini berkat kinge 2 b alhamdulillahi,1.0,0.0,0.0,0.0,0.0
🤙🤙🤙Situss yang paling aku sukaa king328😍,1.0,🤙🤙🤙Situss yang paling aku sukaa king328😍,situss yang paling aku sukaa kinge 2 b,1.0,0.0,0.0,0.0,0.0
"💥Baru main di king328, saldo langsung naik drastis! 🚀💰",1.0,"💥Baru main di king328, saldo langsung naik drastis! 🚀💰",baru main di kinge 2 b saldo langsung naik drastisi,1.0,0.0,0.0,0.0,0.0
"king328 bikin hidup makin asyik, rezeki datang tanpa henti!",1.0,"king328 bikin hidup makin asyik, rezeki datang tanpa henti!",kinge 2 b bikin hidup makin asyik rezeki datang tanpa hentii,1.0,0.0,0.0,0.0,0.0
🔥 Cuma di king328 rezeki ngalir terus! 💰,1.0,🔥 Cuma di king328 rezeki ngalir terus! 💰,cuma di kinge 2 b rezeki ngalir terusi,1.0,0.0,0.0,0.0,0.0
💰 Mau jadi pemenang? Gas di king328 sekarang juga! 🤑,1.0,💰 Mau jadi pemenang? Gas di king328 sekarang juga! 🤑,mau jadi pemenang gas di kinge 2 b sekarang jugai,1.0,0.0,0.0,0.0,0.0
Rasakan perbedaannya dengan king328.,1.0,Rasakan perbedaannya dengan king328.,rasakan perbedaannya dengan kinge 2 b,1.0,0.0,0.0,0.0,0.0
"🎯 Putar terus, menang terus! king328 luar biasa! 💥🔥",1.0,"🎯 Putar terus, menang terus! king328 luar biasa! 💥🔥",putar terus menang terusi kinge 2 b luar biasai,1.0,0.0,0.0,0.0,0.0
"💎 Modal kecil bisa untung besar, cuma di king328! 😍🔥",1.0,"💎 Modal kecil bisa untung besar, cuma di king328! 😍🔥",modal kecil bisa untung besar cuma di kinge 2 bi,1.0,0.0,0.0,0.0,0.0
Main disini bikin kantong tebel king328,1.0,Main disini bikin kantong tebel king328,main disini bikin kantong tebel kinge 2 b,1.0,0.0,0.0,0.0,0.0
🔥 Banjir cuan! king328 gak ada lawan! 🤑,1.0,🔥 Banjir cuan! king328 gak ada lawan! 🤑,banjir cuani kinge 2 b gak ada lawani,1.0,0.0,0.0,0.0,1.0
"🎯 Masuk, spin, menang! Simple di king328! 🚀",1.0,"🎯 Masuk, spin, menang! Simple di king328! 🚀",masuk spin menangi simple di kinge 2 bi,1.0,0.0,0.0,0.0,0.0
"Rezeki dari king328 sungguh luar biasa, terima kasih Tuhan!",1.0,"Rezeki dari king328 sungguh luar biasa, terima kasih Tuhan!",rezeki dari kinge 2 b sungguh luar biasa terima kasih tuhani,1.0,0.0,0.0,0.0,0.0
"Sapu bersih semua hadiah dan bonus yang ada di king328 , auto jadi crazy rich!",1.0,"Sapu bersih semua hadiah dan bonus yang ada di king328 , auto jadi crazy rich!",sapu bersih semua hadiah dan bonus yang ada di kinge 2 b auto jadi crazy richi,0.0,0.0,0.0,0.0,0.0
💰 Cuan deras tanpa henti! king328 emang juara! 💎,1.0,💰 Cuan deras tanpa henti! king328 emang juara! 💎,cuan deras tanpa hentii kinge 2 b emang juarai,1.0,0.0,0.0,0.0,1.0
Jepe terus di king328,1.0,Jepe terus di king328,jepe terus di kinge 2 b,1.0,0.0,0.0,0.0,1.0
"Main bentar, eh langsung rezeki nomplok! Semuanya bisa terjadi di king328!",1.0,"Main bentar, eh langsung rezeki nomplok! Semuanya bisa terjadi di king328!",main bentar eh langsung rezeki nomploki semuanya bisa terjadi di kinge 2 bi,1.0,0.0,0.0,0.0,1.0
"Gila! king328 bikin ketagihan parah, susah move on!",1.0,"Gila! king328 bikin ketagihan parah, susah move on!",gilai kinge 2 b bikin ketagihan parah susah move oni,1.0,0.0,0.0,0.0,0.0
💎 Cuan deras datang bertubi-tubi di king328! 💰,1.0,💎 Cuan deras datang bertubi-tubi di king328! 💰,cuan deras datang bertubi tubi di kinge 2 bi,1.0,0.0,0.0,0.0,1.0
Papata deah memang keren byk berfoto bersama yg lain ❤❤,0.0,Papata deah memang keren byk berfoto bersama yg lain ❤❤,papata deah memang keren byk berfoto bersama yg lain,1.0,0.0,0.0,0.0,1.0
Semoga klrga taf juga bahagia selamanya,0.0,Semoga klrga taf juga bahagia selamanya,semoga klrga taf juga bahagia selamanya,1.0,0.0,0.0,0.0,0.0
Seharusnya sama mmhnur ke ondangan nya ❤❤,0.0,Seharusnya sama mmhnur ke ondangan nya ❤❤,seharusnya sama mmhnur ke ondangan nya,1.0,0.0,0.0,0.0,1.0
Semoga bahagia dan sukses selalu papata mamanur family 🩵🤍💙💜❤️🧡💚,0.0,Semoga bahagia dan sukses selalu papata mamanur family 🩵🤍💙💜❤️🧡💚,semoga bahagia dan sukses selalu papata mamanur family,1.0,0.0,0.0,0.0,0.0
Bang ku kira pakai lipstik ternya lampu,0.0,Bang ku kira pakai lipstik ternya lampu,bang ku kira pakai lipstik ternya lampu,1.0,0.0,0.0,0.0,1.0
Moga mmnur selalu temenin ppta disetiap undangan walaupun bkn bestinya mmnur biar gak timbul fitnah,0.0,Moga mmnur selalu temenin ppta disetiap undangan walaupun bkn bestinya mmnur biar gak timbul fitnah,moga mmnur selalu temenin ppta disetiap undangan walaupun bkn bestinya mmnur biar gak timbul fitnah,1.0,0.0,0.0,0.0,1.0
Papata koq sendirian...,0.0,Papata koq sendirian...,papata koq sendirian,0.0,0.0,0.0,0.0,0.0
"Happy Weeding Smoga Langgeng Setia Utk Slmx,, Dan Utk My AHHA Jg Do'a Terbaik Sht Kuat Makin Bhgia Makin Sukses Dan Ttp Dlm Lindungan Allah Swt Amin",0.0,"Happy Weeding Smoga Langgeng Setia Utk Slmx,, Dan Utk My AHHA Jg Do'a Terbaik Sht Kuat Makin Bhgia Makin Sukses Dan Ttp Dlm Lindungan Allah Swt Amin",happy weeding smoga langgeng setia utk slmx dan utk my ahha jg do a terbaik sht kuat makin bhgia makin sukses dan ttp dlm lindungan allah swt amin,1.0,0.0,0.0,0.0,0.0
Pertama bossss kuyu,0.0,Pertama bossss kuyu,pertama bossss kuyu,0.0,0.0,0.0,0.0,0.0
Gemmi cantik nya nurun ke cucu cucu cantik smuaaaa,0.0,Gemmi cantik nya nurun ke cucu cucu cantik smuaaaa,gemmi cantik nya nurun ke cucu cucu cantik smuaaaa,1.0,0.0,0.0,0.0,0.0
dari kemarin penasaran sama poipet308 eh malah langsung dikasi rejeki,1.0,dari kemarin penasaran sama poipet308 eh malah langsung dikasi rejeki,dari kemarin penasaran sama poipeteob eh malah langsung dikasi rejeki,1.0,0.0,0.0,0.0,0.0
no debat sih kalau poipet308 memang no 1 diindonesia!,1.0,no debat sih kalau poipet308 memang no 1 diindonesia!,no debat sih kalau poipeteob memang no i diindonesiai,1.0,0.0,0.0,0.0,0.0
selamat menikmati semuanya salam dari poipet308❤️,1.0,selamat menikmati semuanya salam dari poipet308❤️,selamat menikmati semuanya salam dari poipeteob,1.0,0.0,0.0,0.0,1.0
Setiap hari adalah peluang baru. Manfaatkan sebaik mungkin! poipet308,1.0,Setiap hari adalah peluang baru. Manfaatkan sebaik mungkin! poipet308,setiap hari adalah peluang baru manfaatkan sebaik mungkini poipeteob,1.0,0.0,0.0,0.0,0.0
jujur dulu saya sulit banget dapat rejeki tapi sejak kenal poipet308 hidupku pun berubah,1.0,jujur dulu saya sulit banget dapat rejeki tapi sejak kenal poipet308 hidupku pun berubah,jujur dulu saya sulit banget dapat rejeki tapi sejak kenal poipeteob hidupku pun berubah,1.0,0.0,0.0,0.0,0.0
"Karakter ini cocoknya masuk sinetron, ekspresinya lebay banget soalnya dikasi poipet308🤣",1.0,"Karakter ini cocoknya masuk sinetron, ekspresinya lebay banget soalnya dikasi poipet308🤣",karakter ini cocoknya masuk sinetron ekspresinya lebay banget soalnya dikasi poipeteob,1.0,0.0,0.0,0.0,1.0
Video ini layak ditonton semua orang poipet308 Luar biasa!,1.0,Video ini layak ditonton semua orang poipet308 Luar biasa!,video ini layak ditonton semua orang poipeteob luar biasai,1.0,0.0,0.0,0.0,0.0
ga ada yang percaya kalo rejeki itu bisa datang kapan aja tapi poipet308 bisa membuktikannya!,1.0,ga ada yang percaya kalo rejeki itu bisa datang kapan aja tapi poipet308 bisa membuktikannya!,ga ada yang percaya kalo rejeki itu bisa datang kapan aja tapi poipeteob bisa membuktikannyai,1.0,0.0,0.0,0.0,0.0
kayaknya cuma poipet308 deh orang baru dimanjakan dengan cuan nya,1.0,kayaknya cuma poipet308 deh orang baru dimanjakan dengan cuan nya,kayaknya cuma poipeteob deh orang baru dimanjakan dengan cuan nya,1.0,0.0,0.0,0.0,0.0
poipet308 beneran bikin gue ketagihan main slot!,1.0,poipet308 beneran bikin gue ketagihan main slot!,poipeteob beneran bikin gue ketagihan main sloti,1.0,0.0,0.0,0.0,0.0
seru banget poipet308 Alhamdulillah rasa pensaran ku terjawabkan juga setelah mampir disini,1.0,seru banget poipet308 Alhamdulillah rasa pensaran ku terjawabkan juga setelah mampir disini,seru banget poipeteob alhamdulillah rasa pensaran ku terjawabkan juga setelah mampir disini,1.0,0.0,0.0,0.0,1.0
serius nanya ada yang tau poipet308 itu apa sih?,1.0,serius nanya ada yang tau poipet308 itu apa sih?,serius nanya ada yang tau poipeteob itu apa sih,1.0,0.0,0.0,0.0,0.0
Kualitas grafisnya oke juga buat browser game poipet308,1.0,Kualitas grafisnya oke juga buat browser game poipet308,kualitas grafisnya oke juga buat browser game poipeteob,1.0,0.0,0.0,0.0,0.0
ga perlu peduli apa kata netizen semangat terus fans poipet308,1.0,ga perlu peduli apa kata netizen semangat terus fans poipet308,ga perlu peduli apa kata netizen semangat terus fans poipeteob,1.0,0.0,0.0,0.0,0.0
"Main di poipet308, dapet JP sampe kucing gue ikut joget 🐱💃",1.0,"Main di poipet308, dapet JP sampe kucing gue ikut joget 🐱💃",main di poipeteob dapet jp sampe kucing gue ikut joget,1.0,0.0,0.0,0.0,0.0
"jangan sampe ketinggalan poipet308 lega banget, beruntung dapet hadiah mantap dalam hitungan menit",1.0,"jangan sampe ketinggalan poipet308 lega banget, beruntung dapet hadiah mantap dalam hitungan menit",jangan sampe ketinggalan poipeteob lega banget beruntung dapet hadiah mantap dalam hitungan menit,1.0,0.0,0.0,0.0,0.0
Sering2 melihat dan memperhatikan poipet308 banjir cuan deh pokoknya!,1.0,Sering2 melihat dan memperhatikan poipet308 banjir cuan deh pokoknya!,sering 2 melihat dan memperhatikan poipeteob banjir cuan deh pokoknyai,1.0,0.0,0.0,0.0,0.0
hanya di poipet308 aku bisa ngerasain hidup sejahtera bro makasih banyak cuan nya,1.0,hanya di poipet308 aku bisa ngerasain hidup sejahtera bro makasih banyak cuan nya,hanya di poipeteob aku bisa ngerasain hidup sejahtera bro makasih banyak cuan nya,1.0,0.0,0.0,0.0,0.0
"Lha koq tumben, baju Ameena terbukahhh.... ??",1.0,"Lha koq tumben, baju Ameena terbukahhh.... ??",lha koq tumben baju ameena terbukahhh,0.0,0.0,0.0,0.0,0.0
"Gemmy awet muda banget, cantik,sexy😊❤",1.0,"Gemmy awet muda banget, cantik,sexy😊❤",gemmy awet muda banget cantik sexy,0.0,0.0,0.0,0.0,0.0
poipet308 bikin gue jadi percaya lagi sama situs slot!🥰,1.0,poipet308 bikin gue jadi percaya lagi sama situs slot!🥰,poipeteob bikin gue jadi percaya lagi sama situs sloti,0.0,0.0,0.0,0.0,0.0
"poipet308 bikin kantong gue tebel lagi, thanks ya!🥰",1.0,"poipet308 bikin kantong gue tebel lagi, thanks ya!🥰",poipeteob bikin kantong gue tebel lagi thanks yai,0.0,0.0,0.0,0.0,0.0
poipet308 beneran bikin gue ketagihan main slot!🥰,1.0,poipet308 beneran bikin gue ketagihan main slot!🥰,poipeteob beneran bikin gue ketagihan main sloti,1.0,0.0,0.0,0.0,0.0
Kd bagus bngtbadannya,1.0,Kd bagus bngtbadannya,kd bagus bngtbadannya,1.0,0.0,0.0,0.0,1.0
Ya ampunnn ternyata kuat bgttt gen nyaaaa😂😂😂 bru nyadar akohh,1.0,Ya ampunnn ternyata kuat bgttt gen nyaaaa😂😂😂 bru nyadar akohh,ya ampunnn ternyata kuat bgttt gen nyaaaa bru nyadar akohh,1.0,0.0,0.0,0.0,0.0
"Salam ya buat Eyang Rachma Widadiningsih, dulu rumahnya bersebelahan di JBE, Salam sehat selalu ya",1.0,"Salam ya buat Eyang Rachma Widadiningsih, dulu rumahnya bersebelahan di JBE, Salam sehat selalu ya",salam ya buat eyang rachma widadiningsih dulu rumahnya bersebelahan di jbe salam sehat selalu ya,1.0,0.0,0.0,0.0,0.0
"Beneran deh, main di sorjp88 tuh gak pernah gagal, selalu Caerr 🎰💥💸",1.0,"Beneran deh, main di sorjp88 tuh gak pernah gagal, selalu Caerr 🎰💥💸",beneran deh main di sorjpbb tuh gak pernah gagal selalu caerr,1.0,0.0,0.0,0.0,1.0
"Bener-bener H0K1 deh, dapet Jepei besar di sorjp88 💥💸",1.0,"Bener-bener H0K1 deh, dapet Jepei besar di sorjp88 💥💸",bener bener hoki deh dapet jepei besar di sorjpbb,1.0,0.0,0.0,0.0,0.0
"Main terus di sorjp88, Jepei langsung gede 🎰💥 Rejeki lancar",1.0,"Main terus di sorjp88, Jepei langsung gede 🎰💥 Rejeki lancar",main terus di sorjpbb jepei langsung gede rejeki lancar,1.0,0.0,0.0,0.0,0.0
"Main terus, Jepei gak pernah berhenti 💥🎰 sorjp88 emang Topcer",1.0,"Main terus, Jepei gak pernah berhenti 💥🎰 sorjp88 emang Topcer",main terus jepei gak pernah berhenti sorjpbb emang topcer,1.0,0.0,0.0,0.0,0.0
"sorjp88 bener-bener Topcer 💸🎉 Jepei terus, rejeki lancar",1.0,"sorjp88 bener-bener Topcer 💸🎉 Jepei terus, rejeki lancar",sorjpbb bener bener topcer jepei terus rejeki lancar,1.0,0.0,0.0,0.0,0.0
"sorjp88 emang juara, Jepei terus 💥🎉 Cuan lancar",1.0,"sorjp88 emang juara, Jepei terus 💥🎉 Cuan lancar",sorjpbb emang juara jepei terus cuan lancar,1.0,0.0,0.0,0.0,0.0
Caerr besar terus 💥🎰 Jepei besar dari sorjp88,1.0,Caerr besar terus 💥🎰 Jepei besar dari sorjp88,caerr besar terus jepei besar dari sorjpbb,1.0,0.0,0.0,0.0,1.0
H0K1 banget Dapet Jepei segede ini di sorjp88 🥳🎰,1.0,H0K1 banget Dapet Jepei segede ini di sorjp88 🥳🎰,hoki banget dapet jepei segede ini di sorjpbb,1.0,0.0,0.0,0.0,0.0
H0K1 banget main di sorjp88 🥳🎰 Jepei terus datang,1.0,H0K1 banget main di sorjp88 🥳🎰 Jepei terus datang,hoki banget main di sorjpbb jepei terus datang,1.0,0.0,0.0,0.0,1.0
Dapet Jepei segede ini 🥳💸 sorjp88 gak pernah ngecewain,1.0,Dapet Jepei segede ini 🥳💸 sorjp88 gak pernah ngecewain,dapet jepei segede ini sorjpbb gak pernah ngecewain,1.0,0.0,0.0,0.0,0.0
"Main di sorjp88, Jepei gede langsung cair 💥🎰",1.0,"Main di sorjp88, Jepei gede langsung cair 💥🎰",main di sorjpbb jepei gede langsung cair,1.0,0.0,0.0,0.0,0.0
"Wah, Jepei gede 🤑💥 Main di sorjp88 tuh gak pernah nyesel",1.0,"Wah, Jepei gede 🤑💥 Main di sorjp88 tuh gak pernah nyesel",wah jepei gede main di sorjpbb tuh gak pernah nyesel,1.0,0.0,0.0,0.0,1.0
"Main di sorjp88, seru banget 🎰💥 Caerr terus",1.0,"Main di sorjp88, seru banget 🎰💥 Caerr terus",main di sorjpbb seru banget caerr terus,1.0,0.0,0.0,0.0,0.0
"H0K1 lagi, Jepei gede 💥🎰 Di sorjp88, selalu dapet cuan",1.0,"H0K1 lagi, Jepei gede 💥🎰 Di sorjp88, selalu dapet cuan",hoki lagi jepei gede di sorjpbb selalu dapet cuan,1.0,0.0,0.0,0.0,1.0
"Main terus di sorjp88, Jepei gak berhenti 💥🎰",1.0,"Main terus di sorjp88, Jepei gak berhenti 💥🎰",main terus di sorjpbb jepei gak berhenti,1.0,0.0,0.0,0.0,0.0
"H0K1 banget hari ini, Jepei gede 💥🎰 Rejeki lancar di sorjp88",1.0,"H0K1 banget hari ini, Jepei gede 💥🎰 Rejeki lancar di sorjp88",hoki banget hari ini jepei gede rejeki lancar di sorjpbb,1.0,0.0,0.0,0.0,0.0
Aktif banget anaknya,0.0,Aktif banget anaknya,aktif banget anaknya,1.0,0.0,0.0,0.0,0.0
disini gabisa kirim link ges cari di google aja ambil4d,1.0,disini gabisa kirim link ges cari di google aja ambil4d,disini gabisa kirim link ges cari di google aja ambilad,1.0,0.0,0.0,0.0,0.0
Senyum azura manis banget kelopak mata nya bulet cantik,0.0,Senyum azura manis banget kelopak mata nya bulet cantik,senyum azura manis banget kelopak mata nya bulet cantik,1.0,0.0,0.0,0.0,1.0
Lama lama piring nenek nya pinda ke rumah kakak amena 😂,0.0,Lama lama piring nenek nya pinda ke rumah kakak amena 😂,lama lama piring nenek nya pinda ke rumah kakak amena,1.0,0.0,0.0,0.0,0.0
Hari bebas makan apa aja kalo lagi ke rumah gemmi n genda. Lama2 piring sm sendok gemmi abis dong kakak naa,0.0,Hari bebas makan apa aja kalo lagi ke rumah gemmi n genda. Lama2 piring sm sendok gemmi abis dong kakak naa,hari bebas makan apa aja kalo lagi ke rumah gemmi n genda lama 2 piring sm sendok gemmi abis dong kakak naa,1.0,0.0,0.0,0.0,0.0
Mbah Gemo plakor jalang hamidun amorallll 😂😂😂😂,0.0,Mbah Gemo plakor jalang hamidun amorallll 😂😂😂😂,mbah gemo plakor jalang hamidun amorallll,1.0,0.0,0.0,0.0,0.0
Kelakuan Mimi KD bener nurun ke Aurel dan Aurel nurun ke ameena😂❤,0.0,Kelakuan Mimi KD bener nurun ke Aurel dan Aurel nurun ke ameena😂❤,kelakuan mimi kd bener nurun ke aurel dan aurel nurun ke ameena,1.0,0.0,0.0,0.0,0.0
PD doyan joget sama nyanyi. Bnr2 duplikat neneknya gemi.😂😂😂,0.0,PD doyan joget sama nyanyi. Bnr2 duplikat neneknya gemi.😂😂😂,pd doyan joget sama nyanyi bnr 2 duplikat neneknya gemi,1.0,0.0,0.0,0.0,1.0
KD makin kesini makin muda,0.0,KD makin kesini makin muda,kd makin kesini makin muda,1.0,0.0,0.0,0.0,0.0
"dibed4d gokil kali, 🎯 Jeipe gede terus, S3l0t G4C0r makin seru 💥",1.0,"dibed4d gokil kali, 🎯 Jeipe gede terus, S3l0t G4C0r makin seru 💥",dibedad gokil kali jeipe gede terus selot gacor makin seru,1.0,0.0,0.0,0.0,0.0
"dibed4d gokil bener, 💎 Jeipe gede, makin seru mainnya 🎰",1.0,"dibed4d gokil bener, 💎 Jeipe gede, makin seru mainnya 🎰",dibedad gokil bener jeipe gede makin seru mainnya,1.0,0.0,0.0,0.0,0.0
"dibed4d juara, 💎 Jeipe gede, makin seru tiap mainna 🎰",1.0,"dibed4d juara, 💎 Jeipe gede, makin seru tiap mainna 🎰",dibedad juara jeipe gede makin seru tiap mainna,1.0,0.0,0.0,0.0,1.0
"dibed4d mah gokil, 💎 Jeipe gede terus, makin ketagihan 🎰",1.0,"dibed4d mah gokil, 💎 Jeipe gede terus, makin ketagihan 🎰",dibedad mah gokil jeipe gede terus makin ketagihan,1.0,0.0,0.0,0.0,0.0
"Gila, dibed4d beneran G4C0r 🎰 Menang gede terus 💸",1.0,"Gila, dibed4d beneran G4C0r 🎰 Menang gede terus 💸",gila dibedad beneran gacor menang gede terus,1.0,0.0,0.0,0.0,0.0
"dibed4d ni gokil kali, 🎯 Jeipe gede terus, makin seru mainnya 💎",1.0,"dibed4d ni gokil kali, 🎯 Jeipe gede terus, makin seru mainnya 💎",dibedad ni gokil kali jeipe gede terus makin seru mainnya,1.0,0.0,0.0,0.0,0.0
"H0k1e bener di dibed4d, 🎰 Jeipe gede, makin seru 💥",1.0,"H0k1e bener di dibed4d, 🎰 Jeipe gede, makin seru 💥",hokie bener di dibedad jeipe gede makin seru,1.0,0.0,0.0,0.0,0.0
dibed4d selalu kasih Jeipe 💰 S3l0t G4C0rnya gak bohong 🔥,1.0,dibed4d selalu kasih Jeipe 💰 S3l0t G4C0rnya gak bohong 🔥,dibedad selalu kasih jeipe selot gacornya gak bohong,0.0,0.0,0.0,0.0,1.0
"dibed4d juara banget, 🎯 Jeipe gede terus, S3l0t G4C0rnya gokil 💥",1.0,"dibed4d juara banget, 🎯 Jeipe gede terus, S3l0t G4C0rnya gokil 💥",dibedad juara banget jeipe gede terus selot gacornya gokil,1.0,0.0,0.0,0.0,1.0
"dibed4d emang top, 💥 Jeipe gede terus, makin H0k1e terus mainnya 🎯",1.0,"dibed4d emang top, 💥 Jeipe gede terus, makin H0k1e terus mainnya 🎯",dibedad emang top jeipe gede terus makin hokie terus mainnya,1.0,0.0,0.0,0.0,1.0
"Di dibed4d, Jeipe gede gampang banget, makin seru dan menantang Coba main terus biar H0k1e 🎯",1.0,"Di dibed4d, Jeipe gede gampang banget, makin seru dan menantang Coba main terus biar H0k1e 🎯",di dibedad jeipe gede gampang banget makin seru dan menantang coba main terus biar hokie,1.0,0.0,0.0,0.0,1.0
�� S3l0t G4C0r dibed4d selalu bikin H0k1e Menang terus 🔥,1.0,�� S3l0t G4C0r dibed4d selalu bikin H0k1e Menang terus 🔥,selot gacor dibedad selalu bikin hokie menang terus,1.0,0.0,0.0,0.0,0.0
dibed4d emang G4C0r S3l0tnya ngasih Jeipe gede terus 💎🎯,1.0,dibed4d emang G4C0r S3l0tnya ngasih Jeipe gede terus 💎🎯,dibedad emang gacor selotnya ngasih jeipe gede terus,1.0,0.0,0.0,0.0,1.0
Gokil banget 💰 S3l0t G4C0r di dibed4d bikin menang terus 🔥,1.0,Gokil banget 💰 S3l0t G4C0r di dibed4d bikin menang terus 🔥,gokil banget selot gacor di dibedad bikin menang terus,0.0,0.0,0.0,0.0,1.0
"Main terus di dibed4d, 💥 Jeipe gede terus, makin H0k1e 🎯",1.0,"Main terus di dibed4d, 💥 Jeipe gede terus, makin H0k1e 🎯",main terus di dibedad jeipe gede terus makin hokie,0.0,0.0,0.0,0.0,1.0
"dibed4d emang gokil, 🎯 Jeipe gede terus, S3l0t G4C0rnya makin seru 💥",1.0,"dibed4d emang gokil, 🎯 Jeipe gede terus, S3l0t G4C0rnya makin seru 💥",dibedad emang gokil jeipe gede terus selot gacornya makin seru,0.0,0.0,0.0,0.0,1.0
"dibed4d ni gokil, 🎰 Jeipe gede, makin seru terus mainnya 💥",1.0,"dibed4d ni gokil, 🎰 Jeipe gede, makin seru terus mainnya 💥",dibedad ni gokil jeipe gede makin seru terus mainnya,0.0,0.0,0.0,0.0,1.0
"dibed4d juara pisan, 💥 Jeipe gede, makin seru tiap mainnya 🎰",1.0,"dibed4d juara pisan, 💥 Jeipe gede, makin seru tiap mainnya 🎰",dibedad juara pisan jeipe gede makin seru tiap mainnya,0.0,0.0,0.0,0.0,1.0
"dibed4d juara pisan, 💥 Jeipe gede, makin seru terus 🎰",1.0,"dibed4d juara pisan, 💥 Jeipe gede, makin seru terus 🎰",dibedad juara pisan jeipe gede makin seru terus,0.0,0.0,0.0,0.0,1.0
"dibed4d juara banget, 💥 Jeipe gede, makin seru banget 🎰",1.0,"dibed4d juara banget, 💥 Jeipe gede, makin seru banget 🎰",dibedad juara banget jeipe gede makin seru banget,0.0,0.0,0.0,0.0,1.0
"Menang terus di dibed4d, 🎰 Jeipe gede mulu, makin seru 💎",1.0,"Menang terus di dibed4d, 🎰 Jeipe gede mulu, makin seru 💎",menang terus di dibedad jeipe gede mulu makin seru,0.0,0.0,0.0,0.0,1.0
"H0k1e banget di dibed4d, 🎯 Jeipe gede mulu, makin seru mainnya 💎",1.0,"H0k1e banget di dibed4d, 🎯 Jeipe gede mulu, makin seru mainnya 💎",hokie banget di dibedad jeipe gede mulu makin seru mainnya,0.0,0.0,0.0,0.0,1.0
"dibed4d mah gokil pisan, 💎 Jeipe gede, makin seru terus 🎰",1.0,"dibed4d mah gokil pisan, 💎 Jeipe gede, makin seru terus 🎰",dibedad mah gokil pisan jeipe gede makin seru terus,0.0,0.0,0.0,0.0,1.0
"🎉 Menang terus di dibed4d, S3l0t G4C0rnya bener-bener ngacir 💸",1.0,"🎉 Menang terus di dibed4d, S3l0t G4C0rnya bener-bener ngacir 💸",menang terus di dibedad selot gacornya bener bener ngacir,0.0,0.0,0.0,0.0,1.0
"Menang terus di dibed4d, 💎 S3l0t G4C0r, Jeipe gede nggak berhenti 🎯",1.0,"Menang terus di dibed4d, 💎 S3l0t G4C0r, Jeipe gede nggak berhenti 🎯",menang terus di dibedad selot gacor jeipe gede nggak berhenti,0.0,0.0,0.0,0.0,1.0
�� Menang terus di dibed4d S3l0t G4C0rnya ngasih Jeipe gede 💸,1.0,�� Menang terus di dibed4d S3l0t G4C0rnya ngasih Jeipe gede 💸,menang terus di dibedad selot gacornya ngasih jeipe gede,0.0,0.0,0.0,0.0,1.0
"H0k1e banget nih di dibed4d, 🎯 menang gede terus, Jeipe gede 💥",1.0,"H0k1e banget nih di dibed4d, 🎯 menang gede terus, Jeipe gede 💥",hokie banget nih di dibedad menang gede terus jeipe gede,0.0,0.0,0.0,0.0,1.0
"Menang gede terus di dibed4d, 🎰 Jeipe gede, makin seru mainna 💥",1.0,"Menang gede terus di dibed4d, 🎰 Jeipe gede, makin seru mainna 💥",menang gede terus di dibedad jeipe gede makin seru mainna,0.0,0.0,0.0,0.0,0.0
�� dibed4d emang joss S3l0t G4C0r kasih Jeipe gede 💥,1.0,�� dibed4d emang joss S3l0t G4C0r kasih Jeipe gede 💥,dibedad emang joss selot gacor kasih jeipe gede,0.0,0.0,0.0,0.0,1.0
"dibed4d mah gokil pisan, 🎯 Jeipe gede, makin seru banget 💎",1.0,"dibed4d mah gokil pisan, 🎯 Jeipe gede, makin seru banget 💎",dibedad mah gokil pisan jeipe gede makin seru banget,0.0,0.0,0.0,0.0,1.0
�� dibed4d top banget S3l0t G4C0r ngasih Jeipe besar 💸,1.0,�� dibed4d top banget S3l0t G4C0r ngasih Jeipe besar 💸,dibedad top banget selot gacor ngasih jeipe besar,0.0,0.0,0.0,0.0,1.0
"Puas banget main di dibed4d, S3l0t G4C0rnya ga bohong 💎🎰",1.0,"Puas banget main di dibed4d, S3l0t G4C0rnya ga bohong 💎🎰",puas banget main di dibedad selot gacornya ga bohong,0.0,0.0,0.0,0.0,1.0
"Di tunggu vlognya, seruu gemmi dan putuna😂",0.0,"Di tunggu vlognya, seruu gemmi dan putuna😂",di tunggu vlognya seruu gemmi dan putuna,0.0,0.0,0.0,0.0,1.0
Mbah kd badut menor alay,0.0,Mbah kd badut menor alay,mbah kd badut menor alay,0.0,0.0,0.0,0.0,1.0
Seneng bgt klo liat gemi bersama putu2 nee...❤❤,0.0,Seneng bgt klo liat gemi bersama putu2 nee...❤❤,seneng bgt klo liat gemi bersama putu 2 nee,0.0,0.0,0.0,0.0,1.0
Kakak na kalau cium nggak boleh bibir takutnya ada virus,0.0,Kakak na kalau cium nggak boleh bibir takutnya ada virus,kakak na kalau cium nggak boleh bibir takutnya ada virus,0.0,0.0,0.0,0.0,0.0
Naaa bajunya nanti diprktes papa lo lupa nggak pakai kaos dobelan hahahaha.....,0.0,Naaa bajunya nanti diprktes papa lo lupa nggak pakai kaos dobelan hahahaha.....,naaa bajunya nanti diprktes papa lo lupa nggak pakai kaos dobelan hahahaha,0.0,0.0,0.0,0.0,1.0
Di tunggu ya ke Malaysia. Cucu²nya KD lagi popular dari nenek mereka.  😂😂,0.0,Di tunggu ya ke Malaysia. Cucu²nya KD lagi popular dari nenek mereka.  😂😂,di tunggu ya ke malaysia cucu 2 nya kd lagi popular dari nenek mereka,0.0,0.0,0.0,0.0,1.0
Pinter banget azura .nanti ikut rentak àh...ah...,0.0,Pinter banget azura .nanti ikut rentak àh...ah...,pinter banget azura nanti ikut rentak àh ah,0.0,0.0,0.0,0.0,1.0
Vlog yg mana nih? Pokonya kalau kerumah gemmi KD slalu nunggu vlogny. Gemes bgt mreka nenek rasa besty bner2 cucu gemmi KD ini mah random gemes cantik,0.0,Vlog yg mana nih? Pokonya kalau kerumah gemmi KD slalu nunggu vlogny. Gemes bgt mreka nenek rasa besty bner2 cucu gemmi KD ini mah random gemes cantik,vlog yg mana nih pokonya kalau kerumah gemmi kd slalu nunggu vlogny gemes bgt mreka nenek rasa besty bner 2 cucu gemmi kd ini mah random gemes cantik,0.0,0.0,0.0,0.0,0.0
Psnjang umur gemi bahagia selalu bersana cucu,0.0,Psnjang umur gemi bahagia selalu bersana cucu,psnjang umur gemi bahagia selalu bersana cucu,0.0,0.0,0.0,0.0,1.0
"Masyaalah Ayank Ameena Azura Cantik Embul Menggemaskn Buanget Sehat Kuat Ya Cantik Sukses Terus Buat Gemmi Sllu Bhgia Brsm Cucu "" Yg Cantik Menggemaskn Buanget Masyaalah",0.0,"Masyaalah Ayank Ameena Azura Cantik Embul Menggemaskn Buanget Sehat Kuat Ya Cantik Sukses Terus Buat Gemmi Sllu Bhgia Brsm Cucu "" Yg Cantik Menggemaskn Buanget Masyaalah",masyaalah ayank ameena azura cantik embul menggemaskn buanget sehat kuat ya cantik sukses terus buat gemmi sllu bhgia brsm cucu yg cantik menggemaskn buanget masyaalah,0.0,0.0,0.0,0.0,0.0
Sama kayak anakqu klo pulang dr rumah akung sama mamak nya(sebutan mbahdari bapak) selalu bawang barang² random 😂,0.0,Sama kayak anakqu klo pulang dr rumah akung sama mamak nya(sebutan mbahdari bapak) selalu bawang barang² random 😂,sama kayak anakqu klo pulang dr rumah akung sama mamak nya sebutan mbahdari bapak selalu bawang barang 2 random,0.0,0.0,0.0,0.0,1.0
Yeayyy Ameena Azura di konsert gemmi di Malaysia,0.0,Yeayyy Ameena Azura di konsert gemmi di Malaysia,yeayyy ameena azura di konsert gemmi di malaysia,0.0,0.0,0.0,0.0,1.0
"Bahagia banget gemmi klu sudah kumpul dg dua cucunya yg lucu"" ❤❤",0.0,"Bahagia banget gemmi klu sudah kumpul dg dua cucunya yg lucu"" ❤❤",bahagia banget gemmi klu sudah kumpul dg dua cucunya yg lucu,0.0,0.0,0.0,0.0,1.0
Mau dtg buat konsert ke Malaysia 😊 wahhh,0.0,Mau dtg buat konsert ke Malaysia 😊 wahhh,mau dtg buat konsert ke malaysia wahhh,0.0,0.0,0.0,0.0,1.0
Senangnya di rumah gemmi,0.0,Senangnya di rumah gemmi,senangnya di rumah gemmi,0.0,0.0,0.0,0.0,1.0
"Bahagia banget nih gemmi bersama Ameena dan Azzura, aduh sambil tik tok kan dong.",0.0,"Bahagia banget nih gemmi bersama Ameena dan Azzura, aduh sambil tik tok kan dong.",bahagia banget nih gemmi bersama ameena dan azzura aduh sambil tik tok kan dong,0.0,0.0,0.0,0.0,0.0
Sweet nya kakak adek kesygan warga AHHA di rumah gemmi 🥰,0.0,Sweet nya kakak adek kesygan warga AHHA di rumah gemmi 🥰,sweet nya kakak adek kesygan warga ahha di rumah gemmi,0.0,0.0,0.0,0.0,1.0
suami pelita utk istri nya  kebaikan ramah utk teman terdekatnya,0.0,suami pelita utk istri nya  kebaikan ramah utk teman terdekatnya,suami pelita utk istri nya kebaikan ramah utk teman terdekatnya,0.0,0.0,0.0,0.0,1.0
Kakak atta curang banget sama istrinya sendiri dan kakak amina,0.0,Kakak atta curang banget sama istrinya sendiri dan kakak amina,kakak atta curang banget sama istrinya sendiri dan kakak amina,0.0,0.0,0.0,0.0,1.0
Sy pernah lihat ini di youtube lain,0.0,Sy pernah lihat ini di youtube lain,sy pernah lihat ini di youtube lain,0.0,0.0,0.0,0.0,0.0
dikasi rejeki mulu di poipet308 sehat selalu..,1.0,dikasi rejeki mulu di poipet308 sehat selalu..,dikasi rejeki mulu di poipeteob sehat selalu,0.0,0.0,0.0,0.0,1.0
kesini cuma info doang kalau di poipet308 bikin tertular hokinya,1.0,kesini cuma info doang kalau di poipet308 bikin tertular hokinya,kesini cuma info doang kalau di poipeteob bikin tertular hokinya,0.0,0.0,0.0,0.0,0.0
"makasi rekomendasi nya tmn2, wede sudah landing dengan mulus, jaya terus poipet308",1.0,"makasi rekomendasi nya tmn2, wede sudah landing dengan mulus, jaya terus poipet308",makasi rekomendasi nya tmn 2 wede sudah landing dengan mulus jaya terus poipeteob,0.0,0.0,0.0,0.0,1.0
Bikin topik rumit jadi gampang dimengerti poipet308,1.0,Bikin topik rumit jadi gampang dimengerti poipet308,bikin topik rumit jadi gampang dimengerti poipeteob,0.0,0.0,0.0,0.0,1.0
beneran ga pake drama2 nih poipet308 udh bikin menang banyak cuy!,1.0,beneran ga pake drama2 nih poipet308 udh bikin menang banyak cuy!,beneran ga pake drama 2 nih poipeteob udh bikin menang banyak cuyi,0.0,0.0,0.0,0.0,1.0
"Santai sore sambil main poipet308, mantap!",1.0,"Santai sore sambil main poipet308, mantap!",santai sore sambil main poipeteob mantapi,0.0,0.0,0.0,0.0,1.0
mantap cuma modal kecil bisa dapet keuntungan di poipet308 suasana batin jadi bagus di imbuh,1.0,mantap cuma modal kecil bisa dapet keuntungan di poipet308 suasana batin jadi bagus di imbuh,mantap cuma modal kecil bisa dapet keuntungan di poipeteob suasana batin jadi bagus di imbuh,0.0,0.0,0.0,0.0,1.0
Kamu bisa jadi apa saja asal kamu mau berusaha. poipet308 solusi terbaik,1.0,Kamu bisa jadi apa saja asal kamu mau berusaha. poipet308 solusi terbaik,kamu bisa jadi apa saja asal kamu mau berusaha poipeteob solusi terbaik,0.0,0.0,0.0,0.0,1.0
"Setiap menitnya penuh manfaat. Keren banget!,poipet308",1.0,"Setiap menitnya penuh manfaat. Keren banget!,poipet308",setiap menitnya penuh manfaat keren bangeti poipeteob,0.0,0.0,0.0,0.0,1.0
ga ada salahnya mencoba di poipet308 pastinya menang terus1,1.0,ga ada salahnya mencoba di poipet308 pastinya menang terus1,ga ada salahnya mencoba di poipeteob pastinya menang terusi,0.0,0.0,0.0,0.0,0.0
5 menit baru paham ternyata poipet308 ga kaleng-kaleng!,1.0,5 menit baru paham ternyata poipet308 ga kaleng-kaleng!,s menit baru paham ternyata poipeteob ga kaleng kalengi,0.0,0.0,0.0,0.0,1.0
Momen saat musuh jatuh sendiri itu berkah dari semesta poipet308 😌,1.0,Momen saat musuh jatuh sendiri itu berkah dari semesta poipet308 😌,momen saat musuh jatuh sendiri itu berkah dari semesta poipeteob,0.0,0.0,0.0,0.0,0.0
sesuai sih nama poipet308 lagi trending di komen2 soalnya lagi bagi bagi thr,1.0,sesuai sih nama poipet308 lagi trending di komen2 soalnya lagi bagi bagi thr,sesuai sih nama poipeteob lagi trending di komen 2 soalnya lagi bagi bagi thr,0.0,0.0,0.0,0.0,1.0
poipet308 bikin gue jadi sering senyum-senyum sendiri!,1.0,poipet308 bikin gue jadi sering senyum-senyum sendiri!,poipeteob bikin gue jadi sering senyum senyum sendirii,0.0,0.0,0.0,0.0,1.0
poipet308 emang tempat nya para juara jangan samain sama yang lain!,1.0,poipet308 emang tempat nya para juara jangan samain sama yang lain!,poipeteob emang tempat nya para juara jangan samain sama yang laini,0.0,0.0,0.0,0.0,1.0
Ga heran poipet308 baru maen dapat berkah berulang kali,1.0,Ga heran poipet308 baru maen dapat berkah berulang kali,ga heran poipeteob baru maen dapat berkah berulang kali,0.0,0.0,0.0,0.0,1.0
poipet308 bikin gue jadi sering dapet untung!,1.0,poipet308 bikin gue jadi sering dapet untung!,poipeteob bikin gue jadi sering dapet untungi,0.0,0.0,0.0,0.0,0.0
jangan salah pilih karena poipet308 masih yang terdepan!,1.0,jangan salah pilih karena poipet308 masih yang terdepan!,jangan salah pilih karena poipeteob masih yang terdepani,0.0,0.0,0.0,0.0,0.0
😂😂😂😂😂😂 melu jengkel hadak e,0.0,😂😂😂😂😂😂 melu jengkel hadak e,melu jengkel hadak e,0.0,0.0,0.0,0.0,1.0
Fokus tangan sebelahnya yg bunyi pdhl tu,0.0,Fokus tangan sebelahnya yg bunyi pdhl tu,fokus tangan sebelahnya yg bunyi pdhl tu,0.0,0.0,0.0,0.0,1.0
Maaf ya kenapa stelan A kya agus ..🙏🙏,0.0,Maaf ya kenapa stelan A kya agus ..🙏🙏,maaf ya kenapa stelan a kya agus,0.0,0.0,0.0,0.0,0.0
Suara ameena plek mamanur banget ternyata😂❤,0.0,Suara ameena plek mamanur banget ternyata😂❤,suara ameena plek mamanur banget ternyata,0.0,0.0,0.0,0.0,1.0
Hahaha ketipu juga aku 😂😂😂😂,0.0,Hahaha ketipu juga aku 😂😂😂😂,hahaha ketipu juga aku,0.0,0.0,0.0,0.0,1.0
Bang Ata jangan potong rambut kayak gitu dong.,0.0,Bang Ata jangan potong rambut kayak gitu dong.,bang ata jangan potong rambut kayak gitu dong,0.0,0.0,0.0,0.0,0.0
Atta ni  mirip agus ya diluar rumah dlm rumah pakai kaca mata hitam trus 😂😂😂😂,0.0,Atta ni  mirip agus ya diluar rumah dlm rumah pakai kaca mata hitam trus 😂😂😂😂,atta ni mirip agus ya diluar rumah dlm rumah pakai kaca mata hitam trus,0.0,0.0,0.0,0.0,1.0
Vidionya di potong,0.0,Vidionya di potong,vidionya di potong,0.0,0.0,0.0,0.0,1.0
Ak tertipu 😂😂😂,0.0,Ak tertipu 😂😂😂,ak tertipu,0.0,0.0,0.0,0.0,0.0
Tangan sebelah nya di lengan,0.0,Tangan sebelah nya di lengan,tangan sebelah nya di lengan,0.0,0.0,0.0,0.0,1.0
"Atta klo nggak pakai kacamata,aslinya ganteng",0.0,"Atta klo nggak pakai kacamata,aslinya ganteng",atta klo nggak pakai kacamata aslinya ganteng,0.0,0.0,0.0,0.0,0.0
Kok kaya Agus si klo pake kacamata,0.0,Kok kaya Agus si klo pake kacamata,kok kaya agus si klo pake kacamata,0.0,0.0,0.0,0.0,1.0
makin seneng banget nih keluarga,0.0,makin seneng banget nih keluarga,makin seneng banget nih keluarga,0.0,0.0,0.0,0.0,0.0
Ade dibaju jaket atta,0.0,Ade dibaju jaket atta,ade dibaju jaket atta,0.0,0.0,0.0,0.0,0.0
Itulah knp pesulap suka pke bj lgn pj... 😅😅😅😅😅,0.0,Itulah knp pesulap suka pke bj lgn pj... 😅😅😅😅😅,itulah knp pesulap suka pke bj lgn pj,0.0,0.0,0.0,0.0,1.0
Rese lu papata 🤣🤣🤣,0.0,Rese lu papata 🤣🤣🤣,rese lu papata,0.0,0.0,0.0,0.0,1.0
Kompak selalu ya mamanur bersama suaminya,0.0,Kompak selalu ya mamanur bersama suaminya,kompak selalu ya mamanur bersama suaminya,0.0,0.0,0.0,0.0,1.0
Papata Nyebelin banget 😂😂,0.0,Papata Nyebelin banget 😂😂,papata nyebelin banget,0.0,0.0,0.0,0.0,0.0
karna yg bunyi tangannya atta sebelah kiri wkwkwk,0.0,karna yg bunyi tangannya atta sebelah kiri wkwkwk,karna yg bunyi tangannya atta sebelah kiri wkwkwk,0.0,0.0,0.0,0.0,1.0
Kirain aurel menang..eh atta curang,0.0,Kirain aurel menang..eh atta curang,kirain aurel menang eh atta curang,0.0,0.0,0.0,0.0,1.0
Eh sulapan...ikut serius tadi ngelihatinya,0.0,Eh sulapan...ikut serius tadi ngelihatinya,eh sulapan ikut serius tadi ngelihatinya,0.0,0.0,0.0,0.0,1.0
rupanya mau alih profesi,0.0,rupanya mau alih profesi,rupanya mau alih profesi,0.0,0.0,0.0,0.0,0.0
"Gumuzzzzz...tetep ngelucu ya PapaTa n MamaNur. Nagih tontonan yang seperti ini, mirip moment² PDKT 😅❤❤❤😅",0.0,"Gumuzzzzz...tetep ngelucu ya PapaTa n MamaNur. Nagih tontonan yang seperti ini, mirip moment² PDKT 😅❤❤❤😅",gumuzzzzz tetep ngelucu ya papata n mamanur nagih tontonan yang seperti ini mirip moment 2 pdkt,0.0,0.0,0.0,0.0,1.0
Sampek ikutan pelototin …ternyata dikibulin papata….ngeselin ngga sihh😂😂😂😂😂,0.0,Sampek ikutan pelototin …ternyata dikibulin papata….ngeselin ngga sihh😂😂😂😂😂,sampek ikutan pelototin ternyata dikibulin papata ngeselin ngga sihh,0.0,0.0,0.0,0.0,1.0
Ya Allah ngakak.. papata curanggg,0.0,Ya Allah ngakak.. papata curanggg,ya allah ngakak papata curanggg,0.0,0.0,0.0,0.0,0.0
Pantesan ternyata ada rhsnya 😂,0.0,Pantesan ternyata ada rhsnya 😂,pantesan ternyata ada rhsnya,0.0,0.0,0.0,0.0,0.0
Kompak slalu ka AH ama Aurel..😂❤,0.0,Kompak slalu ka AH ama Aurel..😂❤,kompak slalu ka ah ama aurel,0.0,0.0,0.0,0.0,1.0
Ke 1❤,0.0,Ke 1❤,ke i,0.0,0.0,0.0,0.0,1.0
cup pertama komen😅,0.0,cup pertama komen😅,cup pertama komen,0.0,0.0,0.0,0.0,1.0
Dah tau,0.0,Dah tau,dah tau,0.0,0.0,0.0,0.0,0.0
💜poipet308💜 bikin gue jadi sering senyum-senyum sendiri!!,1.0,💜poipet308💜 bikin gue jadi sering senyum-senyum sendiri!!,poipeteob bikin gue jadi sering senyum senyum sendiriii,0.0,0.0,0.0,0.0,1.0
"Gak perlu mikir dua kali, 💜poipet308💜 solusinya!🥰",1.0,"Gak perlu mikir dua kali, 💜poipet308💜 solusinya!🥰",gak perlu mikir dua kali poipeteob solusinyai,0.0,0.0,0.0,0.0,1.0
"poipet308 beneran situs slot paling oke, gak pernah ngecewain!🥰",1.0,"poipet308 beneran situs slot paling oke, gak pernah ngecewain!🥰",poipeteob beneran situs slot paling oke gak pernah ngecewaini,0.0,0.0,0.0,0.0,1.0
"WD di 💜poipet308💜 lancar banget, gak pake ribet! !",1.0,"WD di 💜poipet308💜 lancar banget, gak pake ribet! !",wd di poipeteob lancar banget gak pake ribeti i,0.0,0.0,0.0,0.0,1.0
💜poipet308💜 bikin gue jadi percaya lagi sama situs slot! !,1.0,💜poipet308💜 bikin gue jadi percaya lagi sama situs slot! !,poipeteob bikin gue jadi percaya lagi sama situs sloti i,0.0,0.0,0.0,0.0,1.0
"Gak nyesel join 💜poipet308💜 , profitnya bikin nagih! 🥰",1.0,"Gak nyesel join 💜poipet308💜 , profitnya bikin nagih! 🥰",gak nyesel join poipeteob profitnya bikin nagihi,0.0,0.0,0.0,0.0,1.0
maasyaallooh... rasanya sku mnangis tapi mulutku senuyum trs. bhgia mlihat aurel bhgia di tangan pria yg sangt meratukannya.smg rizkinya melimpah seprti air lautn....,1.0,maasyaallooh... rasanya sku mnangis tapi mulutku senuyum trs. bhgia mlihat aurel bhgia di tangan pria yg sangt meratukannya.smg rizkinya melimpah seprti air lautn....,maasyaallooh rasanya sku mnangis tapi mulutku senuyum trs bhgia mlihat aurel bhgia di tangan pria yg sangt meratukannya smg rizkinya melimpah seprti air lautn,0.0,0.0,0.0,0.0,1.0
Subscribe atta sedikit ketimbang ria ricis,0.0,Subscribe atta sedikit ketimbang ria ricis,subscribe atta sedikit ketimbang ria ricis,0.0,0.0,0.0,0.0,1.0
Anak online ku tersayang mashaAllah tabarakallah sehat sehat slalu Aamiin,0.0,Anak online ku tersayang mashaAllah tabarakallah sehat sehat slalu Aamiin,anak online ku tersayang mashaallah tabarakallah sehat sehat slalu aamiin,0.0,0.0,0.0,0.0,1.0
Keren semangat selalu salam sksd semuanya salam suport❤❤❤❤❤❤❤❤❤❤❤,0.0,Keren semangat selalu salam sksd semuanya salam suport❤❤❤❤❤❤❤❤❤❤❤,keren semangat selalu salam sksd semuanya salam suport,0.0,0.0,0.0,0.0,1.0
Tambah cantik mamah nur,0.0,Tambah cantik mamah nur,tambah cantik mamah nur,0.0,0.0,0.0,0.0,1.0
Mantap DObacot bikin nambah rezeki,0.0,Mantap DObacot bikin nambah rezeki,mantap dobacot bikin nambah rezeki,0.0,0.0,0.0,0.0,1.0
"Modal kecil main di 𝐃 𝙀 𝙒 𝘼 𝐷 𝑂 𝙍 𝐴, untung berkali-kali lipat! Mantap! ☦",1.0,"Modal kecil main di 𝐃 𝙀 𝙒 𝘼 𝐷 𝑂 𝙍 𝐴, untung berkali-kali lipat! Mantap! ☦",modal kecil main di d e w a d o r a untung berkali kali lipati mantapi,0.0,0.0,0.0,0.0,1.0
Main di 𝐷 E 𝐖 𝘼 𝘋 𝐎 Я А bikin auto happy! Rezeki emang gak salah alamat! ▶,1.0,Main di 𝐷 E 𝐖 𝘼 𝘋 𝐎 Я А bikin auto happy! Rezeki emang gak salah alamat! ▶,main di d e w a d o я а bikin auto happyi rezeki emang gak salah alamati,0.0,0.0,0.0,0.0,1.0
"Di 𝐃 𝘌 𝑊 𝘼 𝘋 𝐎 𝑅 𝐴 saya menemukan peluang, dari pegawai harian jadi pemilik usaha. 🏢",1.0,"Di 𝐃 𝘌 𝑊 𝘼 𝘋 𝐎 𝑅 𝐴 saya menemukan peluang, dari pegawai harian jadi pemilik usaha. 🏢",di d e w a d o r a saya menemukan peluang dari pegawai harian jadi pemilik usaha,0.0,0.0,0.0,0.0,1.0
"Gak pernah bosan main 𝘋 𝐸 𝑊 𝘈 D 𝑂 R 𝘼,selalu ada yang baru! 👋",1.0,"Gak pernah bosan main 𝘋 𝐸 𝑊 𝘈 D 𝑂 R 𝘼,selalu ada yang baru! 👋",gak pernah bosan main d e w a d o r a selalu ada yang barui,0.0,0.0,0.0,0.0,1.0
"Awalnya hanya iseng-iseng mencoba bermain 𝐃 𝐎 R A 7 𝟽,eh ternyata malah menjadi seorang ahli, rezeki pun datang terus menerus tanpa henti! 🐎",1.0,"Awalnya hanya iseng-iseng mencoba bermain 𝐃 𝐎 R A 7 𝟽,eh ternyata malah menjadi seorang ahli, rezeki pun datang terus menerus tanpa henti! 🐎",awalnya hanya iseng iseng mencoba bermain d o r a t t eh ternyata malah menjadi seorang ahli rezeki pun datang terus menerus tanpa hentii,0.0,0.0,0.0,0.0,1.0
"Di 𝐷 𝙊 R A 𝟳 7 mendukung transformasi saya, dari buruh tani jadi bos agribisnis. 🗿",1.0,"Di 𝐷 𝙊 R A 𝟳 7 mendukung transformasi saya, dari buruh tani jadi bos agribisnis. 🗿",di d o r a t t mendukung transformasi saya dari buruh tani jadi bos agribisnis,0.0,0.0,0.0,0.0,1.0
Hasil dari 𝐃 𝑂 Я А 7 𝟳 membuat saya merasa lebih leluasa dalam mengelola keuangan. 😚,1.0,Hasil dari 𝐃 𝑂 Я А 7 𝟳 membuat saya merasa lebih leluasa dalam mengelola keuangan. 😚,hasil dari d o я а t t membuat saya merasa lebih leluasa dalam mengelola keuangan,0.0,0.0,0.0,0.0,1.0
"Berkat D 𝘌 𝑊 A 𝘿 O 𝑅 A saya melesat, dari pengantar koran ke bos media. ⛰",1.0,"Berkat D 𝘌 𝑊 A 𝘿 O 𝑅 A saya melesat, dari pengantar koran ke bos media. ⛰",berkat d e w a d o r a saya melesat dari pengantar koran ke bos media,0.0,0.0,0.0,0.0,1.0
"Iseng-iseng mencoba bermain 𝘿 𝐎 R 𝐀 𝟩 𝟩, justru malah menjadi ahli, rezeki terus menerus datang! 🈁",1.0,"Iseng-iseng mencoba bermain 𝘿 𝐎 R 𝐀 𝟩 𝟩, justru malah menjadi ahli, rezeki terus menerus datang! 🈁",iseng iseng mencoba bermain d o r a t t justru malah menjadi ahli rezeki terus menerus datangi ココ,0.0,0.0,0.0,0.0,1.0
Keberuntungan besar bikin aku makin semangat main lagi di D 𝙊 R 𝘈 𝟽 7! 🚑,1.0,Keberuntungan besar bikin aku makin semangat main lagi di D 𝙊 R 𝘈 𝟽 7! 🚑,keberuntungan besar bikin aku makin semangat main lagi di d o r a t ti,0.0,0.0,0.0,0.0,1.0
Di D Е 𝘞 𝘈 𝐃 𝑂 𝙍 A memberikan modal tambahan untuk memulai usaha yang saya inginkan. 🦞,1.0,Di D Е 𝘞 𝘈 𝐃 𝑂 𝙍 A memberikan modal tambahan untuk memulai usaha yang saya inginkan. 🦞,di d е w a d o r a memberikan modal tambahan untuk memulai usaha yang saya inginkan,0.0,0.0,0.0,0.0,1.0
"Gak nyangka, cuma sekali main langsung dapet jakpot. Bener-bener gacir di 𝘋 Е W 𝘼 D O 𝙍 А! 🍔",1.0,"Gak nyangka, cuma sekali main langsung dapet jakpot. Bener-bener gacir di 𝘋 Е W 𝘼 D O 𝙍 А! 🍔",gak nyangka cuma sekali main langsung dapet jakpot bener bener gacir di d е w a d o r аi,0.0,0.0,0.0,0.0,1.0
Hasil dari D 𝘌 W 𝐴 𝘿 О Я 𝘈 membuktikan saya bisa beralih dari tukang jahit jadi pemilik butik. 🥍,1.0,Hasil dari D 𝘌 W 𝐴 𝘿 О Я 𝘈 membuktikan saya bisa beralih dari tukang jahit jadi pemilik butik. 🥍,hasil dari d e w a d о я a membuktikan saya bisa beralih dari tukang jahit jadi pemilik butik,0.0,0.0,0.0,0.0,1.0
"Happy banget bisa dapet rezeki besar dari D 𝐸 𝑊 𝐀 𝘿 𝙊 𝑅 𝐀, bener-bener puas! 🥚",1.0,"Happy banget bisa dapet rezeki besar dari D 𝐸 𝑊 𝐀 𝘿 𝙊 𝑅 𝐀, bener-bener puas! 🥚",happy banget bisa dapet rezeki besar dari d e w a d o r a bener bener puasi,0.0,0.0,0.0,0.0,1.0
"Wih, JP lagi dan lagi di 𝘋 O 𝑅 𝐴 𝟳 7, rezeki emang lagi berpihak! 🈚",1.0,"Wih, JP lagi dan lagi di 𝘋 O 𝑅 𝐴 𝟳 7, rezeki emang lagi berpihak! 🈚",wih jp lagi dan lagi di d o r a t t rezeki emang lagi berpihaki 無,0.0,0.0,0.0,0.0,1.0
Keuntungan di 𝘿 𝘌 𝘞 𝘼 𝐷 𝐎 𝙍 𝐴 membuka peluang modal untuk mengembangkan bisnis. 🐋,1.0,Keuntungan di 𝘿 𝘌 𝘞 𝘼 𝐷 𝐎 𝙍 𝐴 membuka peluang modal untuk mengembangkan bisnis. 🐋,keuntungan di d e w a d o r a membuka peluang modal untuk mengembangkan bisnis,0.0,0.0,0.0,0.0,1.0
"Bermain di D 𝘌 𝐖 A 𝘋 О R 𝘈 membuka jalan, dari petani kecil ke pengusaha sukses. 🪀",1.0,"Bermain di D 𝘌 𝐖 A 𝘋 О R 𝘈 membuka jalan, dari petani kecil ke pengusaha sukses. 🪀",bermain di d e w a d о r a membuka jalan dari petani kecil ke pengusaha sukses,0.0,0.0,0.0,0.0,1.0
Beberapa pengguna menemukan D 𝐄 𝑊 А 𝘿 𝙊 𝙍 А sebagai alat yang berharga untuk berjejaring. 🤙,1.0,Beberapa pengguna menemukan D 𝐄 𝑊 А 𝘿 𝙊 𝙍 А sebagai alat yang berharga untuk berjejaring. 🤙,beberapa pengguna menemukan d e w а d o r а sebagai alat yang berharga untuk berjejaring,0.0,0.0,0.0,0.0,1.0
Keuntungan di 𝐃 O 𝑅 𝐴 7 𝟳 membuka jalan bagi saya untuk memiliki rumah yang layak. 🍉,1.0,Keuntungan di 𝐃 O 𝑅 𝐴 7 𝟳 membuka jalan bagi saya untuk memiliki rumah yang layak. 🍉,keuntungan di d o r a t t membuka jalan bagi saya untuk memiliki rumah yang layak,0.0,0.0,0.0,0.0,1.0
"Liburan lebaran ke KEBUN BINATANG , PANTAI . Yang standar tempat ya kalau di JAKARTA dskt ya ke TMII , ANCOL DUFAN . Kebun Binatangnya ke TAMAN SAFARI PUNCAK CIANJUR 😢",0.0,"Liburan lebaran ke KEBUN BINATANG , PANTAI . Yang standar tempat ya kalau di JAKARTA dskt ya ke TMII , ANCOL DUFAN . Kebun Binatangnya ke TAMAN SAFARI PUNCAK CIANJUR 😢",liburan lebaran ke kebun binatang pantai yang standar tempat ya kalau di jakarta dskt ya ke tmii ancol dufan kebun binatangnya ke taman safari puncak cianjur,0.0,0.0,0.0,0.0,1.0
Lebaran acara ya rekreasi wisata liburan sama anak anak BRO !!!! . Semua Tempat Wisata penuh sama Anak - Anak Orang Tua dan Keluarga Besar 🎉,0.0,Lebaran acara ya rekreasi wisata liburan sama anak anak BRO !!!! . Semua Tempat Wisata penuh sama Anak - Anak Orang Tua dan Keluarga Besar 🎉,lebaran acara ya rekreasi wisata liburan sama anak anak bro iiii semua tempat wisata penuh sama anak anak orang tua dan keluarga besar,0.0,0.0,0.0,0.0,1.0
"Rezeki datang tak terduga di DEW𝐀𝘋O𝘙𝐴, coba dan buktikan sendiri!",1.0,"Rezeki datang tak terduga di DEW𝐀𝘋O𝘙𝐴, coba dan buktikan sendiri!",rezeki datang tak terduga di dewadora coba dan buktikan sendirii,0.0,0.0,0.0,0.0,1.0
Keuntungan dari D𝑂𝙍А𝟽𝟩 memungkinkan saya memiliki rumah idaman.,1.0,Keuntungan dari D𝑂𝙍А𝟽𝟩 memungkinkan saya memiliki rumah idaman.,keuntungan dari dorаtt memungkinkan saya memiliki rumah idaman,0.0,0.0,0.0,0.0,1.0
Berkat D𝙊𝐑𝐴𝟩𝟩 saya mendapatkan dana untuk mengembangkan usaha saya.,1.0,Berkat D𝙊𝐑𝐴𝟩𝟩 saya mendapatkan dana untuk mengembangkan usaha saya.,berkat doratt saya mendapatkan dana untuk mengembangkan usaha saya,0.0,0.0,0.0,0.0,1.0
"Hasil nyata di 𝐃𝘖Я𝘼𝟩𝟩 mengantar saya, dari kuli bangunan jadi pemilik perusahaan.",1.0,"Hasil nyata di 𝐃𝘖Я𝘼𝟩𝟩 mengantar saya, dari kuli bangunan jadi pemilik perusahaan.",hasil nyata di doяatt mengantar saya dari kuli bangunan jadi pemilik perusahaan,0.0,0.0,0.0,0.0,1.0
Semua bisa terjadi di D𝑂𝐑𝘈𝟳𝟳. Buktikan sendiri kalau kamu juga bisa menang!,1.0,Semua bisa terjadi di D𝑂𝐑𝘈𝟳𝟳. Buktikan sendiri kalau kamu juga bisa menang!,semua bisa terjadi di doratt buktikan sendiri kalau kamu juga bisa menangi,0.0,0.0,0.0,0.0,1.0
"Baru coba main di 𝐃O𝘙𝐴𝟩7, eh rezekinya langsung gacir. Mantap banget!",1.0,"Baru coba main di 𝐃O𝘙𝐴𝟩7, eh rezekinya langsung gacir. Mantap banget!",baru coba main di doratt eh rezekinya langsung gacir mantap bangeti,0.0,0.0,0.0,0.0,1.0
"Melalui 𝐃𝘖𝐑A𝟩𝟩 saya bertransformasi, dari penjaja gorengan menjadi pemilik kafe.",1.0,"Melalui 𝐃𝘖𝐑A𝟩𝟩 saya bertransformasi, dari penjaja gorengan menjadi pemilik kafe.",melalui doratt saya bertransformasi dari penjaja gorengan menjadi pemilik kafe,0.0,0.0,0.0,0.0,1.0
"Kece badai! Main di 𝘿𝐄𝑊𝘈𝘋О𝘙𝐀 lancar, cuan juga lancar jaya!",1.0,"Kece badai! Main di 𝘿𝐄𝑊𝘈𝘋О𝘙𝐀 lancar, cuan juga lancar jaya!",kece badaii main di dewadоra lancar cuan juga lancar jayai,0.0,0.0,0.0,0.0,1.0
"Main bareng teman di 𝐃Е𝘞А𝘋ORА makin seru, makin banyak cuan!",1.0,"Main bareng teman di 𝐃Е𝘞А𝘋ORА makin seru, makin banyak cuan!",main bareng teman di dеwаdorа makin seru makin banyak cuani,0.0,0.0,0.0,0.0,1.0
𝐃ОЯ𝐀𝟳7 menawarkan tim dukungan yang responsif dan bermanfaat.,1.0,𝐃ОЯ𝐀𝟳7 menawarkan tim dukungan yang responsif dan bermanfaat.,dояatt menawarkan tim dukungan yang responsif dan bermanfaat,0.0,0.0,0.0,0.0,1.0
"Di DО𝙍𝐴7𝟽 saya menemukan peluang, dari penjaja nasi goreng jadi pemilik usaha makanan.",1.0,"Di DО𝙍𝐴7𝟽 saya menemukan peluang, dari penjaja nasi goreng jadi pemilik usaha makanan.",di dоratt saya menemukan peluang dari penjaja nasi goreng jadi pemilik usaha makanan,0.0,0.0,0.0,0.0,1.0
"Dapet rezeki besar dari 𝐃𝙀𝑊𝘼𝐷𝙊𝙍𝘼, nggak nyangka main jadi seasyik ini!",1.0,"Dapet rezeki besar dari 𝐃𝙀𝑊𝘼𝐷𝙊𝙍𝘼, nggak nyangka main jadi seasyik ini!",dapet rezeki besar dari dewadora nggak nyangka main jadi seasyik inii,0.0,0.0,0.0,0.0,1.0
Bermain di 𝐷О𝘙А𝟳𝟳 membuat saya mampu mengatasi beban hutang dengan cepat.,1.0,Bermain di 𝐷О𝘙А𝟳𝟳 membuat saya mampu mengatasi beban hutang dengan cepat.,bermain di dоrаtt membuat saya mampu mengatasi beban hutang dengan cepat,0.0,0.0,0.0,0.0,1.0
"Beneran nih, cuma sekali main langsung dapet hasil gede di 𝐷О𝙍𝘈𝟽7. Kalian nggak penasaran?",1.0,"Beneran nih, cuma sekali main langsung dapet hasil gede di 𝐷О𝙍𝘈𝟽7. Kalian nggak penasaran?",beneran nih cuma sekali main langsung dapet hasil gede di dоratt kalian nggak penasaran,0.0,0.0,0.0,0.0,1.0
𝐷O𝑅𝘼𝟩𝟽 menyediakan platform untuk pertumbuhan dan pengembangan diri.,1.0,𝐷O𝑅𝘼𝟩𝟽 menyediakan platform untuk pertumbuhan dan pengembangan diri.,doratt menyediakan platform untuk pertumbuhan dan pengembangan diri,0.0,0.0,0.0,0.0,1.0
Beberapa pengguna melaporkan hasil positif dari penggunaan D𝘌WA𝘿𝙊R𝐴.,1.0,Beberapa pengguna melaporkan hasil positif dari penggunaan D𝘌WA𝘿𝙊R𝐴.,beberapa pengguna melaporkan hasil positif dari penggunaan dewadora,0.0,0.0,0.0,0.0,1.0
"Malam ini beruntung banget main di 𝘿𝑂𝑅A𝟩𝟩, hasilnya luar biasa!",1.0,"Malam ini beruntung banget main di 𝘿𝑂𝑅A𝟩𝟩, hasilnya luar biasa!",malam ini beruntung banget main di doratt hasilnya luar biasai,0.0,0.0,0.0,0.0,1.0
Hasil positif di DEW𝐴𝐷𝑂Я𝘈 membantu saya menyelesaikan kewajiban finansial.,1.0,Hasil positif di DEW𝐴𝐷𝑂Я𝘈 membantu saya menyelesaikan kewajiban finansial.,hasil positif di dewadoяa membantu saya menyelesaikan kewajiban finansial,0.0,0.0,0.0,0.0,1.0
Jakpot besar di 𝐷𝙀𝙒𝘼𝘿О𝐑𝘈 bikin hari semakin cerah. Siapa cepat dia dapat!,1.0,Jakpot besar di 𝐷𝙀𝙒𝘼𝘿О𝐑𝘈 bikin hari semakin cerah. Siapa cepat dia dapat!,jakpot besar di dewadоra bikin hari semakin cerah siapa cepat dia dapati,0.0,0.0,0.0,0.0,1.0
Modal yang diperoleh dari 𝐃ОЯ𝘈𝟩7 membuka peluang untuk usaha yang lebih berkembang.,1.0,Modal yang diperoleh dari 𝐃ОЯ𝘈𝟩7 membuka peluang untuk usaha yang lebih berkembang.,modal yang diperoleh dari dояatt membuka peluang untuk usaha yang lebih berkembang,0.0,0.0,0.0,0.0,1.0
"𝐆a ny𝘦sel maen di 𝐷𝐸𝐖𝐀𝘿𝐎R𝐴, utan𝐠 bere𝐬 se𝙢ua",1.0,"𝐆a ny𝘦sel maen di 𝐷𝐸𝐖𝐀𝘿𝐎R𝐴, utan𝐠 bere𝐬 se𝙢ua",ga nyesel maen di dewadora utang beres semua,0.0,0.0,0.0,0.0,1.0
"𝘋O𝘙𝘼𝟽7 gaci𝘳 pa𝐫ah, 𝙙epo re𝙘eh аja bis𝐚 meks𝙬in berkalі-kali",1.0,"𝘋O𝘙𝘼𝟽7 gaci𝘳 pa𝐫ah, 𝙙epo re𝙘eh аja bis𝐚 meks𝙬in berkalі-kali",doratt gacir parah depo receh aja bisa mekswin berkali kali,0.0,0.0,0.0,0.0,1.0
"Dari рertama 𝙢ain sa𝘮pe sk𝘳g, d𝘪 𝘋E𝘞A𝐃ОЯ𝘼 g𝙖 perna𝘩 zo𝐧k",1.0,"Dari рertama 𝙢ain sa𝘮pe sk𝘳g, d𝘪 𝘋E𝘞A𝐃ОЯ𝘼 g𝙖 perna𝘩 zo𝐧k",dari pertama main sampe skrg di dewadояa ga pernah zonk,0.0,0.0,0.0,0.0,1.0
"𝐷𝑂𝙍A𝟳𝟽, mekswi𝐧 t𝙚rus tiap har𝙞",1.0,"𝐷𝑂𝙍A𝟳𝟽, mekswi𝐧 t𝙚rus tiap har𝙞",doratt mekswin terus tiap hari,0.0,0.0,0.0,0.0,1.0
𝘿𝐎𝑅𝐀𝟩𝟩 𝐣uara mekswin!,1.0,𝘿𝐎𝑅𝐀𝟩𝟩 𝐣uara mekswin!,doratt juara mekswini,0.0,0.0,0.0,0.0,1.0
"𝐷𝐎𝐑𝘼𝟳𝟳 g𝙖chor pa𝙧ah, biki𝘯 lup𝐚 𝙬aktu 𝘬arena nagiһ mae𝙣nya",1.0,"𝐷𝐎𝐑𝘼𝟳𝟳 g𝙖chor pa𝙧ah, biki𝘯 lup𝐚 𝙬aktu 𝘬arena nagiһ mae𝙣nya",doratt gachor parah bikin lupa waktu karena nagih maennya,0.0,0.0,0.0,0.0,1.0
"Baru ma𝙞n depo 50, langs𝙪ng ja𝘥i 5 ju𝙩a dі 𝘿𝙊𝙍𝘈𝟩𝟩, go𝐤il ѕih",1.0,"Baru ma𝙞n depo 50, langs𝙪ng ja𝘥i 5 ju𝙩a dі 𝘿𝙊𝙍𝘈𝟩𝟩, go𝐤il ѕih",baru main depo so langsung jadi s juta di doratt gokil sih,0.0,0.0,0.0,0.0,1.0
"𝘨acir bgt, lang𝐬ung 𝐣epe di 𝐷Е𝙒𝐀𝐃𝐎ЯА",1.0,"𝘨acir bgt, lang𝐬ung 𝐣epe di 𝐷Е𝙒𝐀𝐃𝐎ЯА",gacir bgt langsung jepe di dеwadoяа,0.0,0.0,0.0,0.0,1.0
"𝘋𝘖ЯA𝟩𝟳 emang gacir pa𝐫ah, ut𝐚ng nu𝐦puk jadi luпas semuа",1.0,"𝘋𝘖ЯA𝟩𝟳 emang gacir pa𝐫ah, ut𝐚ng nu𝐦puk jadi luпas semuа",doяatt emang gacir parah utang numpuk jadi luпas semua,0.0,0.0,0.0,0.0,1.0
"𝐃𝘖𝑅A𝟩𝟽, mekswiп terus tіap ha𝘳i",1.0,"𝐃𝘖𝑅A𝟩𝟽, mekswiп terus tіap ha𝘳i",doratt mekswiп terus tiap hari,0.0,0.0,0.0,0.0,1.0
"Вaru c𝐨ba 𝘮aen di 𝐃𝘖𝐑𝐴𝟳𝟳, langsung υtang kelаr 𝙨emua",1.0,"Вaru c𝐨ba 𝘮aen di 𝐃𝘖𝐑𝐴𝟳𝟳, langsung υtang kelаr 𝙨emua",вaru coba maen di doratt langsung υtang kelar semua,0.0,0.0,0.0,0.0,1.0
Hasil dari 𝘋𝐎RA7𝟩 membuktikan saya bisa beralih dari penjual kaki lima jadi pemilik restoran.,1.0,Hasil dari 𝘋𝐎RA7𝟩 membuktikan saya bisa beralih dari penjual kaki lima jadi pemilik restoran.,hasil dari doratt membuktikan saya bisa beralih dari penjual kaki lima jadi pemilik restoran,0.0,0.0,0.0,0.0,1.0
Di 𝘿𝙀𝐖A𝐷𝙊𝙍𝐀 membuat saya bisa membeli rumah dengan hasil yang memuaskan.,1.0,Di 𝘿𝙀𝐖A𝐷𝙊𝙍𝐀 membuat saya bisa membeli rumah dengan hasil yang memuaskan.,di dewadora membuat saya bisa membeli rumah dengan hasil yang memuaskan,0.0,0.0,0.0,0.0,1.0
Banyak pengguna yang menemukan D𝐸𝑊АD𝙊𝙍A sebagai sumber daya yang berharga.,1.0,Banyak pengguna yang menemukan D𝐸𝑊АD𝙊𝙍A sebagai sumber daya yang berharga.,banyak pengguna yang menemukan dewаdora sebagai sumber daya yang berharga,0.0,0.0,0.0,0.0,1.0
Modal yang diperoleh dari 𝐃E𝘞𝘼𝐃𝐎𝐑𝘼 sangat berarti bagi usaha saya.,1.0,Modal yang diperoleh dari 𝐃E𝘞𝘼𝐃𝐎𝐑𝘼 sangat berarti bagi usaha saya.,modal yang diperoleh dari dewadora sangat berarti bagi usaha saya,0.0,0.0,0.0,0.0,1.0
Hasil dari 𝐷𝘌𝑊𝘈𝘋𝑂R𝘈 membuktikan saya bisa beralih dari penjual keliling jadi pengusaha kopi.,1.0,Hasil dari 𝐷𝘌𝑊𝘈𝘋𝑂R𝘈 membuktikan saya bisa beralih dari penjual keliling jadi pengusaha kopi.,hasil dari dewadora membuktikan saya bisa beralih dari penjual keliling jadi pengusaha kopi,0.0,0.0,0.0,0.0,1.0
Main di 𝐷𝘌𝙒𝘼𝘿𝑂𝘙A bikin nagih! Pengen main terus!,1.0,Main di 𝐷𝘌𝙒𝘼𝘿𝑂𝘙A bikin nagih! Pengen main terus!,main di dewadora bikin nagihi pengen main terusi,0.0,0.0,0.0,0.0,1.0
"Di 𝘿Е𝐖𝘈𝐃𝙊𝘙𝘼 saya mendapat peluang, dari sopir angkot jadi pengusaha sukses.",1.0,"Di 𝘿Е𝐖𝘈𝐃𝙊𝘙𝘼 saya mendapat peluang, dari sopir angkot jadi pengusaha sukses.",di dеwadora saya mendapat peluang dari sopir angkot jadi pengusaha sukses,0.0,0.0,0.0,0.0,1.0
Hasil dari 𝘿𝐸W𝘈𝘿𝘖𝑅𝘈 membuat saya bisa membayar hutang dengan mudah.,1.0,Hasil dari 𝘿𝐸W𝘈𝘿𝘖𝑅𝘈 membuat saya bisa membayar hutang dengan mudah.,hasil dari dewadora membuat saya bisa membayar hutang dengan mudah,0.0,0.0,0.0,0.0,1.0
"Bermain di 𝘋E𝘞А𝘋𝘖𝐑А membantu saya bertransformasi, dari penjaja es kelapa jadi pemilik kedai es.",1.0,"Bermain di 𝘋E𝘞А𝘋𝘖𝐑А membantu saya bertransformasi, dari penjaja es kelapa jadi pemilik kedai es.",bermain di dewаdorа membantu saya bertransformasi dari penjaja es kelapa jadi pemilik kedai es,0.0,0.0,0.0,0.0,1.0
𝘋Е𝐖𝐀𝐃𝘖𝑅𝘼 memberikan kesempatan untuk terhubung dengan beragam orang.,1.0,𝘋Е𝐖𝐀𝐃𝘖𝑅𝘼 memberikan kesempatan untuk terhubung dengan beragam orang.,dеwadora memberikan kesempatan untuk terhubung dengan beragam orang,0.0,0.0,0.0,0.0,1.0
"Jakpot hari ini bikin aku makin semangat, cuma di 𝘋𝐄𝘞AD𝘖𝙍А!",1.0,"Jakpot hari ini bikin aku makin semangat, cuma di 𝘋𝐄𝘞AD𝘖𝙍А!",jakpot hari ini bikin aku makin semangat cuma di dewadorаi,0.0,0.0,0.0,0.0,1.0
Hasil dari D𝙀W𝐴𝘿О𝙍А membuktikan saya bisa beralih dari tukang sayur jadi bos supermarket.,1.0,Hasil dari D𝙀W𝐴𝘿О𝙍А membuktikan saya bisa beralih dari tukang sayur jadi bos supermarket.,hasil dari dewadоrа membuktikan saya bisa beralih dari tukang sayur jadi bos supermarket,0.0,0.0,0.0,0.0,1.0
Bermain di 𝘿𝘌𝘞𝘼𝘋ОR𝐀 membuka peluang modal untuk memulai usaha baru.,1.0,Bermain di 𝘿𝘌𝘞𝘼𝘋ОR𝐀 membuka peluang modal untuk memulai usaha baru.,bermain di dewadоra membuka peluang modal untuk memulai usaha baru,0.0,0.0,0.0,0.0,1.0
Keuntungan di 𝘿ORA𝟳𝟳 memungkinkan saya merealisasikan impian beli rumah.,1.0,Keuntungan di 𝘿ORA𝟳𝟳 memungkinkan saya merealisasikan impian beli rumah.,keuntungan di doratt memungkinkan saya merealisasikan impian beli rumah,0.0,0.0,0.0,0.0,1.0
"Hasil nyata di 𝘋𝙀WA𝐃О𝙍𝘈 mengantar saya, dari penjual keliling jadi pemilik warung kopi.",1.0,"Hasil nyata di 𝘋𝙀WA𝐃О𝙍𝘈 mengantar saya, dari penjual keliling jadi pemilik warung kopi.",hasil nyata di dewadоra mengantar saya dari penjual keliling jadi pemilik warung kopi,0.0,0.0,0.0,0.0,1.0
"Gak nyangka bisa menang sebanyak ini di D𝙀W𝐀DO𝑅𝘈, impian jadi nyata!",1.0,"Gak nyangka bisa menang sebanyak ini di D𝙀W𝐀DO𝑅𝘈, impian jadi nyata!",gak nyangka bisa menang sebanyak ini di dewadora impian jadi nyatai,0.0,0.0,0.0,0.0,1.0
D𝐎ЯA𝟽𝟽 memberikan kesempatan untuk mencoba sesuatu yang baru.,1.0,D𝐎ЯA𝟽𝟽 memberikan kesempatan untuk mencoba sesuatu yang baru.,doяatt memberikan kesempatan untuk mencoba sesuatu yang baru,0.0,0.0,0.0,0.0,1.0
Berkat 𝘋𝑂𝘙A7𝟳 saya mendapatkan kepercayaan untuk memulai usaha baru.,1.0,Berkat 𝘋𝑂𝘙A7𝟳 saya mendapatkan kepercayaan untuk memulai usaha baru.,berkat doratt saya mendapatkan kepercayaan untuk memulai usaha baru,0.0,0.0,0.0,0.0,1.0
"JP lagi, JP lagi di 𝐷Е𝐖𝘼𝘿OR𝘼! Rezeki emang lagi bagus!",1.0,"JP lagi, JP lagi di 𝐷Е𝐖𝘼𝘿OR𝘼! Rezeki emang lagi bagus!",jp lagi jp lagi di dеwadorai rezeki emang lagi bagusi,0.0,0.0,0.0,0.0,1.0
"Berkat 𝘋𝐎𝙍𝐀𝟽𝟳 saya melesat, dari penjual keliling ke bos warung kopi.",1.0,"Berkat 𝘋𝐎𝙍𝐀𝟽𝟳 saya melesat, dari penjual keliling ke bos warung kopi.",berkat doratt saya melesat dari penjual keliling ke bos warung kopi,0.0,0.0,0.0,0.0,1.0
D𝙀𝑊𝘈D𝘖𝙍𝘼 memberikan kesempatan untuk mencoba sesuatu yang baru.,1.0,D𝙀𝑊𝘈D𝘖𝙍𝘼 memberikan kesempatan untuk mencoba sesuatu yang baru.,dewadora memberikan kesempatan untuk mencoba sesuatu yang baru,0.0,0.0,0.0,0.0,1.0
Mntap,0.0,Mntap,mntap,0.0,0.0,0.0,0.0,1.0
Masya Allah saya juga buat papata mamanur emang enak bangat 👍🏾👍🏾❤️❤️,0.0,Masya Allah saya juga buat papata mamanur emang enak bangat 👍🏾👍🏾❤️❤️,masya allah saya juga buat papata mamanur emang enak bangat,0.0,0.0,0.0,0.0,1.0
Cbanknoporbijinsnbssyabakalbakiklgitenenbssysjugavilangebakopornyakucutenenbsayanainmknboporayamssnpaigekebg2ssjingebakbyanknjetpatnanbshtpiopornyatfkmsuhabyanibtakuahoporbysdsnbikangihukbissyanssskssnpaijatagijiebaknyabgtjatanya,0.0,Cbanknoporbijinsnbssyabakalbakiklgitenenbssysjugavilangebakopornyakucutenenbsayanainmknboporayamssnpaigekebg2ssjingebakbyanknjetpatnanbshtpiopornyatfkmsuhabyanibtakuahoporbysdsnbikangihukbissyanssskssnpaijatagijiebaknyabgtjatanya,cbanknoporbijinsnbssyabakalbakiklgitenenbssysjugavilangebakopornyakucutenenbsayanainmknboporayamssnpaigekebg 2 ssjingebakbyanknjetpatnanbshtpiopornyatfkmsuhabyanibtakuahoporbysdsnbikangihukbissyanssskssnpaijatagijiebaknyabgtjatanya,0.0,0.0,0.0,0.0,1.0
OporsyamkkbjmbujadiganpangRelebihenaksedapbsesngnerahputihlsdsketunbarsrdikittrskemitibkenderayanjanoubgtarohrebusbsrengssnabunbutahisakankengjussdedijitasstarohssntantamvahgaramgulasdcujuobysabruficicitunggusamosiatanempukyahmstrngbertabgdjhnduksoajybunbujsdioebyedasayajesringanmskoakrvujbuhjjbubgtssjitstrojrmohinbksshsayssedekshtuoengibstabbstrokessyakeBCSRarisugisrti5730433482dukunebekayreloetnahysjugadotssysstroketapisdhsehatsejsrangmshadasissobstbolehrelkirimkannjesayajkomautrkponnkessYaRatisugisrti5739423481wsdsnbtelponbbisstaalanatbuatibatRatijlnbTanjjngGg4/73Banyumaspurwokertojawstengah,0.0,OporsyamkkbjmbujadiganpangRelebihenaksedapbsesngnerahputihlsdsketunbarsrdikittrskemitibkenderayanjanoubgtarohrebusbsrengssnabunbutahisakankengjussdedijitasstarohssntantamvahgaramgulasdcujuobysabruficicitunggusamosiatanempukyahmstrngbertabgdjhnduksoajybunbujsdioebyedasayajesringanmskoakrvujbuhjjbubgtssjitstrojrmohinbksshsayssedekshtuoengibstabbstrokessyakeBCSRarisugisrti5730433482dukunebekayreloetnahysjugadotssysstroketapisdhsehatsejsrangmshadasissobstbolehrelkirimkannjesayajkomautrkponnkessYaRatisugisrti5739423481wsdsnbtelponbbisstaalanatbuatibatRatijlnbTanjjngGg4/73Banyumaspurwokertojawstengah,oporsyamkkbjmbujadiganpangrelebihenaksedapbsesngnerahputihlsdsketunbarsrdikittrskemitibkenderayanjanoubgtarohrebusbsrengssnabunbutahisakankengjussdedijitasstarohssntantamvahgaramgulasdcujuobysabruficicitunggusamosiatanempukyahmstrngbertabgdjhnduksoajybunbujsdioebyedasayajesringanmskoakrvujbuhjjbubgtssjitstrojrmohinbksshsayssedekshtuoengibstabbstrokessyakebcsrarisugisrtisteoaeeab 2 dukunebekayreloetnahysjugadotssysstroketapisdhsehatsejsrangmshadasissobstbolehrelkirimkannjesayajkomautrkponnkessyaratisugisrtistega 2 eabiwsdsnbtelponbbisstaalanatbuatibatratijlnbtanjjnggga tebanyumaspurwokertojawstengah,0.0,0.0,0.0,0.0,0.0
Happy lebaran 😊 semangat masak opor ayam dkk 🔥🤪,0.0,Happy lebaran 😊 semangat masak opor ayam dkk 🔥🤪,happy lebaran semangat masak opor ayam dkk,0.0,0.0,0.0,0.0,0.0
Isi komentarnya orang promosi judol,0.0,Isi komentarnya orang promosi judol,isi komentarnya orang promosi judol,0.0,0.0,0.0,0.0,1.0
𝘿EW𝐀𝘋О𝙍𝘼 emang is the best! JP-nya bikin mata terbelalak!,1.0,𝘿EW𝐀𝘋О𝙍𝘼 emang is the best! JP-nya bikin mata terbelalak!,dewadоra emang is the besti jp nya bikin mata terbelalaki,0.0,0.0,0.0,0.0,1.0
Modal tambahan dari 𝘋𝘖𝘙𝘈𝟳𝟽 meningkatkan kemampuan saya untuk berwirausaha.,1.0,Modal tambahan dari 𝘋𝘖𝘙𝘈𝟳𝟽 meningkatkan kemampuan saya untuk berwirausaha.,modal tambahan dari doratt meningkatkan kemampuan saya untuk berwirausaha,0.0,0.0,0.0,0.0,1.0
"Rezeki dari DОR𝐀77 emang gak ada duanya, terima kasih ya Allah atas limpahan rezeki-Mu!",1.0,"Rezeki dari DОR𝐀77 emang gak ada duanya, terima kasih ya Allah atas limpahan rezeki-Mu!",rezeki dari dоratt emang gak ada duanya terima kasih ya allah atas limpahan rezeki mui,0.0,0.0,0.0,0.0,1.0
"𝘿𝐎ЯА𝟩𝟽 bikin ketagihan, pengen main terus dan terus!",1.0,"𝘿𝐎ЯА𝟩𝟽 bikin ketagihan, pengen main terus dan terus!",doяаtt bikin ketagihan pengen main terus dan terusi,0.0,0.0,0.0,0.0,0.0
"Pelayanan 𝐃𝙀W𝐀𝐷𝐎ЯА super ramah, puas banget!",1.0,"Pelayanan 𝐃𝙀W𝐀𝐷𝐎ЯА super ramah, puas banget!",pelayanan dewadoяа super ramah puas bangeti,0.0,0.0,0.0,0.0,1.0
"𝘋𝙊𝐑𝘼𝟽𝟩 bikin hidup makin berwarna, cuan gak berhenti!",1.0,"𝘋𝙊𝐑𝘼𝟽𝟩 bikin hidup makin berwarna, cuan gak berhenti!",doratt bikin hidup makin berwarna cuan gak berhentii,0.0,0.0,0.0,0.0,1.0
𝐷𝙀𝙒𝘼𝐷𝐎𝙍𝐴 menawarkan pendekatan yang berbeda untuk interaksi daring.,1.0,𝐷𝙀𝙒𝘼𝐷𝐎𝙍𝐴 menawarkan pendekatan yang berbeda untuk interaksi daring.,dewadora menawarkan pendekatan yang berbeda untuk interaksi daring,0.0,0.0,0.0,0.0,0.0
Di 𝘋𝘌W𝐴𝘋𝙊𝐑𝘼 adalah solusi bagi saya untuk bayar hutang secara efektif.,1.0,Di 𝘋𝘌W𝐴𝘋𝙊𝐑𝘼 adalah solusi bagi saya untuk bayar hutang secara efektif.,di dewadora adalah solusi bagi saya untuk bayar hutang secara efektif,0.0,0.0,0.0,0.0,1.0
Yg pertama,0.0,Yg pertama,yg pertama,0.0,0.0,0.0,0.0,1.0
𝘿𝐎𝙍A𝟳𝟳 e𝙢ang juar𝘢 maxwi𝙣,1.0,𝘿𝐎𝙍A𝟳𝟳 e𝙢ang juar𝘢 maxwi𝙣,doratt emang juara maxwin,0.0,0.0,0.0,0.0,1.0
"Situ𝐬 terbaik, 𝘋𝐎𝘙A𝟳𝟳 gac𝘰r",1.0,"Situ𝐬 terbaik, 𝘋𝐎𝘙A𝟳𝟳 gac𝘰r",situs terbaik doratt gacor,0.0,0.0,0.0,0.0,1.0
"𝐾etagihan 𝐦ain di 𝘋𝙀WAD𝙊𝐑𝘈, gachor t𝙚rus jepey ga a𝘥a la𝘸an",1.0,"𝐾etagihan 𝐦ain di 𝘋𝙀WAD𝙊𝐑𝘈, gachor t𝙚rus jepey ga a𝘥a la𝘸an",ketagihan main di dewadora gachor terus jepey ga ada lawan,0.0,0.0,0.0,0.0,1.0
"D𝙀𝑊𝘼𝘿𝐎𝙍А g𝙖cir, m𝐞nang te𝘳us!",1.0,"D𝙀𝑊𝘼𝘿𝐎𝙍А g𝙖cir, m𝐞nang te𝘳us!",dewadorа gacir menang terusi,0.0,0.0,0.0,0.0,1.0
"Gа b𝙤ong, di 𝘋E𝙒𝘈𝐷𝙊𝙍А de𝙥o kеcil doa𝘯g bisa maxwin berkali-kaⅼi",1.0,"Gа b𝙤ong, di 𝘋E𝙒𝘈𝐷𝙊𝙍А de𝙥o kеcil doa𝘯g bisa maxwin berkali-kaⅼi",ga boong di dewadorа depo kecil doang bisa maxwin berkali kali,0.0,0.0,0.0,0.0,1.0
"gacir bange𝐭 𝐝i 𝐷𝑂𝑅А7𝟩, langs𝙪ng 𝙟epe",1.0,"gacir bange𝐭 𝐝i 𝐷𝑂𝑅А7𝟩, langs𝙪ng 𝙟epe",gacir banget di dorаtt langsung jepe,0.0,0.0,0.0,0.0,0.0
"Bi𝐤in ke𝐭agihan 𝘮ain ԁi 𝐃𝑂𝑅𝐴𝟩𝟳, g𝙖cor bener!",1.0,"Bi𝐤in ke𝐭agihan 𝘮ain ԁi 𝐃𝑂𝑅𝐴𝟩𝟳, g𝙖cor bener!",bikin ketagihan main di doratt gacor beneri,0.0,0.0,0.0,0.0,1.0
Ko yg coment judol semua,0.0,Ko yg coment judol semua,ko yg coment judol semua,0.0,0.0,0.0,0.0,1.0
"Berkat 𝘿E𝘞𝘈𝐃ОRА saya melesat, dari tukang sayur ke pengusaha supermarket.",1.0,"Berkat 𝘿E𝘞𝘈𝐃ОRА saya melesat, dari tukang sayur ke pengusaha supermarket.",berkat dewadоrа saya melesat dari tukang sayur ke pengusaha supermarket,0.0,0.0,0.0,0.0,1.0
"Sungguh edan! JP yang sangat fantastis dan luar biasa besar di 𝐃O𝘙𝐀𝟳𝟩, kembali memecahkan rekor yang ada!",1.0,"Sungguh edan! JP yang sangat fantastis dan luar biasa besar di 𝐃O𝘙𝐀𝟳𝟩, kembali memecahkan rekor yang ada!",sungguh edani jp yang sangat fantastis dan luar biasa besar di doratt kembali memecahkan rekor yang adai,0.0,0.0,0.0,0.0,1.0
Hasil di D𝐎𝑅𝘈𝟩𝟽 memberikan saya kepastian dalam melunasi semua hutang saya.,1.0,Hasil di D𝐎𝑅𝘈𝟩𝟽 memberikan saya kepastian dalam melunasi semua hutang saya.,hasil di doratt memberikan saya kepastian dalam melunasi semua hutang saya,0.0,0.0,0.0,0.0,1.0
Keuntungan dari DО𝘙𝐀𝟽𝟩 membantu saya merealisasikan impian memiliki rumah sendiri.,1.0,Keuntungan dari DО𝘙𝐀𝟽𝟩 membantu saya merealisasikan impian memiliki rumah sendiri.,keuntungan dari dоratt membantu saya merealisasikan impian memiliki rumah sendiri,0.0,0.0,0.0,0.0,1.0
"Bermain di 𝐷О𝐑𝘈𝟳𝟳 mengubah hidup saya, dari kuli bangunan jadi pemilik kontraktor.",1.0,"Bermain di 𝐷О𝐑𝘈𝟳𝟳 mengubah hidup saya, dari kuli bangunan jadi pemilik kontraktor.",bermain di dоratt mengubah hidup saya dari kuli bangunan jadi pemilik kontraktor,0.0,0.0,0.0,0.0,1.0
"Gacir banget tiap main di 𝐃EW𝘼𝘋𝘖𝘙𝘈, nggak pernah bikin kecewa!",1.0,"Gacir banget tiap main di 𝐃EW𝘼𝘋𝘖𝘙𝘈, nggak pernah bikin kecewa!",gacir banget tiap main di dewadora nggak pernah bikin kecewai,0.0,0.0,0.0,0.0,1.0
Berkat D𝙊Я𝐀𝟩𝟳 saya mendapatkan kepercayaan untuk memulai usaha baru.,1.0,Berkat D𝙊Я𝐀𝟩𝟳 saya mendapatkan kepercayaan untuk memulai usaha baru.,berkat doяatt saya mendapatkan kepercayaan untuk memulai usaha baru,0.0,0.0,0.0,0.0,1.0
"Berkat DЕWA𝘿𝑂𝘙𝐴 saya berubah, dari penjual bakso jadi bos restoran.",1.0,"Berkat DЕWA𝘿𝑂𝘙𝐴 saya berubah, dari penjual bakso jadi bos restoran.",berkat dеwadora saya berubah dari penjual bakso jadi bos restoran,0.0,0.0,0.0,0.0,1.0
"Berkat 𝘋𝐸𝑊A𝐃𝙊Я𝘼 saya berubah, dari penjual keliling jadi pemilik warung kopi.",1.0,"Berkat 𝘋𝐸𝑊A𝐃𝙊Я𝘼 saya berubah, dari penjual keliling jadi pemilik warung kopi.",berkat dewadoяa saya berubah dari penjual keliling jadi pemilik warung kopi,0.0,0.0,0.0,0.0,1.0
"Tarik semua kemenangan dari 𝘋𝘌𝙒𝐀𝐃OЯА, saatnya belanja!",1.0,"Tarik semua kemenangan dari 𝘋𝘌𝙒𝐀𝐃OЯА, saatnya belanja!",tarik semua kemenangan dari dewadoяа saatnya belanjai,0.0,0.0,0.0,0.0,1.0
Mencari tantangan baru? D𝙊R𝐴𝟽𝟩 bisa menjadi jawabannya.,1.0,Mencari tantangan baru? D𝙊R𝐴𝟽𝟩 bisa menjadi jawabannya.,mencari tantangan baru doratt bisa menjadi jawabannya,0.0,0.0,0.0,0.0,1.0
Di 𝘋OR𝘼𝟽𝟽 membantu saya mendapatkan modal usaha yang saya butuhkan.,1.0,Di 𝘋OR𝘼𝟽𝟽 membantu saya mendapatkan modal usaha yang saya butuhkan.,di doratt membantu saya mendapatkan modal usaha yang saya butuhkan,0.0,0.0,0.0,0.0,1.0
𝘿O𝙍𝘼7𝟽 memberikan kesempatan untuk mencoba sesuatu yang baru.,1.0,𝘿O𝙍𝘼7𝟽 memberikan kesempatan untuk mencoba sesuatu yang baru.,doratt memberikan kesempatan untuk mencoba sesuatu yang baru,0.0,0.0,0.0,0.0,1.0
"Tidak pernah merasa bosan sedikit pun bermain 𝐷𝘌W𝐴𝘿𝑂𝙍𝐴, karena selalu ada inovasi dan kejutan!",1.0,"Tidak pernah merasa bosan sedikit pun bermain 𝐷𝘌W𝐴𝘿𝑂𝙍𝐴, karena selalu ada inovasi dan kejutan!",tidak pernah merasa bosan sedikit pun bermain dewadora karena selalu ada inovasi dan kejutani,0.0,0.0,0.0,0.0,1.0
"Di 𝐃𝑂𝐑𝘼𝟩𝟳 mendukung transformasi saya, dari tukang ojek jadi pemilik armada.",1.0,"Di 𝐃𝑂𝐑𝘼𝟩𝟳 mendukung transformasi saya, dari tukang ojek jadi pemilik armada.",di doratt mendukung transformasi saya dari tukang ojek jadi pemilik armada,0.0,0.0,0.0,0.0,0.0
"Berkat 𝐃𝙀W𝘈𝘿𝙊𝙍А saya berubah, dari tukang cukur jadi pemilik salon.",1.0,"Berkat 𝐃𝙀W𝘈𝘿𝙊𝙍А saya berubah, dari tukang cukur jadi pemilik salon.",berkat dewadorа saya berubah dari tukang cukur jadi pemilik salon,0.0,0.0,0.0,0.0,1.0
"Jika Anda memprioritaskan kesederhanaan dan kenyamanan, 𝘿ОR𝘈7𝟽 layak dieksplorasi.",1.0,"Jika Anda memprioritaskan kesederhanaan dan kenyamanan, 𝘿ОR𝘈7𝟽 layak dieksplorasi.",jika anda memprioritaskan kesederhanaan dan kenyamanan dоratt layak dieksplorasi,0.0,0.0,0.0,0.0,1.0
Mencari platform yang mudah digunakan dan lugas? D𝙀W𝐴𝐃𝐎R𝘼 mungkin jawabannya.,1.0,Mencari platform yang mudah digunakan dan lugas? D𝙀W𝐴𝐃𝐎R𝘼 mungkin jawabannya.,mencari platform yang mudah digunakan dan lugas dewadora mungkin jawabannya,0.0,0.0,0.0,0.0,1.0
𝐷E𝐖А𝘋𝐎𝙍А adalah platform yang dirancang dengan mempertimbangkan pengguna.,1.0,𝐷E𝐖А𝘋𝐎𝙍А adalah platform yang dirancang dengan mempertimbangkan pengguna.,dewаdorа adalah platform yang dirancang dengan mempertimbangkan pengguna,0.0,0.0,0.0,0.0,1.0
"Gak nyangka bisa menang sebanyak ini di 𝘋Е𝘞𝘈𝘿ОЯ𝐀, serasa mimpi di siang bolong!",1.0,"Gak nyangka bisa menang sebanyak ini di 𝘋Е𝘞𝘈𝘿ОЯ𝐀, serasa mimpi di siang bolong!",gak nyangka bisa menang sebanyak ini di dеwadояa serasa mimpi di siang bolongi,0.0,0.0,0.0,0.0,1.0
"Gacir banget tiap main di 𝐷𝘖𝘙𝐴7𝟳, nggak pernah bikin kecewa!",1.0,"Gacir banget tiap main di 𝐷𝘖𝘙𝐴7𝟳, nggak pernah bikin kecewa!",gacir banget tiap main di doratt nggak pernah bikin kecewai,0.0,0.0,0.0,0.0,1.0
𝘿𝐎Я𝘈𝟳𝟩 menawarkan kesempatan untuk belajar dari orang lain.,1.0,𝘿𝐎Я𝘈𝟳𝟩 menawarkan kesempatan untuk belajar dari orang lain.,doяatt menawarkan kesempatan untuk belajar dari orang lain,0.0,0.0,0.0,0.0,1.0
"Berkat 𝘿𝐎𝘙𝘼7𝟽 saya bertransformasi, dari pengantar surat jadi manajer operasional.",1.0,"Berkat 𝘿𝐎𝘙𝘼7𝟽 saya bertransformasi, dari pengantar surat jadi manajer operasional.",berkat doratt saya bertransformasi dari pengantar surat jadi manajer operasional,0.0,0.0,0.0,0.0,1.0
"Seru banget main di 𝐷𝐄W𝐀𝘋𝑂RА, hasilnya bikin hidup lebih cerah!",1.0,"Seru banget main di 𝐷𝐄W𝐀𝘋𝑂RА, hasilnya bikin hidup lebih cerah!",seru banget main di dewadorа hasilnya bikin hidup lebih cerahi,0.0,0.0,0.0,0.0,1.0
"Hasil nyata di 𝐷𝐸𝘞ADO𝑅𝘈 mengantar saya, dari tukang bakso jadi bos restoran.",1.0,"Hasil nyata di 𝐷𝐸𝘞ADO𝑅𝘈 mengantar saya, dari tukang bakso jadi bos restoran.",hasil nyata di dewadora mengantar saya dari tukang bakso jadi bos restoran,0.0,0.0,0.0,0.0,1.0
Mencari platform yang mendengarkan penggunanya? D𝐎RA𝟳𝟽 mungkin jawabannya.,1.0,Mencari platform yang mendengarkan penggunanya? D𝐎RA𝟳𝟽 mungkin jawabannya.,mencari platform yang mendengarkan penggunanya doratt mungkin jawabannya,0.0,0.0,0.0,0.0,1.0
"Hasil nyata di 𝐷𝐸𝑊А𝐷𝙊R𝐴 mengantar saya, dari pembantu rumah jadi pemilik cleaning service.",1.0,"Hasil nyata di 𝐷𝐸𝑊А𝐷𝙊R𝐴 mengantar saya, dari pembantu rumah jadi pemilik cleaning service.",hasil nyata di dewаdora mengantar saya dari pembantu rumah jadi pemilik cleaning service,0.0,0.0,0.0,0.0,1.0
"Berkat 𝘋𝘌𝙒A𝐷𝙊𝘙𝐀 saya berubah, dari penjaja es kelapa jadi pemilik kedai es favorit.",1.0,"Berkat 𝘋𝘌𝙒A𝐷𝙊𝘙𝐀 saya berubah, dari penjaja es kelapa jadi pemilik kedai es favorit.",berkat dewadora saya berubah dari penjaja es kelapa jadi pemilik kedai es favorit,0.0,0.0,0.0,0.0,1.0
Rezeki datang dari 𝐷𝙀W𝘈𝐷𝙊𝙍А! Jangan sampai ketinggalan lagi!,1.0,Rezeki datang dari 𝐷𝙀W𝘈𝐷𝙊𝙍А! Jangan sampai ketinggalan lagi!,rezeki datang dari dewadorаi jangan sampai ketinggalan lagii,0.0,0.0,0.0,0.0,1.0
"Dengan 𝘋O𝐑𝘼𝟽7 saya sukses, dari penjual pulsa ke pengusaha teknologi.",1.0,"Dengan 𝘋O𝐑𝘼𝟽7 saya sukses, dari penjual pulsa ke pengusaha teknologi.",dengan doratt saya sukses dari penjual pulsa ke pengusaha teknologi,0.0,0.0,0.0,0.0,1.0
"Di 𝐃E𝑊А𝐷O𝘙𝘼 saya menemukan peluang, dari tukang kayu jadi pemilik toko furniture.",1.0,"Di 𝐃E𝑊А𝐷O𝘙𝘼 saya menemukan peluang, dari tukang kayu jadi pemilik toko furniture.",di dewаdora saya menemukan peluang dari tukang kayu jadi pemilik toko furniture,0.0,0.0,0.0,0.0,0.0
Sikat terus di 𝐷O𝑅𝐴𝟳𝟳! Dijamin cuan gak ada habisnya!,1.0,Sikat terus di 𝐷O𝑅𝐴𝟳𝟳! Dijamin cuan gak ada habisnya!,sikat terus di doratti dijamin cuan gak ada habisnyai,0.0,0.0,0.0,0.0,0.0
DE𝐖𝘈𝐷𝐎𝐑А menawarkan sekilas tentang masa depan interaksi daring.,1.0,DE𝐖𝘈𝐷𝐎𝐑А menawarkan sekilas tentang masa depan interaksi daring.,dewadorа menawarkan sekilas tentang masa depan interaksi daring,0.0,0.0,0.0,0.0,1.0
Bocot lu semua lu plagiat si el keceparan lu tiru anj 😒🤮,1.0,Bocot lu semua lu plagiat si el keceparan lu tiru anj 😒🤮,bocot lu semua lu plagiat si el keceparan lu tiru anj,0.0,0.0,0.0,0.0,1.0
Jangan pake sedaap 😢ngeri ada MSG ya . Cari merek lain yg   gak ada unsur MSG BRO 😢 . ASLI MSG itu memang sama sekali gak boleh Kita makan DARURAT MSG 😢,1.0,Jangan pake sedaap 😢ngeri ada MSG ya . Cari merek lain yg   gak ada unsur MSG BRO 😢 . ASLI MSG itu memang sama sekali gak boleh Kita makan DARURAT MSG 😢,jangan pake sedaap ngeri ada msg ya cari merek lain yg gak ada unsur msg bro asli msg itu memang sama sekali gak boleh kita makan darurat msg,0.0,0.0,0.0,0.0,0.0
Mencari tantangan baru? 🫀 𝘼EЯ𝙊𝟾8 🏞-bisa menjadi jawabannya.,1.0,Mencari tantangan baru? 🫀 𝘼EЯ𝙊𝟾8 🏞-bisa menjadi jawabannya.,mencari tantangan baru aeяobb bisa menjadi jawabannya,0.0,0.0,0.0,0.0,1.0
"Parah banget! 🟣 𝐴EЯ𝑂𝟾𝟾 ☹-bikin candu berat, susah banget buat berhenti!",1.0,"Parah banget! 🟣 𝐴EЯ𝑂𝟾𝟾 ☹-bikin candu berat, susah banget buat berhenti!",parah bangeti aeяobb bikin candu berat susah banget buat berhentii,0.0,0.0,0.0,0.0,1.0
"Begitu mantap! Bermain di 🎮 А𝐸𝘙𝘖𝟾𝟾 😍-lancar, rezeki pun mengalir dengan deras!",1.0,"Begitu mantap! Bermain di 🎮 А𝐸𝘙𝘖𝟾𝟾 😍-lancar, rezeki pun mengalir dengan deras!",begitu mantapi bermain di аerobb lancar rezeki pun mengalir dengan derasi,0.0,0.0,0.0,0.0,1.0
"JP bertubi-tubi di 📿 𝘼𝐄Я𝙊𝟪𝟴 🔅,lagi on fire banget nih!",1.0,"JP bertubi-tubi di 📿 𝘼𝐄Я𝙊𝟪𝟴 🔅,lagi on fire banget nih!",jp bertubi tubi di aeяobb lagi on fire banget nihi,0.0,0.0,0.0,0.0,0.0
"Nggak pernah gagal dapet menang besar di 🤭 𝘈ER𝙊𝟴𝟴 👕,luar biasa!",1.0,"Nggak pernah gagal dapet menang besar di 🤭 𝘈ER𝙊𝟴𝟴 👕,luar biasa!",nggak pernah gagal dapet menang besar di aerobb luar biasai,0.0,0.0,0.0,0.0,1.0
"Buat yang belum coba, kalian harus coba sekarang juga di 🏚 A𝐄R𝑂𝟴𝟪 🫦!",1.0,"Buat yang belum coba, kalian harus coba sekarang juga di 🏚 A𝐄R𝑂𝟴𝟪 🫦!",buat yang belum coba kalian harus coba sekarang juga di aerobb i,0.0,0.0,0.0,0.0,1.0
"Ternyata main di 😣 𝘈𝘌ЯO8𝟴 🎄-itu gacir beneran, hasilnya langsung terlihat!",1.0,"Ternyata main di 😣 𝘈𝘌ЯO8𝟴 🎄-itu gacir beneran, hasilnya langsung terlihat!",ternyata main di aeяobb itu gacir beneran hasilnya langsung terlihati,0.0,0.0,0.0,0.0,1.0
"Gak nyangka bisa menang sebanyak ini di 💨 АЕR𝙊8𝟴 🖋,serasa mimpi di siang bolong!",1.0,"Gak nyangka bisa menang sebanyak ini di 💨 АЕR𝙊8𝟴 🖋,serasa mimpi di siang bolong!",gak nyangka bisa menang sebanyak ini di аеrobb serasa mimpi di siang bolongi,0.0,0.0,0.0,0.0,1.0
"Rezeki yang diberikan 🌆 АЕ𝙍O𝟪𝟾 🚪-sungguh tiada tara, terima kasih Ya Allah!",1.0,"Rezeki yang diberikan 🌆 АЕ𝙍O𝟪𝟾 🚪-sungguh tiada tara, terima kasih Ya Allah!",rezeki yang diberikan аеrobb sungguh tiada tara terima kasih ya allahi,0.0,0.0,0.0,0.0,1.0
"Happy banget, cuma di 💦 𝘈𝐸𝘙O𝟾8 🖍-keberuntungan datang terus!",1.0,"Happy banget, cuma di 💦 𝘈𝐸𝘙O𝟾8 🖍-keberuntungan datang terus!",happy banget cuma di aerobb keberuntungan datang terusi,0.0,0.0,0.0,0.0,1.0
"Makasih 🛑 А𝙀ЯО𝟾𝟴 ♿,rezeki hari ini bikin hati senang banget!",1.0,"Makasih 🛑 А𝙀ЯО𝟾𝟴 ♿,rezeki hari ini bikin hati senang banget!",makasih аeяоbb rezeki hari ini bikin hati senang bangeti,0.0,0.0,0.0,0.0,1.0
"Di 𝘋𝐎𝑅A𝟳𝟳 saya menemukan peluang, dari tukang ojek jadi pemilik armada.",1.0,"Di 𝘋𝐎𝑅A𝟳𝟳 saya menemukan peluang, dari tukang ojek jadi pemilik armada.",di doratt saya menemukan peluang dari tukang ojek jadi pemilik armada,0.0,0.0,0.0,0.0,0.0
"Melalui 𝐷𝙊𝙍А𝟽7 saya berubah, dari pengantar koran ke pengusaha media.",1.0,"Melalui 𝐷𝙊𝙍А𝟽7 saya berubah, dari pengantar koran ke pengusaha media.",melalui dorаtt saya berubah dari pengantar koran ke pengusaha media,0.0,0.0,0.0,0.0,1.0
Beberapa pengguna melaporkan hasil positif dari penggunaan 𝐃𝐎Я𝐴𝟩𝟩.,1.0,Beberapa pengguna melaporkan hasil positif dari penggunaan 𝐃𝐎Я𝐴𝟩𝟩.,beberapa pengguna melaporkan hasil positif dari penggunaan doяatt,0.0,0.0,0.0,0.0,1.0
"Terima kasih 𝐷E𝙒𝘈𝐃OR𝐴, keberuntungan terus datang!",1.0,"Terima kasih 𝐷E𝙒𝘈𝐃OR𝐴, keberuntungan terus datang!",terima kasih dewadora keberuntungan terus datangi,0.0,0.0,0.0,0.0,0.0
"Dengan 𝐃Е𝙒А𝘋О𝘙𝐴 saya sukses, dari penjual kaki lima jadi pemilik restoran.",1.0,"Dengan 𝐃Е𝙒А𝘋О𝘙𝐴 saya sukses, dari penjual kaki lima jadi pemilik restoran.",dengan dеwаdоra saya sukses dari penjual kaki lima jadi pemilik restoran,0.0,0.0,0.0,0.0,1.0
"Udah banyak yang menang, saatnya kamu coba di 𝘋O𝐑𝘈𝟳𝟽 dan rasain sendiri!",1.0,"Udah banyak yang menang, saatnya kamu coba di 𝘋O𝐑𝘈𝟳𝟽 dan rasain sendiri!",udah banyak yang menang saatnya kamu coba di doratt dan rasain sendirii,0.0,0.0,0.0,0.0,1.0
"Di 𝘋𝐄𝙒А𝐷ОЯ𝐀 saya menemukan peluang, dari karyawan biasa jadi bos perusahaan.",1.0,"Di 𝘋𝐄𝙒А𝐷ОЯ𝐀 saya menemukan peluang, dari karyawan biasa jadi bos perusahaan.",di dewаdояa saya menemukan peluang dari karyawan biasa jadi bos perusahaan,0.0,0.0,0.0,0.0,1.0
Gak nyangka bisa menang segini di 𝘋𝘖𝘙𝐀𝟳7! Auto senyum lebar!,1.0,Gak nyangka bisa menang segini di 𝘋𝘖𝘙𝐀𝟳7! Auto senyum lebar!,gak nyangka bisa menang segini di doratti auto senyum lebari,0.0,0.0,0.0,0.0,0.0
"Keren abis! Menang banyak di 𝘿𝘖R𝘼𝟳7, auto upgrade!",1.0,"Keren abis! Menang banyak di 𝘿𝘖R𝘼𝟳7, auto upgrade!",keren abisi menang banyak di doratt auto upgradei,0.0,0.0,0.0,0.0,1.0
"Di 𝘿O𝑅𝐴𝟩𝟳 mendukung transformasi saya, dari penjual kecil jadi bos usaha.",1.0,"Di 𝘿O𝑅𝐴𝟩𝟳 mendukung transformasi saya, dari penjual kecil jadi bos usaha.",di doratt mendukung transformasi saya dari penjual kecil jadi bos usaha,0.0,0.0,0.0,0.0,1.0
Aurel.Kabanyakan.catsupNy.lain.kali.diki2.aja..,0.0,Aurel.Kabanyakan.catsupNy.lain.kali.diki2.aja..,aurel kabanyakan catsupny lain kali diki 2 aja,0.0,0.0,0.0,0.0,1.0
"Aku gak percaya rezeki bisa datang cepat, tapi di 𝘼𝘏𝙈А𝘿𝑇𝘖𝘛О,semua bisa terjadi!",1.0,"Aku gak percaya rezeki bisa datang cepat, tapi di 𝘼𝘏𝙈А𝘿𝑇𝘖𝘛О,semua bisa terjadi!",aku gak percaya rezeki bisa datang cepat tapi di ahmаdtotо semua bisa terjadii,0.0,0.0,0.0,0.0,1.0
"Teman-teman pada menang, aku juga ikutan coba, dan akhirnya dapet menang di А𝐻𝘔A𝘋T𝙊𝙏О!",1.0,"Teman-teman pada menang, aku juga ikutan coba, dan akhirnya dapet menang di А𝐻𝘔A𝘋T𝙊𝙏О!",teman teman pada menang aku juga ikutan coba dan akhirnya dapet menang di аhmadtotоi,0.0,0.0,0.0,0.0,1.0
"Keuntungan melimpah di 𝘼H𝐌𝐀D𝑇𝐎𝘛𝙊,bener-bener puas banget!",1.0,"Keuntungan melimpah di 𝘼H𝐌𝐀D𝑇𝐎𝘛𝙊,bener-bener puas banget!",keuntungan melimpah di ahmadtoto bener bener puas bangeti,0.0,0.0,0.0,0.0,1.0
"Pengalaman luar biasa tiap main di 𝘼𝐻MА𝘋𝐓𝐎𝙏𝘖,bener-bener gacir!",1.0,"Pengalaman luar biasa tiap main di 𝘼𝐻MА𝘋𝐓𝐎𝙏𝘖,bener-bener gacir!",pengalaman luar biasa tiap main di ahmаdtoto bener bener gaciri,0.0,0.0,0.0,0.0,0.0
Temukan potensi А𝐄𝙍𝑂𝟴𝟪.,1.0,Temukan potensi А𝐄𝙍𝑂𝟴𝟪.,temukan potensi аerobb,0.0,0.0,0.0,0.0,1.0
Mantul! Main di 𝐴𝐻𝑀𝐴𝘿𝘛𝑂𝑇O-bikin happy dan rezeki nomplok!,1.0,Mantul! Main di 𝐴𝐻𝑀𝐴𝘿𝘛𝑂𝑇O-bikin happy dan rezeki nomplok!,mantuli main di ahmadtoto bikin happy dan rezeki nomploki,0.0,0.0,0.0,0.0,1.0
𝘈𝙃𝐌A𝐷𝐓𝐎𝙏Оmenyediakan pengalaman daring yang mudah dan tanpa repot.,1.0,𝘈𝙃𝐌A𝐷𝐓𝐎𝙏Оmenyediakan pengalaman daring yang mudah dan tanpa repot.,ahmadtotоmenyediakan pengalaman daring yang mudah dan tanpa repot,0.0,0.0,0.0,0.0,1.0
"Terima kasih 𝘈Е𝑅𝘖88,keberuntungan terus datang!",1.0,"Terima kasih 𝘈Е𝑅𝘖88,keberuntungan terus datang!",terima kasih aеrobb keberuntungan terus datangi,0.0,0.0,0.0,0.0,1.0
"Keren banget! Menang banyak di 𝐴H𝐌𝘈𝐷𝑇𝘖𝘛𝐎,auto liburan mewah!",1.0,"Keren banget! Menang banyak di 𝐴H𝐌𝘈𝐷𝑇𝘖𝘛𝐎,auto liburan mewah!",keren bangeti menang banyak di ahmadtoto auto liburan mewahi,0.0,0.0,0.0,0.0,1.0
"Pelayanan 𝐴𝐄𝙍O8𝟴-super ramah, puas banget!",1.0,"Pelayanan 𝐴𝐄𝙍O8𝟴-super ramah, puas banget!",pelayanan aerobb super ramah puas bangeti,0.0,0.0,0.0,0.0,1.0
"Tadi sore main di 𝘈H𝙈𝐴𝘿T𝐎𝘛𝑂-langsung dapet hasil fantastis, nggak mau ketinggalan lagi!",1.0,"Tadi sore main di 𝘈H𝙈𝐴𝘿T𝐎𝘛𝑂-langsung dapet hasil fantastis, nggak mau ketinggalan lagi!",tadi sore main di ahmadtoto langsung dapet hasil fantastis nggak mau ketinggalan lagii,0.0,0.0,0.0,0.0,1.0
"Denger-denger orang banyak menang, akhirnya aku coba, dan ternyata rezeki juga datang di А𝘏𝙈𝘈𝐃𝙏𝘖𝙏O!",1.0,"Denger-denger orang banyak menang, akhirnya aku coba, dan ternyata rezeki juga datang di А𝘏𝙈𝘈𝐃𝙏𝘖𝙏O!",denger denger orang banyak menang akhirnya aku coba dan ternyata rezeki juga datang di аhmadtotoi,0.0,0.0,0.0,0.0,1.0
MasyaAllah umi,0.0,MasyaAllah umi,masyaallah umi,0.0,0.0,0.0,0.0,0.0
Masya Allah papata mamanur sehat selamanya ❤️❤️,0.0,Masya Allah papata mamanur sehat selamanya ❤️❤️,masya allah papata mamanur sehat selamanya,0.0,0.0,0.0,0.0,0.0
Makin disayang suami ya moms....,0.0,Makin disayang suami ya moms....,makin disayang suami ya moms,0.0,0.0,0.0,0.0,0.0
"Sepertinya mudah, ntar di coba deh 🤪",0.0,"Sepertinya mudah, ntar di coba deh 🤪",sepertinya mudah ntar di coba deh,0.0,0.0,0.0,0.0,1.0
Terpaksa nyari online lagi nih kaldu😊,0.0,Terpaksa nyari online lagi nih kaldu😊,terpaksa nyari online lagi nih kaldu,0.0,0.0,0.0,0.0,1.0
Si cantik Azura ikut saur😍,0.0,Si cantik Azura ikut saur😍,si cantik azura ikut saur,0.0,0.0,0.0,0.0,1.0
"Di 𝐷𝐸𝐖𝐴𝘋О𝘙𝐴 saya menemukan peluang, dari buruh bangunan jadi pemilik kontraktor.",1.0,"Di 𝐷𝐸𝐖𝐴𝘋О𝘙𝐴 saya menemukan peluang, dari buruh bangunan jadi pemilik kontraktor.",di dewadоra saya menemukan peluang dari buruh bangunan jadi pemilik kontraktor,0.0,0.0,0.0,0.0,0.0
"Hiburan seru dan menguntungkan, hanya di 𝘿O𝙍𝐀7𝟩!",1.0,"Hiburan seru dan menguntungkan, hanya di 𝘿O𝙍𝐀7𝟩!",hiburan seru dan menguntungkan hanya di doratti,0.0,0.0,0.0,0.0,1.0
Pengen cepat kaya? Langsung coba di D𝐎𝙍𝐀𝟽𝟩 dan rasain jakpotnya!,1.0,Pengen cepat kaya? Langsung coba di D𝐎𝙍𝐀𝟽𝟩 dan rasain jakpotnya!,pengen cepat kaya langsung coba di doratt dan rasain jakpotnyai,0.0,0.0,0.0,0.0,1.0
"Melalui 𝘋E𝑊𝐀𝘿𝐎𝙍А saya bertransformasi, dari penjual pulsa jadi pemilik toko gadget.",1.0,"Melalui 𝘋E𝑊𝐀𝘿𝐎𝙍А saya bertransformasi, dari penjual pulsa jadi pemilik toko gadget.",melalui dewadorа saya bertransformasi dari penjual pulsa jadi pemilik toko gadget,0.0,0.0,0.0,0.0,1.0
𝘋EWА𝘋𝘖Я𝐴 menawarkan lingkungan yang mendukung dan mendorong.,1.0,𝘋EWА𝘋𝘖Я𝐴 menawarkan lingkungan yang mendukung dan mendorong.,dewаdoяa menawarkan lingkungan yang mendukung dan mendorong,0.0,0.0,0.0,0.0,1.0
"Melalui 𝐷E𝘞𝘼𝐃𝙊𝘙𝘼 saya bertransformasi, dari kuli bangunan ke pengusaha konstruksi.",1.0,"Melalui 𝐷E𝘞𝘼𝐃𝙊𝘙𝘼 saya bertransformasi, dari kuli bangunan ke pengusaha konstruksi.",melalui dewadora saya bertransformasi dari kuli bangunan ke pengusaha konstruksi,0.0,0.0,0.0,0.0,1.0
"Bermain di 𝘿𝐎𝑅𝐴𝟳𝟩 membuka jalan, dari penjual pulsa jadi pengusaha handal.",1.0,"Bermain di 𝘿𝐎𝑅𝐴𝟳𝟩 membuka jalan, dari penjual pulsa jadi pengusaha handal.",bermain di doratt membuka jalan dari penjual pulsa jadi pengusaha handal,0.0,0.0,0.0,0.0,1.0
"Begitu mantap dan memuaskan! Bermain di 𝘿𝑂𝘙𝐴𝟽7 selalu lancar tanpa hambatan, rezeki pun mengalir dengan sangat deras!",1.0,"Begitu mantap dan memuaskan! Bermain di 𝘿𝑂𝘙𝐴𝟽7 selalu lancar tanpa hambatan, rezeki pun mengalir dengan sangat deras!",begitu mantap dan memuaskani bermain di doratt selalu lancar tanpa hambatan rezeki pun mengalir dengan sangat derasi,0.0,0.0,0.0,0.0,0.0
"Melalui 𝘿ЕWА𝘋𝙊𝙍A saya berubah, dari tukang sayur ke pemilik supermarket modern.",1.0,"Melalui 𝘿ЕWА𝘋𝙊𝙍A saya berubah, dari tukang sayur ke pemilik supermarket modern.",melalui dеwаdora saya berubah dari tukang sayur ke pemilik supermarket modern,0.0,0.0,0.0,0.0,1.0
"Bermain di D𝐸𝐖𝐀𝐷𝐎𝙍𝘈 membuka jalan, dari penjual kaki lima ke bos restoran.",1.0,"Bermain di D𝐸𝐖𝐀𝐷𝐎𝙍𝘈 membuka jalan, dari penjual kaki lima ke bos restoran.",bermain di dewadora membuka jalan dari penjual kaki lima ke bos restoran,0.0,0.0,0.0,0.0,1.0
"Tidak pernah merasa bosan sedikit pun bermain DO𝑅𝘈𝟩𝟽, karena selalu ada inovasi dan kejutan!",1.0,"Tidak pernah merasa bosan sedikit pun bermain DO𝑅𝘈𝟩𝟽, karena selalu ada inovasi dan kejutan!",tidak pernah merasa bosan sedikit pun bermain doratt karena selalu ada inovasi dan kejutani,0.0,0.0,0.0,0.0,1.0
"Dapet rezeki besar dari 𝐷𝐄𝙒𝐴𝐷ОЯ𝐀, nggak nyangka main jadi seasyik ini!",1.0,"Dapet rezeki besar dari 𝐷𝐄𝙒𝐴𝐷ОЯ𝐀, nggak nyangka main jadi seasyik ini!",dapet rezeki besar dari dewadояa nggak nyangka main jadi seasyik inii,0.0,0.0,0.0,0.0,1.0
"Aku nggak percaya, langsung coba dan menang besar di 𝘋𝐄𝙒А𝐃O𝑅𝐀!",1.0,"Aku nggak percaya, langsung coba dan menang besar di 𝘋𝐄𝙒А𝐃O𝑅𝐀!",aku nggak percaya langsung coba dan menang besar di dewаdorai,0.0,0.0,0.0,0.0,0.0
Jep𝐞 teru𝘴 dі 𝐷𝘖𝘙𝘼7𝟩,1.0,Jep𝐞 teru𝘴 dі 𝐷𝘖𝘙𝘼7𝟩,jepe terus di doratt,0.0,0.0,0.0,0.0,1.0
"Kap𝐚n l𝘢gi maіn 𝘥i s𝙞tus segаcor DЕWА𝐃𝐎𝘙А, as𝘭i n𝘢gih s𝐢h",1.0,"Kap𝐚n l𝘢gi maіn 𝘥i s𝙞tus segаcor DЕWА𝐃𝐎𝘙А, as𝘭i n𝘢gih s𝐢h",kapan lagi main di situs segacor dеwаdorа asli nagih sih,0.0,0.0,0.0,0.0,1.0
"D𝐸W𝐴𝐷О𝘙𝘼 gach𝘰r po𝘭, jeрe terus biki𝙣 g𝘢 𝐛isa berh𝘦nti",1.0,"D𝐸W𝐴𝐷О𝘙𝘼 gach𝘰r po𝘭, jeрe terus biki𝙣 g𝘢 𝐛isa berh𝘦nti",dewadоra gachor pol jepe terus bikin ga bisa berhenti,0.0,0.0,0.0,0.0,1.0
𝐃ОRА𝟳7 ema𝙣g jua𝘳a meksw𝙞n,1.0,𝐃ОRА𝟳7 ema𝙣g jua𝘳a meksw𝙞n,dоrаtt emang juara mekswin,0.0,0.0,0.0,0.0,1.0
"g𝐚cir p𝙖rah di 𝘿𝙀W𝘼𝐷𝙊𝐑𝘼, 𝐮tang langsυng beres!",1.0,"g𝐚cir p𝙖rah di 𝘿𝙀W𝘼𝐷𝙊𝐑𝘼, 𝐮tang langsυng beres!",gacir parah di dewadora utang langsυng beresi,0.0,0.0,0.0,0.0,1.0
"Gak nyangka nemu platform kayak poipet308, suka!",1.0,"Gak nyangka nemu platform kayak poipet308, suka!",gak nyangka nemu platform kayak poipeteob sukai,0.0,0.0,0.0,0.0,1.0
si paling elegan poipet308 sukses deh pokoknya,1.0,si paling elegan poipet308 sukses deh pokoknya,si paling elegan poipeteob sukses deh pokoknya,0.0,0.0,0.0,0.0,1.0
Game-nya seru-seru di poipet308.,1.0,Game-nya seru-seru di poipet308.,game nya seru seru di poipeteob,0.0,0.0,0.0,0.0,0.0
"Lumayan seru dan ringan, cocok buat pemula poipet308",1.0,"Lumayan seru dan ringan, cocok buat pemula poipet308",lumayan seru dan ringan cocok buat pemula poipeteob,0.0,0.0,0.0,0.0,1.0
Alhamdulillah mantab bisa menggantikan produk sebelah yang di pro-isriwil👍🏻,1.0,Alhamdulillah mantab bisa menggantikan produk sebelah yang di pro-isriwil👍🏻,alhamdulillah mantab bisa menggantikan produk sebelah yang di pro isriwil,0.0,0.0,0.0,0.0,1.0
"Mantap jiwa raga main di 𝐷O𝙍A𝟳𝟽, cuan terus menerus tanpa ada jeda!",1.0,"Mantap jiwa raga main di 𝐷O𝙍A𝟳𝟽, cuan terus menerus tanpa ada jeda!",mantap jiwa raga main di doratt cuan terus menerus tanpa ada jedai,0.0,0.0,0.0,0.0,1.0
D𝘖𝑅𝘼7𝟳 menyediakan pengalaman daring yang mudah dan tanpa repot.,1.0,D𝘖𝑅𝘼7𝟳 menyediakan pengalaman daring yang mudah dan tanpa repot.,doratt menyediakan pengalaman daring yang mudah dan tanpa repot,0.0,0.0,0.0,0.0,1.0
"Gak mau ketinggalan, main di 𝐃𝘌𝑊𝘈𝐷𝙊𝐑𝐴 langsung dapet jakpot gede!",1.0,"Gak mau ketinggalan, main di 𝐃𝘌𝑊𝘈𝐷𝙊𝐑𝐴 langsung dapet jakpot gede!",gak mau ketinggalan main di dewadora langsung dapet jakpot gedei,,,,,
"Di D𝘖Я𝐴𝟽𝟩 saya menemukan kesempatan, dari tukang bakso ke pemilik restoran.",1.0,"Di D𝘖Я𝐴𝟽𝟩 saya menemukan kesempatan, dari tukang bakso ke pemilik restoran.",di doяatt saya menemukan kesempatan dari tukang bakso ke pemilik restoran,,,,,
"Nggak ada yang bisa prediksi, tapi di 𝘿𝘌𝐖А𝘋𝙊𝐑𝘈, keberuntungan bisa datang kapan saja!",1.0,"Nggak ada yang bisa prediksi, tapi di 𝘿𝘌𝐖А𝘋𝙊𝐑𝘈, keberuntungan bisa datang kapan saja!",nggak ada yang bisa prediksi tapi di dewаdora keberuntungan bisa datang kapan sajai,,,,,
"Gak percaya bisa menang sebanyak ini di DOЯ𝐀𝟽𝟳, mimpi jadi realita!",1.0,"Gak percaya bisa menang sebanyak ini di DOЯ𝐀𝟽𝟳, mimpi jadi realita!",gak percaya bisa menang sebanyak ini di doяatt mimpi jadi realitai,,,,,
Keuntungan dari 𝐃𝑂𝐑А𝟩7 membuka peluang bagi saya untuk memiliki rumah idaman.,1.0,Keuntungan dari 𝐃𝑂𝐑А𝟩7 membuka peluang bagi saya untuk memiliki rumah idaman.,keuntungan dari dorаtt membuka peluang bagi saya untuk memiliki rumah idaman,,,,,
𝐃𝐎𝘙𝐴𝟳𝟩 menyediakan pengalaman daring yang mudah dan tanpa repot.,1.0,𝐃𝐎𝘙𝐴𝟳𝟩 menyediakan pengalaman daring yang mudah dan tanpa repot.,doratt menyediakan pengalaman daring yang mudah dan tanpa repot,,,,,
"Jika Anda menghargai kinerja yang konsisten, D𝐄WАD𝐎𝙍𝐀 layak dipertimbangkan.",1.0,"Jika Anda menghargai kinerja yang konsisten, D𝐄WАD𝐎𝙍𝐀 layak dipertimbangkan.",jika anda menghargai kinerja yang konsisten dewаdora layak dipertimbangkan,,,,,
"Sapu bersih semua hadiah dan bonus yang ada di 𝐷ЕWАDО𝐑𝐴, auto jadi crazy rich!",1.0,"Sapu bersih semua hadiah dan bonus yang ada di 𝐷ЕWАDО𝐑𝐴, auto jadi crazy rich!",sapu bersih semua hadiah dan bonus yang ada di dеwаdоra auto jadi crazy richi,,,,,
Temukan kemungkinan yang dapat dibuka oleh 𝐷𝙀𝙒A𝐷𝘖𝐑𝘈.,1.0,Temukan kemungkinan yang dapat dibuka oleh 𝐷𝙀𝙒A𝐷𝘖𝐑𝘈.,temukan kemungkinan yang dapat dibuka oleh dewadora,,,,,
"Modal kecil langsung gacir di 𝐷𝑂RA𝟳𝟩, nggak nyangka banget!",1.0,"Modal kecil langsung gacir di 𝐷𝑂RA𝟳𝟩, nggak nyangka banget!",modal kecil langsung gacir di doratt nggak nyangka bangeti,,,,,
Bermain di 𝘋ОЯ𝐀7𝟽 membuat saya mampu menutup beban hutang dengan hasil maksimal.,1.0,Bermain di 𝘋ОЯ𝐀7𝟽 membuat saya mampu menutup beban hutang dengan hasil maksimal.,bermain di dояatt membuat saya mampu menutup beban hutang dengan hasil maksimal,,,,,
Jakpot besar bikin aku makin percaya sama keberuntungan di 𝐃Е𝘞А𝘿OЯ𝐴!,1.0,Jakpot besar bikin aku makin percaya sama keberuntungan di 𝐃Е𝘞А𝘿OЯ𝐴!,jakpot besar bikin aku makin percaya sama keberuntungan di dеwаdoяai,,,,,
Di 𝐃EWAD𝐎Я𝘈 saya menemukan peluang sehingga saya bisa bertransformasi dari tukang bakso ke pemilik restoran.,1.0,Di 𝐃EWAD𝐎Я𝘈 saya menemukan peluang sehingga saya bisa bertransformasi dari tukang bakso ke pemilik restoran.,di dewadoяa saya menemukan peluang sehingga saya bisa bertransformasi dari tukang bakso ke pemilik restoran,,,,,
"Gacir banget tiap main di 𝐷𝙊𝑅𝘼𝟽𝟽, nggak pernah bikin kecewa!",1.0,"Gacir banget tiap main di 𝐷𝙊𝑅𝘼𝟽𝟽, nggak pernah bikin kecewa!",gacir banget tiap main di doratt nggak pernah bikin kecewai,,,,,
"Modal kecil aja bisa untung besar di D𝐸W𝐀𝘋O𝑅𝘼, luar biasa!",1.0,"Modal kecil aja bisa untung besar di D𝐸W𝐀𝘋O𝑅𝘼, luar biasa!",modal kecil aja bisa untung besar di dewadora luar biasai,,,,,
Berkat 𝐷𝙀𝐖ADOЯ𝐴 saya memperoleh modal untuk memulai usaha baru.,1.0,Berkat 𝐷𝙀𝐖ADOЯ𝐴 saya memperoleh modal untuk memulai usaha baru.,berkat dewadoяa saya memperoleh modal untuk memulai usaha baru,,,,,
"Hari ini super happy berkat 𝐃O𝑅А7𝟽, rezeki datang melimpah!",1.0,"Hari ini super happy berkat 𝐃O𝑅А7𝟽, rezeki datang melimpah!",hari ini super happy berkat dorаtt rezeki datang melimpahi,,,,,
Keuntungan di 𝘋𝑂ЯА𝟳𝟽 mendukung saya membeli rumah dengan mudah.,1.0,Keuntungan di 𝘋𝑂ЯА𝟳𝟽 mendukung saya membeli rumah dengan mudah.,keuntungan di doяаtt mendukung saya membeli rumah dengan mudah,,,,,
Mana nih hadiah dari ucapan subhanallah,0.0,Mana nih hadiah dari ucapan subhanallah,mana nih hadiah dari ucapan subhanallah,,,,,
"Iseng-iseng mencoba bermain 𝐷𝙊R𝘼7𝟽, justru malah menjadi ahli, rezeki terus menerus datang!",1.0,"Iseng-iseng mencoba bermain 𝐷𝙊R𝘼7𝟽, justru malah menjadi ahli, rezeki terus menerus datang!",iseng iseng mencoba bermain doratt justru malah menjadi ahli rezeki terus menerus datangi,,,,,
"Di 𝐷𝘖R𝐀7𝟩 mendukung transformasi saya, dari buruh bangunan jadi bos konstruksi.",1.0,"Di 𝐷𝘖R𝐀7𝟩 mendukung transformasi saya, dari buruh bangunan jadi bos konstruksi.",di doratt mendukung transformasi saya dari buruh bangunan jadi bos konstruksi,,,,,
Banyak pemain yang merasa 𝐷Е𝐖A𝘋𝑂𝐑А memberikan pengalaman yang menyenangkan.,1.0,Banyak pemain yang merasa 𝐷Е𝐖A𝘋𝑂𝐑А memberikan pengalaman yang menyenangkan.,banyak pemain yang merasa dеwadorа memberikan pengalaman yang menyenangkan,,,,,
"Melalui 𝘋𝑂𝑅A7𝟳 saya berubah, dari penjual kecil ke bos usaha.",1.0,"Melalui 𝘋𝑂𝑅A7𝟳 saya berubah, dari penjual kecil ke bos usaha.",melalui doratt saya berubah dari penjual kecil ke bos usaha,,,,,
"Berkat 𝐷𝐄𝙒A𝐷𝘖R𝘈 saya berubah, dari pengantar koran jadi bos media.",1.0,"Berkat 𝐷𝐄𝙒A𝐷𝘖R𝘈 saya berubah, dari pengantar koran jadi bos media.",berkat dewadora saya berubah dari pengantar koran jadi bos media,,,,,
"Jika Anda menghargai kinerja yang konsisten, 𝐃𝐸W𝘼𝐃𝘖𝐑𝘼 layak dipertimbangkan.",1.0,"Jika Anda menghargai kinerja yang konsisten, 𝐃𝐸W𝘼𝐃𝘖𝐑𝘼 layak dipertimbangkan.",jika anda menghargai kinerja yang konsisten dewadora layak dipertimbangkan,,,,,
"Dapet rezeki besar dari 𝐃𝐎𝙍А𝟽𝟳, nggak nyangka main jadi seasyik ini!",1.0,"Dapet rezeki besar dari 𝐃𝐎𝙍А𝟽𝟳, nggak nyangka main jadi seasyik ini!",dapet rezeki besar dari dorаtt nggak nyangka main jadi seasyik inii,,,,,
Modal kecil langsung dapet hasil besar. Gak percaya? Coba sendiri di 𝘋𝐎Я𝘼𝟳𝟽!,1.0,Modal kecil langsung dapet hasil besar. Gak percaya? Coba sendiri di 𝘋𝐎Я𝘼𝟳𝟽!,modal kecil langsung dapet hasil besar gak percaya coba sendiri di doяatti,,,,,
D𝑂Я𝘈𝟳𝟽 menyediakan antarmuka yang ramah pengguna.,1.0,D𝑂Я𝘈𝟳𝟽 menyediakan antarmuka yang ramah pengguna.,doяatt menyediakan antarmuka yang ramah pengguna,,,,,
Semoga rezeki dari 𝐀EЯ𝐎𝟪𝟾-membawa keberuntungan!,1.0,Semoga rezeki dari 𝐀EЯ𝐎𝟪𝟾-membawa keberuntungan!,semoga rezeki dari aeяobb membawa keberuntungani,,,,,
"Setiap hari selalu ada hal menarik dari A𝙀𝑅𝐎𝟾𝟴,membuat penasaran terus!",1.0,"Setiap hari selalu ada hal menarik dari A𝙀𝑅𝐎𝟾𝟴,membuat penasaran terus!",setiap hari selalu ada hal menarik dari aerobb membuat penasaran terusi,,,,,
"Main di 𝘼𝙀𝐑O𝟴𝟴,kamu gak akan nyesel. Hasilnya bener-bener luar biasa!",1.0,"Main di 𝘼𝙀𝐑O𝟴𝟴,kamu gak akan nyesel. Hasilnya bener-bener luar biasa!",main di aerobb kamu gak akan nyesel hasilnya bener bener luar biasai,,,,,
"Ternyata main di 𝘈𝙀𝙍𝙊𝟪𝟴-bikin rezeki datang begitu saja, langsung gacir!",1.0,"Ternyata main di 𝘈𝙀𝙍𝙊𝟪𝟴-bikin rezeki datang begitu saja, langsung gacir!",ternyata main di aerobb bikin rezeki datang begitu saja langsung gaciri,,,,,
𝐴𝘎𝘜𝐒𝙏𝑂𝑇𝘖adalah platform yang terus berkembang dan berinovasi.,1.0,𝐴𝘎𝘜𝐒𝙏𝑂𝑇𝘖adalah platform yang terus berkembang dan berinovasi.,agustotoadalah platform yang terus berkembang dan berinovasi,,,,,
"Bermain di 𝐀E𝑅𝙊𝟾𝟪-otomatis bahagia, rezeki memang sudah ada jalannya!",1.0,"Bermain di 𝐀E𝑅𝙊𝟾𝟪-otomatis bahagia, rezeki memang sudah ada jalannya!",bermain di aerobb otomatis bahagia rezeki memang sudah ada jalannyai,,,,,
A𝐸Я𝙊𝟾𝟴menawarkan pendekatan yang unik dan inovatif untuk interaksi daring.,1.0,A𝐸Я𝙊𝟾𝟴menawarkan pendekatan yang unik dan inovatif untuk interaksi daring.,aeяobbmenawarkan pendekatan yang unik dan inovatif untuk interaksi daring,,,,,
"Main bareng teman di АЕ𝐑𝐎8𝟴-makin seru, makin banyak cuan!",1.0,"Main bareng teman di АЕ𝐑𝐎8𝟴-makin seru, makin banyak cuan!",main bareng teman di аеrobb makin seru makin banyak cuani,,,,,
"Malam ini keberuntungan besar datang dari A𝙂𝐔𝙎𝘛𝙊𝙏𝐎,seru banget!",1.0,"Malam ini keberuntungan besar datang dari A𝙂𝐔𝙎𝘛𝙊𝙏𝐎,seru banget!",malam ini keberuntungan besar datang dari agustoto seru bangeti,,,,,
"Jika Anda ingin memperluas jaringan Anda, 𝘼𝐄𝙍𝑂𝟾𝟴-bisa bermanfaat.",1.0,"Jika Anda ingin memperluas jaringan Anda, 𝘼𝐄𝙍𝑂𝟾𝟴-bisa bermanfaat.",jika anda ingin memperluas jaringan anda aerobb bisa bermanfaat,,,,,
"Atta Aurel pake MEREK yang gak ada MSG / MECIN ya !!!!! . 😢. Kalau masih mau merek itu DISARING dulu biar MECIN ya gak kebawa !!!!!! . ASLI jangan sampe makan MSG , gw udah ngerasain betapa merusak semua organ badan gw makan makanan yang ada MSG ya 😢 !!!! . Harus baca komposisi ya dulu , yang 1. Jangan ada MSG , 2. Jangan ada Bahan Kimia , 3. Jangan ada Bahan Pewarna , 4. Jangan ada Perasa Sintetik . 😢",0.0,"Atta Aurel pake MEREK yang gak ada MSG / MECIN ya !!!!! . 😢. Kalau masih mau merek itu DISARING dulu biar MECIN ya gak kebawa !!!!!! . ASLI jangan sampe makan MSG , gw udah ngerasain betapa merusak semua organ badan gw makan makanan yang ada MSG ya 😢 !!!! . Harus baca komposisi ya dulu , yang 1. Jangan ada MSG , 2. Jangan ada Bahan Kimia , 3. Jangan ada Bahan Pewarna , 4. Jangan ada Perasa Sintetik . 😢",atta aurel pake merek yang gak ada msg mecin ya iiiii kalau masih mau merek itu disaring dulu biar mecin ya gak kebawa iiiiii asli jangan sampe makan msg gw udah ngerasain betapa merusak semua organ badan gw makan makanan yang ada msg ya iiii harus baca komposisi ya dulu yang i jangan ada msg 2 jangan ada bahan kimia e jangan ada bahan pewarna a jangan ada perasa sintetik,,,,,
"Aku juga udah move on ke Sedaap, setelah tau s R terafiliasi. Kecapku pun udah move k Sedaap, setelah tau s B pun terafiliasi. Alhamdulillah.",0.0,"Aku juga udah move on ke Sedaap, setelah tau s R terafiliasi. Kecapku pun udah move k Sedaap, setelah tau s B pun terafiliasi. Alhamdulillah.",aku juga udah move on ke sedaap setelah tau s r terafiliasi kecapku pun udah move k sedaap setelah tau s b pun terafiliasi alhamdulillah,,,,,
Sehat selalu mama Nur dan keluarga,0.0,Sehat selalu mama Nur dan keluarga,sehat selalu mama nur dan keluarga,,,,,
seru ❤,0.0,seru ❤,seru,,,,,
"Main santai di 𝐴𝘎𝑈𝙎𝘛O𝑇𝐎,eh malah dapet menang besar! Gak mau ketinggalan lagi!",1.0,"Main santai di 𝐴𝘎𝑈𝙎𝘛O𝑇𝐎,eh malah dapet menang besar! Gak mau ketinggalan lagi!",main santai di agustoto eh malah dapet menang besari gak mau ketinggalan lagii,,,,,
Modal sedikit langsung melimpah hasilnya! Main di 𝐀𝙂US𝙏𝑂𝘛𝐎-bikin makin semangat!,1.0,Modal sedikit langsung melimpah hasilnya! Main di 𝐀𝙂US𝙏𝑂𝘛𝐎-bikin makin semangat!,modal sedikit langsung melimpah hasilnyai main di agustoto bikin makin semangati,,,,,
Pertimbangkan untuk menjelajahi АЕRO𝟪𝟪-jika Anda menghargai desain yang inovatif.,1.0,Pertimbangkan untuk menjelajahi АЕRO𝟪𝟪-jika Anda menghargai desain yang inovatif.,pertimbangkan untuk menjelajahi аеrobb jika anda menghargai desain yang inovatif,,,,,
"Jika Anda ingin memperluas jaringan Anda, 𝘈𝐸R𝐎8𝟪-bisa bermanfaat.",1.0,"Jika Anda ingin memperluas jaringan Anda, 𝘈𝐸R𝐎8𝟪-bisa bermanfaat.",jika anda ingin memperluas jaringan anda aerobb bisa bermanfaat,,,,,
𝘈𝘌Я𝐎𝟴𝟴menawarkan kesempatan untuk belajar dari orang lain.,1.0,𝘈𝘌Я𝐎𝟴𝟴menawarkan kesempatan untuk belajar dari orang lain.,aeяobbmenawarkan kesempatan untuk belajar dari orang lain,,,,,
"Main di 𝐴𝐆𝙐𝑆𝘛𝘖𝐓𝑂-bikin aku lebih optimis sama rezeki, thank you!",1.0,"Main di 𝐴𝐆𝙐𝑆𝘛𝘖𝐓𝑂-bikin aku lebih optimis sama rezeki, thank you!",main di agustoto bikin aku lebih optimis sama rezeki thank youi,,,,,
Rezeki memang nggak kemana! Main di 𝘈𝘌𝙍𝙊𝟾𝟪-bikin untung besar.,1.0,Rezeki memang nggak kemana! Main di 𝘈𝘌𝙍𝙊𝟾𝟪-bikin untung besar.,rezeki memang nggak kemanai main di aerobb bikin untung besar,,,,,
A𝙀𝐑О8𝟴mungkin yang Anda cari dalam hiburan daring.,1.0,A𝙀𝐑О8𝟴mungkin yang Anda cari dalam hiburan daring.,aerоbbmungkin yang anda cari dalam hiburan daring,,,,,
Bener-bener gacir! Main pertama kali langsung menang besar di 𝘈E𝑅О𝟾𝟴!,1.0,Bener-bener gacir! Main pertama kali langsung menang besar di 𝘈E𝑅О𝟾𝟴!,bener bener gaciri main pertama kali langsung menang besar di aerоbbi,,,,,
"Langsung tarik semua kemenangan dari 𝘼𝐺U𝙎𝐓О𝐓𝘖,buat liburan!",1.0,"Langsung tarik semua kemenangan dari 𝘼𝐺U𝙎𝐓О𝐓𝘖,buat liburan!",langsung tarik semua kemenangan dari agustоto buat liburani,,,,,
"Hasil nyata di 𝘿𝙊R𝐀𝟽𝟳 mengantar saya, dari buruh bangunan jadi pemilik perusahaan.",1.0,"Hasil nyata di 𝘿𝙊R𝐀𝟽𝟳 mengantar saya, dari buruh bangunan jadi pemilik perusahaan.",hasil nyata di doratt mengantar saya dari buruh bangunan jadi pemilik perusahaan,,,,,
"Dengan 𝘋𝑂Я𝐴77 saya sukses, dari petani kecil jadi pengusaha agribisnis.",1.0,"Dengan 𝘋𝑂Я𝐴77 saya sukses, dari petani kecil jadi pengusaha agribisnis.",dengan doяatt saya sukses dari petani kecil jadi pengusaha agribisnis,,,,,
"Di 𝘿O𝘙А𝟽𝟩 saya menemukan peluang, dari tukang sayur jadi pemilik supermarket.",1.0,"Di 𝘿O𝘙А𝟽𝟩 saya menemukan peluang, dari tukang sayur jadi pemilik supermarket.",di dorаtt saya menemukan peluang dari tukang sayur jadi pemilik supermarket,,,,,
"Di 𝘿𝘖𝑅𝘼𝟩𝟩 saya mendapat peluang, dari sopir angkot jadi pengusaha sukses.",1.0,"Di 𝘿𝘖𝑅𝘼𝟩𝟩 saya mendapat peluang, dari sopir angkot jadi pengusaha sukses.",di doratt saya mendapat peluang dari sopir angkot jadi pengusaha sukses,,,,,
Halo bang GW pertama selain komen judol,1.0,Halo bang GW pertama selain komen judol,halo bang gw pertama selain komen judol,,,,,
"𝐦aen d𝘪 𝐷𝙀𝘞𝘼𝘋𝙊Я𝐀 t𝐮h au𝘵o 𝘬etagihan, gachor 𝙩erus ga 𝙥ernah rug𝙞",1.0,"𝐦aen d𝘪 𝐷𝙀𝘞𝘼𝘋𝙊Я𝐀 t𝐮h au𝘵o 𝘬etagihan, gachor 𝙩erus ga 𝙥ernah rug𝙞",maen di dewadoяa tuh auto ketagihan gachor terus ga pernah rugi,,,,,
U𝙩ang luna𝙨 seketik𝙖 abi𝐬 maxw𝘪n dі 𝘿𝐄𝐖𝐀𝘿О𝑅𝐴,1.0,U𝙩ang luna𝙨 seketik𝙖 abi𝐬 maxw𝘪n dі 𝘿𝐄𝐖𝐀𝘿О𝑅𝐴,utang lunas seketika abis maxwin di dewadоra,,,,,
"Utang lun𝘢s, r𝙚jeki lancar, mae𝙣 di 𝐷𝘖Я𝐀𝟽𝟩 𝘦mang 𝘱aling to𝘱",1.0,"Utang lun𝘢s, r𝙚jeki lancar, mae𝙣 di 𝐷𝘖Я𝐀𝟽𝟩 𝘦mang 𝘱aling to𝘱",utang lunas rejeki lancar maen di doяatt emang paling top,,,,,
"𝘋𝘖Я𝘈𝟩𝟽 gachoг par𝙖h, bi𝐤in luрa ωaktu karena naɡih maen𝐧ya",1.0,"𝘋𝘖Я𝘈𝟩𝟽 gachoг par𝙖h, bi𝐤in luрa ωaktu karena naɡih maen𝐧ya",doяatt gachoг parah bikin lupa ωaktu karena nagih maennya,,,,,
"𝐺acor mulu di DЕ𝘞𝐴𝐃OЯ𝘼, je𝐩e ga𝙢pang",1.0,"𝐺acor mulu di DЕ𝘞𝐴𝐃OЯ𝘼, je𝐩e ga𝙢pang",gacor mulu di dеwadoяa jepe gampang,,,,,
Link gacor hari ini langsung cuan,1.0,Link gacor hari ini langsung cuan,link gacor hari ini langsung cuan,,,,,
Slot gacor bikin saldo naik terus,1.0,Slot gacor bikin saldo naik terus,slot gacor bikin saldo naik terus,,,,,
Game lagi gacor jangan sampai ketinggalan,1.0,Game lagi gacor jangan sampai ketinggalan,game lagi gacor jangan sampai ketinggalan,,,,,
Link gacor terpercaya jackpot tiap hari,1.0,Link gacor terpercaya jackpot tiap hari,link gacor terpercaya jackpot tiap hari,,,,,
Gacor parah Main auto kaya,1.0,Gacor parah Main auto kaya,gacor parah main auto kaya,,,,,
Gacor terus Cuma modal receh langsung kaya,1.0,Gacor terus Cuma modal receh langsung kaya,gacor terus cuma modal receh langsung kaya,,,,,
Cuan deras dari link gachor hari ini,1.0,Cuan deras dari link gachor hari ini,cuan deras dari link gachor hari ini,,,,,
Spin di link gachor langsung JP,1.0,Spin di link gachor langsung JP,spin di link gachor langsung jp,,,,,
Slot lagi gachor buruan coba sekarang,1.0,Slot lagi gachor buruan coba sekarang,slot lagi gachor buruan coba sekarang,,,,,
Link gacor asli banyak yang sudah buktiin,1.0,Link gacor asli banyak yang sudah buktiin,link gacor asli banyak yang sudah buktiin,,,,,
Slot paling gachor sepanjang minggu ini,1.0,Slot paling gachor sepanjang minggu ini,slot paling gachor sepanjang minggu ini,,,,,
Linknya gacor abis JP tiap malam,1.0,Linknya gacor abis JP tiap malam,linknya gacor abis jp tiap malam,,,,,
Buruan spin di game yang lagi gacor,1.0,Buruan spin di game yang lagi gacor,buruan spin di game yang lagi gacor,,,,,
Malam ini slot paling gacor sepanjang sejarah,1.0,Malam ini slot paling gacor sepanjang sejarah,malam ini slot paling gacor sepanjang sejarah,,,,,
Gachor bener ini link gak ngadi-ngadi,1.0,Gachor bener ini link gak ngadi-ngadi,gachor bener ini link gak ngadi ngadi,,,,,
Jackpot gacor banget malam ini,1.0,Jackpot gacor banget malam ini,jackpot gacor banget malam ini,,,,,
JP tiap spin di link gachor hari ini,1.0,JP tiap spin di link gachor hari ini,jp tiap spin di link gachor hari ini,,,,,
Situs slot paling gachor yang pernah ada,1.0,Situs slot paling gachor yang pernah ada,situs slot paling gachor yang pernah ada,,,,,
Link gacor terpercaya anti zonk,1.0,Link gacor terpercaya anti zonk,link gacor terpercaya anti zonk,,,,,
Situs gacor real bukan tipu-tipu,1.0,Situs gacor real bukan tipu-tipu,situs gacor real bukan tipu tipu,,,,,
Bonus melimpah dari link yang lagi gachor,1.0,Bonus melimpah dari link yang lagi gachor,bonus melimpah dari link yang lagi gachor,,,,,
Gacor auto menang coba aja dulu,1.0,Gacor auto menang coba aja dulu,gacor auto menang coba aja dulu,,,,,
Gachor pol Modal 10k bisa jadi 1jt,1.0,Gachor pol Modal 10k bisa jadi 1jt,gachor pol modal iok bisa jadi ijt,,,,,
Link gacor beneran bukan kaleng-kaleng,1.0,Link gacor beneran bukan kaleng-kaleng,link gacor beneran bukan kaleng kaleng,,,,,
Link yang paling sering gacor selama seminggu,1.0,Link yang paling sering gacor selama seminggu,link yang paling sering gacor selama seminggu,,,,,
Slotnya lagi gila Gacor abis,1.0,Slotnya lagi gila Gacor abis,slotnya lagi gila gacor abis,,,,,
Gachor hari ini jangan dilewatkan,1.0,Gachor hari ini jangan dilewatkan,gachor hari ini jangan dilewatkan,,,,,
Auto cuan dari situs yang lagi gacor,1.0,Auto cuan dari situs yang lagi gacor,auto cuan dari situs yang lagi gacor,,,,,
Gachor maksimal gas sekarang,1.0,Gachor maksimal gas sekarang,gachor maksimal gas sekarang,,,,,
Link ini selalu gacor tiap malam,1.0,Link ini selalu gacor tiap malam,link ini selalu gacor tiap malam,,,,,
Gacor terus-terusan saldo makin tebel,1.0,Gacor terus-terusan saldo makin tebel,gacor terus terusan saldo makin tebel,,,,,
Link slot tergachor sepanjang tahun ini,1.0,Link slot tergachor sepanjang tahun ini,link slot tergachor sepanjang tahun ini,,,,,
Main di sini selalu gacor,1.0,Main di sini selalu gacor,main di sini selalu gacor,,,,,
Spin-nya lagi gachor seriusan,1.0,Spin-nya lagi gachor seriusan,spin nya lagi gachor seriusan,,,,,
Modal dikit linknya udah gachor,1.0,Modal dikit linknya udah gachor,modal dikit linknya udah gachor,,,,,
Slot tergacor sedunia,1.0,Slot tergacor sedunia,slot tergacor sedunia,,,,,
JP terus karena linknya emang gacor banget,1.0,JP terus karena linknya emang gacor banget,jp terus karena linknya emang gacor banget,,,,,
Link slot hari ini paling gacor se-Indonesia,1.0,Link slot hari ini paling gacor se-Indonesia,link slot hari ini paling gacor se indonesia,,,,,
Gachor sampe lupa tidur,1.0,Gachor sampe lupa tidur,gachor sampe lupa tidur,,,,,
Link slot gacor + bonus besar gak usah mikir,1.0,Link slot gacor + bonus besar gak usah mikir,link slot gacor t bonus besar gak usah mikir,,,,,
Malam ini gacor JP gak pake lama,1.0,Malam ini gacor JP gak pake lama,malam ini gacor jp gak pake lama,,,,,
Saldo gendut karena link lagi gachor,1.0,Saldo gendut karena link lagi gachor,saldo gendut karena link lagi gachor,,,,,
Gacor rutin tiap malam wajib coba,1.0,Gacor rutin tiap malam wajib coba,gacor rutin tiap malam wajib coba,,,,,
Spin di link ini auto cuan lagi gachor,1.0,Spin di link ini auto cuan lagi gachor,spin di link ini auto cuan lagi gachor,,,,,
Gachor dan terpercaya combo menang terus,1.0,Gachor dan terpercaya combo menang terus,gachor dan terpercaya combo menang terus,,,,,
Baru join udah JP karena linknya lagi gacor,1.0,Baru join udah JP karena linknya lagi gacor,baru join udah jp karena linknya lagi gacor,,,,,
Spin gratis di link yang lagi gachor,1.0,Spin gratis di link yang lagi gachor,spin gratis di link yang lagi gachor,,,,,
Linknya lagi gacor JP nyaris tiap putaran,1.0,Linknya lagi gacor JP nyaris tiap putaran,linknya lagi gacor jp nyaris tiap putaran,,,,,
Biar sultan mainnya di link gacor,1.0,Biar sultan mainnya di link gacor,biar sultan mainnya di link gacor,,,,,
Yang ngerti slot pasti tau ini link tergachor,1.0,Yang ngerti slot pasti tau ini link tergachor,yang ngerti slot pasti tau ini link tergachor,,,,,
Link gachor dan stabil aman buat main lama,1.0,Link gachor dan stabil aman buat main lama,link gachor dan stabil aman buat main lama,,,,,
Dijamin cuan karena linknya gacor non stop,1.0,Dijamin cuan karena linknya gacor non stop,dijamin cuan karena linknya gacor non stop,,,,,
Tips shalat agar hidup produktif,0.0,Tips shalat agar hidup produktif,tips shalat agar hidup produktif,,,,,
Bocoran slot gacor malam RTP tertinggi!,1.0,Bocoran slot gacor malam RTP tertinggi!,bocoran slot gacor malam rtp tertinggii,,,,,
Deposit siang dapet bonus 10% langsung gacor!,1.0,Deposit siang dapet bonus 10% langsung gacor!,deposit siang dapet bonus io langsung gacori,,,,,
Gachor maxwin modal siang jadi 37!,1.0,Gachor maxwin modal siang jadi 37!,gachor maxwin modal siang jadi eti,,,,,
makan lebih bermanfaat daripada judi,0.0,makan lebih bermanfaat daripada judi,makan lebih bermanfaat daripada judi,,,,,
Ayo shalat untuk masa depan lebih baik,0.0,Ayo shalat untuk masa depan lebih baik,ayo shalat untuk masa depan lebih baik,,,,,
Gachor teroos scatter muncul terus!,1.0,Gachor teroos scatter muncul terus!,gachor teroos scatter muncul terusi,,,,,
Deposit pagi dapet bonus 48% langsung gacor!,1.0,Deposit pagi dapet bonus 48% langsung gacor!,deposit pagi dapet bonus ab langsung gacori,,,,,
Jangan terlalu sering makan,0.0,Jangan terlalu sering makan,jangan terlalu sering makan,,,,,
makan adalah hobi yang sehat,0.0,makan adalah hobi yang sehat,makan adalah hobi yang sehat,,,,,
Judi itu istirahat dan merugikan,0.0,Judi itu istirahat dan merugikan,judi itu istirahat dan merugikan,,,,,
Judi itu makan dan merugikan,0.0,Judi itu makan dan merugikan,judi itu makan dan merugikan,,,,,
Hari ini aku akan shalat,0.0,Hari ini aku akan shalat,hari ini aku akan shalat,,,,,
Bocoran slot gacor siang RTP tertinggi!,1.0,Bocoran slot gacor siang RTP tertinggi!,bocoran slot gacor siang rtp tertinggii,,,,,
Gachor modal siang bisa WD 14!,1.0,Gachor modal siang bisa WD 14!,gachor modal siang bisa wd iai,,,,,
istirahat adalah hobi yang sehat,0.0,istirahat adalah hobi yang sehat,istirahat adalah hobi yang sehat,,,,,
Gachor modal malam bisa WD 29!,1.0,Gachor modal malam bisa WD 29!,gachor modal malam bisa wd 2 gi,,,,,
Spin 5x langsung gachor WD pagijt!,1.0,Spin 5x langsung gachor WD pagijt!,spin sx langsung gachor wd pagijti,,,,,
Tips makan agar hidup produktif,0.0,Tips makan agar hidup produktif,tips makan agar hidup produktif,,,,,
shalat lebih bermanfaat daripada judi,0.0,shalat lebih bermanfaat daripada judi,shalat lebih bermanfaat daripada judi,,,,,
Slot siang gacor banget auto maxwin!,1.0,Slot siang gacor banget auto maxwin!,slot siang gacor banget auto maxwini,,,,,
Jangan lupa makan dan berbuat baik,0.0,Jangan lupa makan dan berbuat baik,jangan lupa makan dan berbuat baik,,,,,
shalat adalah hobi yang sehat,0.0,shalat adalah hobi yang sehat,shalat adalah hobi yang sehat,,,,,
Gachor modal siang bisa WD 41!,1.0,Gachor modal siang bisa WD 41!,gachor modal siang bisa wd aii,,,,,
Gachor maxwin modal pagi jadi 30!,1.0,Gachor maxwin modal pagi jadi 30!,gachor maxwin modal pagi jadi eoi,,,,,
RTP malam% gacor hari ini buruan spin!,1.0,RTP malam% gacor hari ini buruan spin!,rtp malam gacor hari ini buruan spini,,,,,
Gachor maxwin modal siang jadi 13!,1.0,Gachor maxwin modal siang jadi 13!,gachor maxwin modal siang jadi iei,,,,,
RTP siang% gacor hari ini buruan spin!,1.0,RTP siang% gacor hari ini buruan spin!,rtp siang gacor hari ini buruan spini,,,,,
Deposit malam dapet bonus 49% langsung gacor!,1.0,Deposit malam dapet bonus 49% langsung gacor!,deposit malam dapet bonus ag langsung gacori,,,,,
Slot pagi gacor banget auto maxwin!,1.0,Slot pagi gacor banget auto maxwin!,slot pagi gacor banget auto maxwini,,,,,
WD siangx lancar mesin gachor banget!,1.0,WD siangx lancar mesin gachor banget!,wd siangx lancar mesin gachor bangeti,,,,,
Ayo istirahat untuk masa depan lebih baik,0.0,Ayo istirahat untuk masa depan lebih baik,ayo istirahat untuk masa depan lebih baik,,,,,
Bocoran slot gacor pagi RTP tertinggi!,1.0,Bocoran slot gacor pagi RTP tertinggi!,bocoran slot gacor pagi rtp tertinggii,,,,,
istirahat membuat hati tenang,0.0,istirahat membuat hati tenang,istirahat membuat hati tenang,,,,,
shalat membuat hati tenang,0.0,shalat membuat hati tenang,shalat membuat hati tenang,,,,,
Hari ini aku akan makan,0.0,Hari ini aku akan makan,hari ini aku akan makan,,,,,
WD malamx lancar mesin gachor banget!,1.0,WD malamx lancar mesin gachor banget!,wd malamx lancar mesin gachor bangeti,,,,,
Jackpot gacor siang jam nonstop!,1.0,Jackpot gacor siang jam nonstop!,jackpot gacor siang jam nonstopi,,,,,
Deposit malam dapet bonus 33% langsung gacor!,1.0,Deposit malam dapet bonus 33% langsung gacor!,deposit malam dapet bonus ee langsung gacori,,,,,
Gachor maxwin modal pagi jadi 16!,1.0,Gachor maxwin modal pagi jadi 16!,gachor maxwin modal pagi jadi i 6 i,,,,,
Judi itu shalat dan merugikan,0.0,Judi itu shalat dan merugikan,judi itu shalat dan merugikan,,,,,
Slot malam gacor banget auto maxwin!,1.0,Slot malam gacor banget auto maxwin!,slot malam gacor banget auto maxwini,,,,,
Jangan terlalu sering shalat,0.0,Jangan terlalu sering shalat,jangan terlalu sering shalat,,,,,
makan adalah investasi terbaik,0.0,makan adalah investasi terbaik,makan adalah investasi terbaik,,,,,
istirahat adalah investasi terbaik,0.0,istirahat adalah investasi terbaik,istirahat adalah investasi terbaik,,,,,
Gachor modal pagi bisa WD 18!,1.0,Gachor modal pagi bisa WD 18!,gachor modal pagi bisa wd ibi,,,,,
Ayo makan untuk masa depan lebih baik,0.0,Ayo makan untuk masa depan lebih baik,ayo makan untuk masa depan lebih baik,,,,,
Jangan lupa istirahat dan berbuat baik,0.0,Jangan lupa istirahat dan berbuat baik,jangan lupa istirahat dan berbuat baik,,,,,
Gachor modal malam bisa WD 7!,1.0,Gachor modal malam bisa WD 7!,gachor modal malam bisa wd ti,,,,,
Gachor maxwin modal siang jadi 50!,1.0,Gachor maxwin modal siang jadi 50!,gachor maxwin modal siang jadi soi,,,,,
Jackpot gacor malam jam nonstop!,1.0,Jackpot gacor malam jam nonstop!,jackpot gacor malam jam nonstopi,,,,,
makan membuat hati tenang,0.0,makan membuat hati tenang,makan membuat hati tenang,,,,,
Jackpot gacor pagi jam nonstop!,1.0,Jackpot gacor pagi jam nonstop!,jackpot gacor pagi jam nonstopi,,,,,
Spin 5x langsung gachor WD siangjt!,1.0,Spin 5x langsung gachor WD siangjt!,spin sx langsung gachor wd siangjti,,,,,
RTP pagi% gacor hari ini buruan spin!,1.0,RTP pagi% gacor hari ini buruan spin!,rtp pagi gacor hari ini buruan spini,,,,,
Tips istirahat agar hidup produktif,0.0,Tips istirahat agar hidup produktif,tips istirahat agar hidup produktif,,,,,
Deposit siang dapet bonus 11% langsung gacor!,1.0,Deposit siang dapet bonus 11% langsung gacor!,deposit siang dapet bonus ii langsung gacori,,,,,
istirahat lebih bermanfaat daripada judi,0.0,istirahat lebih bermanfaat daripada judi,istirahat lebih bermanfaat daripada judi,,,,,
Hari ini aku akan istirahat,0.0,Hari ini aku akan istirahat,hari ini aku akan istirahat,,,,,
Jangan terlalu sering istirahat,0.0,Jangan terlalu sering istirahat,jangan terlalu sering istirahat,,,,,
Gachor maxwin modal siang jadi 24!,1.0,Gachor maxwin modal siang jadi 24!,gachor maxwin modal siang jadi 2 ai,,,,,
Gachor maxwin modal siang jadi 38!,1.0,Gachor maxwin modal siang jadi 38!,gachor maxwin modal siang jadi ebi,,,,,
Deposit pagi dapet bonus 6% langsung gacor!,1.0,Deposit pagi dapet bonus 6% langsung gacor!,deposit pagi dapet bonus 6 langsung gacori,,,,,
Jangan lupa shalat dan berbuat baik,0.0,Jangan lupa shalat dan berbuat baik,jangan lupa shalat dan berbuat baik,,,,,
Deposit siang dapet bonus 21% langsung gacor!,1.0,Deposit siang dapet bonus 21% langsung gacor!,deposit siang dapet bonus 2 i langsung gacori,,,,,
Spin 5x langsung gachor WD malamjt!,1.0,Spin 5x langsung gachor WD malamjt!,spin sx langsung gachor wd malamjti,,,,,
WD pagix lancar mesin gachor banget!,1.0,WD pagix lancar mesin gachor banget!,wd pagix lancar mesin gachor bangeti,,,,,
Deposit malam dapet bonus 10% langsung gacor!,1.0,Deposit malam dapet bonus 10% langsung gacor!,deposit malam dapet bonus io langsung gacori,,,,,
Deposit malam dapet bonus 32% langsung gacor!,1.0,Deposit malam dapet bonus 32% langsung gacor!,deposit malam dapet bonus e 2 langsung gacori,,,,,
Gachor maxwin modal siang jadi 41!,1.0,Gachor maxwin modal siang jadi 41!,gachor maxwin modal siang jadi aii,,,,,
Deposit siang dapet bonus 5% langsung gacor!,1.0,Deposit siang dapet bonus 5% langsung gacor!,deposit siang dapet bonus s langsung gacori,,,,,
Gachor maxwin modal malam jadi 38!,1.0,Gachor maxwin modal malam jadi 38!,gachor maxwin modal malam jadi ebi,,,,,
Gachor maxwin modal pagi jadi 9!,1.0,Gachor maxwin modal pagi jadi 9!,gachor maxwin modal pagi jadi gi,,,,,
shalat adalah investasi terbaik,0.0,shalat adalah investasi terbaik,shalat adalah investasi terbaik,,,,,
Deposit malam dapet bonus 46% langsung gacor!,1.0,Deposit malam dapet bonus 46% langsung gacor!,deposit malam dapet bonus a 6 langsung gacori,,,,,
Gachor maxwin modal pagi jadi 7!,1.0,Gachor maxwin modal pagi jadi 7!,gachor maxwin modal pagi jadi ti,,,,,
Gachor modal malam bisa WD 21!,1.0,Gachor modal malam bisa WD 21!,gachor modal malam bisa wd 2 ii,,,,,
Deposit pagi dapet bonus 25% langsung gacor!,1.0,Deposit pagi dapet bonus 25% langsung gacor!,deposit pagi dapet bonus 2 s langsung gacori,,,,,
Gachor maxwin modal pagi jadi 34!,1.0,Gachor maxwin modal pagi jadi 34!,gachor maxwin modal pagi jadi eai,,,,,
Gachor modal siang bisa WD 33!,1.0,Gachor modal siang bisa WD 33!,gachor modal siang bisa wd eei,,,,,
Deposit malam dapet bonus 23% langsung gacor!,1.0,Deposit malam dapet bonus 23% langsung gacor!,deposit malam dapet bonus 2 e langsung gacori,,,,,
Gachor modal pagi bisa WD 46!,1.0,Gachor modal pagi bisa WD 46!,gachor modal pagi bisa wd a 6 i,,,,,
Deposit malam dapet bonus 18% langsung gacor!,1.0,Deposit malam dapet bonus 18% langsung gacor!,deposit malam dapet bonus ib langsung gacori,,,,,
Gachor maxwin modal siang jadi 43!,1.0,Gachor maxwin modal siang jadi 43!,gachor maxwin modal siang jadi aei,,,,,
Gachor modal siang bisa WD 34!,1.0,Gachor modal siang bisa WD 34!,gachor modal siang bisa wd eai,,,,,
Gachor modal siang bisa WD 19!,1.0,Gachor modal siang bisa WD 19!,gachor modal siang bisa wd igi,,,,,
Deposit siang dapet bonus 36% langsung gacor!,1.0,Deposit siang dapet bonus 36% langsung gacor!,deposit siang dapet bonus e 6 langsung gacori,,,,,
Deposit malam dapet bonus 45% langsung gacor!,1.0,Deposit malam dapet bonus 45% langsung gacor!,deposit malam dapet bonus as langsung gacori,,,,,
Gachor modal siang bisa WD 30!,1.0,Gachor modal siang bisa WD 30!,gachor modal siang bisa wd eoi,,,,,
Gachor maxwin modal malam jadi 9!,1.0,Gachor maxwin modal malam jadi 9!,gachor maxwin modal malam jadi gi,,,,,
Gachor modal pagi bisa WD 34!,1.0,Gachor modal pagi bisa WD 34!,gachor modal pagi bisa wd eai,,,,,
Gachor maxwin modal pagi jadi 8!,1.0,Gachor maxwin modal pagi jadi 8!,gachor maxwin modal pagi jadi bi,,,,,
Gachor maxwin modal pagi jadi 22!,1.0,Gachor maxwin modal pagi jadi 22!,gachor maxwin modal pagi jadi 22 i,,,,,
Gachor maxwin modal pagi jadi 44!,1.0,Gachor maxwin modal pagi jadi 44!,gachor maxwin modal pagi jadi aai,,,,,
Gachor modal siang bisa WD 6!,1.0,Gachor modal siang bisa WD 6!,gachor modal siang bisa wd 6 i,,,,,
Gachor maxwin modal malam jadi 41!,1.0,Gachor maxwin modal malam jadi 41!,gachor maxwin modal malam jadi aii,,,,,
Gachor maxwin modal siang jadi 33!,1.0,Gachor maxwin modal siang jadi 33!,gachor maxwin modal siang jadi eei,,,,,
Gachor maxwin modal siang jadi 42!,1.0,Gachor maxwin modal siang jadi 42!,gachor maxwin modal siang jadi a 2 i,,,,,
Deposit pagi dapet bonus 22% langsung gacor!,1.0,Deposit pagi dapet bonus 22% langsung gacor!,deposit pagi dapet bonus 22 langsung gacori,,,,,
Deposit malam dapet bonus 41% langsung gacor!,1.0,Deposit malam dapet bonus 41% langsung gacor!,deposit malam dapet bonus ai langsung gacori,,,,,
Gachor modal pagi bisa WD 24!,1.0,Gachor modal pagi bisa WD 24!,gachor modal pagi bisa wd 2 ai,,,,,
Gachor maxwin modal malam jadi 42!,1.0,Gachor maxwin modal malam jadi 42!,gachor maxwin modal malam jadi a 2 i,,,,,
Deposit malam dapet bonus 7% langsung gacor!,1.0,Deposit malam dapet bonus 7% langsung gacor!,deposit malam dapet bonus t langsung gacori,,,,,
Gachor modal siang bisa WD 29!,1.0,Gachor modal siang bisa WD 29!,gachor modal siang bisa wd 2 gi,,,,,
Deposit pagi dapet bonus 24% langsung gacor!,1.0,Deposit pagi dapet bonus 24% langsung gacor!,deposit pagi dapet bonus 2 a langsung gacori,,,,,
Gachor modal pagi bisa WD 11!,1.0,Gachor modal pagi bisa WD 11!,gachor modal pagi bisa wd iii,,,,,
Gachor maxwin modal pagi jadi 11!,1.0,Gachor maxwin modal pagi jadi 11!,gachor maxwin modal pagi jadi iii,,,,,
Deposit pagi dapet bonus 41% langsung gacor!,1.0,Deposit pagi dapet bonus 41% langsung gacor!,deposit pagi dapet bonus ai langsung gacori,,,,,
Gachor modal malam bisa WD 27!,1.0,Gachor modal malam bisa WD 27!,gachor modal malam bisa wd 2 ti,,,,,
Gachor maxwin modal malam jadi 30!,1.0,Gachor maxwin modal malam jadi 30!,gachor maxwin modal malam jadi eoi,,,,,
Gachor modal malam bisa WD 26!,1.0,Gachor modal malam bisa WD 26!,gachor modal malam bisa wd 26 i,,,,,
Deposit malam dapet bonus 39% langsung gacor!,1.0,Deposit malam dapet bonus 39% langsung gacor!,deposit malam dapet bonus eg langsung gacori,,,,,
Deposit siang dapet bonus 7% langsung gacor!,1.0,Deposit siang dapet bonus 7% langsung gacor!,deposit siang dapet bonus t langsung gacori,,,,,
Gachor maxwin modal siang jadi 35!,1.0,Gachor maxwin modal siang jadi 35!,gachor maxwin modal siang jadi esi,,,,,
Gachor modal pagi bisa WD 43!,1.0,Gachor modal pagi bisa WD 43!,gachor modal pagi bisa wd aei,,,,,
Gachor modal malam bisa WD 28!,1.0,Gachor modal malam bisa WD 28!,gachor modal malam bisa wd 2 bi,,,,,
Deposit pagi dapet bonus 26% langsung gacor!,1.0,Deposit pagi dapet bonus 26% langsung gacor!,deposit pagi dapet bonus 26 langsung gacori,,,,,
Gachor maxwin modal siang jadi 14!,1.0,Gachor maxwin modal siang jadi 14!,gachor maxwin modal siang jadi iai,,,,,
Deposit pagi dapet bonus 15% langsung gacor!,1.0,Deposit pagi dapet bonus 15% langsung gacor!,deposit pagi dapet bonus is langsung gacori,,,,,
Gachor maxwin modal pagi jadi 17!,1.0,Gachor maxwin modal pagi jadi 17!,gachor maxwin modal pagi jadi iti,,,,,
Gachor modal pagi bisa WD 38!,1.0,Gachor modal pagi bisa WD 38!,gachor modal pagi bisa wd ebi,,,,,
Gachor maxwin modal malam jadi 21!,1.0,Gachor maxwin modal malam jadi 21!,gachor maxwin modal malam jadi 2 ii,,,,,
Deposit pagi dapet bonus 21% langsung gacor!,1.0,Deposit pagi dapet bonus 21% langsung gacor!,deposit pagi dapet bonus 2 i langsung gacori,,,,,
Deposit malam dapet bonus 38% langsung gacor!,1.0,Deposit malam dapet bonus 38% langsung gacor!,deposit malam dapet bonus eb langsung gacori,,,,,
Deposit malam dapet bonus 28% langsung gacor!,1.0,Deposit malam dapet bonus 28% langsung gacor!,deposit malam dapet bonus 2 b langsung gacori,,,,,
Gachor modal pagi bisa WD 44!,1.0,Gachor modal pagi bisa WD 44!,gachor modal pagi bisa wd aai,,,,,
Gachor maxwin modal pagi jadi 23!,1.0,Gachor maxwin modal pagi jadi 23!,gachor maxwin modal pagi jadi 2 ei,,,,,
Gachor modal siang bisa WD 46!,1.0,Gachor modal siang bisa WD 46!,gachor modal siang bisa wd a 6 i,,,,,
Gachor maxwin modal malam jadi 40!,1.0,Gachor maxwin modal malam jadi 40!,gachor maxwin modal malam jadi aoi,,,,,
Gachor modal siang bisa WD 13!,1.0,Gachor modal siang bisa WD 13!,gachor modal siang bisa wd iei,,,,,
Gachor maxwin modal malam jadi 5!,1.0,Gachor maxwin modal malam jadi 5!,gachor maxwin modal malam jadi si,,,,,
Gachor maxwin modal siang jadi 20!,1.0,Gachor maxwin modal siang jadi 20!,gachor maxwin modal siang jadi 2 oi,,,,,
Gachor maxwin modal siang jadi 12!,1.0,Gachor maxwin modal siang jadi 12!,gachor maxwin modal siang jadi i 2 i,,,,,
Gachor maxwin modal siang jadi 11!,1.0,Gachor maxwin modal siang jadi 11!,gachor maxwin modal siang jadi iii,,,,,
Gachor modal pagi bisa WD 7!,1.0,Gachor modal pagi bisa WD 7!,gachor modal pagi bisa wd ti,,,,,
Gachor modal malam bisa WD 33!,1.0,Gachor modal malam bisa WD 33!,gachor modal malam bisa wd eei,,,,,
Gachor maxwin modal pagi jadi 37!,1.0,Gachor maxwin modal pagi jadi 37!,gachor maxwin modal pagi jadi eti,,,,,
Gachor modal siang bisa WD 21!,1.0,Gachor modal siang bisa WD 21!,gachor modal siang bisa wd 2 ii,,,,,
Deposit malam dapet bonus 42% langsung gacor!,1.0,Deposit malam dapet bonus 42% langsung gacor!,deposit malam dapet bonus a 2 langsung gacori,,,,,
Gachor modal malam bisa WD 22!,1.0,Gachor modal malam bisa WD 22!,gachor modal malam bisa wd 22 i,,,,,
Gachor maxwin modal pagi jadi 20!,1.0,Gachor maxwin modal pagi jadi 20!,gachor maxwin modal pagi jadi 2 oi,,,,,
Gachor maxwin modal pagi jadi 6!,1.0,Gachor maxwin modal pagi jadi 6!,gachor maxwin modal pagi jadi 6 i,,,,,
Gachor modal malam bisa WD 6!,1.0,Gachor modal malam bisa WD 6!,gachor modal malam bisa wd 6 i,,,,,
Gachor modal siang bisa WD 23!,1.0,Gachor modal siang bisa WD 23!,gachor modal siang bisa wd 2 ei,,,,,
Deposit siang dapet bonus 15% langsung gacor!,1.0,Deposit siang dapet bonus 15% langsung gacor!,deposit siang dapet bonus is langsung gacori,,,,,
Gachor modal malam bisa WD 24!,1.0,Gachor modal malam bisa WD 24!,gachor modal malam bisa wd 2 ai,,,,,
Deposit malam dapet bonus 8% langsung gacor!,1.0,Deposit malam dapet bonus 8% langsung gacor!,deposit malam dapet bonus b langsung gacori,,,,,
Gachor maxwin modal pagi jadi 29!,1.0,Gachor maxwin modal pagi jadi 29!,gachor maxwin modal pagi jadi 2 gi,,,,,
Gachor modal siang bisa WD 47!,1.0,Gachor modal siang bisa WD 47!,gachor modal siang bisa wd ati,,,,,
Deposit pagi dapet bonus 33% langsung gacor!,1.0,Deposit pagi dapet bonus 33% langsung gacor!,deposit pagi dapet bonus ee langsung gacori,,,,,
Deposit siang dapet bonus 38% langsung gacor!,1.0,Deposit siang dapet bonus 38% langsung gacor!,deposit siang dapet bonus eb langsung gacori,,,,,
Deposit malam dapet bonus 11% langsung gacor!,1.0,Deposit malam dapet bonus 11% langsung gacor!,deposit malam dapet bonus ii langsung gacori,,,,,
Deposit siang dapet bonus 20% langsung gacor!,1.0,Deposit siang dapet bonus 20% langsung gacor!,deposit siang dapet bonus 2 o langsung gacori,,,,,
Gachor modal siang bisa WD 45!,1.0,Gachor modal siang bisa WD 45!,gachor modal siang bisa wd asi,,,,,
Deposit malam dapet bonus 30% langsung gacor!,1.0,Deposit malam dapet bonus 30% langsung gacor!,deposit malam dapet bonus eo langsung gacori,,,,,
Deposit malam dapet bonus 15% langsung gacor!,1.0,Deposit malam dapet bonus 15% langsung gacor!,deposit malam dapet bonus is langsung gacori,,,,,
Gachor maxwin modal pagi jadi 49!,1.0,Gachor maxwin modal pagi jadi 49!,gachor maxwin modal pagi jadi agi,,,,,
Gachor modal siang bisa WD 48!,1.0,Gachor modal siang bisa WD 48!,gachor modal siang bisa wd abi,,,,,
Gachor modal siang bisa WD 24!,1.0,Gachor modal siang bisa WD 24!,gachor modal siang bisa wd 2 ai,,,,,
Deposit pagi dapet bonus 39% langsung gacor!,1.0,Deposit pagi dapet bonus 39% langsung gacor!,deposit pagi dapet bonus eg langsung gacori,,,,,
Deposit siang dapet bonus 40% langsung gacor!,1.0,Deposit siang dapet bonus 40% langsung gacor!,deposit siang dapet bonus ao langsung gacori,,,,,
Deposit siang dapet bonus 31% langsung gacor!,1.0,Deposit siang dapet bonus 31% langsung gacor!,deposit siang dapet bonus ei langsung gacori,,,,,
Deposit siang dapet bonus 46% langsung gacor!,1.0,Deposit siang dapet bonus 46% langsung gacor!,deposit siang dapet bonus a 6 langsung gacori,,,,,
Gachor maxwin modal pagi jadi 26!,1.0,Gachor maxwin modal pagi jadi 26!,gachor maxwin modal pagi jadi 26 i,,,,,
Deposit malam dapet bonus 21% langsung gacor!,1.0,Deposit malam dapet bonus 21% langsung gacor!,deposit malam dapet bonus 2 i langsung gacori,,,,,
Gachor modal pagi bisa WD 10!,1.0,Gachor modal pagi bisa WD 10!,gachor modal pagi bisa wd ioi,,,,,
Gachor modal siang bisa WD 10!,1.0,Gachor modal siang bisa WD 10!,gachor modal siang bisa wd ioi,,,,,
Deposit siang dapet bonus 6% langsung gacor!,1.0,Deposit siang dapet bonus 6% langsung gacor!,deposit siang dapet bonus 6 langsung gacori,,,,,
Deposit siang dapet bonus 13% langsung gacor!,1.0,Deposit siang dapet bonus 13% langsung gacor!,deposit siang dapet bonus ie langsung gacori,,,,,
Main di fortune365 pasti maxwin!,1.0,Main di fortune365 pasti maxwin!,main di fortunee 6 s pasti maxwini,,,,,
Daftar di zeusbola55 bonus 205%!,1.0,Daftar di zeusbola55 bonus 205%!,daftar di zeusbolass bonus 2 os i,,,,,
Jackpot harian di garuda4d!,1.0,Jackpot harian di garuda4d!,jackpot harian di garudaadi,,,,,
Daftar di dewi88 bonus 261%!,1.0,Daftar di dewi88 bonus 261%!,daftar di dewibb bonus 26 i i,,,,,
Modal receh cuan gede di garuda4d!,1.0,Modal receh cuan gede di garuda4d!,modal receh cuan gede di garudaadi,,,,,
Gacor banget di zeusbola55 WD lancar!,1.0,Gacor banget di zeusbola55 WD lancar!,gacor banget di zeusbolass wd lancari,,,,,
zeusbola55 situs paling terpercaya!,1.0,zeusbola55 situs paling terpercaya!,zeusbolass situs paling terpercayai,,,,,
Gacor banget di garuda4d WD lancar!,1.0,Gacor banget di garuda4d WD lancar!,gacor banget di garudaad wd lancari,,,,,
Gacor banget di olympus128 WD lancar!,1.0,Gacor banget di olympus128 WD lancar!,gacor banget di olympusi 2 b wd lancari,,,,,
WD cepat hanya di zeusbola55!,1.0,WD cepat hanya di zeusbola55!,wd cepat hanya di zeusbolassi,,,,,
WD cepat hanya di pandora888!,1.0,WD cepat hanya di pandora888!,wd cepat hanya di pandorabbbi,,,,,
Bosan kalah? Coba dewi88!,1.0,Bosan kalah? Coba dewi88!,bosan kalah coba dewibbi,,,,,
pandora888 situs paling terpercaya!,1.0,pandora888 situs paling terpercaya!,pandorabbb situs paling terpercayai,,,,,
olympus128 situs paling terpercaya!,1.0,olympus128 situs paling terpercaya!,olympusi 2 b situs paling terpercayai,,,,,
WD cepat hanya di olympus128!,1.0,WD cepat hanya di olympus128!,wd cepat hanya di olympusi 2 bi,,,,,
Jackpot harian di zeusbola55!,1.0,Jackpot harian di zeusbola55!,jackpot harian di zeusbolassi,,,,,
Bosan kalah? Coba olympus128!,1.0,Bosan kalah? Coba olympus128!,bosan kalah coba olympusi 2 bi,,,,,
Bosan kalah? Coba fortune365!,1.0,Bosan kalah? Coba fortune365!,bosan kalah coba fortunee 6 si,,,,,
rajabola99 situs paling terpercaya!,1.0,rajabola99 situs paling terpercaya!,rajabolagg situs paling terpercayai,,,,,
Modal receh cuan gede di kingslot77!,1.0,Modal receh cuan gede di kingslot77!,modal receh cuan gede di kingslottti,,,,,
fortune365 situs paling terpercaya!,1.0,fortune365 situs paling terpercaya!,fortunee 6 s situs paling terpercayai,,,,,
Modal receh cuan gede di fortune365!,1.0,Modal receh cuan gede di fortune365!,modal receh cuan gede di fortunee 6 si,,,,,
hokiwin123 situs paling terpercaya!,1.0,hokiwin123 situs paling terpercaya!,hokiwini 2 e situs paling terpercayai,,,,,
Jackpot harian di megajp303!,1.0,Jackpot harian di megajp303!,jackpot harian di megajpeoei,,,,,
Jackpot harian di olympus128!,1.0,Jackpot harian di olympus128!,jackpot harian di olympusi 2 bi,,,,,
Modal receh cuan gede di dewi88!,1.0,Modal receh cuan gede di dewi88!,modal receh cuan gede di dewibbi,,,,,
RTP tertinggi hanya di kingslot77!,1.0,RTP tertinggi hanya di kingslot77!,rtp tertinggi hanya di kingslottti,,,,,
RTP tertinggi hanya di hokiwin123!,1.0,RTP tertinggi hanya di hokiwin123!,rtp tertinggi hanya di hokiwini 2 ei,,,,,
Slot gachor cuma di garuda4d!,1.0,Slot gachor cuma di garuda4d!,slot gachor cuma di garudaadi,,,,,
dewi88 situs paling terpercaya!,1.0,dewi88 situs paling terpercaya!,dewibb situs paling terpercayai,,,,,
Slot gachor cuma di hokiwin123!,1.0,Slot gachor cuma di hokiwin123!,slot gachor cuma di hokiwini 2 ei,,,,,
Daftar di garuda4d bonus 188%!,1.0,Daftar di garuda4d bonus 188%!,daftar di garudaad bonus ibb i,,,,,
RTP tertinggi hanya di pandora888!,1.0,RTP tertinggi hanya di pandora888!,rtp tertinggi hanya di pandorabbbi,,,,,
RTP tertinggi hanya di garuda4d!,1.0,RTP tertinggi hanya di garuda4d!,rtp tertinggi hanya di garudaadi,,,,,
Bosan kalah? Coba rajabola99!,1.0,Bosan kalah? Coba rajabola99!,bosan kalah coba rajabolaggi,,,,,
megajp303 situs paling terpercaya!,1.0,megajp303 situs paling terpercaya!,megajpeoe situs paling terpercayai,,,,,
Main di zeusbola55 pasti maxwin!,1.0,Main di zeusbola55 pasti maxwin!,main di zeusbolass pasti maxwini,,,,,
Slot gachor cuma di fortune365!,1.0,Slot gachor cuma di fortune365!,slot gachor cuma di fortunee 6 si,,,,,
Bosan kalah? Coba kingslot77!,1.0,Bosan kalah? Coba kingslot77!,bosan kalah coba kingslottti,,,,,
Gacor banget di fortune365 WD lancar!,1.0,Gacor banget di fortune365 WD lancar!,gacor banget di fortunee 6 s wd lancari,,,,,
Daftar di fortune365 bonus 233%!,1.0,Daftar di fortune365 bonus 233%!,daftar di fortunee 6 s bonus 2 ee i,,,,,
Main di kingslot77 pasti maxwin!,1.0,Main di kingslot77 pasti maxwin!,main di kingslottt pasti maxwini,,,,,
WD cepat hanya di rajabola99!,1.0,WD cepat hanya di rajabola99!,wd cepat hanya di rajabolaggi,,,,,
Jackpot harian di pandora888!,1.0,Jackpot harian di pandora888!,jackpot harian di pandorabbbi,,,,,
Modal receh cuan gede di megajp303!,1.0,Modal receh cuan gede di megajp303!,modal receh cuan gede di megajpeoei,,,,,
Bosan kalah? Coba pandora888!,1.0,Bosan kalah? Coba pandora888!,bosan kalah coba pandorabbbi,,,,,
Daftar di olympus128 bonus 155%!,1.0,Daftar di olympus128 bonus 155%!,daftar di olympusi 2 b bonus iss i,,,,,
garuda4d situs paling terpercaya!,1.0,garuda4d situs paling terpercaya!,garudaad situs paling terpercayai,,,,,
Slot gachor cuma di megajp303!,1.0,Slot gachor cuma di megajp303!,slot gachor cuma di megajpeoei,,,,,
Jackpot harian di dewi88!,1.0,Jackpot harian di dewi88!,jackpot harian di dewibbi,,,,,
Daftar di dewi88 bonus 239%!,1.0,Daftar di dewi88 bonus 239%!,daftar di dewibb bonus 2 eg i,,,,,
Main di garuda4d pasti maxwin!,1.0,Main di garuda4d pasti maxwin!,main di garudaad pasti maxwini,,,,,
Gacor banget di megajp303 WD lancar!,1.0,Gacor banget di megajp303 WD lancar!,gacor banget di megajpeoe wd lancari,,,,,
RTP tertinggi hanya di olympus128!,1.0,RTP tertinggi hanya di olympus128!,rtp tertinggi hanya di olympusi 2 bi,,,,,
Modal receh cuan gede di hokiwin123!,1.0,Modal receh cuan gede di hokiwin123!,modal receh cuan gede di hokiwini 2 ei,,,,,
Main di dewi88 pasti maxwin!,1.0,Main di dewi88 pasti maxwin!,main di dewibb pasti maxwini,,,,,
Daftar di fortune365 bonus 284%!,1.0,Daftar di fortune365 bonus 284%!,daftar di fortunee 6 s bonus 2 ba i,,,,,
Bosan kalah? Coba hokiwin123!,1.0,Bosan kalah? Coba hokiwin123!,bosan kalah coba hokiwini 2 ei,,,,,
Gacor banget di hokiwin123 WD lancar!,1.0,Gacor banget di hokiwin123 WD lancar!,gacor banget di hokiwini 2 e wd lancari,,,,,
kingslot77 situs paling terpercaya!,1.0,kingslot77 situs paling terpercaya!,kingslottt situs paling terpercayai,,,,,
WD cepat hanya di fortune365!,1.0,WD cepat hanya di fortune365!,wd cepat hanya di fortunee 6 si,,,,,
RTP tertinggi hanya di rajabola99!,1.0,RTP tertinggi hanya di rajabola99!,rtp tertinggi hanya di rajabolaggi,,,,,
Slot gachor cuma di dewi88!,1.0,Slot gachor cuma di dewi88!,slot gachor cuma di dewibbi,,,,,
Daftar di rajabola99 bonus 186%!,1.0,Daftar di rajabola99 bonus 186%!,daftar di rajabolagg bonus ib 6 i,,,,,
WD cepat hanya di megajp303!,1.0,WD cepat hanya di megajp303!,wd cepat hanya di megajpeoei,,,,,
Jackpot harian di rajabola99!,1.0,Jackpot harian di rajabola99!,jackpot harian di rajabolaggi,,,,,
main di dewi88 auto gacor bos,1.0,main di dewi88 auto gacor bos,main di dewibb auto gacor bos,,,,,
dewi88 slot tergacor minggu ini,1.0,dewi88 slot tergacor minggu ini,dewibb slot tergacor minggu ini,,,,,
coba di raja88 gacor terus tiap malam,1.0,coba di raja88 gacor terus tiap malam,coba di rajabb gacor terus tiap malam,,,,,
spin88 lagi gila jackpot terus,1.0,spin88 lagi gila jackpot terus,spinbb lagi gila jackpot terus,,,,,
modal receh di macau88 langsung cuan,1.0,modal receh di macau88 langsung cuan,modal receh di macaubb langsung cuan,,,,,
masuk ke dewi88 linknya lagi panas,1.0,masuk ke dewi88 linknya lagi panas,masuk ke dewibb linknya lagi panas,,,,,
yang paham pasti tau dewi88 itu gacor,1.0,yang paham pasti tau dewi88 itu gacor,yang paham pasti tau dewibb itu gacor,,,,,
macau365 lagi gacor parah!,1.0,macau365 lagi gacor parah!,macaue 6 s lagi gacor parahi,,,,,
jp tiap hari di situs dewi88,1.0,jp tiap hari di situs dewi88,jp tiap hari di situs dewibb,,,,,
kawan2 pada main di slotgacor88 sekarang,1.0,kawan2 pada main di slotgacor88 sekarang,kawan 2 pada main di slotgacorbb sekarang,,,,,
buka dewi88 sekarang juga lagi hujan jp,1.0,buka dewi88 sekarang juga lagi hujan jp,buka dewibb sekarang juga lagi hujan jp,,,,,
slot bonus 100% di ratu88!,1.0,slot bonus 100% di ratu88!,slot bonus ioo di ratubbi,,,,,
gas main di kakekmerah gacor malam ini,1.0,gas main di kakekmerah gacor malam ini,gas main di kakekmerah gacor malam ini,,,,,
tambah saldo makin deras di spin88,1.0,tambah saldo makin deras di spin88,tambah saldo makin deras di spinbb,,,,,
gacor asli bro di dewi88 bukan kaleng,1.0,gacor asli bro di dewi88 bukan kaleng,gacor asli bro di dewibb bukan kaleng,,,,,
main di situs judi dewi88 terpercaya,1.0,main di situs judi dewi88 terpercaya,main di situs judi dewibb terpercaya,,,,,
jp makin dekat kalo main di macau88,1.0,jp makin dekat kalo main di macau88,jp makin dekat kalo main di macaubb,,,,,
malam ini main di slotasia auto menang!,1.0,malam ini main di slotasia auto menang!,malam ini main di slotasia auto menangi,,,,,
yang tau slot pasti paham dewi88 top,1.0,yang tau slot pasti paham dewi88 top,yang tau slot pasti paham dewibb top,,,,,
dewi88 tuh rajanya slot tergacor,1.0,dewi88 tuh rajanya slot tergacor,dewibb tuh rajanya slot tergacor,,,,,
Deposit 50rb dapet aero88.comjt di 225!,1.0,Deposit 50rb dapet aero88.comjt di 225!,deposit sorb dapet aerobb comjt di 22 si,,,,,
Ayo berkarya untuk masa depan!,0.0,Ayo berkarya untuk masa depan!,ayo berkarya untuk masa depani,,,,,
Hari ini aku akan belajar Python.,0.0,Hari ini aku akan belajar Python.,hari ini aku akan belajar python,,,,,
Judi itu haram dan merusak finansial.,0.0,Judi itu haram dan merusak finansial.,judi itu haram dan merusak finansial,,,,,
Jackpot harian di macau328.com!,1.0,Jackpot harian di macau328.com!,jackpot harian di macaue 2 b comi,,,,,
Jangan lupa shalat dan berdoa.,0.0,Jangan lupa shalat dan berdoa.,jangan lupa shalat dan berdoa,,,,,
Daftar di miya888.com bonus 282%!,1.0,Daftar di miya888.com bonus 282%!,daftar di miyabbb com bonus 2 b 2 i,,,,,
Modal receh cuan gede di miya888.com!,1.0,Modal receh cuan gede di miya888.com!,modal receh cuan gede di miyabbb comi,,,,,
Menabung lebih baik daripada judi.,0.0,Menabung lebih baik daripada judi.,menabung lebih baik daripada judi,,,,,
Baca buku bisa menambah wawasan.,0.0,Baca buku bisa menambah wawasan.,baca buku bisa menambah wawasan,,,,,
Bocoran slot gacor hanya di ambil4d.com!,1.0,Bocoran slot gacor hanya di ambil4d.com!,bocoran slot gacor hanya di ambilad comi,,,,,
Gacor banget di macau328.com WD lancar!,1.0,Gacor banget di macau328.com WD lancar!,gacor banget di macaue 2 b com wd lancari,,,,,
Modal receh cuan gede di dewadora.com!,1.0,Modal receh cuan gede di dewadora.com!,modal receh cuan gede di dewadora comi,,,,,
Tips hidup produktif tanpa judi.,0.0,Tips hidup produktif tanpa judi.,tips hidup produktif tanpa judi,,,,,
Gak gacor? Coba doratujuhtujuh.com!,1.0,Gak gacor? Coba doratujuhtujuh.com!,gak gacor coba doratujuhtujuh comi,,,,,
Gak gacor? Coba dewadora.com!,1.0,Gak gacor? Coba dewadora.com!,gak gacor coba dewadora comi,,,,,
Daftar di mamajitu.com bonus 127%!,1.0,Daftar di mamajitu.com bonus 127%!,daftar di mamajitu com bonus i 2 t i,,,,,
Link visi4d.com di bio buruan!,1.0,Link visi4d.com di bio buruan!,link visiad com di bio buruani,,,,,
Gacor banget di garudahoki.com WD lancar!,1.0,Gacor banget di garudahoki.com WD lancar!,gacor banget di garudahoki com wd lancari,,,,,
Gacor banget di suhu328.com WD lancar!,1.0,Gacor banget di suhu328.com WD lancar!,gacor banget di suhue 2 b com wd lancari,,,,,
Jangan buang waktu untuk hal tak berguna.,0.0,Jangan buang waktu untuk hal tak berguna.,jangan buang waktu untuk hal tak berguna,,,,,
RTP tertinggi hanya di dora77.com!,1.0,RTP tertinggi hanya di dora77.com!,rtp tertinggi hanya di doratt comi,,,,,
Deposit 50rb dapet axl777.comjt di 467!,1.0,Deposit 50rb dapet axl777.comjt di 467!,deposit sorb dapet axlttt comjt di a 6 ti,,,,,
Bocoran slot gacor hanya di pluto88.com!,1.0,Bocoran slot gacor hanya di pluto88.com!,bocoran slot gacor hanya di plutobb comi,,,,,
pawpaw4d.com situs anti kalah!,1.0,pawpaw4d.com situs anti kalah!,pawpawad com situs anti kalahi,,,,,
Slot gachor cuma di toke69.com!,1.0,Slot gachor cuma di toke69.com!,slot gachor cuma di toke 6 g comi,,,,,
Jackpot harian di mamajitu.com!,1.0,Jackpot harian di mamajitu.com!,jackpot harian di mamajitu comi,,,,,
Jackpot harian di aero88.com!,1.0,Jackpot harian di aero88.com!,jackpot harian di aerobb comi,,,,,
pluto88.com situs anti kalah!,1.0,pluto88.com situs anti kalah!,plutobb com situs anti kalahi,,,,,
Bocoran slot gacor hanya di visi4d.com!,1.0,Bocoran slot gacor hanya di visi4d.com!,bocoran slot gacor hanya di visiad comi,,,,,
RTP tertinggi hanya di macau328.com!,1.0,RTP tertinggi hanya di macau328.com!,rtp tertinggi hanya di macaue 2 b comi,,,,,
Beli sayur di pasar lebih sehat.,0.0,Beli sayur di pasar lebih sehat.,beli sayur di pasar lebih sehat,,,,,
Slot gachor cuma di dewadora.com!,1.0,Slot gachor cuma di dewadora.com!,slot gachor cuma di dewadora comi,,,,,
Slot gachor cuma di sgi88.com!,1.0,Slot gachor cuma di sgi88.com!,slot gachor cuma di sgibb comi,,,,,
Daftar di poipet308.com bonus 370%!,1.0,Daftar di poipet308.com bonus 370%!,daftar di poipeteob com bonus eto i,,,,,
WD 5x tanpa kendala di doratujuhtujuh.com!,1.0,WD 5x tanpa kendala di doratujuhtujuh.com!,wd sx tanpa kendala di doratujuhtujuh comi,,,,,
Bocoran slot gacor hanya di dora77.com!,1.0,Bocoran slot gacor hanya di dora77.com!,bocoran slot gacor hanya di doratt comi,,,,,
RTP tertinggi hanya di visi4d.com!,1.0,RTP tertinggi hanya di visi4d.com!,rtp tertinggi hanya di visiad comi,,,,,
Bocoran slot gacor hanya di toke69.com!,1.0,Bocoran slot gacor hanya di toke69.com!,bocoran slot gacor hanya di toke 6 g comi,,,,,
Slot gachor cuma di meviustoto.com!,1.0,Slot gachor cuma di meviustoto.com!,slot gachor cuma di meviustoto comi,,,,,
miya888.com situs anti kalah!,1.0,miya888.com situs anti kalah!,miyabbb com situs anti kalahi,,,,,
macau328.com situs anti kalah!,1.0,macau328.com situs anti kalah!,macaue 2 b com situs anti kalahi,,,,,
Link pawpaw4d.com di bio buruan!,1.0,Link pawpaw4d.com di bio buruan!,link pawpawad com di bio buruani,,,,,
Gak gacor? Coba dora77.com!,1.0,Gak gacor? Coba dora77.com!,gak gacor coba doratt comi,,,,,
WD 5x tanpa kendala di pluto88.com!,1.0,WD 5x tanpa kendala di pluto88.com!,wd sx tanpa kendala di plutobb comi,,,,,
RTP tertinggi hanya di koislot.com!,1.0,RTP tertinggi hanya di koislot.com!,rtp tertinggi hanya di koislot comi,,,,,
Olahraga pagi membuat badan segar.,0.0,Olahraga pagi membuat badan segar.,olahraga pagi membuat badan segar,,,,,
Gacor banget di manjurbet.com WD lancar!,1.0,Gacor banget di manjurbet.com WD lancar!,gacor banget di manjurbet com wd lancari,,,,,
Modal receh cuan gede di visi4d.com!,1.0,Modal receh cuan gede di visi4d.com!,modal receh cuan gede di visiad comi,,,,,
Daftar di pawpaw4d.com bonus 314%!,1.0,Daftar di pawpaw4d.com bonus 314%!,daftar di pawpawad com bonus eia i,,,,,
Gak gacor? Coba visi4d.com!,1.0,Gak gacor? Coba visi4d.com!,gak gacor coba visiad comi,,,,,
Deposit 50rb dapet dewadora.comjt di 276!,1.0,Deposit 50rb dapet dewadora.comjt di 276!,deposit sorb dapet dewadora comjt di 2 t 6 i,,,,,
Daftar di suhu328.com bonus 496%!,1.0,Daftar di suhu328.com bonus 496%!,daftar di suhue 2 b com bonus ag 6 i,,,,,
mamajitu.com situs anti kalah!,1.0,mamajitu.com situs anti kalah!,mamajitu com situs anti kalahi,,,,,
manjurbet.com situs anti kalah!,1.0,manjurbet.com situs anti kalah!,manjurbet com situs anti kalahi,,,,,
Slot gachor cuma di miya888.com!,1.0,Slot gachor cuma di miya888.com!,slot gachor cuma di miyabbb comi,,,,,
Modal receh cuan gede di sgi88.com!,1.0,Modal receh cuan gede di sgi88.com!,modal receh cuan gede di sgibb comi,,,,,
RTP tertinggi hanya di meviustoto.com!,1.0,RTP tertinggi hanya di meviustoto.com!,rtp tertinggi hanya di meviustoto comi,,,,,
Link ambil4d.com di bio buruan!,1.0,Link ambil4d.com di bio buruan!,link ambilad com di bio buruani,,,,,
Deposit 50rb dapet doratujuhtujuh.comjt di 328!,1.0,Deposit 50rb dapet doratujuhtujuh.comjt di 328!,deposit sorb dapet doratujuhtujuh comjt di e 2 bi,,,,,
WD 5x tanpa kendala di aero88.com!,1.0,WD 5x tanpa kendala di aero88.com!,wd sx tanpa kendala di aerobb comi,,,,,
Jackpot harian di ambil4d.com!,1.0,Jackpot harian di ambil4d.com!,jackpot harian di ambilad comi,,,,,
WD 5x tanpa kendala di dora77.com!,1.0,WD 5x tanpa kendala di dora77.com!,wd sx tanpa kendala di doratt comi,,,,,
RTP tertinggi hanya di doratujuhtujuh.com!,1.0,RTP tertinggi hanya di doratujuhtujuh.com!,rtp tertinggi hanya di doratujuhtujuh comi,,,,,
RTP tertinggi hanya di sgi88.com!,1.0,RTP tertinggi hanya di sgi88.com!,rtp tertinggi hanya di sgibb comi,,,,,
Bocoran slot gacor hanya di meviustoto.com!,1.0,Bocoran slot gacor hanya di meviustoto.com!,bocoran slot gacor hanya di meviustoto comi,,,,,
Bocoran slot gacor hanya di pawpaw4d.com!,1.0,Bocoran slot gacor hanya di pawpaw4d.com!,bocoran slot gacor hanya di pawpawad comi,,,,,
Gacor banget di miya888.com WD lancar!,1.0,Gacor banget di miya888.com WD lancar!,gacor banget di miyabbb com wd lancari,,,,,
Gak gacor? Coba toke69.com!,1.0,Gak gacor? Coba toke69.com!,gak gacor coba toke 6 g comi,,,,,
dewadora.com situs anti kalah!,1.0,dewadora.com situs anti kalah!,dewadora com situs anti kalahi,,,,,
Slot gachor cuma di macau328.com!,1.0,Slot gachor cuma di macau328.com!,slot gachor cuma di macaue 2 b comi,,,,,
Link koislot.com di bio buruan!,1.0,Link koislot.com di bio buruan!,link koislot com di bio buruani,,,,,
Gacor banget di doratujuhtujuh.com WD lancar!,1.0,Gacor banget di doratujuhtujuh.com WD lancar!,gacor banget di doratujuhtujuh com wd lancari,,,,,
Gacor banget di ambil4d.com WD lancar!,1.0,Gacor banget di ambil4d.com WD lancar!,gacor banget di ambilad com wd lancari,,,,,
Modal receh cuan gede di meviustoto.com!,1.0,Modal receh cuan gede di meviustoto.com!,modal receh cuan gede di meviustoto comi,,,,,
Deposit 50rb dapet axl777.comjt di 200!,1.0,Deposit 50rb dapet axl777.comjt di 200!,deposit sorb dapet axlttt comjt di 2 ooi,,,,,
Slot gachor cuma di manjurbet.com!,1.0,Slot gachor cuma di manjurbet.com!,slot gachor cuma di manjurbet comi,,,,,
Modal receh cuan gede di pawpaw4d.com!,1.0,Modal receh cuan gede di pawpaw4d.com!,modal receh cuan gede di pawpawad comi,,,,,
RTP tertinggi hanya di pluto88.com!,1.0,RTP tertinggi hanya di pluto88.com!,rtp tertinggi hanya di plutobb comi,,,,,
Deposit 50rb dapet garudahoki.comjt di 419!,1.0,Deposit 50rb dapet garudahoki.comjt di 419!,deposit sorb dapet garudahoki comjt di aigi,,,,,
WD 5x tanpa kendala di axl777.com!,1.0,WD 5x tanpa kendala di axl777.com!,wd sx tanpa kendala di axlttt comi,,,,,
WD 5x tanpa kendala di sgi88.com!,1.0,WD 5x tanpa kendala di sgi88.com!,wd sx tanpa kendala di sgibb comi,,,,,
Jackpot harian di toke69.com!,1.0,Jackpot harian di toke69.com!,jackpot harian di toke 6 g comi,,,,,
Link poipet308.com di bio buruan!,1.0,Link poipet308.com di bio buruan!,link poipeteob com di bio buruani,,,,,
Slot gachor cuma di axl777.com!,1.0,Slot gachor cuma di axl777.com!,slot gachor cuma di axlttt comi,,,,,
Daftar di toke69.com bonus 130%!,1.0,Daftar di toke69.com bonus 130%!,daftar di toke 6 g com bonus ieo i,,,,,
Modal receh cuan gede di macau328.com!,1.0,Modal receh cuan gede di macau328.com!,modal receh cuan gede di macaue 2 b comi,,,,,
Bocoran slot gacor hanya di koislot.com!,1.0,Bocoran slot gacor hanya di koislot.com!,bocoran slot gacor hanya di koislot comi,,,,,
Modal receh cuan gede di pluto88.com!,1.0,Modal receh cuan gede di pluto88.com!,modal receh cuan gede di plutobb comi,,,,,
WD 5x tanpa kendala di miya888.com!,1.0,WD 5x tanpa kendala di miya888.com!,wd sx tanpa kendala di miyabbb comi,,,,,
Jackpot harian di poipet308.com!,1.0,Jackpot harian di poipet308.com!,jackpot harian di poipeteob comi,,,,,
Link dewadora.com di bio buruan!,1.0,Link dewadora.com di bio buruan!,link dewadora com di bio buruani,,,,,
Daftar di dora77.com bonus 303%!,1.0,Daftar di dora77.com bonus 303%!,daftar di doratt com bonus eoe i,,,,,
Bocoran slot gacor hanya di manjurbet.com!,1.0,Bocoran slot gacor hanya di manjurbet.com!,bocoran slot gacor hanya di manjurbet comi,,,,,
Bocoran slot gacor hanya di poipet308.com!,1.0,Bocoran slot gacor hanya di poipet308.com!,bocoran slot gacor hanya di poipeteob comi,,,,,
Deposit 50rb dapet miya888.comjt di 244!,1.0,Deposit 50rb dapet miya888.comjt di 244!,deposit sorb dapet miyabbb comjt di 2 aai,,,,,
WD 5x tanpa kendala di manjurbet.com!,1.0,WD 5x tanpa kendala di manjurbet.com!,wd sx tanpa kendala di manjurbet comi,,,,,
,,,,0.0,0.0,0.0,0.0,0.0
,,,,0.0,0.0,0.0,0.0,1.0
,,,,0.0,0.0,0.0,0.0,0.0
,,,,0.0,0.0,0.0,0.0,1.0
,,,,0.0,0.0,0.0,0.0,0.0
,,,,0.0,0.0,0.0,0.0,0.0
,,,,0.0,0.0,0.0,0.0,1.0
,,,,0.0,0.0,0.0,0.0,0.0
,,,,0.0,0.0,0.0,0.0,1.0
,,,,0.0,0.0,0.0,0.0,0.0
,,,,0.0,0.0,0.0,0.0,0.0
,,,,0.0,0.0,0.0,0.0,1.0
,,,,0.0,0.0,0.0,0.0,0.0
,,,,0.0,0.0,0.0,0.0,0.0
,,,,0.0,0.0,0.0,0.0,1.0
,,,,0.0,0.0,0.0,0.0,0.0
,,,,1.0,0.0,0.0,0.0,0.0
,,,,0.0,0.0,0.0,0.0,0.0
,,,,0.0,0.0,0.0,0.0,0.0
,,,,0.0,0.0,0.0,0.0,0.0
,,,,1.0,0.0,0.0,0.0,0.0
,,,,0.0,0.0,0.0,0.0,0.0
,,,,0.0,0.0,0.0,0.0,0.0
,,,,1.0,0.0,0.0,0.0,1.0
,,,,1.0,0.0,0.0,0.0,0.0
,,,,1.0,0.0,0.0,0.0,0.0
,,,,1.0,0.0,0.0,0.0,0.0
,,,,1.0,0.0,0.0,0.0,0.0
,,,,1.0,0.0,0.0,0.0,0.0
,,,,1.0,0.0,0.0,0.0,1.0
,,,,1.0,0.0,0.0,0.0,1.0
,,,,1.0,0.0,0.0,0.0,0.0
,,,,1.0,0.0,0.0,0.0,0.0
,,,,1.0,0.0,0.0,0.0,0.0
,,,,1.0,0.0,0.0,0.0,1.0
,,,,1.0,0.0,0.0,0.0,0.0
,,,,1.0,0.0,0.0,0.0,0.0
,,,,1.0,0.0,0.0,0.0,1.0
,,,,1.0,0.0,0.0,0.0,1.0
,,,,1.0,0.0,0.0,0.0,0.0
,,,,1.0,0.0,0.0,0.0,0.0
,,,,0.0,0.0,0.0,0.0,0.0
,,,,0.0,0.0,0.0,0.0,0.0
,,,,0.0,0.0,0.0,0.0,1.0
,,,,0.0,0.0,0.0,0.0,1.0
,,,,0.0,0.0,0.0,0.0,0.0
,,,,1.0,0.0,0.0,0.0,0.0
,,,,1.0,0.0,0.0,0.0,0.0
,,,,1.0,0.0,0.0,0.0,0.0
,,,,0.0,0.0,0.0,0.0,0.0
,,,,0.0,0.0,0.0,0.0,0.0
,,,,0.0,0.0,0.0,0.0,0.0
,,,,0.0,0.0,0.0,0.0,0.0
,,,,0.0,0.0,0.0,0.0,0.0
,,,,1.0,0.0,0.0,0.0,0.0
,,,,0.0,0.0,0.0,0.0,0.0
,,,,1.0,0.0,0.0,0.0,1.0
,,,,1.0,0.0,0.0,0.0,0.0
,,,,1.0,0.0,0.0,0.0,0.0
,,,,1.0,0.0,0.0,0.0,0.0
,,,,1.0,0.0,0.0,0.0,0.0
,,,,1.0,0.0,0.0,0.0,0.0
,,,,0.0,0.0,0.0,0.0,0.0
,,,,0.0,0.0,0.0,0.0,0.0
,,,,0.0,0.0,0.0,0.0,0.0
,,,,0.0,0.0,0.0,0.0,0.0
,,,,1.0,0.0,0.0,0.0,0.0
,,,,1.0,0.0,0.0,0.0,0.0
,,,,1.0,0.0,0.0,0.0,0.0
,,,,1.0,0.0,0.0,0.0,0.0
,,,,1.0,0.0,0.0,0.0,0.0
,,,,1.0,0.0,0.0,0.0,0.0
,,,,1.0,0.0,0.0,0.0,0.0
,,,,1.0,0.0,0.0,0.0,0.0
,,,,1.0,0.0,0.0,0.0,1.0
,,,,1.0,0.0,0.0,0.0,0.0
,,,,1.0,0.0,0.0,0.0,0.0
,,,,1.0,0.0,0.0,0.0,0.0
,,,,1.0,0.0,0.0,0.0,1.0
,,,,1.0,0.0,0.0,0.0,0.0
,,,,1.0,0.0,0.0,0.0,1.0
,,,,1.0,0.0,0.0,0.0,0.0
,,,,1.0,0.0,0.0,0.0,0.0
,,,,1.0,0.0,0.0,0.0,0.0
,,,,1.0,0.0,0.0,0.0,0.0
,,,,1.0,0.0,0.0,0.0,1.0
,,,,1.0,0.0,0.0,0.0,1.0
,,,,1.0,0.0,0.0,0.0,0.0
,,,,1.0,0.0,0.0,0.0,0.0
,,,,1.0,0.0,0.0,0.0,1.0
,,,,1.0,0.0,0.0,0.0,0.0
,,,,1.0,0.0,0.0,0.0,0.0
,,,,1.0,0.0,0.0,0.0,1.0
,,,,1.0,0.0,0.0,0.0,1.0
,,,,1.0,0.0,0.0,0.0,0.0
,,,,1.0,0.0,0.0,0.0,0.0
,,,,1.0,0.0,0.0,0.0,1.0
,,,,1.0,0.0,0.0,0.0,0.0
,,,,1.0,0.0,0.0,0.0,1.0
,,,,1.0,0.0,0.0,0.0,0.0
,,,,1.0,0.0,0.0,0.0,0.0
,,,,1.0,0.0,0.0,0.0,1.0
,,,,1.0,0.0,0.0,0.0,1.0
,,,,1.0,0.0,0.0,0.0,0.0
,,,,1.0,0.0,0.0,0.0,0.0
,,,,1.0,0.0,0.0,0.0,1.0
,,,,1.0,0.0,0.0,0.0,0.0
,,,,1.0,0.0,0.0,0.0,0.0
,,,,1.0,0.0,0.0,0.0,0.0
,,,,1.0,0.0,0.0,0.0,1.0
,,,,1.0,0.0,0.0,0.0,0.0
,,,,1.0,0.0,0.0,0.0,1.0
,,,,1.0,0.0,0.0,0.0,0.0
,,,,1.0,0.0,0.0,0.0,1.0
,,,,1.0,0.0,0.0,0.0,1.0
,,,,1.0,0.0,0.0,0.0,1.0
,,,,1.0,0.0,0.0,0.0,0.0
,,,,1.0,0.0,0.0,0.0,1.0
,,,,1.0,0.0,0.0,0.0,1.0
,,,,1.0,0.0,0.0,0.0,0.0
,,,,1.0,0.0,0.0,0.0,1.0
,,,,1.0,0.0,0.0,0.0,1.0
,,,,1.0,0.0,0.0,0.0,0.0
,,,,1.0,0.0,0.0,0.0,0.0
,,,,1.0,0.0,0.0,0.0,1.0
,,,,1.0,0.0,0.0,0.0,1.0
,,,,1.0,0.0,0.0,0.0,1.0
,,,,1.0,0.0,0.0,0.0,0.0
,,,,1.0,0.0,0.0,0.0,0.0
,,,,0.0,0.0,0.0,0.0,0.0
,,,,1.0,0.0,0.0,0.0,0.0
,,,,1.0,0.0,0.0,0.0,0.0
,,,,0.0,0.0,0.0,0.0,0.0
,,,,1.0,0.0,0.0,0.0,1.0
,,,,1.0,0.0,0.0,0.0,1.0
,,,,1.0,0.0,0.0,0.0,1.0
,,,,0.0,0.0,0.0,0.0,0.0
,,,,1.0,0.0,0.0,0.0,1.0
,,,,0.0,0.0,0.0,0.0,1.0
,,,,1.0,0.0,0.0,0.0,1.0
,,,,1.0,0.0,0.0,0.0,1.0
,,,,1.0,0.0,0.0,0.0,1.0
,,,,1.0,0.0,0.0,0.0,0.0
,,,,1.0,0.0,0.0,0.0,1.0
,,,,1.0,0.0,0.0,0.0,0.0
,,,,1.0,0.0,0.0,0.0,0.0
,,,,1.0,0.0,0.0,0.0,1.0
,,,,1.0,0.0,0.0,0.0,1.0
,,,,1.0,0.0,0.0,0.0,0.0
,,,,0.0,0.0,0.0,0.0,0.0
,,,,1.0,0.0,0.0,0.0,0.0
,,,,1.0,0.0,0.0,0.0,1.0
,,,,1.0,0.0,0.0,0.0,0.0
,,,,1.0,0.0,0.0,0.0,0.0
,,,,1.0,0.0,0.0,0.0,0.0
,,,,1.0,0.0,0.0,0.0,0.0
,,,,0.0,0.0,0.0,0.0,0.0
,,,,0.0,0.0,0.0,0.0,0.0
,,,,0.0,0.0,0.0,0.0,1.0
,,,,1.0,0.0,0.0,0.0,0.0
,,,,1.0,0.0,0.0,0.0,0.0
,,,,1.0,0.0,0.0,0.0,1.0
,,,,1.0,0.0,0.0,0.0,1.0
,,,,1.0,0.0,0.0,0.0,0.0
,,,,1.0,0.0,0.0,0.0,1.0
,,,,1.0,0.0,0.0,0.0,0.0
,,,,1.0,0.0,0.0,0.0,0.0
,,,,1.0,0.0,0.0,0.0,0.0
,,,,0.0,0.0,0.0,0.0,0.0
,,,,1.0,0.0,0.0,0.0,1.0
,,,,1.0,0.0,0.0,0.0,1.0
,,,,1.0,0.0,0.0,0.0,1.0
,,,,1.0,0.0,0.0,0.0,1.0
,,,,1.0,0.0,0.0,0.0,0.0
,,,,1.0,0.0,0.0,0.0,0.0
,,,,1.0,0.0,0.0,0.0,1.0
,,,,1.0,0.0,0.0,0.0,0.0
,,,,1.0,0.0,0.0,0.0,0.0
,,,,1.0,0.0,0.0,0.0,1.0
,,,,1.0,0.0,0.0,0.0,0.0
,,,,1.0,0.0,0.0,0.0,0.0
,,,,1.0,0.0,0.0,0.0,0.0
,,,,1.0,0.0,0.0,0.0,1.0
,,,,1.0,0.0,0.0,0.0,1.0
,,,,1.0,0.0,0.0,0.0,1.0
,,,,0.0,0.0,0.0,0.0,0.0
,,,,1.0,0.0,0.0,0.0,0.0
,,,,1.0,0.0,0.0,0.0,1.0
,,,,1.0,0.0,0.0,0.0,0.0
,,,,1.0,0.0,0.0,0.0,0.0
,,,,0.0,0.0,0.0,0.0,0.0
,,,,1.0,0.0,0.0,0.0,0.0
,,,,1.0,0.0,0.0,0.0,0.0
,,,,1.0,0.0,0.0,0.0,1.0
,,,,0.0,0.0,0.0,0.0,0.0
,,,,1.0,0.0,0.0,0.0,0.0
,,,,0.0,0.0,0.0,0.0,0.0
,,,,1.0,0.0,0.0,0.0,0.0
,,,,1.0,0.0,0.0,0.0,1.0
,,,,1.0,0.0,0.0,0.0,1.0
,,,,0.0,0.0,0.0,0.0,0.0
,,,,0.0,0.0,0.0,0.0,0.0
,,,,1.0,0.0,0.0,0.0,0.0
,,,,1.0,0.0,0.0,0.0,1.0
,,,,0.0,0.0,0.0,0.0,0.0
,,,,0.0,0.0,0.0,0.0,1.0
,,,,0.0,0.0,0.0,0.0,0.0
,,,,0.0,0.0,0.0,0.0,0.0
,,,,0.0,0.0,0.0,0.0,0.0
,,,,1.0,0.0,0.0,0.0,0.0
,,,,1.0,0.0,0.0,0.0,1.0
,,,,1.0,0.0,0.0,0.0,1.0
,,,,1.0,0.0,0.0,0.0,0.0
,,,,0.0,0.0,0.0,0.0,0.0
,,,,0.0,0.0,0.0,0.0,0.0
,,,,0.0,0.0,0.0,0.0,0.0
,,,,0.0,0.0,0.0,0.0,0.0
,,,,0.0,0.0,0.0,0.0,0.0
,,,,1.0,0.0,0.0,0.0,0.0
,,,,1.0,0.0,0.0,0.0,1.0
,,,,0.0,0.0,0.0,0.0,1.0
,,,,0.0,0.0,0.0,0.0,0.0
,,,,1.0,0.0,0.0,0.0,1.0
,,,,0.0,0.0,0.0,0.0,0.0
,,,,1.0,0.0,0.0,0.0,1.0
,,,,0.0,0.0,0.0,0.0,0.0
,,,,0.0,0.0,0.0,0.0,1.0
,,,,0.0,0.0,0.0,0.0,0.0
,,,,1.0,0.0,0.0,0.0,0.0
,,,,1.0,0.0,0.0,0.0,0.0
,,,,1.0,0.0,0.0,0.0,0.0
,,,,1.0,0.0,0.0,0.0,0.0
,,,,1.0,0.0,0.0,0.0,0.0
,,,,1.0,0.0,0.0,0.0,0.0
,,,,1.0,0.0,0.0,0.0,0.0
,,,,1.0,0.0,0.0,0.0,0.0
,,,,1.0,0.0,0.0,0.0,1.0
,,,,1.0,0.0,0.0,0.0,0.0
,,,,0.0,0.0,0.0,0.0,1.0
,,,,1.0,0.0,0.0,0.0,0.0
,,,,1.0,0.0,0.0,0.0,0.0
,,,,1.0,0.0,0.0,0.0,0.0
,,,,1.0,0.0,0.0,0.0,0.0
,,,,1.0,0.0,0.0,0.0,0.0
,,,,1.0,0.0,0.0,0.0,1.0
,,,,1.0,0.0,0.0,0.0,1.0
,,,,1.0,0.0,0.0,0.0,0.0
,,,,1.0,0.0,0.0,0.0,0.0
,,,,1.0,0.0,0.0,0.0,0.0
,,,,1.0,0.0,0.0,0.0,1.0
,,,,1.0,0.0,0.0,0.0,0.0
,,,,1.0,0.0,0.0,0.0,0.0
,,,,1.0,0.0,0.0,0.0,0.0
,,,,1.0,0.0,0.0,0.0,0.0
,,,,1.0,0.0,0.0,0.0,0.0
,,,,1.0,0.0,0.0,0.0,0.0
,,,,1.0,0.0,0.0,0.0,0.0
,,,,1.0,0.0,0.0,0.0,0.0
,,,,1.0,0.0,0.0,0.0,0.0
,,,,1.0,0.0,0.0,0.0,0.0
,,,,1.0,0.0,0.0,0.0,1.0
,,,,0.0,0.0,0.0,0.0,0.0
,,,,0.0,0.0,0.0,0.0,0.0
,,,,1.0,0.0,0.0,0.0,0.0
,,,,1.0,0.0,0.0,0.0,1.0
,,,,1.0,0.0,0.0,0.0,1.0
,,,,1.0,0.0,0.0,0.0,0.0
,,,,1.0,0.0,0.0,0.0,0.0
,,,,1.0,0.0,0.0,0.0,1.0
,,,,1.0,0.0,0.0,0.0,1.0
,,,,1.0,0.0,0.0,0.0,1.0
,,,,1.0,0.0,0.0,0.0,1.0
,,,,1.0,0.0,0.0,0.0,0.0
,,,,1.0,0.0,0.0,0.0,1.0
,,,,1.0,0.0,0.0,0.0,0.0
,,,,1.0,0.0,0.0,0.0,0.0
,,,,1.0,0.0,0.0,0.0,1.0
,,,,1.0,0.0,0.0,0.0,0.0
,,,,1.0,0.0,0.0,0.0,1.0
,,,,1.0,0.0,0.0,0.0,1.0
,,,,1.0,0.0,0.0,0.0,1.0
,,,,1.0,0.0,0.0,0.0,0.0
,,,,1.0,0.0,0.0,0.0,0.0
,,,,1.0,0.0,0.0,0.0,1.0
,,,,1.0,0.0,0.0,0.0,1.0
,,,,0.0,0.0,0.0,0.0,0.0
,,,,0.0,0.0,0.0,0.0,0.0
,,,,1.0,0.0,0.0,0.0,1.0
,,,,1.0,0.0,0.0,0.0,1.0
,,,,1.0,0.0,0.0,0.0,0.0
,,,,1.0,0.0,0.0,0.0,0.0
,,,,1.0,0.0,0.0,0.0,1.0
,,,,1.0,0.0,0.0,0.0,0.0
,,,,1.0,0.0,0.0,0.0,0.0
,,,,1.0,0.0,0.0,0.0,0.0
,,,,1.0,0.0,0.0,0.0,0.0
,,,,1.0,0.0,0.0,0.0,0.0
,,,,1.0,0.0,0.0,0.0,0.0
,,,,1.0,0.0,0.0,0.0,0.0
,,,,1.0,0.0,0.0,0.0,0.0
,,,,1.0,0.0,0.0,0.0,0.0
,,,,1.0,0.0,0.0,0.0,1.0
,,,,1.0,0.0,0.0,0.0,0.0
,,,,0.0,0.0,0.0,0.0,0.0
,,,,1.0,0.0,0.0,0.0,0.0
,,,,0.0,0.0,0.0,0.0,0.0
,,,,0.0,0.0,0.0,1.0,1.0
,,,,1.0,0.0,0.0,0.0,0.0
,,,,1.0,0.0,0.0,0.0,0.0
,,,,1.0,0.0,0.0,0.0,0.0
,,,,1.0,0.0,0.0,0.0,1.0
,,,,1.0,0.0,0.0,0.0,0.0
,,,,0.0,0.0,0.0,0.0,0.0
,,,,1.0,0.0,0.0,0.0,0.0
,,,,1.0,0.0,0.0,0.0,1.0
,,,,1.0,0.0,0.0,0.0,1.0
,,,,1.0,0.0,0.0,0.0,0.0
,,,,1.0,0.0,0.0,0.0,1.0
,,,,1.0,0.0,0.0,0.0,0.0
,,,,1.0,0.0,0.0,0.0,1.0
,,,,1.0,0.0,0.0,0.0,1.0
,,,,1.0,0.0,0.0,0.0,0.0
,,,,1.0,0.0,0.0,0.0,0.0
,,,,1.0,0.0,0.0,0.0,1.0
,,,,1.0,0.0,0.0,0.0,0.0
,,,,1.0,0.0,0.0,0.0,0.0
,,,,1.0,0.0,0.0,0.0,0.0
,,,,1.0,0.0,0.0,0.0,0.0
,,,,1.0,0.0,0.0,0.0,0.0
,,,,1.0,0.0,0.0,0.0,1.0
,,,,1.0,0.0,0.0,0.0,1.0
,,,,1.0,0.0,0.0,0.0,1.0
,,,,1.0,0.0,0.0,0.0,0.0
,,,,1.0,0.0,0.0,0.0,1.0
,,,,0.0,0.0,0.0,0.0,0.0
,,,,1.0,0.0,0.0,0.0,0.0
,,,,1.0,0.0,0.0,0.0,0.0
,,,,1.0,0.0,0.0,0.0,0.0
,,,,1.0,0.0,0.0,0.0,0.0
,,,,1.0,0.0,0.0,0.0,0.0
,,,,1.0,0.0,0.0,0.0,0.0
,,,,1.0,0.0,0.0,0.0,1.0
,,,,1.0,0.0,0.0,0.0,0.0
,,,,1.0,0.0,0.0,0.0,0.0
,,,,1.0,0.0,0.0,0.0,0.0
,,,,1.0,0.0,0.0,0.0,0.0
,,,,1.0,0.0,0.0,0.0,0.0
,,,,1.0,0.0,0.0,0.0,1.0
,,,,1.0,0.0,0.0,0.0,1.0
,,,,1.0,0.0,0.0,0.0,1.0
,,,,1.0,0.0,0.0,0.0,0.0
,,,,1.0,0.0,0.0,0.0,1.0
,,,,0.0,0.0,0.0,0.0,0.0
,,,,0.0,0.0,0.0,0.0,0.0
,,,,1.0,0.0,0.0,0.0,0.0
,,,,1.0,0.0,0.0,0.0,1.0
,,,,1.0,0.0,0.0,0.0,1.0
,,,,0.0,0.0,0.0,0.0,1.0
,,,,0.0,0.0,0.0,0.0,1.0
,,,,0.0,0.0,0.0,0.0,1.0
,,,,0.0,0.0,0.0,0.0,1.0
,,,,0.0,0.0,0.0,0.0,0.0
,,,,0.0,0.0,0.0,0.0,1.0
,,,,0.0,0.0,0.0,0.0,0.0
,,,,0.0,0.0,0.0,0.0,0.0
,,,,0.0,0.0,0.0,0.0,1.0
,,,,0.0,0.0,0.0,0.0,1.0
,,,,0.0,0.0,0.0,0.0,1.0
,,,,0.0,0.0,0.0,0.0,1.0
,,,,0.0,0.0,0.0,0.0,1.0
,,,,0.0,0.0,0.0,0.0,1.0
,,,,0.0,0.0,0.0,0.0,1.0
,,,,0.0,0.0,0.0,0.0,1.0
,,,,0.0,0.0,0.0,0.0,0.0
,,,,0.0,0.0,0.0,0.0,1.0
,,,,0.0,0.0,0.0,0.0,0.0
,,,,0.0,0.0,0.0,0.0,0.0
,,,,0.0,0.0,0.0,0.0,0.0
,,,,0.0,0.0,0.0,0.0,1.0
,,,,0.0,0.0,0.0,0.0,1.0
,,,,0.0,0.0,0.0,0.0,1.0
,,,,0.0,0.0,0.0,0.0,1.0
,,,,0.0,0.0,0.0,0.0,1.0
,,,,0.0,0.0,0.0,0.0,1.0
,,,,0.0,0.0,0.0,0.0,0.0
,,,,0.0,0.0,0.0,0.0,0.0
,,,,0.0,0.0,0.0,0.0,1.0
,,,,0.0,0.0,0.0,0.0,1.0
,,,,0.0,0.0,0.0,0.0,0.0
,,,,0.0,0.0,0.0,0.0,1.0
,,,,0.0,0.0,0.0,0.0,1.0
,,,,0.0,0.0,0.0,0.0,1.0
,,,,0.0,0.0,0.0,0.0,1.0
,,,,0.0,0.0,0.0,0.0,1.0
,,,,0.0,0.0,0.0,0.0,1.0
,,,,0.0,0.0,0.0,0.0,1.0
,,,,0.0,0.0,0.0,0.0,1.0
,,,,0.0,0.0,0.0,0.0,1.0
,,,,0.0,0.0,0.0,0.0,1.0
,,,,0.0,0.0,0.0,0.0,1.0
,,,,0.0,0.0,0.0,0.0,1.0
,,,,0.0,0.0,0.0,0.0,1.0
,,,,0.0,0.0,0.0,0.0,1.0
,,,,0.0,0.0,0.0,0.0,1.0
,,,,0.0,0.0,0.0,0.0,1.0
,,,,0.0,0.0,0.0,0.0,1.0
,,,,0.0,0.0,0.0,0.0,1.0
,,,,0.0,0.0,0.0,0.0,1.0
,,,,0.0,0.0,0.0,0.0,1.0
,,,,0.0,0.0,0.0,0.0,1.0
,,,,0.0,0.0,0.0,0.0,1.0
,,,,0.0,0.0,0.0,0.0,1.0
,,,,0.0,0.0,0.0,0.0,1.0
,,,,0.0,0.0,0.0,0.0,1.0
,,,,0.0,0.0,0.0,0.0,1.0
,,,,0.0,0.0,0.0,0.0,1.0
,,,,0.0,0.0,0.0,0.0,1.0
,,,,0.0,0.0,0.0,0.0,1.0
,,,,0.0,0.0,0.0,0.0,1.0
,,,,0.0,0.0,0.0,0.0,1.0
,,,,0.0,0.0,0.0,0.0,1.0
,,,,0.0,0.0,0.0,0.0,1.0
,,,,0.0,0.0,0.0,0.0,1.0
,,,,0.0,0.0,0.0,0.0,1.0
,,,,0.0,0.0,0.0,0.0,1.0
,,,,0.0,0.0,0.0,0.0,1.0
,,,,0.0,0.0,0.0,0.0,1.0
,,,,0.0,0.0,0.0,0.0,1.0
,,,,0.0,0.0,0.0,0.0,0.0
,,,,0.0,0.0,0.0,0.0,1.0
,,,,0.0,0.0,0.0,0.0,0.0
,,,,0.0,0.0,0.0,0.0,1.0
,,,,0.0,0.0,0.0,0.0,1.0
,,,,0.0,0.0,0.0,0.0,1.0
,,,,0.0,0.0,0.0,0.0,1.0
,,,,0.0,0.0,0.0,0.0,1.0
,,,,0.0,0.0,0.0,0.0,1.0
,,,,0.0,0.0,0.0,0.0,1.0
,,,,0.0,0.0,0.0,0.0,1.0
,,,,0.0,0.0,0.0,0.0,1.0
,,,,0.0,0.0,0.0,0.0,1.0
,,,,0.0,0.0,0.0,0.0,1.0
,,,,0.0,0.0,0.0,0.0,1.0
,,,,0.0,0.0,0.0,0.0,1.0
,,,,0.0,0.0,0.0,0.0,1.0
,,,,0.0,0.0,0.0,0.0,1.0
,,,,0.0,0.0,0.0,0.0,1.0
,,,,0.0,0.0,0.0,0.0,1.0
,,,,0.0,0.0,0.0,0.0,1.0
,,,,0.0,0.0,0.0,0.0,1.0
,,,,0.0,0.0,0.0,0.0,1.0
,,,,0.0,0.0,0.0,0.0,1.0
,,,,0.0,0.0,0.0,0.0,1.0
,,,,0.0,0.0,0.0,0.0,1.0
,,,,0.0,0.0,0.0,0.0,1.0
,,,,0.0,0.0,0.0,0.0,0.0
,,,,0.0,0.0,0.0,0.0,1.0
,,,,0.0,0.0,0.0,0.0,1.0
,,,,0.0,0.0,0.0,0.0,1.0
,,,,0.0,0.0,0.0,0.0,1.0
,,,,0.0,0.0,0.0,0.0,1.0
,,,,0.0,0.0,0.0,0.0,1.0
,,,,0.0,0.0,0.0,0.0,1.0
,,,,0.0,0.0,0.0,0.0,0.0
,,,,0.0,0.0,0.0,0.0,1.0
,,,,0.0,0.0,0.0,0.0,1.0
