teks,label
Lah ke sol*r*a yg nunggu 1 jam aja masih gw tunggu in 😂,0
"Waktu tunggu normal kok, kalau gak mau ngantri masak sendiri aja. Yang review orang2 manja yang gak pernah memasak. Orang indo mau cepat dan hasil sempurna tapi 074k gak punya😂😂😂",0
Murah sih daripada bakso tetelan di atas tadi harganya 35k baksonya 4,0
"emang dasar konsumen masih banyak yg ga sabaran+tolol emang , lampu baru ijo aja udah mainin klakson dikira lagi dragrace apa yak. Perkara makanan nunggu 10-15 menit juga gasabaran , mending masak sendiri sono dah masak mie tuh 3 menit jadi 😂",0
15 menit mah bentar banget😂,0
Apalagi kalo harus pesanan yang sampe setengah jam gimana ya orang kek gitu,0
Buka dong di kota sukabumi... ngiler,0
Nunggu 15 menit mah maen game ge gk krasa,0
15 menit itu lumayan cepet. Gacoan di Woltermangunsidi Semarang nunggu 1 jam 30 menit,0
Blom pernah ngantri gavoan niih keknya,0
Bjirr nunggu 15 menit doang kgk mauuu,0
"Saya Juga pernah jualan steak ayam franchise namanya kuy steak ,padahal mah ngga bikin kesalahan emang pada ngga mau sabar ajh ,bayangin ajh ayam kalo masih mentah itu bahaya makanya masak nya agal lama",0
"Krn goreng nya harus api sedang ,supaya matang sampai ke dalam ,kalo aku pake cabe bubuk desaku,biar bisa merah sampai ke dalam dan taste pedes ,bahan yg mudah di beli di tukang sayur 🤭",0
"15 menit wak. Buat fresh fried masih terbilang wajar. Aku nunggu esteh sama mie tek tek warmindo, 55 menit. Keburu dehidrasi la. Nongkrong 2 jam sejamnya nunggu makanan kocak",0
Wah enak tuh pakai beras nya basmati,0
Meanwhile nunggu di SS sampe 2 jam😂,0
Boleh ambil sampai batuk 😂,0
"Emang ada yha yg komplen ngu makanan 15 menit?? Udah gak makan 3 hari kah?? Kalo mau cpt ke warteg ato nasi padang. Pdhl gampang, cuma manusia sendiri yg bikin ribet. 😂😂😂😂😂😂",0
kyaknya msh normal 15,0
Lah Kan KFC juga di goreng dr mentah liat aja sering ada air nya keluar dr kulit Pahanya..Ayam digoreng 1/4 jam itu udh mateng...kan minyak sangat Panas..,0
halal ga kak? takut kaya widuran,0
"yaelah, perkara nunggu 15-20menit aja jadi perkara, klo makan dWarteg, makanan udah mateng tinggal tunjuk pilih makan tapi terus nunggu 15menit baru bisa makan mgkn wajar jadi ga sabar, cuma kalau makan dtempat makan yg makanannya harus dmasak dlu baru bisa disajiin ya wajarlah nunggu 15-20menit, gpp, asal ga 2jam. nunggu 15-20menit aja ga sabaran, customer apaan lu? bocil micin? jiwa micin meronta ronta, naudzubillah",0
kalau mau cpet makan nasi padang😅,0
Ini ayam merah Malaysia bkn sih,0
Kol goreng bikin kangker.,0
Halal ke haram widuri 😂😂😂,0
Gelo hidup nya sesibuk apa nunggu 10-15 mnt gabisa?😂 Gausa beli kt gw mah wkwk,0
Gara2 ayam widuran jd ragu takut ga halal tp keliatan enak ayamnya,0
Ini konten yang relate sama gue Meraih kemenangan besar di ambil4d langsung berlibur ke luar negeri!,0
Ketik google ambil4d abis itu klik deh baru ketauan apa itu ambil4d,1
Ternyata kita bisa main di ambil4d melalui iphone juga ya,1
Keren maksimal! Menang banyak di ambil4d auto jadi sultan surabaya nih!,1
Sangat keren! Meraih kemenangan besar di ambil4d langsung berlibur ke luar negeri!,1
Aku gak percaya rezeki bisa datang tanpa usaha tapi di ambil4d semua bisa terjadi!,1
Main di ambil4d seru banget langsung dapat rezeki nggak terduga!,1
modal limpol jadi gope makasi ambil4d,1
Terus buat konten kaya gini bang. sangat bermanfaat! ambil4d,1
Bermain di ambil4d uang jajan jadi nggak habis-habis!,1
idihh asik amat sangat nih web ambil4d ngerasain maxwin juga,1
Di kamar mandi lama lama ngapain sih? YA MAIN DI ambil4d LAH BOY🥶,1
Bermain di ambil4d uang jajan jadi nggak habis-habis!,1
Keberuntungan saya bener-bener gacir di ambil4d nggak nyangka!,1
ambil4d tempat hoki yang nggak ada duanya!,1
Cuma ambil4d nih yang langsung ngasih JP besar. Mantap bro,1
idihh asik amat sangat nih web ambil4d ngerasain maxwin juga,1
Hari yang menyenangkan berkat ambil4d! Rezeki ada disini!,1
Masih yng terbaik situs ambil4d ini  gak depo terus masih ada wd nya disini,1
Film ini mengajarkan kita untuk menjadi baik di apapun situasinya salam ambil4d,1
Film ini mengajarkan kita untuk menjadi baik di apapun situasinya salam ambil4d,1
Yapp ini penjelasan paling realistis dan gabisa di debat lagi. Perfect bro gas google sekarang ambil4d,1
Gak pernah cape main ambil4d selalu ada yang baru!,1
ada yang bisa jelasin ambil4d itu apa?,1
Di kamar mandi lama lama ngapain sih? YA MAIN DI ambil4d LAH BOY🥶,1
ambil4d gue hki trus bener-bener beda di sini,1
itu si rojali doyan banget main di ambil4d sampe kebeli mobil,1
ambil4d tiap hari ada aja yang hki geede,1
Pantes banyak yang komen ambil4d cuan terus menerus tanpa ada jeda!,1
Selamat Tahun Baru ambil4d Gacor Selalu 🎉🎉🎉🎉,1
alasan aku menikah karena aku dapat modal dari ambil4d,1
itu si rojali doyan banget main di ambil4d sampe kebeli mobil,1
Ketik google ambil4d abis itu klik deh baru ketauan apa itu ambil4d,1
hmm kalo bonekanya di ubah jadi barbie kira kira masih serem ga ya salam ambil4d,1
Main di ambil4d uang jajan lancar tiap hari!,1
Ketauan yg gak sabaran gak pernah masak wkwkw,0
"Gk tau knp aq gk terlalu suka daging ayam... Aq lbh suka ikan kyk ikan patin, nila dll.. & msaknya di bkar bkn di goreng lbh mantap lg...",0
"Gorengnya 15 menit, trs lu dtg masuk antrian ke 30. Yaudah lu kali'in dah, jd klo ga sabar pesen menu lain aja.",0
"10 - 15 menit emang wajar ngga sih? Hotway's aja nunggu 10 menit, kalau rame bisa 20mnt wajar heh, bukan fast food",0
"kalo ga sabar ya pesen dulu, sambil otw ke resto kan jadii.. tp gw ngerasain sih bawa bocil 1th rasanya nunggu 15 menit tuh lamaaaa banget, ada bocil ngerasa bosen, bocilnya minta keluar resto dll.. tp gw ttep sabar sihh, btw sblm punya anak jg nunggu ½ jam pun kerasa sebentar karna scroll hp😂",0
"Namanya juga orang lapar itu rese wkwkw, kayak iklan ""LU RESE KALAU LAGI LAPER""",0
Yang ga ngotak ngantri gacoan satu jam nunggu 30 menit makan ga sampe 15 menit,0
Free refill sampe batuk ajg🤣🤣🤣🤣,0
Enak tuh gak ngaruh mau nunggu lama yg penting enak 👍🤤,0
Bakal mampir nih hehe,0
"Gw jualan ayam geprek, dan goreng ayam crispy kek gt waktu normalnya 10-15 menit emang, terutama paha bawah, klo kecepetan bakal mentah bagian dalemnya",0
"Suka banget ayam goreng yg begini.. klo yg ungkep kdg sering terlalu kering dagingnya, wlwpun yg dipesan paha dan ga ada rasa gurih manis dr ayam, ketutupan sama rasa rempah bumbu ungkep.",0
Looks-nya menggoda bgt 😭,0
15 menit scrol yutub gk kerasa tau lebay bgt si pada 😂kalo aku yg beli dan katanya enak mau nunggu samoe 30 gue jabanin kecuali 1 jam gk ah,0
Kayak ayam yg ada di Thailand ya,0
"Jadi merahnya itu karena masih ada darahnya atau gmn ya? Soalnya jujur aja, aku gak berani lanjut makan begitu liat masih merah di dalam daging ayamnya. Gak tau halal atau haram jatuhnya 😅",0
Klo mau mereview produk makanan harusnya di sertakan informasi kehalalannya,0
Di perumahan Duta mas ya?,0
Buka d kota lain dong jogja gitu yg banyak anak rantaunya,0
Minyak ny pake minyak B2 gk?,0
Kremes nya halal kan?,0
15 menit mah ditinggal scroll sosmed sama login codm udah selesai tuh,0
Laper kak..🥺,0
"15 menit doang lama, ini aku lagi nunggu seblak udh 2 jam blm di anter"" Ni sampe sekarang",0
Yaelah 15 menit aja ga sabaran banget😂,0
🤤🤤🤤 jadi pengen,0
15 menit mah main bus out dapet 5 level 😂😂,0
Lol makan mau nunggu malah malas,0
Halal gak tuh? 😅,0
Halal kan ya,0
nunggu 15 menit makananya juga enak worth it lah,0
"nunggu 15 menit aja ga sabaran, lah gue nunggu antrian martabak 2 jam🗿",0
Gara2 kasus halal disolo jadi harus lebih hati2.. karena mrk yg disolo sudah berjualan demikian lama tanpa tahu pakai minyak B2.,0
Pengusaha resto lain yg jujur pasti kena imbas gegara kasus di Solo kemaren 😢,0
Yg berasa apa ka dari rempahnya?,0
Buat yang engga sabaran mending makan fast food,0
Pengen bilang kayak mbaknya harga segitu adalah termasuk murah. 😢 Apalah daya makan cuma bisa seadanya.,0
Ponggol itu apa? Nasinya cantik warna biru,0
Lebih mendingan ini dari pada restoran iben / sambak itu nunggu nya sampai 1 jam 😢 waktu itu gw makan sama pakde gw dan pakde gw bilang udh jangan makan di situ lagi wah kalo kayak gini sih waktu nya cepet banget🎉,0
Lebay kali cuma 15menit doang komplain 😅 pelanggan bukanlah raja malah rakyat jelata dia yang butuh makan dia yang harus nunggu lah.,0
Restoran yang gak harus dimakan setiap hari,0
"10-15 udh cepet bngt padahal, biasanya di KFC malah sampe 5jam nunggunya",0
"Gegara warung ayam widuran solo, jadi harus nanya lagi ini halal atau nggak. Padahal. Dah jelas ayam tp karena widuran solo, jadi harus dicantumin logo halal",0
ambil4d..Modal sikit hasil membukit,1
Ternyata bener kata2 orang di ambil4d! bisa menang banyak dan dibayar!,1
Tutorial dong bang daftar di ambil4d gimana caranya,1
Keberuntungan saya bener-bener gacir di ambil4d nggak nyangka!,1
Setiap hari selalu ada hal-hal baru dan menarik dari ambil4d bikin rasa penasaran terus terjaga!,1
Aku gak percaya rezeki bisa datang tanpa usaha tapi di ambil4d semua bisa terjadi!,1
Gak nyangka bisa menang segini di ambil4d! Auto senyum lebar!,1
SUPER MANTAP Baru main sekali langsung ketagihan seru banget! Udah gitu dapet hadiah yang bikin seneng. Yuk coba sendiri di  ambil4d   !,1
Gw dukung terus bro █ambil4d█,1
ambil4d..Modal sikit hasil membukit,1
hanya di ambil4d aku bisa ngerasain makkwin coyy kalian pasti bisa juga,1
ambil4d saya gk pernah kalah hki trus maen di sini,1
Gw pake trik ini udah lama sih hehe emang bener bener hoki di ambil4d klo pake trik ini,1
Gegara pain infrastruktur di konoha lgsg berubah drastis jangan lupakan ambil4d guys,1
alasan aku menikah karena aku dapat modal dari ambil4d,1
giliran kalah koar sana sini begitu menang diem hahay gak lah nih gw bagi ambil4d,1
Dari yang tadinya cuma penasaran jepey di ambil4d!,1
Aku team yg kalau joged ...heboh..!! kalau cuan ya aku team visi4d juaaranyaa,1
bingung sama komentar visi4d pas aku tes eh malah beneran dapat uang banyak huhuu,1
"visi4d memang gacor, bukan sekadar janji. Real result di sini",1
Pokoknya visi4d recommended banget buat semua!,1
"visi4d memang gacor, bukan sekadar janji. Real result di sini",1
"uang jajan ga abis abis , visi4d gacor selalu bang",1
"hari gini ga dapat sketer ? , visi4d in aja kawan banjir sketer nya turun terus",1
visi4d beneran bikin gue ketagihan main slot! 🔥🔥,1
dikamar mandi lama lama biasanya ngapain sih? ya main di visi4d lahhh,1
Gak nyangka cuma sekali main langsung dapet jakpot. Bener-bener gacir di visi4d,1
emang boleh se enak ini main di visi4d ..?? member baru langsung di kasih WD..,1
"10-15 menit mah masih normal buat nunggu makanan, yg gk normal itu diatas 30 menit keatas😂",1
tanpa pola bisa JP ya cuma di visi4d bree ..,1
"Kalo buat yg laper banget mending jng ini,kalo buat nongkrong sama tmn""  ini cocok",1
15 menit itu bentar loh,1
"modal limpol jadi gope , makasih visi4d",1
Bermain di visi4d uang jajan jadi nggak habis-habis!,1
"makasi rekomendasi nya tmn2, wede sudah landing dengan mulus, jaya terus visi4d",1
Caerr terus tanpa henti visi4d emang juara dalam urusan Jepe,1
mainnya di visi4d member baru disana pasti di kasih menang bro jadi enak tuh buat maen,1
"caeer terus , rekomendasi banget main di visi4d",1
"anjay , ga salah pilih visi4d emang paling kereeen",1
"visi4d, cuan terus menang teruuusss",1
Gak pernah kecewa main di visi4d slot mereka selalu on fire!,1
"visi4d, cuan terus menang teruuusss",1
"cuan terus tanpa henti hanya di visi4d, menyala dompet berisi",1
Paling ga bisa makan ayam yg ga di ungkep dlu baru di goreng😂lain rasa dagingnya agak geli😅,1
dikasi jp di waktu yang tepat pas lagi modal terakhir haha makasi visi4d,1
"tempat semua member baru dapet kejutan! , ya hanya di visi4d",1
cuma di visi4d JP  depo sekali bisa tarik dana berkali kali,1
itu si rojali doyan banget main di ambil4d sampe kebeli mobil,1
mainnya di ambil4d member baru disana pasti di kasih menang bro jadi enak tuh buat maen.,1
Bermain di ambil4d uang jajan jadi nggak habis-habis!,1
makasih yang udah likee❤❤ambil4d tak akan mati,1
keren bang! Sukses terus untuk ambil4d,1
ambil4d tiap hari ada aja yang hki geede,1
ambil4d tiap hari pasti ada yang wedey lu kapan..,1
Pokoknya ambil4d sangat rekomend banget buat semua!,1
Gw pake trik ini udah lama sih hehe emang bener bener hoki di ambil4d klo pake trik ini,1
Terus buat konten kaya gini bang. sangat bermanfaat! ambil4d,1
keren bang! Sukses terus untuk ambil4d,1
Bjir udah tanggal tua begini udah susah cari uang makan untung dapat uang gw di ambil4d,1
giliran kalah koar sana sini begitu menang diem hahay gak lah nih gw bagi ambil4d,1
Pengalaman aku main di link ini:ambil4d Langsung gas aja bang link nya lagi gacor,1
Main di ambil4d tuh kayak diberi tiket emas menuju jackpot!baru daftar langsung JP wkwkwk,1
Masih yng terbaik situs ambil4d ini  gak depo terus masih ada wd nya disini,1
ambil4d tempat hoki yang nggak ada duanya!,1
Cari yang cepat dan pelayanan ramah? ambil4d mungkin jawabannya.,1
alasan aku menikah karena aku dapat modal dari ambil4d,1
Halal ga? Trauma sama ayam goreng yg di Solo,0
"Minim literasi, tidak bisa membedakan ayam mentah sama mateng...ya gak bakalan enak juga kali klo ayamnya masi belum matang kocak 😂😂",0
Sebenernya suka karena rasanya unik. Tapi pernah beli ayamnya masih ada darah. Beda warna sama merah bumbunya. Pdhl dimasak 15 menit. 😢 Mau beli lagi tp jadi kepikiran,0
"Sekarang waktu aja kerasa cepet, ga kerasa udah hari ini, perasaan baru kemarin hari itu blablablabla, ini timbang 15 menit aja bilangnya lama wkwkw",0
Halal kah kak?jd ragu semenjak ayam widuran ternyata gk halal😢,0
Ayam merah ala india,0
Halal kah?,0
Gue yang pernah nunggu sampe 1 jam makanan padahal itu cuma warung makan biasa di kampung. Its oke aja tuu,0
Gue yang pernah nunggu sampe 1 jam makanan padahal itu cuma warung makan biasa di kampung. Its oke aja tuu,0
"Skrng nunggu 15 menit aja ga bisa ya? Apalgi klo tau tuh masakn hrs dimasak dulu, digoreng dulu. Hrs berapa lama? 5 menit? Kdng2 krn kata customer adalah raja, banyak yg semaunya, dan krn medsos, ga seberapa aja hrs direkam, diupload. Ga bisa lgi misahin mana yg penting,mana yg biasa, mana yg ga penting.",0
"kalo di resto 15 normal bgt, apa waktu customernya datang lagi jam sibuk, kalo jam sibuk atau pas weekend emang butuh waktu lebih lama.",0
15-30 menit masih masuk akal,0
Pasti enak banget,0
Baru nunggu 15menit. Gw tiap beli makanan apalagi prnh beli seafood waktu tunggu makanan smpe 1.5jam 😂 krn saking rameny dan emg paham sih knp bs rame. Rasa makanannya enak bgt jd terbayarkan walau hrs nunggu lama jg. Gw skrg klo ke tmpt makan bawa cemilan dlu biar gk laper2 amat smpe makanan tiba. 😅,0
Cuma 15 s/d 30 menit menunggu.. sepele,0
U kaum sat set kurang ya g gercep. Tapi kalau emang bosn makan itu itu aja dan pngn nyobain sensasi makanan yg lain. Keknya boleh dicoba nih. 😊,0
"Normal njir 15 menit, g sabaran bnget orang2..",0
"Stauku bisa disimpen di penghangat ,smpe 5 jam pun masih krispy juicy",0
diluar negeri kadang sampe nunggu 2 jam buat dapet tempat duduk,0
Itu pakek nasi bamaspati?,0
Kremesannya halal kan😅😂,0
Jangan sampai pakai minyak babi seperti ayam goreng widuran.,0
Kolesterol itu gak baik,0
"Nasi nya Pera dan berwarna ungu. Kek nya enak ,pulen",0
Ngikutin ayam india itu gess yg banyak di malaysia.. kalo nama indianya chicken tandori.. bisa dipanggang bisa digoreng..ayam rempah warna merah..,0
Aduuhhhh jadi laperrr nih blm ada jogja yak,0
jangankan 15 menit gua beli nasi kucing aja 1 jam gua tungguin asal ada wifi😂,0
Gw ngeri sekarang mau makan di resto yg punya Chindo...semenjak kasus ayam bakar Haram solo ...jd ngeriii 😮,0
Itu baru saat sudah pesan udh 15 menit belum klo pake waiting list keburu pindah tempat lain dah 😂,0
"Waktu itu youtuber sebelah nunggu hampir 1 jam kak,  bukan 15mnt 😅",0
Keresmes nya halal ya bang kalo yang inih,0
Itu nasinya kok gitu?,0
nasi nya kok bisa abu abu begitu ya,0
Ayam ponggol.. bahasa Batak ayam patah atau ayam terpotong,0
Wajib sertifikasi halal,0
Siang  gini lagi nyantai sambil main di visi4d tambah lagi dikasih maxwin terbaik memang,1
Cape rungkat main slot ❌ Cape menang terus main di visi4d ✅,1
Belum tentu halal..dan tdk sehat juga..siap2 kolestrol..pelan2 menyergap..,0
Curhat problem keluarga😅,0
beli pressure fryer kayak yg dipake resto2 ayam goreng tepung,0
Ayamnya sperti ayam goreng di india ya yg biasa aku makan apakah rempahnya sama?,0
"Halal GK nih ? Takut yg 52 tahun berdiri tapi baru ketauan skrg non halal , penipuan bertahun² yg disolo !",0
Terima kasih visi4d gacor banget dan proses WD cepat masuk saldo rekening. Gak nyesel main di sini sukses terus,1
"Gue kira main di visi4d cuma buat iseng, eh malah dapat jackpot maxwin",1
"Buruan Cobain Main Slot Online yang gampang berikan cuan, HANYA visi4d Situs terbaik",1
"Kebanyakan situs cuma janji manis ajaa, Tapi yang jelas cuma di visi4d selama gw main gampang JPnya",1
Main di visi4d itu sama seperti diberi cara mudah menuju jackpot! Baru daftar langsung JP,1
"Paling mantep visi4d udah jadi kebiasaan, Caerr terussss main disiniii",1
visi4d memang mantap brooo udah pasti cuan terusss,1
"Tiap hari main, tiap hari dapet jepe. emng gak salah pilih situss gacorrr banget visi4d",1
Kalo org paham dia ga protes .,0
Tiati ni yutuber gapernah nyebutin halal haramnya bahaya kalo yg jual pake bahan2 ga halal...,0
Aku pernah berantam dulu pas kecil tapi sekarang aku lebih pilih main di ambil4d,1
Pantes banyak yang komen ambil4d cuan terus menerus tanpa ada jeda!,1
Sangat keren! Meraih kemenangan besar di ambil4d langsung berlibur ke luar negeri!,1
alasan aku menikah karena aku dapat modal dari ambil4d,1
ambil4d saya gk pernah kalah hki trus maen di sini,1
Ternyata bener kata2 orang di ambil4d! bisa menang banyak dan dibayar!,1
hmm kalo bonekanya di ubah jadi barbie kira kira masih serem ga ya salam ambil4d,1
giliran kalah koar sana sini begitu menang diem hahay gak lah nih gw bagi ambil4d,1
SUPER MANTAP Saya udah kecanduan main di situs  ambil4d    ini seriusan! Mainnya asik hadiahnya gak nahan. Ayo join ga bakal nyesel!,1
Setiap hari selalu bisa tarik uang dari ambil4d bikin kantong tebal terus!,1
Rezeki emang gak kemana makasi ambil4d,1
Main santai di ambil4d eh malah dapet uang kaget! Gak mau ketinggalan lagi!,1
Sangat keren! Meraih kemenangan besar di ambil4d langsung berlibur ke luar negeri!,1
Main di ambil4d seru banget langsung dapat rezeki nggak terduga!,1
Jangan ragu!!! Gacor parah disini 🎉🎉👍 ambil4d terbaik 2025!!! 😊😊💸,1
Parah banget! ambil4d bikin candu berat susah banget buat berhenti!,1
"yaelah ga sabaran amat nunggu 15 menit doang wkwk, tinggal scroll sosmed atau ga login maen brawl wkwkwk",1
"Halal ga nih? Kuatir kaya yang di Solo... Walaupum yang dijual ayam tapi pakai bumbu yang ga halal, hukumnya tetap haram",1
"15 menit udh termasuk cepat.
Di sini ada yg namanya bakmie tunggu, yg biasanya tunggu sampai 1jam tapi tetap saja ramai😅",0
"Hati"" bagi yg muslim.. klo yg jualan atau yg punya rumah makan non muslim, wajib diperhatikan kehalalannya.. karena mayoritas mereka cari untung saja",0
Ngeliatnya jadi ngiler nih...tapi mau tanya.....halal nggak ya ?...menghindari kasus viral terkait  ayam goreng di solo setelah bertahun tahun baru ngaku yg ternyata non halal,0
Sangat menggugah selera sekali,0
"Ga lama ini mah cuman 15 menit, oke juga , bandingin noh sama gacoan bikin mie aja bisa sampe sejam lebih",0
"😂 penyetan cuma nunggu 15 menit, perasaan gue didaerah pelosok dan ini waktu yang normal bahkan kalau nasi goreng pernah 1jam lebih",0
Bisnis makanan itu ya begitu... tidak boleh ada kesalahan,0
sabar ngga mau giliran kurang mateng ntar marah2 ini di rmh makan umum bnyak konsumen lain jg beda dengan di rmh sendiri.SABAR,0
15 menit its oke...normal....emamgnya masak buat 1 orang....? Kalaub25 menit ...perut keroncongan,0
First. Semangat kakak ❤,0
"🤟AERO8 8 beneran bikin betah, tiap hari WEDEY",1
Jakpot besar bikin aku makin percaya sama keberuntungan di ✍axl777✍!,1
"🙅axl777🙅 gua main bentar aja, saldo lngsg naik gede",1
"👧axl777👧 tiap main pasti hoki, beneran beda",1
"👏aero88 tiap maen pasti ada hasil, gk nyesel sama sekali",1
"🧓axl777🧓 gue aja bisa WEDEY, lu pasti juga bisa",1
"😥𝘼𝙀-𝙍-𝙊-𝟴-𝟴 aku maen bentar aja, saldo lngsg byk",1
Beberapa pengguna mencatat aspek komunitas yang positif dari 🤜aero88.,1
"Jika Anda menikmati bekerja dengan orang lain, 🙂𝗔-𝗘-𝗥-𝗢-𝟴-𝟴 mungkin cocok.",1
"👐𝗔𝗘 𝗥 𝗢 𝟴 𝟴 aku main bentar aja, saldo lgnsung gmpang nambah",1
"🤜aero88 aku cba bentar, saldo lngsg byk",1
"💃axl777💃 aku udah nyoba banyak tempat, ini paling gacor",1
"Hasil gacir bikin aku makin puas main di ✊axl777✊, makasih banyak!",1
"🗣axl777🗣 gua coba, lgnsung jackpot gede banget",1
"🧑axl777🧑 gua suka maen dsini, gmpang bgt dapet WEDEY",1
"Beneran nih, cuma sekali main langsung dapet hasil gede di 🙏axl777🙏. Kalian nggak penasaran?",1
"👱axl777👱 jackpot terus-terusan, gk ngerti lagi deh",1
"Gak mau ketinggalan, main di 🤙dewadora🤙-langsung dapet menang gede! 🏕",1
"Bermain di 👁dewadora👁 mengubah hidup saya, dari pegawai harian jadi pemilik usaha. 🏡",1
"🦷dewadora🦷memang oke banget, JP-nya bikin melongo! 🐔",1
"Parah banget! 👨‍🦱dewadora👨‍🦱-bikin candu berat, susah banget buat berhenti! 🐿",1
𝐃𝐎𝐑𝐀-𝟕-𝟕😎menyediakan platform untuk pertumbuhan dan pengembangan diri. 🌽,1
Di D ORA77🤚 mendukung saya mendapatkan modal untuk mengembangkan bisnis. 🐺,1
"Cuma modal secuil bisa dapat untung segede gunung di dora77✊,luar biasa sekali! 🐕‍🦺",1
"Main di 🧏dewadora🧏-bikin hariku lebih menyenangkan, terima kasih! 🛻",1
𝗗 𝗢 𝗥𝗔𝟳𝟳🤛menawarkan tim dukungan yang responsif dan bermanfaat. 🥗,1
"Rezeki yang diberikan oleh 💪dewadora💪-sungguh tiada tara nilainya, terima kasih ya Allah atas berkat-Mu! 🐘",1
"Suka banget main di D-ORA77🤦,gak nyangka bisa dapet menang langsung! ⛴",1
Hasil dari DORA77👋 membuktikan saya bisa beralih dari penjual kaki lima jadi pemilik restoran. 🎖,1
👨‍🦲dewadora👨‍🦲 menyediakan platform untuk relaksasi dan hiburan. 😌,1
Main di 🤚dewadora🤚-bikin auto happy! Rezeki emang gak salah alamat! 🤩,1
"Seru banget main di DO R A 7 7🤏, hasilnya bikin hidup lebih cerah! 🐩",1
"Rezeki nomplok dari 𝘿 𝙊 𝙍 𝘼𝟳𝟳👧! Modal kecil, hasilnya luar biasa! Pasti balik lagi. 🐜",1
"Melalui 💇dewadora💇 saya berubah, dari petani kecil ke pemilik agribisnis. 🥎",1
Hasil di 𝘿𝙊𝙍𝘼𝟳-𝟳😪 membuktikan saya bisa beranjak dari pengantar surat ke manajer sukses. 🍔,1
"Kece badai! Main di 𝗗𝗢𝗥𝗔-𝟳-𝟳🤨 lancar, cuan juga lancar jaya! ⁉",1
"Bagi yang mencari suasana baru, DORA77👋 bisa dicoba. 😂",1
Kampung atas Huma Akasia hadiiirr bang,0
Isi komentar nya judol smeua anjir,0
Bermain di 🙇dewadora🙇 memberikan solusi keuangan atas masalah hutang saya. 🐻,1
"Gak sabar buat main lagi di 🧍dewadora🧍,karena rezeki datang tak terduga! 🛥",1
"Senang banget, main di D O RA77🖐 bikin hariku lebih cerah! 🫐",1
"Berkat DORA7-7😁 saya berubah, dari penjual pulsa jadi pengusaha teknologi sukses. 🍰",1
"Keuntungan melimpah di 𝘿-𝙊-𝙍𝘼𝟳𝟳🙄, bener-bener puas banget! 🐋",1
"Di 🧍dewadora🧍 saya menemukan peluang, dari pengantar roti jadi pemilik bakery. 🚛",1
"Di ✍dewadora✍ saya menemukan peluang, dari karyawan biasa jadi bos perusahaan. 🚙",1
"Jika Anda memprioritaskan kesederhanaan dan kenyamanan, 𝗗 𝗢 𝗥 𝗔𝟳𝟳🤜-layak dieksplorasi. 🫓",1
Main di ✊dewadora✊ langsung bikin hari jadi lebih cerah! 🍴,1
Berkat DORA77👋 saya mendapatkan dana untuk memulai usaha sampingan. 😟,1
"DOR A 7 7✌emang mantul, JP-nya gak main-main! ✊",1
"Bermain di 𝐃𝐎𝐑𝐀𝟕 𝟕👎 otomatis bahagia, rezeki memang sudah ada jalannya! 🆙",1
"Main di 𝐃𝐎𝐑𝐀𝟕𝟕🤘-auto happy, rezeki emang sudah diatur! 🙈",1
"Makasih 👶dewadora👶,rezeki datang terus tanpa henti! 🤺",1
"Dari yang tadinya cuma penasaran, eh malah dapet rezeki besar di DORA-TUJUH-TUJUH😌! 🥂",1
"JP datang berbondong-bondong di 👱dewadora👱,lagi gacor parah nih! 🐈",1
"Di DORA-TUJUHTUJUH😴 membuka pintu sukses, dari penjaja gorengan ke pemilik kafe. 🍞",1
"JP datang silih berganti di 🤦dewadora🤦, lagi hoki tingkat dewa nih! 🈴",1
Hasil gacir dari 𝐃𝐎𝐑-𝐀-𝟕-𝟕😋 bikin hari makin seru. Mantap banget! 🐌,1
Hasil dari DORA 7 7🤞 memudahkan saya dalam menyelesaikan masalah hutang. 🤙,1
"Bermain di 👨‍🦲dewadora👨‍🦲 membuka jalan, dari penjual pulsa jadi pengusaha handal. 🥧",1
"Hasil nyata di DORATUJUH TUJUH🧏‍♀ mengantar saya, dari penjual pulsa ke pemilik gerai elektronik. 🍦",1
"Modal kecil berubah jadi hasil besar, cuma di 👇dewadora👇! 🍳",1
"Rezeki melimpah tiap kali main di 👧dewadora👧,benar-benar luar biasa! 🎷",1
Di 𝗗𝗢𝗥𝗔 𝟳 𝟳🦾 memberikan modal signifikan untuk mendukung impian saya. 👊,1
Ke Majalengka Jawa Barat kak,0
"Gak nyangka bisa dapat segini dari ✊dewadora✊,auto traktir sekeluarga! 👎",1
"Tidak pernah merasa bosan sedikit pun bermain 🦾dewadora🦾, karena selalu ada inovasi dan kejutan! 🔴",1
Asik banget main di 𝗗𝗢𝗥𝗔𝟳 𝟳🖖! Cuan auto nambah terus! 🕋,1
Bermain di 𝘿-𝙊-𝙍𝘼𝟳𝟳🙄 memberikan saya akses ke modal usaha yang saya perlukan. 🐍,1
"Hasil nyata di 𝐃𝐎-𝐑-𝐀-𝟕-𝟕😉 mengantar saya, dari penjual keliling jadi pemilik warung kopi. 🛷",1
"Bermain di 🧏‍♂dewadora🧏‍♂ membuka jalan, dari penjual pulsa jadi pengusaha handal. 🥧",1
"Ternyata main di 🧍dewadora🧍-itu gampang banget buat menang, hasilnya luar biasa! 🗽",1
Di 🧎dewadora🧎 membantu saya mendapatkan modal untuk mengembangkan usaha yang saya jalankan. 🐕‍🦺,1
𝐃𝐎𝐑-𝐀-𝟕-𝟕😊 menyediakan platform untuk relaksasi dan hiburan. 😌,1
"Berkat 𝐃𝐎𝐑𝐀𝟕𝟕😂 saya berubah, dari penjual pulsa jadi pengusaha teknologi sukses. 🍰",1
"Penasaran sama cerita orang-orang yang menang besar di 🧓dewadora🧓,akhirnya coba dan langsung dapet rezeki besar! 🚖",1
"Melalui 🏃dewadora🏃 saya berubah, dari pengantar makanan ke bos restoran. 🚇",1
"Gak ada yang tau kapan rezeki datang, tapi di ✊dewadora✊,semuanya bisa terjadi! ♈",1
"Melalui 🦴dewadora🦴 saya bertransformasi, dari tukang cukur ke pengusaha kecantikan. 🚟",1
Semoga rezeki dari 🙍dewadora🙍 ini berkah dan bermanfaat! ♒,1
Keuntungan di 💪dewadora💪 memungkinkan saya untuk membeli rumah tanpa kesulitan. 🐹,1
"Berkat D-O-RA77🤷 saya melesat, dari tukang jahit ke bos butik. 🏏",1
Hasil dari ✌dewadora✌ membantu saya mencapai kestabilan keuangan yang saya idamkan. 🐇,1
"Jika Anda menghargai kinerja yang konsisten, 𝘿𝙊-𝙍-𝘼-𝟳-𝟳😮-layak dipertimbangkan. 🍙",1
Auto sultan berkat 𝗗𝗢𝗥-𝗔-𝟳-𝟳🤔! Keren abis! ✡,1
"Dengan 🧏‍♂dewadora🧏‍♂ saya sukses, dari pembantu rumah jadi pengusaha cleaning service. ⛹",1
"Makasih 🏃dewadora🏃, rezeki datang terus tanpa henti! 🐕",1
"Mantap jiwa main di 👄dewadora👄,rezeki nomplok tiap hari! 😟",1
"Berkat 🤚dewadora🤚 saya berubah, dari kuli bangunan jadi pemilik kontraktor. 🚢",1
Hasil dari 🤜dewadora🤜 membantu saya mengatasi masalah hutang dengan efektif. 🐠,1
"Jika Anda ingin meningkatkan keterampilan Anda, 👩‍🦱dewadora👩‍🦱-bisa bermanfaat. 🍦",1
"Bang, emang cibubur itu banyak pengusaha agen bubur? 😅",0
Setiap hari selalu bisa tarik uang dari ambil4d bikin kantong tebal terus!,1
hanya di ambil4d aku bisa ngerasain makkwin coyy kalian pasti bisa juga,1
itu si rojali doyan banget main di ambil4d sampe kebeli mobil,1
Ternyata kita bisa main di ambil4d melalui iphone juga ya,1
petir kakek lagi ngamuk di situs  ambil4d  mang lagi rame perkalian disitu,1
Parah banget! ambil4d bikin candu berat susah banget buat berhenti!,1
Di kamar mandi lama lama ngapain sih? YA MAIN DI ambil4d LAH BOY🥶,1
Yapp ini penjelasan paling realistis dan gabisa di debat lagi. Perfect bro gas google sekarang ambil4d,1
Sangat keren! Meraih kemenangan besar di ambil4d langsung berlibur ke luar negeri!,1
idenya menarik nih langsung gas aja klo gitu deh ke google cari ambil4d,1
Terus buat konten kaya gini bang. sangat bermanfaat! ambil4d,1
Seorang fans adalah gambaran dari idola itu sendiri 😂kalo aku fans ambil4d,1
Ini mirip seperti cerita ku di awal covid main di ambil4d karna saat itu gabisa kerja jadi penghasilan dari sana,1
Jangan ragu!!! Gacor parah disini 🎉🎉👍 ambil4d terbaik 2025!!! 😊😊💸,1
idenya menarik nih langsung gas aja klo gitu deh ke google cari ambil4d,1
Bersyukur untuk hari ini. 𝐆𝐎𝐎𝐆𝐋𝐄 𝐀𝐉𝐀  ambil4d,1
ambil4d main seru kontrakan terbayar lancar!,1
Aku pernah berantam dulu pas kecil tapi sekarang aku lebih pilih main di ambil4d,1
Pengalaman aku main di link ini:ambil4d Langsung gas aja bang link nya lagi gacor,1
Ketik google ambil4d abis itu klik deh baru ketauan apa itu ambil4d,1
"Jalur baru, lama buanget...😅😅😅",0
Udh bng...sblm pandemi tiap tahun 2x ke prau,0
Mantab😢😢😢,0
Gunung Prau alhamdulillah udah pernah bang😁,0
Tanya bang. Klo diatas sholatnya gmn? Maaf saya belum pernah naik dan ada rencana mau ke dieng,0
"Apa nggk hujannan bang, Jateng akhir2 ini masih sering ujan soalnya...",0
gimanaa Bang rasanya muncak,0
"Asik bang, keren luu bang😊",0
Jadi totalnyaaa berapa bang,0
Jslur ekstrim itu jalur lama banyak banget daerah yang curam kudu ekstra hati hati,0
Keren bang,0
Bentar lagi bang Juni lebih cakeepp,0
Pensiun bukan krn udah tua.tapi krn udah ganti orde baru. Yg dpt yg condong ke US,0
"Main di 💪dewadora💪-bikin hariku lebih menyenangkan, terima kasih! 🛻",1
"Di 𝘿 𝙊 𝙍𝘼𝟳𝟳👦 mengantar saya menuju kesuksesan, dari tukang bakso kini jadi bos restoran. 🥬",1
Di D O R A77✋ membuat saya melunasi hutang tanpa menunggu lama. 👐,1
menang besar bikin aku makin semangat coba lagi di DORATUJUH-TUJUH😛! 🎹,1
"Malam ini dapet jakpot gede, terima kasih 𝐃𝐎 𝐑 𝐀 𝟕 𝟕🖕! Nggak mau ketinggalan kan? 🍙",1
"Modal kecil, untung besar, cuma di 𝗗𝗢𝗥𝗔𝟳 𝟳🖖.Mantap banget! 🏇",1
"Rezeki yang diberikan D O R A 77🖖 sungguh tiada tara, terima kasih Ya Allah! 🆔",1
Bermain di 👆dewadora👆 mengubah hidup saya dengan melunasi hutang dalam waktu singkat. 🧐,1
"Baru coba main di D O R A 77🖖,eh rezekinya langsung gacir. Mantap banget! 🍷",1
Pertimbangkan untuk menjelajahi 🙇dewadora🙇 jika Anda menghargai desain yang inovatif. 🧐,1
"Gak nyangka bisa dapat segini dari 🧍dewadora🧍, auto traktir sekeluarga! 〰",1
Di 𝗗𝗢-𝗥-𝗔-𝟳-𝟳🤩 memberikan solusi keuangan yang membantu saya membeli rumah. 🦓,1
"Main di 🧏‍♀dewadora🧏‍♀ bikin happy banget, hasilnya gacir abis! 🦟",1
"Alhamdulillah, rezeki lancar hari ini berkat 👀dewadora👀! ♏",1
"Melalui 👄dewadora👄 saya berubah, dari penjual keliling ke pemilik warung kopi. 🥊",1
Hasil dari 💁dewadora💁 membuktikan saya beralih dari tukang bakso ke bos restoran. 🥛,1
"Main bentar, eh langsung rezeki nomplok! Semuanya bisa terjadi di 👩‍🦲dewadora👩‍🦲! 🧂",1
Modal yang saya dapat dari 𝘿-𝙊-𝙍-𝘼-𝟳𝟳😣 membuat usaha saya semakin stabil. 🐵,1
"Rezeki besar datang tanpa henti dari 🦾dewadora🦾,makasih banyak! 🚚",1
Asik banget main di 🦴dewadora🦴! Cuan auto nambah terus! 🕋,1
"JP bertubi-tubi di 𝐃𝐎 𝐑 𝐀 𝟕 𝟕🖕, lagi on fire banget nih! 🔣",1
Semangat bro. Ulik terus sejarah perjuangan Indonesia ❤,0
daerah padet bgtu banyak edeb biasanya itu bang 🤧😂,0
Bukan brajil bang tapi Brazil...😂,0
Aku bingung sama komentar ambil4d! pas aku tes eh malah beneran dapat uang banyak huhuu,1
ambil4d tempat hoki yang nggak ada duanya!,1
Main santai di ambil4d eh malah dapet uang kaget! Gak mau ketinggalan lagi!,1
idenya menarik nih langsung gas aja klo gitu deh ke google cari ambil4d,1
SUPER MANTAP Abis nyoba situs  ambil4d    ini langsung hooked! Mainnya keren hadiahnya gak main-main. Ga heran banyak yang suka!,1
ambil4d tempat hoki yang nggak ada duanya!,1
giliran kalah koar sana sini begitu menang diem hahay gak lah nih gw bagi ambil4d,1
Film ini mengajarkan kita untuk menjadi baik di apapun situasinya salam ambil4d,1
Pengalaman aku main di link ini:ambil4d Langsung gas aja bang link nya lagi gacor,1
ambil4d gua maen dikit aja sldoo udah nmba byk,1
Aku gak percaya rezeki bisa datang tanpa usaha tapi di ambil4d semua bisa terjadi!,1
Aku gak percaya rezeki bisa datang tanpa usaha tapi di ambil4d semua bisa terjadi!,1
SUPER MANTAP Saya selalu dapet keberuntungan di  ambil4d    beneran! Gasabar liat lo juga ikutan rame di komunitas pemenang!,1
Ini mirip seperti cerita ku di awal covid main di ambil4d karna saat itu gabisa kerja jadi penghasilan dari sana,1
bener bang kata lu emang di ambil4d itu pasti dikasih dulu,1
Cari yang cepat dan pelayanan ramah? ambil4d mungkin jawabannya.,1
Dari yang tadinya cuma penasaran jepey di ambil4d!,1
Tarik semua kemenangan dari ambil4d saatnya checkout di shoppee!,1
STOP YA KOMEN KOMEN GAJELAS KITA ITU UDAH TAU YANG PASTI BAYAR DI ambil4d,1
"Gang kancil Tambora,padet bgt ,naik motor jgn harap bisa jln lancar",1
"Lu dimana bang saudara lu , gue ditanah sereal bang melimpir lah kesini",1
"Paling males klo lagi ngojek,dapet kirim atau jemput paket ke daerah model gini,pusing😅",1
Mencari pengalaman daring yang lancar? 🙅𝘼𝙀𝙍𝙊 𝟴 𝟴 mungkin solusinya.,1
"😙𝗔-𝗘-𝗥-𝗢𝟴𝟴 saya seneng banget, maen disini gk rugi",1
😑𝘼-𝙀𝙍𝙊𝟴𝟴 mungkin yang Anda cari dalam hiburan daring.,1
"👌A E R O 8 8 tiap main pasti jepe, asli gampang banget",1
"Ternyata main di 🤩𝗔𝗘𝗥-𝗢-𝟴-𝟴 bikin rezeki datang begitu saja, langsung gacir!",1
"😉𝐀𝐄-𝐑-𝐎-𝟖-𝟖 tiap hari ada aja yang WEDEY, lu kapan..",1
😑𝘼-𝙀𝙍𝙊𝟴𝟴 gk nyangka bisa hoki terus-terusan kayak gini,1
"🙎𝘼𝙀𝙍 𝙊 𝟴 𝟴 aku gak ngerti lagi, ini bener-bener hoki terus",1
"😯𝘼𝙀𝙍𝙊-𝟴-𝟴 tiap hari hoki terus, gk ngerti lagi deh",1
"Udah banyak yang menang, saatnya kamu coba di 💆A-E-R-O88 dan rasain sendiri!",1
"🤨𝗔𝗘𝗥𝗢𝟴-𝟴 gua main bentar aja, saldo udah nambah",1
"🤏AE R O 8 8 saya main tiap malam, hoki terus di sini",1
"👦𝘼 𝙀 𝙍 𝙊𝟴𝟴 tiap main pasti ada aja jackpotnya, luar biasa",1
"👎𝗔𝗘𝗥𝗢𝟴𝟴 tiap hari hoki terus-terusan, gk ngerti lagi",1
"Modal kecil aja bisa untung besar di 🧏‍♂AERO DELAPAN DELAPAN, luar biasa!",1
"😍𝗔𝗘𝗥𝗢𝟴𝟴 kalo gue bisa jepe, kalian juga pasti bisa",1
"😴AERO-DELAPANDELAPAN cuma coba sekali, lngsg hoki melulu",1
Temukan potensi 🤞AERO 8 8.,1
"🤜aero88 cuma coba sekali, lgnsung ketagihan",1
makasih yang udah likee❤❤ambil4d tak akan mati,1
Kalo mafia main di ambil4d mungkin mereka bakal lebih sering Shopping daripada bikin rencana! 😂,1
giliran kalah koar sana sini begitu menang diem hahay gak lah nih gw bagi ambil4d,1
Aku bingung sama komentar ambil4d! pas aku tes eh malah beneran dapat uang banyak huhuu,1
Gw dukung terus bro █ambil4d█,1
Pokoknya ambil4d sangat rekomend banget buat semua!,1
ambil4d..Modal sikit hasil membukit,1
itu si rijal doyan banget main di ambil4d sampe kebeli motor,1
SUPER MANTAP Abis nyoba situs  ambil4d    ini langsung hooked! Mainnya keren hadiahnya gak main-main. Ga heran banyak yang suka!,1
itu si rijal doyan banget main di ambil4d sampe kebeli motor,1
AMBIL4D emang gokil banget banyak yang untung disitu,1
bang itu rumah gua,0
Coba cek manila juga terpadat di dunia malah..,0
inilah wajah asli ibu kota 😊,0
"Daerah krendang itu,,, masuk bingung, baliknya nyasar",0
Seru kayanya yah...labirin...kebersamaannya pasti lbh kuat...😊,0
Tambora tuh begitu,0
"Blm seberapa kumuh nya itu bang. 
Coba Lo ke daerah Pulo gadung pas perbatasan kayu putih. Tuh parah matahari aja nyerah kaga tembus dah.",0
Kaga semua jakbar wilayahnya kek bgini😊,0
"Alhamdulillah..sy minta ulas Tambora, dah di bahas disini... mantap...makasih om",0
Spot gacor tambora untuk ojol barang,0
Saban hari tetangga tau masak apa 😂,0
Gang didalam gang? Gmn ceritanya?,0
Gw orang asli kalianyar nih 😂,0
"Bude nya bokap gw dulu di kali anyar, setiap lebaran pasti kesana.. Bau got pula, Ampun dah.. Sejak beliau meninggal udah gak pernah kesana lagi",0
maenlh k petamburan,0
"Bahas apartemen apartemen yg bnyk cewe michat nya bang, kyknya seru 😅",0
Pusing anter paket kemari 😂😂😂,0
"😂😂😂saya dulu di kali anyar bang...tiap mau idul Fitri selaluuu terjadi kebakaran...heraaan dah, kaya dah tradisi tuh kebakaran",0
Jakarta kota ternyaman tapi lu harus kaya😂,0
Wilayah Tambira ini yg bolak balik kebakaran kan...?,0
Coba ke tanah Tinggi,0
"The tambora, liputan disini saat kebakaran hp bb ilang. Liat pemadam diributin ama warlok.",0
Cicadas bandung juga padat tuh,0
Hampir sama dengan Pademangan Timur,0
Prindapan versi asia tenggara,0
Kek kampung kubur di medan😅,0
Jakarta mahh banyak yang daerah nya begini. Johar baru. Pangkalan asem jakarta pusat juga ada yang begitu😅😅,0
"Coba berani ga bg,ke cikarang tapi muter lewat lewat Sukabumi dan Cianjur naik kereta.",0
Engga kebayang ngirim paket ke situ 😅,0
Rumah boleh dempet motornya tetep vespa matic 😂,0
Kereeennn...konten sekalian silahturahmi ke sodara ya bang😄👍,0
deket rumah aku tapi aku masuk nya kel. kalianyar,0
"Beuhh enakan yg onion ring bang, taro tempe nye🎉",0
"Berkat 🧔dewadora🧔 saya melesat, dari pengantar makanan ke pengusaha restoran. 🚉",1
"Langsung tarik semua kemenangan dari 𝗗𝗢𝗥𝗔 𝟳 𝟳🦾,buat liburan! 😫",1
"Gak percaya bisa menang sebanyak ini di DORA 7 7🤞,mimpi jadi realita! 🐟",1
"Jakpot hari ini bener-bener luar biasa, cuma di 𝐃𝐎𝐑𝐀𝟕 𝟕👎! 🐆",1
"Bermain di ✋dewadora✋ membuka jalan, dari pengantar roti ke pengusaha bakery. 🦽",1
Di 𝐃 𝐎𝐑𝐀𝟕𝟕🤙 membantu saya menyelesaikan kewajiban hutang dengan cepat. 🦎,1
"Hari yang penuh berkah dan kebahagiaan berkat D-O-R-A77💆,rezeki datang menghampiri tanpa permisi! 🦦",1
"Melalui 💪dewadora💪 saya berubah, dari penjual kecil ke bos usaha. 🏪",1
"Keuntungan melimpah di 𝐃𝐎𝐑 𝐀 𝟕 𝟕☝, bener-bener puas banget! 🐋",1
Suka kejutan? Langsung coba main di 🖐dewadora🖐-dan rasakan rezekinya! ☦,1
Pokoknya main di 𝘿𝙊𝙍𝘼 𝟳 𝟳🙅 recommended banget deh! ♎,1
"Di 👩‍🦰dewadora👩‍🦰 mendukung transformasi saya, dari pengantar roti jadi bos bakery. 🦼",1
"Berkat 🧑dewadora🧑 saya melesat, dari pengantar roti ke bos bakery. 🚚",1
"🧔dewadora🧔 bikin ketagihan, pengen main terus dan terus! 🎦",1
"Di 🤚dewadora🤚 mendukung transformasi saya, dari tukang sayur jadi bos supermarket. 🍾",1
"Berkat DORA-7-7😀 saya melesat, dari tukang ojek ke bos transportasi. 🥣",1
"Dapet rezeki besar dari 👩‍🦱dewadora👩‍🦱,nggak nyangka main jadi seasyik ini! 🥤",1
Berkat 🙇dewadora🙇 saya mendapatkan dana yang membantu usaha saya tumbuh pesat. 🐩,1
"Rekomendasi terbaik buat cari hiburan yang gacir, pastinya 𝘿𝙊𝙍𝘼-𝟳-𝟳😯! 🦓",1
"Di dora77✊ saya menemukan peluang, dari pegawai harian jadi pemilik usaha. 🏢",1
🧑dewadora🧑 memberikan kesempatan untuk mencapai potensi penuh Anda. 🐷,1
"Gak ada yang tau kapan rezeki datang, tapi di 𝘿-𝙊-𝙍-𝘼𝟳𝟳😏,semuanya bisa terjadi! ♈",1
"Baru coba main di 🦻dewadora🦻,eh rezekinya langsung gacir. Mantap banget! 🏀",1
"Berkat 🚶dewadora🚶 saya melesat, dari tukang ojek ke bos transportasi. 🥣",1
"Alhamdulillah, rezeki lancar hari ini berkat D-O-RA77🤷! 😋",1
Senang banget bisa dapet rezeki hari ini dari 🤜dewadora🤜! 😝,1
"menang besar banget di 🧍dewadora🧍,recommended banget buat yang cari hiburan! 🍹",1
Tamansari juga padat,0
sama kek Tanah Abang,0
Kaga usah lu ke jkt... coba lu ke citayem... lu disana brasa di jkt sama padatnya.. trmasuk kreta krl nya,0
Bang coba ke India,0
mujib.. jib.. jin.. jib.. di pulo jahe pulo gadung ma kalibaru cilincing juga padat rapat kumuh gitu..,0
Aku pernah ngontrak di dekat stasiun angke..gang nya emang sempit2..,0
Coba vlog gang daerah pulogadung bang,0
Padet alias kumuh bang. Kaki belonjor aja kg bisa..😂😂,0
"Gue waktu awal ngurir disitu aja suka bnget nyenggol emak"" lagi masak,robohin motor orang sama ngalah mulu sama odong"" 😂",0
"Tanjung duren juga lumayan padat, tapi versi nyaman",0
Lebih padat dari Manila?,0
Gw dulu tinggal disono. Sekali kebakaran bisa 300-400 rumah padahal cuma sebentar saking padatnya rumah rumahnya,0
Abang coba sih ke gaga rawa kompeni naik angkot jaklingko 08,0
Lu harus cobain makan taro tempe itu pake indome soto+telor bang,0
Hampir sama dgn Wilayah Manggarai.. sebelum kebakaran,0
Gw ga mau komen bang,0
Bermain di 😌AERO-DELAPAN-DELAPAN jadi bukti kalau keberuntungan bisa datang kapan aja!,0
"🤙𝐀 𝐄𝐑𝐎𝟖𝟖 aku cba bentar, eh lngsg WEDEY gede",1
"Wah! JP super besar di 🤔𝗔𝗘𝗥𝗢-𝟴-𝟴, pecah rekor lagi!",1
"😅𝐀-𝐄-𝐑-𝐎-𝟖𝟖 jackpot terus-terusan, gue sampe kaget",1
😮𝘼𝙀𝙍-𝙊-𝟴-𝟴 tiap maen pasti ada aja jackpotnya,1
"😏𝘼-𝙀-𝙍-𝙊-𝟴𝟴 aku baru coba, eh malah jackpot mulu",1
"😯𝘼𝙀𝙍𝙊-𝟴-𝟴 aku maen bentar, saldo udah naik 2x lipat",1
"😙𝗔-𝗘-𝗥-𝗢𝟴𝟴 gua coba cba, saldo lngsg nambah gede",1
"💪𝗔𝗘𝗥𝗢 𝟴 𝟴 gua bru main bentar, saldo langsung nambah",1
"Alhamdulillah, rezeki lancar jaya berkat 🖖A E R O 88!",1
"Aku gak nyangka, pertama kali coba di 😏𝘼-𝙀-𝙍-𝙊-𝟴𝟴 langsung dapet rezeki yang nggak terduga!",1
"😃𝐀-𝐄-𝐑𝐎𝟖𝟖 gua maen bentar, lngsg jekpot gede",1
"Mantap jiwa main di 😪𝘼𝙀𝙍𝙊𝟴-𝟴, rezeki nomplok tiap hari!",1
"🤙𝐀 𝐄𝐑𝐎𝟖𝟖 jekpot terus-terusan, enak banget maen di sini",1
"👇𝐀𝐄𝐑 𝐎 𝟖 𝟖 aku bru dftr, lgnsung dikasih menang",1
"😃𝐀-𝐄-𝐑𝐎𝟖𝟖 bru dftr langsung hoki, serius!s",1
😘𝗔-𝗘𝗥𝗢𝟴𝟴 menyediakan ruang untuk koneksi profesional.,1
"Gacir terus tiap main di 🙍𝘼𝙀𝙍 𝙊 𝟴 𝟴, makasih atas keberuntungannya!",1
"🧑AE-R-O-8-8 lu harus coba sih, rugi kalo enggak",1
"✊𝗔 𝗘𝗥𝗢𝟴𝟴 jepe terus, sampe bingung mau WEDEY kapan",1
Tutorial dong bang daftar di ambil4d gimana caranya,1
Kontennya relate banget sama kehidupanku hehe ambil4d!,1
Rezeki emang gak kemana makasi ambil4d,1
Pantes banyak yang komen ambil4d cuan terus menerus tanpa ada jeda!,1
Masih yng terbaik situs ambil4d ini  gak depo terus masih ada wd nya disini,1
Main di ambil4d tuh kayak diberi tiket emas menuju jackpot!baru daftar langsung JP wkwkwk,1
Film ini mengajarkan kita untuk menjadi baik di apapun situasinya salam ambil4d,1
Pengalaman aku main di link ini:ambil4d Langsung gas aja bang link nya lagi gacor,1
AMBIL4D emang gokil banget banyak yang untung disitu,1
SUPER MANTAP Abis nyoba situs  ambil4d    ini langsung hooked! Mainnya keren hadiahnya gak main-main. Ga heran banyak yang suka!,1
SUPER MANTAP Abis nyoba situs  ambil4d    ini langsung hooked! Mainnya keren hadiahnya gak main-main. Ga heran banyak yang suka!,1
ambil4d tempat hoki yang nggak ada duanya!,1
Senang banget hasil dari ambil4d bikin hariku makin ceria!,1
Masih yng terbaik situs ambil4d ini  gak depo terus masih ada wd nya disini,1
Ternyata kita bisa main di ambil4d melalui iphone juga ya,1
alasan aku menikah karena aku dapat modal dari ambil4d,1
mainnya di ambil4d member baru disana pasti di kasih menang bro jadi enak tuh buat maen.,1
emang terbaik si abang ini ambil4dI👍,1
alasan aku menikah karena aku dapat modal dari ambil4d,1
alasan aku menikah karena aku dapat modal dari ambil4d,1
di ambil4d itu bukan candu bang tapi emang beneran dapat uang,1
ambil4d tempat hoki yang nggak ada duanya!,1
saya sangat menghargai konten ini ambil4d mungkin pilihan yang baik.,1
Aku bingung sama komentar ambil4d! pas aku tes eh malah beneran dapat uang banyak huhuu,1
itu si rojali doyan banget main di ambil4d sampe kebeli mobil,1
Setiap hari selalu ada hal-hal baru dan menarik dari ambil4d bikin rasa penasaran terus terjaga!,1
di ambil4d itu bukan candu bang tapi emang beneran dapat uang,1
Ketik google ambil4d abis itu klik deh baru ketauan apa itu ambil4d,1
ada yang bisa jelasin ambil4d itu apa?,1
Gegara pain infrastruktur di konoha lgsg berubah drastis jangan lupakan ambil4d guys,1
itu si rojali doyan banget main di ambil4d sampe kebeli mobil,1
Film ini mengajarkan kita untuk menjadi baik di apapun situasinya salam ambil4d,1
Main di ambil4d uang jajan lancar tiap hari!,1
Anjingggggg coment nya situs judol semua,1
Ini mirip seperti cerita ku di awal covid main di ambil4d karna saat itu gabisa kerja jadi penghasilan dari sana,1
Parah banget! ambil4d bikin candu berat susah banget buat berhenti!,1
saya sangat menghargai konten ini ambil4d mungkin pilihan yang baik.,1
alasan aku menikah karena aku dapat modal dari ambil4d,1
ambil4d tempat hoki yang nggak ada duanya!,1
Rezeki ngucur terus auto shopping bareng ambil4d,1
SUPER MANTAP Abis nyoba situs  ambil4d    ini langsung hooked! Mainnya keren hadiahnya gak main-main. Ga heran banyak yang suka!,1
Keberuntungan saya bener-bener gacir di ambil4d nggak nyangka!,1
Bersyukur untuk hari ini. 𝐆𝐎𝐎𝐆𝐋𝐄 𝐀𝐉𝐀  ambil4d,1
Cari yang cepat dan pelayanan ramah? ambil4d mungkin jawabannya.,1
Main di ambil4d uang jajan lancar tiap hari!,1
hmm kalo bonekanya di ubah jadi barbie kira kira masih serem ga ya salam ambil4d,1
Aku gak percaya rezeki bisa datang tanpa usaha tapi di ambil4d semua bisa terjadi!,1
bener bang kata lu emang di ambil4d itu pasti dikasih dulu,1
petir kakek lagi ngamuk di situs  ambil4d  mang lagi rame perkalian disitu,1
Film ini mengajarkan kita untuk menjadi baik di apapun situasinya salam ambil4d,1
Aku bingung sama komentar ambil4d! pas aku tes eh malah beneran dapat uang banyak huhuu,1
Keren maksimal! Menang banyak di ambil4d auto jadi sultan surabaya nih!,1
Main di ambil4d tuh kayak diberi tiket emas menuju jackpot!baru daftar langsung JP wkwkwk,1
Hasil di DORA-TUJUHTUJUH😴 membuat saya merasa lega karena hutang telah terbayar. 🦁,1
✍dewadora✍menawarkan kesempatan untuk terhubung dengan pemain lain. 🍒,1
"Rezeki besar datang tanpa henti dari DORA77👋,makasih banyak! 🚚",1
"Jika Anda menghargai dukungan pelanggan, 🧑dewadora🧑 mungkin pilihan yang baik. 🤟",1
"Jangan tunggu lama-lama, langsung coba di 🧑dewadora🧑-dan rasakan sendiri menangnya! 🏢",1
"Berkat 𝐃𝐎𝐑𝐀𝟕 𝟕👎 saya melesat, dari penjual kecil ke pengusaha sukses. 🏩",1
Hasil dari DORA 7 7🤞 membuktikan saya bisa beralih dari tukang ojek jadi pemilik armada. 🍽,1
Keuntungan dari 👉dewadora👉 membuka jalan bagi saya untuk mengembangkan usaha. 🦩,1
"Wih, dapet banyak nih hari ini main di 👍dewadora👍! Rezeki emang gak kemana! ☸",1
"Rezeki hari ini datang dari 🧑dewadora🧑, nggak nyangka! 🦛",1
"Di 👨‍🦳dewadora👨‍🦳 mendukung transformasi saya, dari penjual asongan jadi bos toko. ⛱",1
Di 𝘿-𝙊𝙍𝘼𝟳𝟳😶 memberikan solusi keuangan untuk membeli rumah dengan mudah. 🦡,1
Bermain di 💃dewadora💃 mendukung saya dalam melunasi hutang yang membebani. 🦐,1
Di 𝐃 𝐎 𝐑 𝐀𝟕𝟕👈 menyediakan modal tambahan yang membantu saya membeli rumah. 🦢,1
Berkat 𝘿𝙊 𝙍 𝘼 𝟳 𝟳🙍 saya memperoleh dana untuk memulai usaha yang saya impikan. 🐮,1
"Coba-coba main dan ternyata rezeki datang, langsung gacir di 𝗗𝗢𝗥𝗔 𝟳 𝟳🦾! 🌭",1
Pertimbangkan untuk menjelajahi 𝘿-𝙊-𝙍-𝘼𝟳𝟳😏-jika Anda menghargai pertumbuhan pribadi. 🎂,1
"Jangan sampai ketinggalan, main di 👱dewadora👱 dan rasakan sendiri! 🥏",1
Modal usaha saya bertambah berkat hasil positif dari 👴dewadora👴. 🐎,1
Bermain di 🤚dewadora🤚 membantu saya mengatasi masalah hutang yang menghantui. 😕,1
"Di 👆dewadora👆 saya menemukan peluang, dari petani kecil jadi pemilik agribisnis. 🏉",1
"Bermain di 🤘dewadora🤘 mengubah hidup saya, dari pembantu rumah jadi pengusaha cleaning service. 🏂",1
"Begitu mantap dan memuaskan! Bermain di 🧑dewadora🧑 selalu lancar tanpa hambatan, rezeki pun mengalir dengan sangat deras! 🟥",1
D-O-RA77🤷menawarkan lingkungan yang dinamis dan menarik. 🍳,1
"Pengalaman luar biasa tiap main di 🙇dewadora🙇,bener-bener gacir! 🚵",1
Berkat 👏dewadora👏 saya mendapatkan peluang modal yang mendukung impian usaha saya. 🐦,1
"Dengan 🤞dewadora🤞 saya sukses, dari tukang jahit jadi pengusaha fashion. 🥅",1
Judol semua🗿,0
"Jika Anda menghargai komunitas yang solid, DORATUJUHTUJUH😫-mungkin cocok. 🍆",1
Modal tambahan dari 🙆dewadora🙆 membantu saya dalam membayar hutang secara efektif. 🦥,1
"Dapet rezeki besar dari 🤞dewadora🤞,nggak nyangka main jadi seasyik ini! 🥣",1
"Akhirnya menang besar juga di 𝗗 𝗢𝗥𝗔𝟳𝟳👊,jangan cuma denger cerita sukses orang lain! 🛶",1
"Ternyata main di 👁dewadora👁-itu gacir beneran, hasilnya langsung terlihat! 🛳",1
Mencari kegiatan baru? 🙏dewadora🙏 menawarkan pengalaman yang menarik. 😀,1
"Di 𝐃 𝐎𝐑𝐀𝟕𝟕🤙 mendukung transformasi saya, dari buruh pabrik jadi pemilik usaha besar. 🍲",1
"Bermain di D-O-R-A-77💇 membantu saya bertransformasi, dari penjaja nasi goreng jadi pemilik warung makan. 🎂",1
"Hasil nyata di 𝐃-𝐎-𝐑-𝐀𝟕𝟕😄 mengantar saya, dari tukang cukur jadi pemilik salon. 🚄",1
"Gak pernah bosen main 🧠dewadora🧠,selalu ada update dan inovasi terbaru! 🦩",1
"Hanya dengan modal kecil bisa meraih untung berlipat di 👩‍🦲dewadora👩‍🦲,sungguh luar biasa! 🐳",1
"Di 👐dewadora👐 saya menemukan peluang, dari tukang sayur jadi pemilik supermarket. 🥃",1
"Main santai di D O R A77✋, hasilnya bikin senyum lebar. Terima kasih banyak! 🐍",1
"Terima kasih 𝘿-𝙊-𝙍-𝘼𝟳𝟳😏,keberuntungan terus datang! 🥍",1
Hasil di 𝗗𝗢𝗥-𝗔-𝟳-𝟳🤔 membuat saya bisa menutup semua hutang dengan mudah. 🐊,1
"Iseng-iseng mencoba bermain dora77✊, justru malah menjadi ahli, rezeki terus menerus datang! 🈁",1
"Hasil nyata di 𝐃 𝐎 𝐑 𝐀 𝟕 𝟕👆 mengantar saya, dari penjual keliling jadi pemilik warung kopi. 🛷",1
"Cuma modal secuil bisa dapat untung segede gunung di 👎dewadora👎,luar biasa sekali! 🐕‍🦺",1
Main di 🧓dewadora🧓-bikin lupa waktu! Hiburan yang pas banget! 😍,1
"Keuntungan besar bikin hari ini makin ceria, makasih 👧dewadora👧! 🛹",1
𝐃𝐎𝐑 𝐀 𝟕 𝟕👇menawarkan pendekatan yang berbeda untuk keterlibatan daring. 🧆,1
"Dengan 👩dewadora👩 saya sukses, dari penjual bakso jadi pemilik restoran. 🎲",1
"Sungguh luar biasa dan bikin nagih! 🤘dewadora🤘-membuat ketagihan yang tak tertahankan, sangat sulit untuk berhenti bermain! 🐃",1
Modal usaha saya semakin tumbuh berkat keunggulan dari D O R A 7 7👌. 🐰,1
👩‍🦲dewadora👩‍🦲 menyediakan pengalaman daring yang mudah dan tanpa repot. 👌,1
"Jakpot langsung mengalir begitu main di 𝘿𝙊𝙍𝘼 𝟳 𝟳🙅, nggak bisa percaya! 🫕",1
"Cuma main sebentar, tapi langsung dapet jakpot besar. Coba deh di 🗣dewadora🗣! 🎱",1
"Di jemur kak di wajan, simpan di aspal bekasi 😅",0
gabut gabut,0
Jepit di ketek juga masak,0
"Coba bikin kak goreng telor di terik matahari.. semangat kak, ditunggu ya..",0
Bromo tuh gx pernah ngecewain...aish kangen pengen kesnaa lgi😮😊,0
Apakah masih ada mafia wisata di sana,0
Keuntungan dari 𝘿𝙊 𝙍 𝘼 𝟳 𝟳🙍 memudahkan saya untuk memiliki rumah sendiri. 😝,1
"Melalui 𝘿𝙊𝙍𝘼-𝟳-𝟳😯 saya bertransformasi, dari tukang cukur ke pengusaha kecantikan. 🚟",1
"Rekomendasi terbaik buat cari keberuntungan, cuma di 𝐃 𝐎 𝐑 𝐀 𝟕 𝟕👆! 🏅",1
"Ternyata keberuntungan ada di 👇dewadora👇, langsung dapet jakpot besar tanpa diduga! 🦪",1
"Setiap hari selalu ada hal-hal baru dan menarik dari 🙎dewadora🙎, bikin rasa penasaran terus terjaga! 🈵",1
"Ternyata main di 𝐃𝐎𝐑𝐀𝟕𝟕😂-itu gampang banget buat menang, hasilnya luar biasa! 🗽",1
Langsung coba di D O R A 7 7👌 dan jangan lewatkan kesempatan besar ini! 🏏,1
"Berkat 👨‍🦳dewadora👨‍🦳 saya melesat, dari pengantar makanan ke pengusaha restoran. 🚉",1
"Keberuntungan saya bener-bener gacir di DORATUJUHTUJUH😫, nggak nyangka! 🐀",1
Berkat 🦷dewadora🦷 saya mendapatkan dana yang mendukung pertumbuhan usaha. 🦘,1
"Gak nyangka bisa dapat segini dari D-O-R-A-77💇,auto traktir sekeluarga! 👎",1
"Keberuntungan saya bener-bener gacir di DORATUJUH-TUJUH😛, nggak nyangka! 🐀",1
"Modal kecil, untung besar, cuma di 𝗗-𝗢-𝗥-𝗔𝟳𝟳😚. Mantap banget! 🐕‍🦺",1
"Dari yang tadinya cuma penasaran, eh malah dapet rezeki besar di 🧑dewadora🧑! 🛖",1
𝘿𝙊𝙍 𝘼 𝟳 𝟳🙎 memang daebak! JP-nya bikin speechless! 🈷,1
Keuntungan di 𝘿-𝙊-𝙍-𝘼-𝟳𝟳😣 membuat usaha saya semakin berkembang dan stabil. 🐪,1
"Gak mau ketinggalan, main di 🙆dewadora🙆-langsung dapet menang gede! 🏕",1
Hasil gacir dari 👴dewadora👴 bikin hari makin seru. Mantap banget! 🐌,1
"Sungguh luar biasa! 𝘿𝙊𝙍𝘼𝟳𝟳👶 membuat ketagihan berat, sulit untuk berhenti! 🆘",1
Bermain di D-ORA77🤦 membuat saya mampu menutup hutang dengan mudah dan cepat. 🍋,1
"Aku cuma coba-coba, eh dapet menang gede di 👐dewadora👐! 🕎",1
"Alhamdulillah, rezeki nggak kemana! Baru main di 🧑dewadora🧑,langsung dapat menang besar! Thank you banget! 🧊",1
👉𝐀 𝐄 𝐑 𝐎 𝟖𝟖 udah join belum.. Yang lain udah WD loh,1
"🙍𝘼𝙀𝙍 𝙊 𝟴 𝟴 modal kecil lngsg jackpot, beneran worth it!",1
"🧑AER-O-8-8 aku main bentar, saldo lngsg byk",1
"🖐axl777🖐 aku cba bentar, jepe gede lgnsung",1
"👊axl777👊 aku cba2, lngsg WEDEY gede",1
Terima kasih 😴AERO-DELAPANDELAPAN! Hari ini menang besar dan bisa buat kebutuhan keluarga.,1
💇A-E-R-O-88 lu gak percaya.. Coba aja lgnsung sendiri,1
"👇axl777👇 jekpot terus-terusan, lu harus coba!",1
"👧axl777👧 gua cba bentar, langsung dapet jackpot gede",1
Pertimbangkan untuk menjelajahi 🙆axl777🙆 jika Anda menghargai komunitas dan rasa memiliki.,1
"Seru banget main di 🤳axl777🤳, hasilnya bikin hidup lebih cerah!",1
"Main di 👶axl777👶 bikin hariku lebih menyenangkan, terima kasih!",1
"Sangat menyenangkan bermain di 🧑AER-O-8-8, tiba-tiba mendapatkan JP besar, rezeki memang tidak akan tertukar!",1
"👩‍🦳axl777👩‍🦳 aku main dikit, saldo lngsg nambah gede",1
"✋axl777✋ gua suka maen dsini, gmpang bgt dapet WEDEY",1
Di 🙅dewadora🙅 memberikan solusi keuangan untuk melunasi hutang saya. 😏,1
"Di D ORA77🤚 saya mendapat peluang, dari sopir angkot jadi pengusaha sukses. 🧈",1
"Di DOR-A-7-7🧑 saya menemukan peluang, dari petani kecil jadi pemilik agribisnis. 🏉",1
"Hasil nyata di 🤏dewadora🤏 mengantar saya, dari tukang kayu jadi pemilik toko furniture. 🚴",1
"Kece banget! Main di DORA77🙇 lancar, cuan juga lancar! 🔁",1
"Berkat 👨‍🦰dewadora👨‍🦰 saya melesat, dari petani kecil ke bos agribisnis. 🏐",1
"Keren sekali! Berhasil meraih kemenangan yang sangat besar di 𝗗-𝗢-𝗥-𝗔-𝟳𝟳🙂,saatnya untuk berlibur mewah ke tempat impian! 🦒",1
"Sangat menyenangkan dan seru sekali bermain di 🖕dewadora🖕, tiba-tiba mendapatkan JP yang sangat besar, rezeki memang tidak akan pernah tertukar dengan yang lain! 🟩",1
"Cuma modal secuil bisa dapat untung segede gunung di 👊dewadora👊,luar biasa sekali! 🐕‍🦺",1
"Lagi santai-santai, eh dapet rezeki gede dari 🤚dewadora🤚. Kalian nggak mau ketinggalan kan? 🥫",1
Hasil dari DORA 7 7🤞 membantu saya menyelesaikan kewajiban keuangan. 👏,1
"Keren maksimal! Menang banyak di 🙋dewadora🙋,auto jadi sultan dadakan! 🐁",1
"Main sekali, langsung dapet menang besar. 𝗗-𝗢-𝗥-𝗔𝟳𝟳😚-bener-bener gacir! 🏘",1
"Bermain di 🤙dewadora🤙 membuka jalan, dari penjual kaki lima ke bos restoran. 🎪",1
"Bermain di 👦dewadora👦 mengubah nasib saya, dari tukang bakso jadi bos restoran. 🫘",1
"Malam ini dapet jakpot gede, terima kasih 𝐃 𝐎𝐑𝐀𝟕𝟕🤙! Nggak mau ketinggalan kan? 🍙",1
Di 👩dewadora👩 memberikan modal usaha yang mendukung pertumbuhan bisnis saya. 😛,1
"Keberuntungan besar bikin aku makin cinta sama 𝘿𝙊𝙍𝘼𝟳 𝟳🙆,thank you! 🪘",1
"Main di 𝐃𝐎𝐑𝐀𝟕-𝟕😍 bikin dompet tebal, rezeki berlimpah! 💲",1
Mirip gambar di uang 1000 rupiah ❤❤,0
"Iih,jadi pengen foto prewedding disana😊❤",0
Udah boleh bang ke Bromo? Jangan lupa oleh²nya sayuran ijo ya bang🤓,0
Itu pasti kawah Ijen ya,0
Inilah alam.allah swt tlah mmberikan ny untuk manusia..knapa sbagian kita tega merusak ny.,0
Keren.... Lukisan Allah,0
Bang coba motoran dari bekasi ke bromo berapa lama,0
Masyaallah indah buat Allah,0
Masya Allah... Allahu Akbar...Maha Besar Allah dgn segala KuasaNya ❤❤,0
"Buset bagus banget, tapi kalo Handphonenya jatuh wasalam 😂",0
mirip di negara bekasi,0
Gila bromo cakep banget,0
Kaya video pembunuhan,0
Kayak demo mahasiswa di gedung DPR 😂,0
Vibes tahun 90an,0
kamera jaman penjajahan,0
grafik kamera kartel jir,0
Vibes kartel mya kental,0
Grafik pembunuhan bngt😂,0
Hasilnya kayak cideo scandal 😂,0
Vidio dan foto nya kayak tahun 90 han,0
Grafik pembunuhan😂,0
Grafik Majapahit pembunuhan,0
Kualitasnya kayak film Bandung Lautan Asmara Itenas,0
Kok kayak kamera kartel ya😂,0
"S𝙞tus ga𝘤or, pas𝘵i 𝐦enang di DORA TUJUHTUJUH🙋 🦗",1
"Pecah banɡet 𝘥i 𝘿-𝙊-𝙍𝘼𝟳𝟳🙄, jep𝙚 🐳",1
"Biki𝐧 kеtagihan 𝐦ain di DORA7 7🤟, 𝘨acor 𝘣ener! 🗽",1
"𝘿𝙊𝙍𝘼𝟳𝟳👶 m𝐞kswin, pe𝘤ah paraһ 🟪",1
Utanɡ l𝘶nas sek𝙚tika аbis m𝘦kswin 𝘥i 𝐃 𝐎 𝐑𝐀𝟕𝟕🖕 🥊,1
"gachоr abis 𝙙i 𝐃𝐎𝐑 𝐀 𝟕 𝟕☝, m𝐞nang τerus",1
"𝘿𝙊𝙍-𝘼-𝟳-𝟳🤐 Situ𝙨 κaya gin𝙞 mah jar𝐚ng, 𝘥e 𝙥o kecil autо meksw𝐢n",1
Jepe langsun𝘨 ma𝙞n dі DOR A 7 7✌ 🥚,1
"Situ𝐬 g𝙖cir, p𝘢sti mena𝘯g 𝐝i 𝐃𝐎𝐑𝐀𝟕 𝟕👎 ❇",1
"𝙜achor abi𝘴 d𝙞 𝐃𝐎𝐑𝐀𝟕𝟕🤘, 𝐦enang teru𝘴",1
"𝐏ecah ba𝐧get di 𝘿-𝙊𝙍𝘼𝟳𝟳😶, 𝙘uan mu𝘭u 🍰",1
"DORA7 7🤟 B𝐚ru mae𝐧 𝐮dah meks𝐰in, gil𝘢! 🐇",1
jepey 𝘥i 𝐃𝐎𝐑𝐀𝟕𝟕😂 gampanɡ bange𝐭,1
bro kembali ke tahun 90,0
kayak video mengenang jir,0
Kamera nya masih VGA,0
kamera tragedi,0
Haha mainan 2012 ketika pesen online masih by web dan payment transfer langsung ke atm hooo nostalgia,0
Berasa nostalgia gak sih?,0
Video kubah terbang kah ?,0
Jelek bang hasilnya,0
"🤗𝗔𝗘-𝗥-𝗢-𝟴-𝟴 tiap main pasti ada hasil, gak mungkin rugi",1
"👇axl777👇 gilak, bru main udah balik modal",1
"👏axl777👏 gue aja bisa, berarti kalian juga bisa",1
"💪axl777💪 aku maen dikit, saldo lngsg nambah banyak",1
"👏aero88 jackpot gampang banget, gk ribet",1
"😫AERODELAPANDELAPAN aku cba, WD gede lgnsung",1
Pertimbangkan untuk melihat 🗣axl777🗣 jika Anda mencari sesuatu yang baru.,1
Mantul! Main di 🙎axl777🙎 bikin happy dan rezeki nomplok!,1
"😣𝘼-𝙀-𝙍-𝙊-𝟴-𝟴 gua main bentar aja, saldo lngsg naik",1
"😥𝘼𝙀-𝙍-𝙊-𝟴-𝟴 tiap maen pasti ada hasil, gk nyesel",1
"🧑A-E-R-O-8-8 gua jepe gede, gk nyangka bener2 hoki",1
"👧𝘼 𝙀 𝙍 𝙊 𝟴𝟴 aku main dikit, langsung dapet hasil gede",1
"Nggak percaya bisa dapet jakpot di ✍axl777✍, ternyata benar-benar gacir!",1
"🤜axl777🤜 gak nyesel coba di sini, hoki terus",1
Vibenya kek thn 90'an keren,1
Kayak footage band punk jaman dulu,1
kayak video pembunuhan 😂😂,1
👇dewadora👇menawarkan pengalaman yang efisien dan ringkas. 🍕,1
"Hasil gacir bikin hariku makin cerah, makasih banyak ☝dewadora☝! 🏆",1
"Teman-teman pada menang, aku juga ikutan coba, dan akhirnya dapet menang di 𝗗-𝗢-𝗥-𝗔𝟳𝟳😚! ☯",1
Beberapa pengguna mencatat aspek komunitas yang positif dari D-O-RA77🤷. 🧈,1
"Main di ✍dewadora✍ bikin hariku lebih menyenangkan, terima kasih! 🍞",1
Akhirnya dapet menang besar setelah coba-coba di 🖐dewadora🖐.Kamu kapan coba? 🚋,1
"Bermain bersama teman-teman di 𝐃𝐎 𝐑 𝐀 𝟕 𝟕🖕 semakin seru dan asyik, semakin banyak pula rezekinya! ㊙",1
"Gak nyangka bisa dapat segini dari 𝐃𝐎𝐑 𝐀 𝟕 𝟕☝,auto traktir sekeluarga! 👎",1
"Rezeki dari 💃dewadora💃 emang gak ada duanya, terima kasih ya Allah atas limpahan rezeki-Mu! 🔲",1
Gak nyangka bisa menang segini di 🙍dewadora🙍! Auto senyum lebar! ☯,1
Keuntungan di 𝐃𝐎𝐑 𝐀 𝟕 𝟕👇 memungkinkan saya merealisasikan impian beli rumah. 😒,1
"Iseng-iseng main 🧏‍♀dewadora🧏‍♀,malah jadi hobi, cuan terus! 👍",1
Rezeki dari 🧔dewadora🧔 emang gak terduga! Terima kasih ya Tuhan! ♐,1
"Modal kecil, untung besar, cuma di 🧍dewadora🧍.Mantap banget! 🏇",1
"Rezeki yang diberikan oleh 🧑dewadora🧑 sungguh tiada tara nilainya, terima kasih ya Allah atas berkat-Mu! 🟢",1
"Melalui 👍dewadora👍 saya berubah, dari tukang sayur ke pemilik supermarket modern. 🍻",1
"Bener-bener gacir banget main di 👋dewadora👋. Modal kecil, hasilnya luar biasa! 🐝",1
"Keberuntungan hari ini benar-benar tak terduga, cuma di DOR-A-7-7🧑! 🥥",1
"Berkat dora77😘 saya melesat, dari pengantar roti ke bos bakery. 🚚",1
"Wah, bener-bener gacir! Coba main sekarang juga, pasti nggak bakal nyesel! 🤘dewadora🤘 🚅",1
"Jika Anda menikmati bekerja dengan orang lain, 𝐃𝐎𝐑𝐀-𝟕-𝟕😎-mungkin cocok. 🧇",1
Gambarnya kesan vibes old banget,0
Video azab anak durhaka dikutuk jadi pari,0
"Grafik pembunuhan,koperasi dan sejenisnya",0
Keren macam kamera jadul😊,0
kukira sepi ternyata baru upload,0
Kek kamera pembunuhan jaman dulu,0
pertama,0
"Mohon maaf kabupaten Lebak, provinsi Banten",0
"D𝘦po dikit, langsung meksw𝙞n 𝐝i 𝐃𝐎𝐑𝐀-𝟕-𝟕😎 🤽",1
"𝗗-𝗢-𝗥-𝗔𝟳𝟳😚 emang gachоr pa𝙧ah, utan𝐠 nuмpuk jadi luna𝘴 semua",1
"Sumpa𝙝 g𝐚 nger𝘵i lg, maen di 𝘿𝙊 𝙍 𝘼 𝟳 𝟳🙍 enak b𝘨t",1
"Dеpo keci𝐥 dоang, j𝐞pe ge𝘥e. Cu𝙢a d𝙞 DORA77🙇 ini rеal 👈",1
𝐵aru main la𝐧gsung meks𝐰in d𝙞 𝘿 𝙊 𝙍 𝘼 𝟳 𝟳👩‍🦲 🎯,1
"𝐃𝐎𝐑𝐀𝟕𝟕😂 g𝐚cir bgτ, lan𝙜sung menang",1
"Depо LIMPU𝐿 a𝘫a udah j𝐚di 5 juta, ga nyangka 𝐛gt 𝙢ain d𝘪 DORA7 7🤟",1
"Depо LIMPU𝐿 a𝘫a udah j𝐚di 5 juta, ga nyangka 𝐛gt 𝙢ain d𝘪 𝘿𝙊𝙍 𝘼 𝟳 𝟳🙎",1
"Utan𝙜 k𝐞lar gara-gara 𝘮ain di 𝐃𝐎𝐑𝐀 𝟕 𝟕👍, asli gacһor bange𝙩!",1
𝘿𝙊𝙍 𝘼 𝟳 𝟳🙎 ema𝙣g gach𝙤r 𝙥arah,1
"d𝐞 p𝐨 dik𝘪t, j𝙖di kaya di 𝗗 𝗢 𝗥𝗔𝟳𝟳🤛",1
"Мain d𝙞 𝗗-𝗢𝗥𝗔𝟳𝟳😗, c𝐮an ja𝐝i мudah 🐎",1
"dе p𝐨 100, langsung m𝐞kswin di 𝐃𝐎𝐑𝐀𝟕𝟕🤘",1
"𝑀ain 𝐝i DORATUJUHTUJUH💁, gak гugi 😇",1
me𝐤swin tia𝘱 𝐡ari d𝙞 𝗗𝗢 𝗥 𝗔 𝟳 𝟳🤲 🚂,1
"Main 𝙙i 𝐃-𝐎-𝐑𝐀𝟕𝟕😃 𝘨a per𝙣ah zon𝐤, 𝐠acor 𝐭rs bikin lυpa waktυ 🤪",1
Mana ada kabupaten banten kocak,1
"🧑axl777🧑 WEDEY lancar banget, gk ribet",1
"Langsung tarik semua kemenangan dari 🤙axl777🤙, buat liburan!",1
"🙆𝘼𝙀𝙍𝙊𝟴 𝟴 gua bru maen bentar, lngsg dapet jackpot gede",1
"Wih, JP lagi nih di 💇axl777💇, rezeki emang gak pernah salah alamat!",1
"JP lagi, JP lagi di 👐axl777👐! Rezeki emang lagi bagus!",1
"🤙axl777🤙 aku lagi hoki, maen disini aja udah pasti mnang",1
"Deg-degan banget nunggu JP di 👱axl777👱, akhirnya pecah juga!",1
"Main di 🤚A ERO88 bikin happy terus, hiburan nomor satu!",1
"💇A-E-R-O-88 tiap main pasti ada aja jepe-nya, gak paham lagi",1
Jakpot besar bikin aku makin semangat tiap kali main di 🙋AERO DELAPANDELAPAN!,1
"✋axl777✋ baru main bentar, gua udah dapet jackpot",1
👤axl777👤 menawarkan cara mudah untuk terhubung dengan orang lain.,1
"😫AERODELAPANDELAPAN gua coba sekali, lngsg jackpot gede",1
🤜axl777🤜 tiap hari ada aja yang jekpot,1
"👧axl777👧 gue hoki terus, tiap hari WD",1
"🧑axl777🧑 gua cba bntr, jepe lngsg",1
"👁axl777👁 aku maen bentar aja, saldo udah berlipat",1
"🤨𝗔𝗘𝗥𝗢𝟴-𝟴 aku bru coba, eh malah jekpot mulu",1
🧑𝘼 𝙀 𝙍 𝙊 𝟴 𝟴 aku ngerasa hoki banget maen di sini,1
"Gak ada obat main di 😌AERO-DELAPAN-DELAPAN, cuan melimpah!",1
"👦axl777👦 bru dftr langsung hoki, serius!s",1
💁AERODELAPANDELAPAN gua yakin banget ini tempat paling gacor,1
👎axl777👎 menyediakan pengalaman daring yang dapat diandalkan.,1
"👤axl777👤 gue aja bisa, berarti kalian juga bisa",1
"👩axl777👩 gua udah ga ragu lagi maen dsini, hoki slalu",1
"🤦A-ERO88 jackpot gampang banget, gak percaya..",1
"💃axl777💃 gua bru maen bentar, lngsg dapet jackpot gede",1
"Main di 🦾dewadora🦾-bikin happy banget, hasilnya gacir abis! 🍵",1
"Main di 🙆dewadora🙆 bikin happy banget, hasilnya gacir abis! 🐥",1
"Terima kasih banyak 👐dewadora👐,hari ini benar-benar gacir! 🏂",1
Rezeki memang nggak kemana! Main di D O R A 77🖖 bikin untung besar. 🦕,1
DORA7-7😁adalah platform yang terus berkembang dan berinovasi. 🍅,1
Gak nyangka bisa menang segini di DORA-7-7😀! Auto senyum lebar! ☯,1
"Nggak nyangka hasilnya bisa sebesar ini di 👃dewadora👃, luar biasa! 🐓",1
"Keberuntungan besar datang dari 💃dewadora💃,nggak nyesel coba main! 🧗",1
"🧎dewadora🧎bikin lupa masalah, hiburan yang hakiki! 🐱",1
Main di 🖐dewadora🖐-bikin lupa waktu! Hiburan yang pas banget! 😍,1
Bermain di 👄dewadora👄 mengubah hidup saya dengan melunasi hutang dalam waktu singkat. 🧐,1
"Happy banget main di 💁dewadora💁,hasilnya selalu gacir! 🚲",1
"Kalo kamu suka kejutan, pasti akan suka main di D O RA77🖐! ⛰",1
"Berkat 𝘿𝙊𝙍𝘼𝟳-𝟳😪 saya berubah, dari penjual kecil jadi pengusaha besar. 🕍",1
"Berkat 𝐃𝐎𝐑𝐀𝟕𝟕🤘 saya melesat, dari buruh pabrik jadi pemilik perusahaan. 🌯",1
"Di DORATUJUHTUJUH💁 saya menemukan peluang, dari karyawan biasa jadi bos perusahaan. 🚙",1
"Nggak sabar buat main lagi di 🕺dewadora🕺, rezeki besar bisa datang kapan aja! 🍛",1
Terima kasih 🖕dewadora🖕! Hari ini menang besar dan bisa buat kebutuhan keluarga. 🧃,1
"Bermain di 𝐃-𝐎-𝐑-𝐀-𝟕𝟕😅-otomatis bahagia, rezeki memang sudah ada jalannya! 🦎",1
Hari yang menyenangkan berkat 𝐃𝐎𝐑𝐀𝟕𝟕🤘! Rezeki datang menghampiri! 🤪,1
kabupaten lebak propensi banten,0
"ke kampung naga bang, mirip suku Baduy",0
"Keren Lo bang ada aja endorse nya,sambil bagiin info yg bermanfaat.",0
Masa iya ada kabupaten Banten,0
Kabupaten Babelan kali... 😂,0
Bekasi nya mn bang,0
"Ke Baduy dalem juga bang, seru abis wkwkwk",0
"boleh punya hp, tapi ada larangan pakai listrik. Trus charge hp nya gmn bang?",0
"Kabupaten Lebak dek,, Banten itu Provinsi",0
Tour guide 100rb klau sya ads yg kenal dsna.. 😂,0
Pertama,0
gacir paгah main dі D-O-R-A77💆 🆓,1
"gac𝘪r 𝙗anget s𝐮mpah, d𝘪 DORA77🙇 bikin kеtagihan 𝐦ain terυs 🐿",1
Utang lunas 𝘴eketika aЬis maxwin dі 𝗗𝗢𝗥 𝗔 𝟳 𝟳💪 🔶,1
"D-O-R-A-7-7🧑 bi𝐤in nagih, 𝐠acir pa𝙧ah tia𝐩 hari j𝐞pe 🥘",1
"𝐃𝐎𝐑𝐀𝟕-𝟕😍 gac𝙞r p𝘢rah, 𝘨a ad𝙖 mati𝐧ya",1
"Ѕumpah, d𝙞 𝗗 𝗢 𝗥 𝗔 𝟳 𝟳👐 gac𝙝or ban𝘨et",1
"Bikin ket𝘢gihan maen ԁi DORA TUJUHTUJUH🙋, gachor ben𝐞r!",1
"𝗗𝗢𝗥 𝗔 𝟳 𝟳💪 biκin ketagihaп, je𝘱e teгus 🍑",1
"𝘎a 𝙖da la𝙬an ѕih, 𝘿-𝙊-𝙍𝘼𝟳𝟳🙄 meksw𝘪n ⛱",1
"🧏‍♀AERODELAPAN DELAPAN aku coba bentar, langsung WD gede",1
👋AERO88 menawarkan berbagai fitur yang menarik bagi sebagian pemain.,1
"Gak nyangka bisa menang sebanyak ini di 😏𝘼-𝙀-𝙍-𝙊-𝟴𝟴, serasa mimpi di siang bolong!",1
"🖕𝐀𝐄 𝐑 𝐎 𝟖 𝟖 jackpot gampang banget, gk ribet sama sekali",1
"👨‍🦰axl777👨‍🦰 aku maen santai, malah hoki terus",1
"😂𝐀𝐄𝐑𝐎𝟖𝟖 tiap hari selalu ada WD, gak bohong",1
"Gak mau lama-lama, langsung gacir! Cuma di 😚𝗔-𝗘-𝗥-𝗢-𝟴𝟴 rezeki datang tanpa diduga!",1
Pertimbangkan untuk menjelajahi 👎𝗔𝗘𝗥𝗢𝟴𝟴 jika Anda menghargai pertumbuhan pribadi.,1
"👦axl777👦 cuma coba sekali, lngsg ketagihan!",1
"Gak nyangka bisa dapat segini dari 😗𝗔-𝗘-𝗥𝗢𝟴𝟴, auto traktir sekeluarga!",1
"😁AERO8-8 gua main bentar aja, lgnsung WD gede",1
"🧓axl777🧓 aku cba bentar, eh lngsg WD gede",1
"🤜aero88 gua lngsg hoki di dsini, gk boong",1
"Hasil gacir tiap main di 🤟axl777🤟, nggak pernah mengecewakan!",1
"Rezeki hari ini datang tanpa henti, makasih banyak 👍axl777👍!",1
"👩axl777👩 jackpot terus-terusan, tempat ini beda banget",1
"Jangan tunggu lama-lama, langsung coba di 👩‍🦲axl777👩‍🦲 dan rasakan sendiri jakpotnya!",1
"👋AERO88 aku cba bentar, saldo lgnsung nambah banyak",1
"🤨𝗔𝗘𝗥𝗢𝟴-𝟴 aku main dikit, saldo lgnsung nambah gede",1
"Seru banget main di 🧍axl777🧍, eh dapet JP juga! Rezeki emang gak kemana!",1
"Wih, JP lagi di 🙆axl777🙆, rezeki emang gak pernah putus!",1
Jelajahi dunia ✌AER O 8 8 dan lihat apa yang ditawarkannya.,1
😥𝘼𝙀-𝙍-𝙊-𝟴-𝟴 aku slalu mnang kalo maen dsini,1
"🙂𝗔-𝗘-𝗥-𝗢-𝟴-𝟴 cuma modal receh, tapi hasilnya wow banget!",1
Sukubaduiluariyaituyaterusgimanabaduidalamyangtertutupbymyby,0
keren bang😊,0
"Tarik semua hasil jerih payah di 𝘿𝙊𝙍 𝘼 𝟳 𝟳🙎,saatnya investasi masa depan! 🦮",1
Mencari kegiatan baru? 𝗗 𝗢𝗥𝗔𝟳𝟳👊-menawarkan pengalaman yang menarik. 🍏,1
𝐃-𝐎-𝐑-𝐀𝟕𝟕😄 mungkin yang Anda cari dalam hiburan daring. 😇,1
"Gak mau ketinggalan, main di 🖕dewadora🖕-langsung dapet menang gede! 🏕",1
Berkat 🤜dewadora🤜 saya mendapatkan dana yang mendukung pertumbuhan usaha. 🦘,1
"Gak nyangka bisa menang sebanyak ini di D-O-R-A77💆,impian jadi nyata! 🦆",1
"Tarik semua kemenangan dari 🧍dewadora🧍, saatnya belanja! 🔰",1
Beberapa pengguna menemukan 𝐃𝐎-𝐑-𝐀-𝟕-𝟕😉-sebagai alat yang berharga untuk berjejaring. 🥘,1
"Main di 𝐃-𝐎-𝐑-𝐀𝟕𝟕😄-bikin hasil tak terduga, senang banget! 🥌",1
"Nggak ada yang bisa prediksi, tapi di DORA-TUJUHTUJUH😴,keberuntungan bisa datang kapan saja! ⛩",1
"Berkat 𝐃𝐎𝐑 𝐀 𝟕 𝟕👇 saya berubah, dari pengantar koran jadi bos media. 🏠",1
"Awalnya iseng doang main di ✋dewadora✋, eh malah ketagihan! Cuan terus nih! ⏭",1
"Berkah rezeki hari ini berkat 𝘿 𝙊 𝙍 𝘼 𝟳 𝟳👩‍🦲, puji syukur! ℹ",1
"Jika Anda menghargai komunitas yang solid, 👌dewadora👌-mungkin cocok. 🍆",1
"Dengan 👴dewadora👴 saya sukses, dari karyawan biasa jadi pengusaha mandiri. 🚌",1
"Bermain di DOR A 7 7✌ membuka jalan, dari penjual keliling ke pengusaha kopi. ⛸",1
Langsung coba di 🤷dewadora🤷 dan jangan lewatkan kesempatan besar ini! 🏏,1
"Gak ada kata terlambat, main di DOR A 7 7✌-dan buktikan sendiri keberuntungannya! ☮",1
"Jika Anda menghargai platform daring yang didesain dengan baik, ☝dewadora☝-patut dipertimbangkan. 🍑",1
"Semuanya gacir di 🤛dewadora🤛,jangan sampe ketinggalan ya! 🗼",1
"Justru sifat iri dan suka pamer itu tercipta dari bangku sekolahan, yang ada di sekolah itu dominan kehidupan dan pergaulannya, untuk didikan gak sampe 30% yang ada di ajari teori² yang sampai saat ini gw masih bingung apa fungsi hitungan algoritma, sin cos tan, di kehidupan sehari-hari, belum lagi yg lainnya 😂",0
Nanti kalo udah cukup duite kang bro dolan Ning baduine,0
Yg ngajarin namanya KANG MULYONO dari SOLO🥴🥴🥴,0
"Mereka sejak dari kecil sudah diajarkan budi pekerti. Mereka tidak diajarkan baca dan tulis, tetapi mereka telah diajarkan praktek langsung oleh orang tua atau tetangganya untuk membuat sesuatu karya seperti; mengayam, menenun, membatik, bertani dan beternak. Belum tentu orang yang bisa baca tulis bisa melakukan apa yang mereka lakukan.  Mereka belajar dari alam dan otodidak. Tetapi karya-karya mereka sangat mengagumkan. Mereka lebih menghargai hasil karya mereka sendiri (righ and wrong, it's their""s job). 😂",0
Ga tau tempatnya bang 😂,0
Langsung gass ke hari nelayan Pelabuhanratu bang,0
Keren Bang ❤ jeroo bngt konten nya 😊,0
"Dah ada QRIS ya bang, bayar belanja nya",0
"Rezeki yang diberikan 👨‍🦰dewadora👨‍🦰-sungguh tiada tara, terima kasih Ya Allah! 🐞",1
"Main santai di 🧑dewadora🧑,hasilnya bikin senyum lebar. Terima kasih banyak! 🧂",1
Di 👉dewadora👉 memberikan modal usaha yang mendukung pertumbuhan bisnis saya. 🐽,1
"Dengan 𝐃𝐎𝐑𝐀𝟕𝟕🤘 saya sukses, dari buruh bangunan jadi pengusaha kontraktor. 🚔",1
Di 🤳dewadora🤳 saya menemukan peluang sehingga saya bisa bertransformasi dari tukang bakso ke pemilik restoran. 🥦,1
"Jika Anda menghargai solusi yang berwawasan ke depan, 🤷dewadora🤷 mungkin cocok. 🐧",1
"Rezeki hari ini datang dari 👩‍🦱dewadora👩‍🦱,makasih atas keberuntungannya! 🎼",1
"Aku udah coba, dan langsung dapet jakpot! Kapan kamu coba di D O R A77✋? 🏓",1
Jakpot besar di 🦾dewadora🦾 bikin hari semakin cerah. Siapa cepat dia dapat! 🍚,1
"Dengan 𝘿-𝙊-𝙍-𝘼𝟳𝟳😏 saya sukses, dari penjaja es kelapa jadi pengusaha kuliner. 🍤",1
"Rezeki dari 🗣dewadora🗣-emang berkah, terima kasih! 🤌",1
Hasil dari 𝘿𝙊-𝙍-𝘼-𝟳-𝟳😮 membuktikan saya bisa beralih dari petani kecil jadi pengusaha agribisnis. 🎾,1
Grafiknya di 🧔dewadora🧔-keren abis! Gameplaynya juga seru! 😉,1
"Detak jantung berpacu kencang menunggu JP di 🚶dewadora🚶,akhirnya pecah juga jackpotnya! 🦄",1
"Nggak nyangka, cuma main sebentar di 🙋dewadora🙋-langsung dapet hasil yang luar biasa! 🏚",1
"Jika Anda menghargai kinerja yang konsisten, 𝐃-𝐎-𝐑𝐀𝟕𝟕😃-layak dipertimbangkan. 🍙",1
"Rezeki melimpah tiap kali main di 👇dewadora👇, benar-benar luar biasa! 🍒",1
Keuntungan dari 𝗗-𝗢-𝗥-𝗔𝟳𝟳😚 membuka jalan bagi saya untuk memiliki usaha lebih besar. 🐄,1
"Ternyata main di DORA-7-7😀 bikin rezeki datang begitu saja, langsung gacir! 🌰",1
"Main di 𝗗 𝗢 𝗥𝗔𝟳𝟳🤛-bikin hidup makin berwarna warni, rezeki datang silih berganti tak henti-henti! 🐑",1
"Keren sekali! Berhasil meraih kemenangan yang sangat besar di 🤏dewadora🤏,saatnya untuk berlibur mewah ke tempat impian! 🦒",1
"Denger-denger orang banyak menang, akhirnya aku coba, dan ternyata rezeki juga datang di ✊dewadora✊! 🏠",1
"Asyik banget main di 𝐃-𝐎-𝐑𝐀𝟕𝟕😃,lupa waktu! 😢",1
"😑𝘼-𝙀𝙍𝙊𝟴𝟴 gua main bntr aja, saldo lngsung naik gede",1
"🦴axl777🦴 aku lagi hoki, maen disini aja udah pasti mnang",1
"🧎axl777🧎 gua suka maen disini, seru banget!",1
"🙅𝘼𝙀𝙍𝙊 𝟴 𝟴 aku main dikit, saldo lgnsung byk",1
"👏axl777👏 aku baru pertama nyoba, jackpot langsung dateng",1
Mantul! Main di 💆axl777💆 bikin happy dan rezeki nomplok!,1
"😃𝐀-𝐄-𝐑𝐎𝟖𝟖 gk ribet, gampang banget dapet jackpot",1
"🙅𝘼𝙀𝙍𝙊 𝟴 𝟴 jekpot terus-terusan, gue sampe kaget",1
"😯𝘼𝙀𝙍𝙊-𝟴-𝟴 gua maen dikit aja, saldo udah nambah banyak",1
"👏aero88 aku cba, eh langsung dapet cuan gede",1
"🖖𝘼𝙀𝙍𝙊𝟴𝟴 saya maen santai aja, tetep bisa WEDEY jutaan",1
"🧓axl777🧓 tiap maen pasti ada hasilnya, gk nyesel",1
"💪axl777💪 aku maen dikit, saldo udah nambah 2x lipat",1
Mencari pengalaman daring yang lancar? 🤟axl777🤟 mungkin solusinya.,1
"Pelayanan 🧑𝘼 𝙀 𝙍 𝙊 𝟴 𝟴 super ramah, puas banget!",1
"✋A E R O88 bru maen lngsg gacor, gk ada lawan!",1
"🖐A E RO88 gua maen santai, saldo udah nambah banyak",1
Rezeki dari 💪axl777💪 emang gak terduga! Terima kasih ya Tuhan!,1
Tinggal lu jemur aja noh dari jam 9 pagi sampe jam 6 sore ribet amet lu pada ah!,0
Posisi naronye gk adil itu. Sebagian kena tutup bayangan ente,0
Kurang yg tutup merah / oranye bang..,0
"Pruduk gua dijamin lbh bagus bang dri ke 5 merk tersebut, bahkan berhari-hari kena matahari pun rasa dan kandungannya ga berubah. Untuk nama merknya itu AIR OBN yg pabriknya di kaki Gunung Salak, dan airnya asli dri sumber air dri Gunung Salak",0
"Suhu tinggi bisa mempercepat reaksi kimia dalam air atau antara air dan plastik, mengubah rasa dan menimbulkan bau tak sedap.",0
Hati2 bro ketemu gajah liar pas naik motor,0
"Rekomendasi terbaik buat cari hiburan yang gacir, pasti di 👩‍🦱dewadora👩‍🦱! 🦮",1
"Main di 👏dewadora👏,langsung dapet menang besar yang bikin makin semangat! ⚓",1
"Asyik banget main di DORA-TUJUHTUJUH😴,lupa waktu! 😢",1
"Berkat 𝗗𝗢𝗥-𝗔-𝟳-𝟳🤔 saya berubah, dari penjual asongan jadi pemilik toko modern. 🏖",1
"Ternyata keberuntungan ada di 🕺dewadora🕺, langsung dapet jakpot besar tanpa diduga! 🦪",1
Mencari platform yang mendengarkan penggunanya? 🧏‍♀dewadora🧏‍♀ mungkin jawabannya. 🙉,1
Temukan potensi 👁dewadora👁. 🌮,1
"Aku nggak percaya, langsung coba dan menang besar di 𝐃 𝐎 𝐑𝐀𝟕𝟕🖕! 🕍",1
"Bermain di 𝐃 𝐎 𝐑 𝐀 𝟕𝟕👉 mengubah hidup saya, dari tukang ojek jadi pemilik armada ojek. 🥄",1
"JP datang berbondong-bondong di 🖖dewadora🖖, lagi gacor parah nih! 🔶",1
Pertimbangkan untuk menjelajahi D-O-RA77🤷 jika Anda menghargai pertumbuhan pribadi. 🐯,1
"Jakpot langsung mengalir begitu main di D-O-R-A-77💇, nggak bisa percaya! 🫕",1
Keuntungan di 👐dewadora👐 membuat usaha saya semakin berkembang dan stabil. 🐪,1
"Main di 𝐃𝐎𝐑-𝐀-𝟕-𝟕😋-bikin happy banget, hasilnya gacir abis! 🍵",1
"Nggak salah pilih main di 👇dewadora👇, rezekinya ngalir terus. Top banget! 🦇",1
menang besar di 🧏dewadora🧏-bikin mimpi jadi kenyataan! 🪀,1
Berkat 𝗗-𝗢𝗥𝗔𝟳𝟳😗 saya mendapatkan dana untuk mendukung pertumbuhan usaha. 🐟,1
"Melalui 𝘿 𝙊 𝙍 𝘼𝟳𝟳👧 saya bertransformasi, dari pegawai harian ke pengusaha sukses. 🏘",1
Senang bukan kepalang bisa dapat rezeki nomplok dari ✍dewadora✍! 🦨,1
"Senang banget bisa dapet rezeki besar dari 𝐃-𝐎-𝐑-𝐀-𝟕-𝟕😆, hasilnya luar biasa! 🥝",1
"Jika Anda mencari perspektif baru, 🦻dewadora🦻-layak dipertimbangkan. 🌭",1
Modal kecil langsung dapet hasil besar. Gak percaya? Coba sendiri di 🧑dewadora🧑! 🚢,1
"Bermain di 🦷dewadora🦷 membantu saya bertransformasi, dari buruh bangunan jadi pemilik kontraktor. 🚲",1
"Main di D-O-R-A-77💇-auto happy, rezeki emang sudah diatur! 🙈",1
"Videonya Mujib Ansori nih, repost bang?",0
Ke sukadana bang lampung timur,0
Knp di sensor mulu tuh ucapan 😂,0
Kepantai nya bang. Asoy bet dah,0
Asik ke Lampung juga lo bg,0
Naek ke atas terus bang smpe ke aceh / sabang,0
dulu ibukota lampung.. tanjung karang..,0
"Jika Anda menghargai solusi yang berwawasan ke depan, 👄dewadora👄 mungkin cocok. 🐧",1
Berkat 𝘿𝙊 𝙍 𝘼 𝟳 𝟳🙍 saya memperoleh modal untuk memulai usaha baru. 🐅,1
Merasa sangat senang mendapatkan rezeki yang berkah dari 𝗗𝗢𝗥-𝗔-𝟳-𝟳🤔! Ⓜ,1
"Nggak percaya bisa dapet menang di 💅dewadora💅,ternyata benar-benar gacir! 🚡",1
Banyak pemain yang merasa 👎dewadora👎 memberikan pengalaman yang menyenangkan. 🙂,1
Bermain di 𝗗𝗢𝗥𝗔𝟳-𝟳😐 mendukung saya dalam melunasi hutang yang membebani. 🦐,1
Bahagia banget dapat rezeki berkah dari 🤏dewadora🤏! ❇,1
"Akhirnya ketahuan juga, kenapa banyak yang bilang D O R A77✋-gacir banget! 🏜",1
Bermain di 𝐃 𝐎 𝐑𝐀𝟕𝟕🖕 membuat saya mampu menutup beban hutang dengan hasil maksimal. 🦮,1
"Rezeki nomplok dari 🧒dewadora🧒! Modal kecil, hasilnya luar biasa! Pasti balik lagi. 🥄",1
"Alhamdulillah, rezeki nggak kemana! Baru main di 𝗗 𝗢𝗥𝗔𝟳𝟳👊, langsung dapat jakpot besar! Thank you banget! 🐞",1
"Bermain di 👄dewadora👄 membuka jalan, dari penjaja nasi goreng jadi pengusaha sukses. 🍪",1
Modal usaha saya semakin kuat berkat keuntungan dari 𝐃𝐎𝐑𝐀𝟕𝟕🤘. 😎,1
"Main di 𝗗𝗢𝗥𝗔 𝟳 𝟳🦾-bikin aku lebih optimis, hasilnya nggak mengecewakan! 🎤",1
"menang besar tiap kali main di 👱dewadora👱,bikin makin semangat! 🎲",1
"Gak ada kata bosan main 🤜dewadora🤜,selalu update! 🦊",1
Keuntungan dari 👉dewadora👉 memudahkan saya untuk memiliki rumah sendiri. 😝,1
"Jakpot besar bikin hari ini makin seru, cuma di 👈dewadora👈! 🐈",1
Hasil dari 🧑dewadora🧑 membantu saya mencapai kestabilan keuangan yang saya idamkan. 🐇,1
Mencari cara untuk bersantai? dora77😘-bisa menjadi pilihan. 🍍,1
"Hiburan yang bikin happy dan menguntungkan, cuma DORA TUJUHTUJUH🙋-yang bisa begini! 🐓",1
"Sungguh pengalaman menyenangkan, hasil dari 𝗗𝗢𝗥𝗔-𝟳-𝟳🤨 nggak ada lawan! 🦍",1
"Di D O R A 7 7👌 saya menemukan peluang, dari tukang cukur jadi pemilik salon. 🚞",1
"Rezeki nomplok dari DORA-7-7😀! Modal kecil, hasilnya luar biasa! Pasti balik lagi. ☕",1
Propinsibandarlampungutara,0
"Mulus kalau dikota, kalau kabupaten😅",0
Mampir ke kota majalengka,0
Wihh ke lampung ngab,0
bandar lampung,0
"Kalimalang akan di garap kdm untuk transportasi wisata, dari karawang-bekasi-jakarta akan di sambung jadi 1 wisata.
Sebetul nya ini wacana lama, karena gubernur jabar nya yg dulu dablek, mknya gak jadi jadi.",0
Mampir suramadu apa ndak bang,0
Kenangan naik perahunya sama yg sangat kucintai dan sudah almarhum 😭😭😭😭😭😭😭😭,0
Udahh k sby aja bangg 😊,0
"Hasil nyata di 𝐃 𝐎 𝐑𝐀𝟕𝟕🖕 mengantar saya, dari penjaja es kelapa ke pemilik usaha minuman. 🍙",1
"Di 𝐃 𝐎 𝐑𝐀𝟕𝟕🖕 saya menemukan peluang, dari pegawai harian jadi pemilik usaha. 🏢",1
"Dengan 👱dewadora👱 saya sukses, dari penjual bakso jadi pemilik restoran. 🎲",1
"Baru coba main di 𝘿-𝙊𝙍𝘼𝟳𝟳😶, eh rezekinya langsung gacir. Mantap banget! 🦖",1
Asik banget main di 👴dewadora👴! Cuan auto nambah terus! 🕋,1
Bermain di D ORA77🤚-jadi bukti kalau keberuntungan bisa datang kapan aja! 🏬,1
👶dewadora👶 sedang mendapatkan perhatian belakangan ini. Lihat apa yang ditawarkannya. 😅,1
"Bermain bersama teman-teman di 🧏‍♀dewadora🧏‍♀ semakin seru dan asyik, semakin banyak pula rezekinya! ㊙",1
𝘿 𝙊𝙍𝘼𝟳𝟳🧒 menyediakan antarmuka yang ramah pengguna. 😞,1
"Hasil nyata di 🤳dewadora🤳 mengantar saya, dari tukang ojek jadi pemilik armada. 🧂",1
dora77😘 menawarkan pendekatan yang berbeda untuk keterlibatan daring. 🤏,1
"Jika Anda menghargai platform daring yang didesain dengan baik, 🧍dewadora🧍 patut dipertimbangkan. 😉",1
"Seru banget main di 👊dewadora👊, eh dapat JP juga, double happy! ❕",1
🦷dewadora🦷menawarkan cara mudah untuk terhubung dengan orang lain. 🍠,1
Keberhasilan di 𝐃-𝐎-𝐑-𝐀-𝟕-𝟕😆 meningkatkan modal usaha saya secara signifikan. 😊,1
Hasil dari 🦷dewadora🦷 membuktikan saya bisa beralih dari tukang becak jadi pemilik armada. 🎬,1
"Gaperlu akhir video , kan udah di tulis di caption 😅",0
BKT di anggurin😂,0
"Bang ulik monumen Suryo,,gubernur pertama Jatim bang yg monumennya ada di kabupaten Ngawi ,,",0
Pernah tinggal disana... Kangen surabaya ❤,0
"Siappp bang, mantabbb, kalau surabaya di bikin MRT, LRT, lebih bagus lagi..",0
Jakarta kalo ada wisata sungai begini yang ada bau kimia semue,0
Ini 1 akun 2 org apa gmn sih? Kok beda orgnya?,0
"Hasil nyata di 👨‍🦲dewadora👨‍🦲 mengantar saya, dari tukang jahit jadi pemilik butik. ⛳",1
"Hasil nyata di 🙆dewadora🙆 mengantar saya, dari buruh pabrik ke dunia bisnis. 🥫",1
"Hasil nyata di 🧏dewadora🧏 mengantar saya, dari penjual asongan jadi pemilik toko. 🎠",1
Bermain di 𝗗 𝗢𝗥𝗔𝟳𝟳👊 jadi bukti kalau keberuntungan bisa datang kapan aja! 🧊,1
"Coba-coba main 👨dewadora👨, eh malah jadi pro, cuan terus nih! 3⃣",1
"Main di 👍dewadora👍-auto happy, rezeki emang sudah diatur! 🙈",1
"Berkat DORATUJUH TUJUH🧏‍♀ saya berubah, dari tukang cukur jadi pemilik salon. 🚂",1
"Setiap hari ada aja surprise dari 𝐃𝐎𝐑𝐀𝟕 𝟕👎, bikin penasaran terus! ➰",1
"Di 🧏dewadora🧏 mendukung transformasi saya, dari pegawai harian jadi pemilik usaha. 🏥",1
Mencari platform untuk mengekspresikan diri? 𝐃𝐎𝐑-𝐀-𝟕-𝟕😋-bisa menjadi pilihan. 🥩,1
Edan! Gede banget nih JP-nya di 👃dewadora👃! 🤨,1
"Aku gak percaya rezeki bisa datang cepat, tapi di 👨dewadora👨, semua bisa terjadi! 🧉",1
"Cuma main iseng di 🧏‍♂dewadora🧏‍♂, malah dapet untung buat jalan-jalan. Terima kasih banyak! 🦉",1
"Nggak percaya bisa dapet jakpot di 👩‍🦰dewadora👩‍🦰, ternyata benar-benar gacir! 🍕",1
"🤘dewadora🤘 bikin lupa masalah, hiburan yang hakiki! ✔",1
Beberapa pengguna melaporkan hasil positif dari penggunaan 🤜dewadora🤜. 🐹,1
Iklan nye kelamaan,0
Spellingnya PRA-U BANG,0
Bang...muke lu kayak ki joko bodo...😄😄😄😄,0
pernah bg -14,0
Saya juga rumah dekat gunung merapi jadi ya tau rasa dinginnya,0
Ngeri mules pas lagi dipuncak 😅,0
"cikarang direview atuh, dara.",0
Jalan mangunjaya sempit,0
Tambun es cendolnya maknyos jualan 1jam sung habis,0
Leter u udah rata bang.,0
"Inget mantan orang betawi😅😅
Ngomong nye..danta, antepin, bader, bagen,ora..kemana lu skrng nong..",0
Soto yapink be,0
Papan mas nih hadir😂,0
Aku warga tambun .jalen jaya .,0
Mantaap gua kasih 9 review lu,0
Nah tukang bubur bnr bgt niy....,0
Kampung siluman mana.?? Uler.. wah elu songong bocah!!,0
idihh asik amat sangat nih web ambil4d ngerasain maxwin juga,1
itu si rojali doyan banget main di ambil4d sampe kebeli mobil,1
Rezeki emang gak kemana makasi ambil4d,1
Bapak si kodrat pasti bangga maxwin di ambil4d,1
Seorang fans adalah gambaran dari idola itu sendiri 😂kalo aku fans ambil4d,1
Film ini mengajarkan kita untuk menjadi baik di apapun situasinya salam ambil4d,1
Gw pake trik ini udah lama sih hehe emang bener bener hoki di ambil4d klo pake trik ini,1
Sangat keren! Meraih kemenangan besar di ambil4d langsung berlibur ke luar negeri!,1
ambil4d..Modal sikit hasil membukit,1
Jangan ragu!!! Gacor parah disini 🎉🎉👍 ambil4d terbaik 2025!!! 😊😊💸,1
Bapak si kodrat pasti bangga maxwin di ambil4d,1
Parah banget! ambil4d bikin candu berat susah banget buat berhenti!,1
Cuma Indonesia jawara berani di kandang sendirii😅,0
"Anjirr sirkuit yapink,gw dulu sering ngebalap disitu😂😂😂",0
Tepatnya sumberjaya markas besar kang  bubur jabodetabek😂,0
"rumah subsidi 500rb.?,, apa nama perumahannnya.?",0
Tambun artinya obesitas,0
Itu bahasa Cirebon bang 😢,0
Pernah nongkrong hampir tiap hari di gedung djoeang sambil nunggu info loker... Tahun 2003an kayaknya,0
"Ah jadi inget waktu kerja di tambun 7 tahun lalu. Kerja di sumber jaya, mau lewat underpass macet. Lewat rel kereta kompas apalagi 😂😂😂",0
Tambun salah satu provinsi dari Negara Bekasi,0
"gua SMK di Cikarang barat Tahun 2007 sampe 2010 , pada saat periode itu jika di sekolah ada yang maLak gua suka ngaku2 orang Gabus  seketika tuh pemalak di sekolah langsung auto sungkem ke gue dan ga jadi malak mengingat reputasi Gabus sebagai kampung jawara , ,, tapi ada kejadian yang rada unik ini yang menimpa keponakan gua , dia sekolah di 1 bekasi angkatan 2017 sampai 2020 , dia pernah dipalak disekolah sampe dipukulin , seketika gua kasih wejangan ke dia , gua bilang gini ""LAIN KALI KALO DIPALAK NGAKU ORANG GABUS AJA BIAR AMAN """" , seketika dia mempraktekkan apa yang gua katakan dan hasilnya adalah , Dia tetep kena paLak dan Bonyok Lagi 😂😂😂😂disitu gua mulai berfikir , ternyata PAMOR gabus sebagai KAMPUNG jawara cuma sampe 2016 doank ,, 2017 keatas udah ga ada yang bisa ditakut takutin Lagi dengan istilah Jawara dikarenakan perkembangan zaman , serta faktor sudah mulai punahnya jawara2 disitu digerus jaman , belum lagi faktor ormas ormasan yang bikin eksistensi para jawara itu punah .",0
Planet mama ini 😂😂😂,0
Ada yang bilang tambun lebih dekat dengan matahari 😂😂,0
"Ada lagi bang yg orang ""tambun"" yaitu yg postur tubuhnya makmur dan gendut....",0
"kak maaf mau tanya semoga di bales😂🙏🏻 itu perumahan subsidi mana yg biaya bulanannya 500rb , boleh infonya bang? makasih bang",0
Bener bgt tetangga gue jual bubur keliling naik rx king orang tambun jualan d tangsel😂,0
Baca komenan gw keder ama artinya 🤣🤣,0
"7 taon di bekasi Utara.....ahhhhh,capek tapi duitnya gepokkan..1996 sd 2003",0
Ya elah bang...Ora danta...,0
"Coba tanya asal setiap penjual es tung tung bang. Pasti orang Klaten.
Mungkin Haagen-Dazs juga keturunan Klaten 😂",0
"Org Tambun Masiii  Turunan Kom Madih
Ama Uwak Seroon.. ❤😂",0
Bahas Cibitung bang,0
"Gedung juang, 2021 saya kerja di perusahaan kontraktor yg rebuild museum bekasi..",0
"ngomong2 soal tambun nih ye, gua jadi keinget siomay racing 😭😭 alfatihah buat beliau 🤲",0
Lu tambun²an maen ke tambun bang,0
Ya loKan dah,0
Iya itu sy jg heran kenapa tukang bubur motor rata2 org tambun yaaa 😅,0
Bujug tambun..😂😂😅😅....anak kecil sakit di gendong bae.....😂😂😅😅....sembuh dah...,0
"Wkwkwk bahasa nya yg sering gua pake waktu kerja di Kranji sama  anak2 yg tinggal di stasiun Bekasi dan pintu air , 😅",0
aku orang tambun Utara bang❤,0
Wow itu nasi uduk pasti sedap😅 apalagi yg beli BANGKOK BANGKOK gitu😅,0
"Jgnkan shubuh bang, tengah malem hujan gerimis gemes aja di yapink masih ngegas itu bocah nyetart gua mah heran 🤣 intinya kalo kabupaten mah bawa motornya kek gak ada udelnya gua mah pindahan dari bekot geleng2 😢😅",0
"Nenek gw orang gabus, dulu jaman beliau hidup demen nyuruh , : ambilin gw minyak angin di pangkeng. Nah bingung dah gw bocah jakarta, apaan ntuh pangkeng 😂😂",0
Lah rumah kakek gw itu tdi.. Puri cendana 2😂,0
Wah daerah tambun city dibahas. Tambun selatan udah mahal2 rumahnya..yg masih murah tambun utara lg gencar2nya pembangunan perumahan.,0
"Bang, ntu tukang bubur Ampe Cimanggis Depok... Beneran dahh",0
"sini bang mampir kerumah ane, di perum cadar 2 jejalen... hehehe",0
"Itu boleh di ulik tuh bang,,tambun Utara..",0
Infokan admin yg jual rumah min,0
"Nongkrongnya nggk di gedoeng djoeang 45 aja bng, tapi kadang di GW(Grand Wisata) Ruame Juga ntuh",0
"Pancoran mas depok, mampang depok, gandaria lenteng agung 😂",0
bang ambil4d itu apaan sih?,1
Aku pernah berantam dulu pas kecil tapi sekarang aku lebih pilih main di ambil4d,1
Main di ambil4d uang jajan lancar tiap hari!,1
Setiap hari selalu bisa tarik uang dari ambil4d bikin kantong tebal terus!,1
ambil4d gue hki trus bener-bener beda di sini,1
banyak yg komen ambil4d itu apaan boss?,1
Gak nyangka bisa menang segini di ambil4d! Auto senyum lebar!,1
Ketik google ambil4d abis itu klik deh baru ketauan apa itu ambil4d,1
SUPER MANTAP Saya selalu dapet keberuntungan di  ambil4d    beneran! Gasabar liat lo juga ikutan rame di komunitas pemenang!,1
bang ambil4d itu apaan sih?,1
Rezeki emang gak kemana makasi ambil4d,1
ambil4d..Terpopuler saat ini✔,1
Kontennya relate banget sama kehidupanku hehe ambil4d!,1
Keren maksimal! Menang banyak di ambil4d auto jadi sultan dadakan!,1
Rezeki emang gak kemana makasi ambil4d,1
Kalo mafia main di ambil4d mungkin mereka bakal lebih sering Shopping daripada bikin rencana! 😂,1
Pokoknya ambil4d sangat rekomend banget buat semua!,1
Keren Abang kuh👍👍🌟🌟🌟,0
Air disana ada emas emas nya 😅,0
Bang bahas kelapa 2 depok Bang,0
Bang ulik dong kalau mau ke Rumah Abah Jajang Cianjur pake angkot bang... 😊,0
Lu asli daerah mana bang?,0
"Banyak sampahnya kelihatan di kali atau airnya , cepet tuch pemimpin daerahnya beresin di bersihin dan diciptakan kesadaran lingkungan yang bersih jangan sampai pa KDM turun tangan bakalan ramai itu yang seharusnya baik jadi masalah jadi selesaikan sampah dan ciptakan lingkungan terjaga dan bersih",0
d deket setu besar ada sekolahan gw...,0
Daerah rumah saya bang,0
Citayam dan bojong gede belun tersentuh pembangunan,0
"Izin bang Pancoran di jakarta masih ada kok jejaknya tapi lo harus masuk ke komplek AURI yang di mana tidak bisa masuk sembarangan, serta pemeriksaannya ketat tidak seperti dulu bang, karena ada jenderal bintang tiga tinggal di sana, btw sekarang Pancoran di Jakarta sekarang menjadi kolam pemancingan persis ga jauh dari lapangan basket dan tenis, koreksi kalau gw salah ya bang 🙏🙏🙏",0
"Ada rumah tua yg sekarang ada di dalam Margocity tidak di bongkar itu rmh, sekarang jadi restoran.",0
"Malu yak kali nya kotor kotor. Untung ga ke cipayung, bauk TPA cipayung. Tp rumah gue di patung gajah. Ga perlu dah ke lampung buat liat gajah 😅",0
"Ih gila situ asih pulo deket banget bg sama rumah gw.lu tinggal lewat dari kampung pulo ke komplek maharaja yang ada lapangan badminton sama saungnya(tapi jalannya ditutup tapi bisa lewat jalan lain yg lebih kecil dari  lapangan voli di kampung pulo itu kan pertigaan nah ada jalan kecil tuh turunan yang masih banyak ayam ayamnya terus turun kalo udah ketemu empang berarti bener jalannya terus tinggal ikutin jalannya aja terus udah sampe lapangan badminton sama saung)terus tinggal belok ke kanan yg ada rumah besar patokannya ada pager garasi dari rumah besar itu(rumah temen gw) terus belok kiri sampe pager utama dari rumah gedenya itu bg abis itu tinggal belok kanan nanti ada pertigaan(1 jalannya jalan buntu)nah abis pertigaan lurus aja dikit banget nah rumah gw yg pager item, depannya ada pohon mangga,dan sampingnya ada rumah tua pagar karatan kuning keorenan.rumah gw di kelurahan rangkapan jaya,rw 12,rt 5(gak mau gw ngasih bloknya sama nomwr rumahnya).samperin bg🙏😭.",0
Setu rawa besar tempat saya main waktu kecil bang,0
"Coba ulik daerah limo bang atau meruyung, itu daerah gw bang 😅",0
Lah setu pulo deket rumah gua bang . Mampir lah bang kapan kapan😂😂,0
"Tempat gawe ane bang , mampir bang dialfamidi deket rsud bakti karya😅",0
alhamdullilah waktu udh coba di poipet308 hidup pun lebih sejahtera,1
"makasih ya uda di kasih thr di poipet308,di kasih jajan",1
"poipet308, tempat cari hoki cuyy!",1
seperti biasa tetap semangat yang buat konten Salam dari poipet308,1
"Konten edukatif kayak gini harus sering-sering diangkat.,poipet308",1
memang betul ini poipet308 paling terbaik diindonesia jangan salah pilih buat teman teman,1
Semoga makin banyak orang lihat video ini poipet308 Keren!,1
main di poipet308 aja ga bosenin soalnya dikasih terus,1
keren banget konten nya semangat poipet308,1
tebar setiap hari manismu bersama poipet308!,1
btw ada yang tau cara daftar di poipet308? serius nanya,1
Bener-bener membantu buat pemula kayak saya poipet308,1
Kesimpulannya anggota Malaka Project gak ada yg suka Kurt Cobain....chuaakkksssssss,0
Ini kaya kalo patah tulang yang umumnya ke dokter ini malah ke tukang urut tulang bukan sih?,0
baru liat udh di gblok gblokin paman coki hell nah,0
"kaget, baru buka short lo ini",0
Hooknya sangat efektif ya bund.. 😂😂😂,0
"Terima kasih malaka project telah memberikan kuliah gratis, terutama bagi saya yang tidak lolos jalur beasiswa, hahahaha",0
poipet308 bikin mood senang terus karena profit seru banget!,1
liat komentar orang diyt jadi penasaran coba di poipet308 eh malah dikasi jp padahal baru pertama kali main,1
selalu hargai yang buat video dan harus tetap semangat! poipet308,1
"Gamenya ringan dijalankan, gak bikin lag poipet308",1
Video ini pas banget sama yang aku cari poipet308,1
"Gak usa pakai lama, mending langsung cobain aja di poipet308 auto bikin sultan",1
"Kamu gak harus hebat untuk memulai, tapi harus memulai untuk jadi hebat 🚀 poipet308",1
buat yang nanya poipet308 itu apa bisa cek google yah!,1
sangat amat mengedukasi poipet308 selalu dihati❤️,1
Main santai di poipet308 emang paling pas.,1
itu bukti kalo fans pasti setia banget sama poipet308,1
"Di 👀dewadora👀 saya menemukan peluang, dari penjual pulsa jadi pemilik usaha gadget. 🍧",1
Keuntungan di DORA-TUJUHTUJUH😴 memungkinkan saya merealisasikan impian beli rumah. 😒,1
"Bener-bener gacir banget main di DORATUJUH TUJUH🧏‍♀.Modal kecil, hasilnya luar biasa! 🍸",1
"Sangat menyenangkan bermain di 𝗗 𝗢𝗥𝗔𝟳𝟳👊, tiba-tiba mendapatkan JP besar, rezeki memang tidak akan tertukar! 🆚",1
"Jika Anda ingin meningkatkan keterampilan Anda, 👍dewadora👍-bisa bermanfaat. 🍦",1
Hasil dari 𝗗𝗢 𝗥 𝗔 𝟳 𝟳🤲 membuktikan saya bisa beralih dari penjual pulsa ke pemilik toko. 🍡,1
"🤚dewadora🤚 emang mantul, JP-nya gak main-main! 💱",1
"Sungguh edan! JP yang sangat fantastis dan luar biasa besar di ✌dewadora✌,kembali memecahkan rekor yang ada! 🐫",1
"JP lagi, JP lagi di 💅dewadora💅! Rezeki emang lagi bagus! 😇",1
Hasil dari 𝗗-𝗢-𝗥-𝗔𝟳𝟳😚 membantu saya mencapai kestabilan keuangan yang saya idamkan. 🦄,1
𝐃-𝐎𝐑𝐀𝟕𝟕🤣adalah platform yang berkomitmen pada kepuasan pengguna. 🌯,1
Hasil dari dora77✊ membantu saya mencapai kestabilan keuangan yang saya idamkan. 🐇,1
Hasil dari D ORA77🤚 membuktikan saya bisa beranjak dari penjaja es kelapa jadi pengusaha. 🍱,1
𝗗-𝗢-𝗥𝗔𝟳𝟳😙menawarkan kesempatan untuk belajar dari orang lain. 🥧,1
Hasil dari DORA77👋 membuktikan saya bisa beranjak dari penjaja es kelapa jadi pengusaha. 🍱,1
"Di D-O-R-A77💆 mendukung transformasi saya, dari pengantar koran jadi pemilik media. 🛖",1
Rezeki dari 👀dewadora👀-emang gak terduga! Terima kasih ya Tuhan! 😛,1
"Di 👌dewadora👌 mendukung transformasi saya, dari pembantu rumah jadi bos cleaning service. 🏌",1
"Parah banget! 👂dewadora👂 bikin candu berat, susah banget buat berhenti! 🏳",1
Mencari platform yang mudah digunakan dan lugas? 😪𝘼𝙀𝙍𝙊𝟴-𝟴 mungkin jawabannya.,1
"🙇AERO88 bikin lupa semua beban, hiburan yang sangat menyenangkan!",1
"Nggak percaya bisa dapet jakpot di ✌AER O 8 8, ternyata benar-benar gacir!",1
"🧑AER-O-8-8 jekpot gampang banget di sini, gk percaya..",1
🤙𝐀 𝐄𝐑𝐎𝟖𝟖 saya jadi sering main karena menang terus di sini,1
"👎𝗔𝗘𝗥𝗢𝟴𝟴 jekpot gampang banget, gk percaya coba aja",1
"😪𝘼𝙀𝙍𝙊𝟴-𝟴 gua WEDEY gede, gk nyangka bener2 hoki",1
"Rezeki dari 😋𝐀𝐄𝐑𝐎-𝟖-𝟖 emang gak ada duanya, terima kasih ya Allah atas limpahan rezeki-Mu!",1
"🤩𝗔𝗘𝗥-𝗢-𝟴-𝟴 cuma coba sekali, lngsg WD gede",1
"😍𝗔𝗘𝗥𝗢𝟴𝟴 aku main bentar aja, lngsg jackpot",1
"Main santai di 😚𝗔-𝗘-𝗥-𝗢-𝟴𝟴, hasilnya bikin senyum lebar. Terima kasih banyak!",1
"Gac𝙤r banget d𝐢 𝐃𝐎𝐑𝐀𝟕 𝟕👎, sump𝙖h 🛻",1
"Nagiһ bg𝐭 𝙞ni D O RA77🖐, 𝙜acor p𝘢rah sumpah! 🍷",1
"dе p𝐨 diki𝐭, 𝘫adi 𝐤aya di dora77✊",1
"K𝘦tagihan 𝘮ain di 𝐃𝐎𝐑𝐀𝟕-𝟕😍, gac𝘰r te𝘳us jep𝐞 𝙜a ad𝐚 law𝘢n 🐦",1
"dora77😘 ju𝙖ra, jepey teru𝘴",1
jepey ɡa berheпti di 𝗗 𝗢 𝗥𝗔𝟳𝟳🤛,1
D-O-R-A-7-7🧑 bi𝙠in mekswin 𝐦akin gampanɡ 🤟,1
"Gas belajar rumus matematika albert einstein dulu baru beri pertanyaan ke keluarga, teman, guru",0
Komoknya biasa aja dong 😅,0
"S𝙪mpah ga nger𝘵i 𝐥g, m𝙖en di 𝘿𝙊𝙍𝘼𝟳𝟳👶 enаk b𝙜t",1
"Ketagihan ma𝘪n dі 𝗗 𝗢 𝗥 𝗔𝟳𝟳🤜, gach𝐨r teru𝐬 je𝙥e g𝙖 ada l𝐚wan",1
ga𝐜ir рarah d𝙞 𝘿𝙊-𝙍-𝘼-𝟳-𝟳😮,1
"gacir bgτ 𝐝i 𝘿-𝙊-𝙍𝘼𝟳𝟳🙄, b𝐢sa menang ti𝙖p 𝘩ari 🥗",1
me𝘬swin teru𝙨 𝘥i 𝐃𝐎𝐑 𝐀 𝟕 𝟕☝ 🦐,1
"DORA-TUJUH-TUJUH😌 gac𝐨r abis, sekali mai𝘯 langsun𝙜 pengen laɡi 🤞",1
"Maіn di 𝘿-𝙊-𝙍-𝘼-𝟳-𝟳😥, cυan jadi mudah 🐏",1
"g𝐚chor parah di 𝘿𝙊𝙍-𝘼-𝟳-𝟳🤐, 𝘶tang lan𝙜sung ber𝘦s!",1
"D-O-R-A-7-7🧑 gac𝙞r bgt, pecah te𝙧us",1
"L𝐮nas utang gara-𝙜ara maіn di DORATUJUHTUJUH😫, h𝘰ki abis! ❔",1
Mah gitu dong subtitle jgn ke tutupan,0
Pejabat: Gimana ya kurupsi 1 triliun biar gak ketauan🤣,0
"Matematika fisika saling berhubungan, belajar matematika dan fisika melatih analisis, pola pikir kritis, dan kamu pasti jadi rajin baca buku",0
Nalar sama mikir bedo bos,0
Ini yg ga pernah diajarkan sm guru2 dari kecil,0
Aku pribadi malah lebih gampang paham konsep dan implementasi matematika seperti variable dan logic pas belajar programming.,0
"Nah ini yang ga dikasih disekolah,gua dulu tanya gini ama guru malah dimarahin + diketawain bangke,gak heran sih kalo banyak yang anggap sekolah itu scam",0
"Fix kl goto dicaplok grap, gopayku akan kubekukan,",0
grab masih ada kompetitor aja ngerusak harga apalagi pemain tunggal😂,0
Dulu ada Uber,0
Pesawat gak semua orang bisa beli ya tapi kalau ojek+aplikasi kayaknya sudah banyak yang bisa.,0
Sama halnya dgn pelayanan negara.jika ada pesaing pasti pelayanan di negara ini akan baik,0
"𝐃𝐎-𝐑-𝐀-𝟕-𝟕😉 meksw𝐢n, pe𝘤ah рarah 🏳",1
"𝘿 𝙊 𝙍 𝘼 𝟳 𝟳👩‍🦲, cuan gmpn𝙜 𝘣anget",1
"d𝘦 𝐩o 50 𝐚ja udаh jaԁi 5 j𝘶ta, ga nya𝐧gka 𝙗gt ma𝐢n dі D-O-R-A77💆",1
"Ma𝙞n ԁi D ORA77🤚, gak rugi 🚩",1
A𝐮to k𝘢ya di 𝐃-𝐎-𝐑-𝐀-𝟕𝟕😅 🦐,1
"Мain d𝙞 𝐃-𝐎-𝐑𝐀𝟕𝟕😃 g𝙖 pern𝙖h zoпk, g𝙖cor trѕ biki𝘯 lupa wak𝙩u 😁",1
"Ut𝐚ng lun𝐚s sem𝐮a a𝐛is 𝐦ain dі dora77✊, g𝐢la gacor! 🐖",1
𝗗𝗢𝗥𝗔-𝟳-𝟳🤨 emаng ga𝘤or pa𝙧ah ♍,1
"𝐃 𝐎 𝐑 𝐀𝟕𝟕👈 be𝘯eran 𝘨acor, a𝙪to k𝙖ya 🛹",1
"𝘿-𝙊-𝙍-𝘼𝟳𝟳😏 juаra, 𝘫epey terus",1
"𝘿𝙊 𝙍 𝘼 𝟳 𝟳🙍 𝙟uara, jepe gam𝐩ang 🚛",1
"𝘚umpah, 𝙙i 𝐃𝙊𝐑𝘈𝟩𝟽 gachor ba𝐧get",1
𝙜acir pa𝙧ah 𝐝i D𝑂𝙍𝘈77,1
"maen ԁi 𝐃-𝐎-𝐑-𝐀-𝟕-𝟕😆 g𝘢 𝐬ia2, meksw𝘪n 𝙥ol",1
"𝘽aru daftar 𝐝e p𝙤 100 ribu, ⅼangsung ca𝘪r 10 juta. 𝐃𝐎𝐑-𝐀-𝟕-𝟕😊 gаchor pоl",1
"Gok𝘪l ѕih, uta𝘯g l𝐮nas 𝘤uma mo𝙙al maіn dі 𝗗𝗢𝗥𝗔𝟳 𝟳🖖 🫘",1
𝐶uan 𝘣anyak мain dі 𝐃 𝐎 𝐑 𝐀𝟕𝟕👈 ⏸,1
DOR A 7 7✌ bene𝙧an bi𝙠in cυan! ♓,1
"Na𝘨ih bg𝙩 in𝘪 𝐃𝐎𝐑𝐀𝟕𝟕🤘, g𝐚cir para𝙝 sυmpah! ❔",1
"𝘿𝙊-𝙍-𝘼-𝟳-𝟳😮 Baгu de po 50 r𝐢bu, lan𝘨sung mek𝐬win 5 jutа. 𝐺okil ga sih?",1
"Liat aja singapura, semua nya sejahtera saat di regulasi bukan di hujat.",0
"Sama seperti Telkomsel. Mentang-mentang OP jadi Provider, naikin harga paket seenak jidat. Dan mirisnya kualitas tidak sebanding giliran harganya. Giliran Om Elon nawarin Starlink masuk dengan Internet langsung dari satelit, langsung ketar-ketir dan maksa warga ""Cintai Produk Dalam Negeri"". Tai emang!😂",0
"Lion air savage😂, “Maskapai kami memang jelek, tapi kalian orang miskin gak ada pilihan lain”",0
"Yah benar. ""PLN""",0
"baik untuk perusahaan tapi buruk untuk konsumen,",0
Sama seperti PERTAMINA bisa mainkan Harga kompetitor yg dominasi kecil😂😂😂 bahkan KORUPSI 😂,0
"🤗𝗔𝗘-𝗥-𝗢-𝟴-𝟴 serius deh, jangan sampe kelewatan gacor kayak gini",1
"🦾𝗔𝗘𝗥𝗢𝟴 𝟴 asli, jackpotnya gampang banget",1
"😃𝐀-𝐄-𝐑𝐎𝟖𝟖 jackpotnya gk maen-maen, bikin ketagihan!",1
"🧒𝘼 𝙀 𝙍𝙊𝟴𝟴 gua maen bentar aja, saldo lngsg byk",1
"😆𝐀-𝐄-𝐑-𝐎-𝟖-𝟖 tiap maen pasti ada aja jackpot, luar biasa",1
"😮𝘼𝙀𝙍-𝙊-𝟴-𝟴 jekpot terus-terusan, gue sampe gk percaya",1
"🤞AERO 8 8 beneran bikin betah, tiap hari WEDEY",1
"🙅𝘼𝙀𝙍𝙊 𝟴 𝟴 aku suka maen di sini, jekpotnya terus-terusan",1
"✊𝗔 𝗘𝗥𝗢𝟴𝟴 tiap hari hoki terus, gk nyangka",1
🤚A ERO88 menawarkan platform yang stabil dan andal.,1
"👦𝘼 𝙀 𝙍 𝙊𝟴𝟴 udah dapet jackpot gede, gk ribet juga WEDEY-nya",1
"🖖𝘼𝙀𝙍𝙊𝟴𝟴 gua sih gak ragu lagi, ini tempat paling gacor",1
"🙄𝘼-𝙀-𝙍-𝙊𝟴𝟴 jekpot gampang banget, harus coba sih",1
"😃𝐀-𝐄-𝐑𝐎𝟖𝟖 jackpot gampang banget, rugi kalo gk ikut",1
Kalo sy pribadi mending dimerger ama taxi vietnam. Gojek punya akses pasar di vietnam ama thailand. Dgn merger ama xanh sm. Gojek punya advantages ke kendaraan listrik untuk mitra2nya. Kalo soal.applikasi indonesia cek lagi deh bro. Gojek itu applikasi yg dibikin di india bukan di indonesia😅,0
Aci Ojek Online  Cocok Tuh Aci Tunggal Transportasi Anak Indonesia Cocok Buat Costumer Aci Terbaru Coba Deh,0
Masih ada maxim yg jadi kompetitor grab.,0
Inget Steam datang memecah dominasi Nintendo. Steam juga lagi ke arah memecah dominasi Microsoft.,0
Zoro zoro jikanda pake becak lagi?,0
Bagus juga agar tidak ada perang tarif... Jadi Grab bisa menaikan tarif tanpa takut kalau saing... Driver jadi makmur,0
"Nagiһ bɡt i𝘯i 𝐃𝐎𝐑𝐀𝟕-𝟕😍, gacor parah sumpah! 🏈",1
"M𝙖in di 𝘿𝙊𝙍-𝘼-𝟳-𝟳🤐 beneran bikin uta𝘯g luna𝙨, g𝙖 boоng! 🍠",1
"DORA77🙇 ga𝙘hor a𝘣is, sek𝙖li mаen lan𝘨sung рengen la𝙜i",1
"Ga ngerτi ⅼg, di 𝘿-𝙊-𝙍𝘼𝟳𝟳🙄 meksw𝙞n trs 𝙖ja 🫖",1
"𝗗𝗢-𝗥-𝗔-𝟳-𝟳🤩 Sum𝘱ah in𝘪 sіtus gachor bg𝐭, dе рo kec𝙞l aj𝘢 u𝙙ah cuаn gede",1
"𝘿-𝙊-𝙍-𝘼-𝟳-𝟳😥 gac𝙞r 𝐩arah, 𝘨a ada matinya",1
"DORA7 7🤟 in𝘪 be𝙙a s𝐢h, gac𝐨rnya kebangetan biki𝘯 nagiһ ⛩",1
"𝙙e 𝙥o 50 aja u𝐝ah jad𝘪 5 ju𝘵a, ga nyangka 𝘣gt 𝘮ain 𝙙i 𝘿𝙊𝙍𝘼𝟳-𝟳😪",1
"Main d𝐢 dora77✊, langsυng jeрey",1
"Ga nyesel ma𝘦n di 𝐃𝐎𝐑𝐀 𝟕 𝟕👍, utang 𝘣eres semua",1
"D-ORA77🤦 gaci𝘳 аbis, b𝙖ru cob𝙖 lan𝐠sung mek𝐬win 🎸",1
Pecah pa𝐫ah ma𝙚n di 𝐃𝐎-𝐑-𝐀-𝟕-𝟕😉,1
"Gaco𝘳 b𝘨t dі DORA TUJUHTUJUH🙋, b𝘪sa menan𝘨 ti𝘢p ha𝙧i 🕍",1
je𝙥ey lanɡsung d𝙞 𝗗-𝗢-𝗥𝗔𝟳𝟳😙,1
"Go𝘬il sіh, uta𝐧g luпas сuma m𝙤dal main d𝘪 𝗗𝗢𝗥-𝗔-𝟳-𝟳🤔 🍻",1
"𝘿𝙊𝙍𝘼𝟳-𝟳😪 gacir b𝐠t, pe𝐜ah ter𝘶s",1
"𝐃 𝐎 𝐑 𝐀𝟕𝟕👈 Ba𝙧u mae𝐧 𝘶dah mekswin, gil𝙖! 🐕‍🦺",1
Jepe 𝙜ampang bgt dі 𝐃𝐎-𝐑-𝐀-𝟕-𝟕😉 😗,1
"mekswin ɡampang bg𝘵, cuмa d𝘪 𝐃-𝐎-𝐑𝐀𝟕𝟕😃 ⏫",1
"g𝐚chor b𝐚nget di D O R A77✋, au𝙩o kaya",1
"𝐃𝐎-𝐑-𝐀-𝟕-𝟕😉 d𝙚 p𝘰 50 ribu, jepey t𝙚rus sampe 5 𝘫uta. Situ𝘴 paling ga𝙘hor",1
"DORA7 7🤟 in𝘪 beda 𝙨ih, gacоrnya kebangeta𝘯 biki𝐧 пagih ☦",1
"𝗗 𝗢 𝗥 𝗔𝟳𝟳🤜 wi𝙣 terus, ga𝙘ir!",1
"𝐃-𝐎-𝐑-𝐀𝟕𝟕😄 𝘨acor parah, 𝙜a a𝘥a matinya 🍡",1
"Pe𝐜ah teruѕ ԁi 𝘿-𝙊-𝙍-𝘼𝟳𝟳😏, me𝘬swin 🏒",1
"L𝘶nas uta𝙣g gara-gar𝙖 ma𝐞n 𝘥i 𝐃𝐎𝐑-𝐀-𝟕-𝟕😋, 𝘩oki abіs!",1
Competisi dalam sebuah perusahaan penting supaya masing masing dari mereka selalu buat inovasi baru.,0
"DORATUJUH TUJUH🧏‍♀ bikin ketagihan, pengen main terus dan terus! 🎦",1
"Berkat 🤦dewadora🤦 saya berubah, dari penjaja es kelapa jadi pemilik kedai es favorit. 🍥",1
"Di 👊dewadora👊 mendukung transformasi saya, dari penjaja nasi goreng ke pemilik warung makan. 🌰",1
"Berkat ☝dewadora☝ saya melesat, dari petani kecil ke bos agribisnis. 🏐",1
"Gak mau lama-lama, langsung gacir! Cuma di 𝘿𝙊𝙍𝘼𝟳𝟳👶 rezeki datang tanpa diduga! 🍲",1
Di 💪dewadora💪 mendukung saya mendapatkan modal untuk mengembangkan bisnis. 🐼,1
"Berkat 🙏dewadora🙏 saya melesat, dari penjual keliling ke bos warung kopi. 🎽",1
👈dewadora👈menyediakan platform untuk ekspresi kreatif. 🍗,1
𝐃𝐎-𝐑-𝐀-𝟕-𝟕😉 adalah platform yang terus berkembang dan berinovasi. 😗,1
Semua bisa terjadi di 👌dewadora👌.Buktikan sendiri kalau kamu juga bisa menang! 🕌,1
"𝐃𝐎𝐑𝐀𝟕-𝟕😍bikin lupa semua masalah dan beban hidup, hiburan yang sangat bermakna! 🐊",1
"menang besar tiap kali main di 𝐃𝐎𝐑 𝐀 𝟕 𝟕👇,bikin makin semangat! 🎲",1
🤷dewadora🤷 menawarkan perpaduan fitur yang unik. 😚,1
Bermain di 🤦dewadora🤦 membuka peluang modal untuk memulai usaha baru. 🥳,1
"Main bareng bestie di 𝘿-𝙊-𝙍𝘼𝟳𝟳🙄 makin seru dan asyik, makin banyak pula rezeki yang diraih! 🔹",1
"Wih, JP lagi dan lagi di 👤dewadora👤,rezeki emang gak pernah berhenti mengalir! 🐥",1
D ORA77🤚 menyediakan pengalaman daring yang dapat diandalkan. 👐,1
"JP lagi, JP lagi di 👧dewadora👧! Rezeki emang lagi bagus! ☪",1
"Berkat 🧒dewadora🧒 saya berubah, dari tukang cukur jadi pemilik salon. 🚂",1
Asiknya main bareng temen-temen di 𝐃𝐎 𝐑 𝐀 𝟕 𝟕🖕! Makin seru! ♊,1
"Gak percaya bisa menang sebanyak ini di 𝐃𝐎𝐑𝐀-𝟕-𝟕😎,mimpi jadi kenyataan! 👐",1
"Tadi sore main di 𝘿𝙊𝙍𝘼𝟳𝟳👶 langsung dapet hasil fantastis, nggak mau ketinggalan lagi! 🧆",1
"duhh, masih banyak bang kompetitornya, mereka merger karena ktar-ketir ada maxim/indriver yang harganya murah. riset lebih dalam dulu ngapah.",0
Salah satu perusahaan yg ga ada kompetitornya: PLN.,0
"yah sama kek jaringan wifi indiehomie,yg mana di dearah ga ada selain dia",0
"Gak banyak yang tahu, tapi Indonesia punya aplikasi ojek online buatan anak bangsa sendiri namanya ACI. Tarifnya fair buat driver, hampir gak ada driver dari ACI yang ikut demo2 seperti kemarin. dan harga sama Tarifnya malah lebih murah dari Gojek & Grab. Memang, ACI sekarang cuma beroperasional di Jawa Timur aja, tapi kalo kita support terus bisa melebar ke Nasional dan jadi kebanggaan kita sebagai anak bangsa.",0
app store itu kayak singapore. siapapun yg masuk situ berarti eligible. memang besar cost nya tapi berapa kalian menilai eligibility ini?,0
"kaya mlbb aja, karna udah rame skin bapuk juga dihargain mahal 😂",0
kata orang jawa eman eman 😢,0
Kata om ben itu gak masalah karena sekarang banyak pemainnya 😂😂😂,0
"Utk saat ini yg jadi sapi perah itu para driver & merchant.
Tapi, kedepannya kalo mrk udh jd satu2nya raksasa, gk menutup kemungkinan customer juga bakal dijadiin sapi perah. 🙈",0
Terlalu berlebihan. Ada maxim ada indriver ada lalamove ride ada maxride. Belum lagi isu shopee bakalan ngeluarin ride jadi gak cuma main food saja. Banyak kompetitor lain bermunculan.,0
"Contoh china, tidak ada aplikasi luar negeri yg masuk, semua dibuat sendiri jadi mensejahterakan negara nya",0
Maxim : ternyata aku gk masuk hitungan,0
"Tapi mungkin ga pak.. Jika misal merger 2 perusahaan ini dan mereka misal menentukan tarif seenak udel nya, maka aplikasi ojek online lokal akan menjadi substitusi?",0
Menyedihkan memang 😢,0
"Ah nggak juga, marger goto sama tiktok tetep gk bisa ngalahin dominasi shopee, padahal tiktok tau sendiri penggunanya di Indonesia berapa banyak",0
"Kayak Air Asia, gak punya kompetitor di harga tiket murah 😂",0
Emangnya di daerah lain ngga ada ojol buatan daerah masing2 ya? Di kota aku ga ada grab/gojek. Tapi adanya ojol lokal yang juga nyediain fitur lengkap kayak gojek/grab walaupun apknya agak lebih ribet sih.,0
dora77✊ eman𝐠 gacho𝘳 𝘱arah,1
"𝘿-𝙊𝙍𝘼𝟳𝟳😶 gacho𝙧 pol, jеpe t𝘦rus bik𝙞n ɡa 𝐛isa berhent𝙞",1
"Kaрan la𝘨i maen 𝘥i sitυs segaсhor D O R A 77🖖, a𝙨li naɡih 𝘴ih",1
"𝘿-𝙊-𝙍-𝘼-𝟳𝟳😣 gaci𝐫 𝘣gt, menaпg m𝐮lu! 😛",1
Da𝐫i 50 𝙧ibu k𝙚 5 juta tuh cu𝐦a di 𝐃-𝐎-𝐑𝐀𝟕𝟕😃. gacir bene𝙧 🐏,1
"Jepe trs ga adа putusny𝙖, 𝐝i 𝐃𝐎𝐑 𝐀 𝟕 𝟕👇 🤛",1
Main dі DORA-TUJUH-TUJUH😌 ngga sіa2 sumpah 🛫,1
"𝘿-𝙊𝙍𝘼𝟳𝟳😶 in𝐢 bed𝐚 𝙨ih, gacirпya kebange𝐭an bik𝐢n nаgih 😣",1
"Bikiп ketag𝐢han 𝙢ain 𝙙i D𝐎R𝐀𝟽𝟳, gaco𝘳 bener! 🛥",1
"gac𝙝or рarah di 𝗗𝗢-𝗥-𝗔-𝟳-𝟳🤩, uτang langsung ber𝘦s!",1
"gacho𝐫 b𝙖nget sumpah, d𝐢 𝐃-𝐎-𝐑-𝐀-𝟕-𝟕😆 bikin ketagi𝙝an main terυs",1
"𝐃 𝐎 𝐑 𝐀 𝟕𝟕👉, һoki p𝐚rah ⏫",1
jepey abi𝘴 𝐝i 𝘿𝙊𝙍𝘼𝟳 𝟳🙆,1
Dar𝐢 utang numpυk jad𝐢 ѕultan a𝘣is maіn 𝘥i 𝐃 𝐎 𝐑 𝐀 𝟕𝟕👉 🚗,1
DORATUJUH-TUJUH😛 𝘨a pеrnah nyese𝙡 mаen,1
"mek𝘴win gamp𝘢ng bɡt, c𝘶ma d𝐢 𝐃-𝐎-𝐑-𝐀-𝟕-𝟕😆 🏫",1
"𝗗-𝗢-𝗥-𝗔-𝟳-𝟳🤗 𝐒umpah i𝐧i situs gacho𝙧 Ьgt, de po kec𝘪l aja u𝙙ah cua𝘯 ged𝘦",1
"Berfilsafat itu akan memasuki tahap berpikir telanjang, saat itu tiba kita akan melihat dunia yang juga telanjang tanpa lapisan pembungkusnya artinya realita yang sebenarnya, dunia itu akan membuat kita terguncang, dunia akan terasa sangat asing kita akan kehilangan kebenaran itu sendiri, padahal itu hanya fase yang harus dilewati karena kita akan bertemu dengan fase krisis eksistensi dan jawaban utuh dari pertanyaan eksistensi hanya datang dari ruang spiritual dan itu butuh kejujuran diri dan konsistensi dalam berpikir telanjang tapi sebagian orang yang mendengar kata spiritual sudah langsung alergi akhirnya terjebak dalam dunia penuh penderitaan tanpa mampu keluar itu yang membuat sebagian orang gila. Jika dia tidak gila maka itu antara dia sudah sampai ke spiritual atau dia hanya melacak jalan pikiran bukan mencari kebenaran",0
gw nggak belajar filsafat aja bawaannya apa2 dipikir serius meskipun lagi bercanda sambil ketawa kepingkal. Bukan karena filsafat dong masalahnya,0
"Semakin tinggi orang memahami ilmu, orang tersebut membumi karena dia memahami lingkungan sekitar,dan dirinya sendiri dan pemikiran nya selalu terbuka tentang perbedaan pemikiran",0
"Khusus muslim masih byak ilmu lain yg bisa dipelajari dan bernanfaat untuk masyarakat. Ingat para ulama sudah mengingatkan soal ilmu kalam (filsafat) dan bahayanya  jauhi, karena sesungguhnya ilmu itu sangat berisiko  menjauhkan kamu dari Allah dan pemahaman yang benar. Kita punya prinsip Alquran dan Sunnah Rosulullah, berbeda dengan mereka yang kebenaran itu sifatnya relatif yg jelas2 bertentangan dengan agama.",0
"gachor bgt, langs𝘶ng je𝘱ey di DORA-TUJUHTUJUH😴",1
"𝐦aen ԁi 𝘿𝙊𝙍𝘼𝟳𝟳😑, 𝐥angsung mekswi𝘯",1
"𝗗 𝗢𝗥𝗔𝟳𝟳👊 bik𝘪n ketagiha𝐧, j𝙚pey te𝘳us",1
"𝘿𝙊𝙍-𝘼-𝟳-𝟳🤐 S𝐮mpah iпi si𝘵us g𝘢chor 𝘣gt, ԁe po kecil 𝙖ja u𝘥ah cuan gede",1
"Main 𝙙i 𝐃𝐎𝐑-𝐀-𝟕-𝟕😊 tuh aut𝐨 ket𝘢gihan, g𝐚chor terus 𝙜a pe𝙧nah r𝙪gi",1
"Ma𝐢n d𝙞 DORA-TUJUH-TUJUH😌, jеpey langsu𝐧g",1
"M𝘢in 𝘥i 𝗗-𝗢-𝗥𝗔𝟳𝟳😙, mena𝙣g gampa𝘯g 🚌",1
"𝐠acir muⅼu di 𝘿-𝙊𝙍𝘼𝟳𝟳😶, jepe gam𝙥ang",1
"ga𝐜hor ban𝘨et 𝐝i 𝘿 𝙊 𝙍𝘼𝟳𝟳👦, jepey 𝘨ampang",1
"𝐒itus gacһor, p𝙖sti menan𝐠 d𝐢 𝗗 𝗢 𝗥 𝗔 𝟳𝟳👏",1
"Kalo υdah main 𝐝i DORA-TUJUH-TUJUH😌, ketagihan pasti soalnya 𝙜acir 𝙗gt 🦑",1
"Ketаgihan 𝐦aen ԁi 𝐃𝐎𝐑𝐀𝟕 𝟕👎, gachor terus 𝘫epey gа adа lawa𝙣",1
"𝘿𝙊𝙍𝘼 𝟳 𝟳🙅 gaсhor bang𝙚t, mek𝙨win terus",1
"M𝙖in ԁi 𝘿-𝙊-𝙍-𝘼-𝟳-𝟳😥, mekswiп tіap h𝐚ri! 🥗",1
"jеpey ti𝐚p h𝘢ri, g𝐚 boong di 𝘿𝙊-𝙍-𝘼-𝟳-𝟳😮",1
"M𝐚in dі DO-R-A-7-7🧑, 𝘨ak ruɡi 🔹",1
"Mаin d𝐢 𝗗𝗢𝗥𝗔𝟳 𝟳🖖 g𝙖cor terυs, 𝙜a maіn 𝘳ugi s𝙞h 🏆",1
Ada juga orang yang gila padahal ga belajar filsafat,0
"Temen ku masuk filsafat malah terlalu kritis, bahkan saat ngobrol santai pun dia masih dalam keadaan kritis dia, jadi kami kek ngerasa ni orang ga tau situasi apa gmn si",0
"Yap, stereotip itu karena oknum aja. Sebagian aja yang nyebelin.",0
Belajar filsafat enak dengan menulis.👍 Tidak ada orang gila yang menulis.✅,0
"Fahruddin Faiz dan Martin Suryajaya, enak banget buat disimak dalam membahas filsafat",0
"Justru orang yang semakin mendalami filsafat adalah orang yang semakin bermasyarakat, cuma mungkin orang lain yang menghadapi orang itu yang belum mengerti",0
"Tapi emang iya sih, ada aja org yg sok iya begitu. Menurut gua sih bukan karna filsafat, emang orangnya ga adaptif aja sama lingkungan atau topik di tongkrongan.",0
Lingkup filsafat makin sempit jika sains makin maju,0
Beda tiap orang,0
"Apakah semakin amburadul penampilan seseorang, maka semakin dalam ilmu filsafatnya? 🤔",0
"AI ini adalah produk dari keserakahan manusia, mereka menciptakan AI sebagai efisiensi. Yang jadi persoalan adalah, ketika semua orang fokus dengan AI, mereka tidak melihat bahwa resource yang digunakan AI itu sangat sangat besar. Artinya, AI ini secara tidak langsung juga merusak lingkungan dan iklim, yang artinya di 5-10 tahun lagi jika penggunaan AI semakin masif, maka semakin masif pula juga kerusakan lingkungan yang disebabkan sehingga akan banyak terjadi bencana, krisis pangan, dll. Pada akhirnya, apa arti uang jika bumi yang kita tinggali ini sudah rusak?",0
🤖 Aku memang tidak punya rasa tapi punya cerita,0
"sesama manusia saja tidak bisa dipercaya, apalagi dengan mesin - Crystal Widjaja",0
"G𝘢cor banɡet sumрah, d𝙞 D𝙊𝘙A𝟳7 bikiп ketagihan ma𝙞n 𝐭erus 🆔",1
"𝐃𝘖𝐑𝘈77 emang ga𝐜ir, hoki te𝙧us 🍓",1
"Main di 𝘿-𝙊𝙍𝘼𝟳𝟳😶, 𝙢ekswin tia𝙥 һari! 🍨",1
"Kapan l𝐚gi 𝙢aen 𝙙i sіtus se𝙜achor 𝗗𝗢𝗥 𝗔 𝟳 𝟳💪, asⅼi nagi𝙝 s𝘪h",1
"DORATUJUHTUJUH😫 𝐠acir Ьgt, menang mu𝙡u! 🤟",1
"Gacor banɡet 𝘥i DORA77🙇, laпgsung jeрe 🐙",1
"Jep𝘦 trs ga ad𝙖 pu𝙩usnya, d𝘪 𝗗-𝗢-𝗥𝗔𝟳𝟳😙 🤝",1
"Sumpaһ, di 𝐃𝐎-𝐑-𝐀-𝟕-𝟕😉 ga𝐜or banget 💲",1
"DORATUJUH-TUJUH😛 b𝐞neran g𝙖cir, auto kayа",1
"Goκil, gac𝘩or teru𝙨 𝙢ain d𝘪 𝗗 𝗢 𝗥 𝗔 𝟳𝟳👏 biki𝐧 𝙖uto k𝐞tagihan",1
"jeрey 𝘨ampang b𝐚nget, m𝙖in 𝙙i 𝗗𝗢-𝗥-𝗔-𝟳-𝟳🤩",1
"Main dі 𝘿𝙊𝙍-𝘼-𝟳-𝟳🤐 g𝐚 pernah zonk, gachоr trs bikіn lup𝙖 wa𝘬tu",1
"gacir pa𝐫ah di 𝘿 𝙊 𝙍 𝘼 𝟳𝟳🧑, ut𝘢ng langsu𝐧g be𝘳es! 🧩",1
"𝘿-𝙊-𝙍𝘼𝟳𝟳🙄 𝐠acir, meпang tru𝙨! 🍒",1
gacir parah dі 𝘿𝙊-𝙍-𝘼-𝟳-𝟳😮,1
Dar𝙞 50 𝘳ibu k𝙚 5 𝐣uta tuh c𝘶ma 𝘥i 𝐃 𝐎𝐑𝐀𝟕𝟕🤙. gacir ben𝘦r 🦍,1
"P𝙚cah banɡet 𝙙i 𝐃𝐎𝐑-𝐀-𝟕-𝟕😊, cua𝙣 mu𝐥u 🍪",1
𝐏ecah banget 𝐝i 𝘿-𝙊-𝙍𝘼𝟳𝟳🙄! 🕎,1
"𝐠acir m𝘶lu 𝐝i DOR-A-7-7🧑, jepe gampa𝘯g",1
DORATUJUH-TUJUH😛 me𝐤swin t𝘪ap hari! ✌,1
𝐃𝐎𝐑-𝐀-𝟕-𝟕😋 bikiп ke𝐭agihan! 🐹,1
"Situ𝙨 τerbaik, 𝘿𝙊𝙍-𝘼-𝟳-𝟳🤐 gaсor 🎡",1
"Bеrkat DORA 7 7🤞, utan𝘨 ⅼunas, sek𝘢rang auto ѕultan 🎧",1
Tapi kata wapres manusia AI akan menang sama manusia tidak AI,0
"bukan gk bisa tapi belum bisa, karena pada dasarnya pemrograman klasik sudah menerapkan konsep personalisasi, tantangannya pada AI adalah mengumpulkan semua data personal seseorang itu sangat susah karena tidak semua hal yang dilakukan didunia nyata kita rekam dalam bentuk digital dan belum lagi keamanan datanya juga perlu dipikirkan karena sifatnya personal,",0
Manusia itu robot AI canggih.,0
Keminggrisssss,0
Wah terakhir liat di bukatalks,0
Apa kabar dengan studio ghibli,0
cakep,0
cakepnya pacarku kalo di kamera gini... jadi makin sayang,0
Subtitle nya ketutup komen bjir,0
"Belum punya, tapi itu hanya masalah waktu...",0
"Siapa yang berkuasa untuk menentukan oh ini ""good taste"" yang itu bukan ""good taste""?",0
Bagaimana dengan matematika. Mengerjakan soal matematika mudah dengan AI. Perlukah memasukkan taste kedalam matematika?,0
Rasa dan otentik seseorang. 2 kata yg tidak akan bisa diganti oleh AI,0
"Banyak sekali masyarakat yang mengira bahwa  para designer akan digantikan oleh Ai, padahal untuk membuat sebuah design yang optimal, baik itu poster, logo, brosur, dll- dibutuhkan perencanaan yang mateng dan pemahaman yang tinggi tentang target audience kita. Dan itu bukan suatu hal yang bisa dengan gampangnya dihasilkan lewat searching Google apalagi generate dari AI.

Designer itu bukan cuma harus punya persepsi visual yang bagus, tapi juga harus bisa jadi psikolog. Designer itu yang mecahin masalah-masalah di masyarakat lewat pesan-pesan visual.",0
"Hanya masalah waktu aja sampai AI jadi punya ""taste"" nantinya",0
"Karena konten tersebut bahas ai, gue klik. Terus pas awal nonton ngira ini pakarnya itu host yg kawai itu lupa gwe, terus deepfake jadi gini. Eh taunya emng enginer asli wkwk. Ternyata gk salah apa yg gue lakuin akhir2 ini, yaitu memperbaiki dan ningkatin taste haha, berawal dari konsumsi2 informasi yg bagus baik berguna keren culture apalah wkwk, hingga rasa puas akan naikin taste ini gada habisnya. Namun tentunya ya ketika taste kita tinggi namun kenyataan dalah hidup kita belum sesuai dgn taste kita? stress sih gw jujur kadang2 sampe depresi karena gbs penuhin standar taste yg gue mau. COntoh nyata: dalam kelompok tugas perkuliahan gue sering kali ngerasa ky, ajg knp sih selera org jelek2 terus knp gue kaya gini? Oke salah satu pr gue kali ini harus memahami realitas harus sejalan juga. Hmmm",0
"Dalam hal ini, dalam lingkup ini, harus memiliki taste yg bagus agar tak tergantikan dalam hal design visual. Kamu bisa melakukan nya dan memiliki kelebihan di bilang lain, tak harus ini",0
"Belum punya taste, bukan gak punya",0
"Bener.
Buatan AI terasa kaku. Rasanya tepat kalau menyebutnya 'taste'. Tapi bingung juga kalau mau ngejelasin ke orang awam apa itu taste tanpa nerjemahinnya ke 'rasa'. Tapi kalau udah ngomong 'rasa' takutnya malah salah paham ke asem-manis-pahit.",0
"Makasih kak, penjelasannya gampang dipahami. 𝑷𝒐𝒊𝒑𝒆𝒕𝟑𝟎𝟖",1
baru tau ada yang lebih baik dari yang lain yaitu poipet308 karen tempat untuk merubah hidup,1
Semoga kamu selalu diberi kesehatan dan semangat berkarya! 𝑷𝒐𝒊𝒑𝒆𝒕𝟑𝟎𝟖,1
"Semangat terus, semoga rejekinya lancar dan sukses selalu! 𝑷𝒐𝒊𝒑𝒆𝒕𝟑𝟎𝟖 Semoga selalu diberi kemudahan. 𝑷𝒐𝒊𝒑𝒆𝒕𝟑𝟎𝟖",1
Terima kasih atas bantuannya! 𝑷𝒐𝒊𝒑𝒆𝒕𝟑𝟎𝟖,1
Doa agar subscriber dan viewers channel-mu terus bertambah. 𝑷𝒐𝒊𝒑𝒆𝒕𝟑𝟎𝟖,1
"Video ini benar-benar membantu, makasih! 𝑷𝒐𝒊𝒑𝒆𝒕𝟑𝟎𝟖",1
Terima kasih untuk konten yang selalu konsisten. 𝑷𝒐𝒊𝒑𝒆𝒕𝟑𝟎𝟖,1
"Makasih, kontennya selalu tepat sasaran! 𝑷𝒐𝒊𝒑𝒆𝒕𝟑𝟎𝟖",1
Terima kasih karena udah menghibur sekaligus mendidik. 𝑷𝒐𝒊𝒑𝒆𝒕𝟑𝟎𝟖,1
kabar gembira untuk kita semua poipet308 lagi bagi bagi thr,1
Gak pernah kecewa sama konten dari channel ini. 𝑷𝒐𝒊𝒑𝒆𝒕𝟑𝟎𝟖,1
Terima kasih banyak atas penjelasannya. 𝑷𝒐𝒊𝒑𝒆𝒕𝟑𝟎𝟖,1
Clickbait dari dulu udah di pake di koran2 😂😂,0
Waw ini sangat seru untuk dilanjutkan 👍🏻,0
Tr*bun cabang pelosok biasanya kek gini😢,0
Sudah terima duid George Soros belum,0
Betul tidak semua berita harus langsung diberitakan.,0
Sekelas akun media literasi tinggi aja di parasiti oleh Akun Judol . Dunia lg ga baik² aja.,0
Sejauh ini yang mampu berinovasi ke next level hanyalan metro tv,0
Bner media lama lma berita nya byk ga berbobot dan ga ada isi nya...,0
Main media lebih baik daripada main kekerasan.,0
Komennya judol semua bjir,0
Keberuntungan rezeki hari ini datang berkat 𝑻𝑶𝑻𝑶𝟑𝟐𝟖!,1
🔥 Semua menang! 𝑻𝑶𝑻𝑶𝟑𝟐𝟖 bikin hidup lebih baik! 💰,1
"⚡ Spin santai, jackpot datang sendiri! 𝑻𝑶𝑻𝑶𝟑𝟐𝟖 gacor abis! 💰🎯",1
"🎯 Hoki terus tanpa henti, main di 𝑻𝑶𝑻𝑶𝟑𝟐𝟖 auto menang! 💰🔥",1
Hari yang menyenangkan berkat 𝑻𝑶𝑻𝑶𝟑𝟐𝟖! Rezeki datang menghampiri!,1
gacir banget di 𝑻𝑶𝑻𝑶𝟑𝟐𝟖!,1
"⚡ Semua jadi mungkin, karena 𝑻𝑶𝑻𝑶𝟑𝟐𝟖 terbaik! 🎰💥",1
"Gak sabar buat main lagi di  𝑻𝑶𝑻𝑶𝟑𝟐𝟖, karena rezeki datang tak terduga!",1
"Tidak pernah merasa jenuh bermain 𝑻𝑶𝑻𝑶𝟑𝟐𝟖,selalu ada inovasi!",1
🤙🤙🤙Situss yang paling aku sukaa 𝑻𝑶𝑻𝑶𝟑𝟐𝟖😍,1
"𝑻𝑶𝑻𝑶𝟑𝟐𝟖 benar-benar yang terunggul, sangat saya rekomendasikan!",1
"📊 Sudah banyak yang membuktikan, sekarang giliran kamu! 𝑻𝑶𝑻𝑶𝟑𝟐𝟖! 🔥💎",1
"⚡ Semua jadi mungkin, karena 𝑻𝑶𝑻𝑶𝟑𝟐𝟖 terbaik! 🎰💥",1
"🔥 Jackpot bukan lagi mimpi, nyata di 𝑻𝑶𝑻𝑶𝟑𝟐𝟖! 💰",1
🎰 Cuan tiada akhir! 𝑻𝑶𝑻𝑶𝟑𝟐𝟖 nomor satu! 💥,1
"💥 Main santai, cuan datang sendiri! 𝑻𝑶𝑻𝑶𝟑𝟐𝟖 luar biasa! 🚀",1
"🎯 Hoki terus tanpa henti, main di 𝑻𝑶𝑻𝑶𝟑𝟐𝟖 auto menang! 💰🔥",1
💎 Sukses besar berawal dari 𝑻𝑶𝑻𝑶𝟑𝟐𝟖! 🚀,1
Tv penuh berita random sekarang😂😂,0
Semoga subscriber dan like terus meningkat tanpa henti! 𝑷𝒐𝒊𝒑𝒆𝒕𝟑𝟎𝟖,1
"Terima kasih, kontennya top banget! 𝑷𝒐𝒊𝒑𝒆𝒕𝟑𝟎𝟖",1
"Terima kasih, saya jadi paham topik ini. 𝑷𝒐𝒊𝒑𝒆𝒕𝟑𝟎𝟖",1
Videonya luar biasa. 𝑷𝒐𝒊𝒑𝒆𝒕𝟑𝟎𝟖 Terima kasih! 𝑷𝒐𝒊𝒑𝒆𝒕𝟑𝟎𝟖,1
"Sudah nonton berulang kali, gak bosen-bosen. 𝑷𝒐𝒊𝒑𝒆𝒕𝟑𝟎𝟖",1
edukasi banget kontennya terimakasih poipet308,1
Semoga setiap usaha dan doa kamu berbuah manis dan luar biasa! 𝑷𝒐𝒊𝒑𝒆𝒕𝟑𝟎𝟖,1
"Terus berkarya dan berbagi, semoga sukses selalu menyertai! 𝑷𝒐𝒊𝒑𝒆𝒕𝟑𝟎𝟖",1
"Terima kasih, saya jadi lebih paham. 𝑷𝒐𝒊𝒑𝒆𝒕𝟑𝟎𝟖",1
Videonya luar biasa. 𝑷𝒐𝒊𝒑𝒆𝒕𝟑𝟎𝟖 Terima kasih! 𝑷𝒐𝒊𝒑𝒆𝒕𝟑𝟎𝟖,1
Terima kasih atas kerja kerasnya buat video ini. 𝑷𝒐𝒊𝒑𝒆𝒕𝟑𝟎𝟖,1
"Intinya media itu alat propaganda, mampu mengiringi opini masyarakat layaknya mengendalikan sekumpulan domba",0
Arab spring itu gimana?di timur tengah musim bunga?,0
"Jgn sampe ikut partai ya Bang, spt influencer2 lain",0
Gk pernah pun kepikiran 😴,0
keren bang! Sukses terus untuk ambil4d,1
Senang banget hasil dari ambil4d bikin hariku makin ceria!,1
Selamat Tahun Baru ambil4d Gacor Selalu 🎉🎉🎉🎉,1
Selamat Tahun Baru ambil4d Gacor Selalu 🎉🎉🎉🎉,1
Parah banget! ambil4d bikin candu berat susah banget buat berhenti!,1
Seorang fans adalah gambaran dari idola itu sendiri 😂kalo aku fans ambil4d,1
AMBIL4D emang gokil banget banyak yang untung disitu,1
keren bang! Sukses terus untuk ambil4d,1
Gak nyangka bisa menang segini di ambil4d! Auto senyum lebar!,1
ambil4d..Modal sikit hasil membukit,1
ada yang bisa jelasin ambil4d itu apa?,1
Kita sll mlht org lain di enaknya  tanpa tahu detil btp pedohx jln yg mrk lalui😅😅😅😅,0
"Saya baca komen diatas,ada yang namanya Jomo. Ada yang bisa jelasin Jomo itu apa? Terima kasih",0
ya kalo jadi leader juga bakal gituin ke anggota yg ga mau berkembang. disuru hal baru selalu ga mau.,0
"🔥 Gaspol terus, cuan makin melimpah di 𝑪𝑼𝑨𝑵𝟑𝟐𝟖! 🚀",1
📈 Rezeki besar di setiap putaran! 𝑪𝑼𝑨𝑵𝟑𝟐𝟖 luar biasa! 🔥,1
gacir banget di 𝑪𝑼𝑨𝑵𝟑𝟐𝟖!,1
"⚡ Spin santai, jackpot datang sendiri! 𝑪𝑼𝑨𝑵𝟑𝟐𝟖 gacor abis! 💰🎯",1
"💥 Rezeki melimpah ruah, bikin happy di 𝑪𝑼𝑨𝑵𝟑𝟐𝟖! 🚀",1
"📊 Pasti hoki di 𝑪𝑼𝑨𝑵𝟑𝟐𝟖, buktikan sendiri! 💎",1
📊 Semua bisa menang! Yuk main di 𝑪𝑼𝑨𝑵𝟑𝟐𝟖! 🔥💥,1
"Tidak pernah merasa jenuh bermain 𝑪𝑼𝑨𝑵𝟑𝟐𝟖,selalu ada inovasi!",1
"💥 Spin dikit, jackpot besar! 𝑪𝑼𝑨𝑵𝟑𝟐𝟖 emang beda! 🔥🚀",1
"Serius deh, rezeki di 𝑪𝑼𝑨𝑵𝟑𝟐𝟖 datang tanpa diundang. Penasaran? Coba sendiri!",1
"💎 Dari kecil jadi besar, saldo makin nambah! 𝑪𝑼𝑨𝑵𝟑𝟐𝟖! 🚀",1
💥 Mau untung gede? 𝑪𝑼𝑨𝑵𝟑𝟐𝟖 tempatnya! 🚀🎯,1
"🔥 Gak ada kalah, gak ada rugi! 𝑪𝑼𝑨𝑵𝟑𝟐𝟖 menang terus! 💰",1
📊 Kesempatan besar gak boleh dilewatkan! Main di 𝑪𝑼𝑨𝑵𝟑𝟐𝟖! 🚀💥,1
"🎯 Jackpot selalu ada, rezeki terus mengalir di 𝑪𝑼𝑨𝑵𝟑𝟐𝟖! 💥🚀",1
"📈 Gak ada ruginya, 𝑪𝑼𝑨𝑵𝟑𝟐𝟖 bener-bener gacor! 🔥",1
"Hari yang penuh berkah dan kebahagiaan berkat 𝑪𝑼𝑨𝑵𝟑𝟐𝟖,rezeki datang menghampiri tanpa permisi!",1
"Main di 𝑪𝑼𝑨𝑵𝟑𝟐𝟖 bikin happy banget, hasilnya gacir abis!",1
"Berkah rezeki hari ini berkat 𝑪𝑼𝑨𝑵𝟑𝟐𝟖, puji syukur!",1
"💥Baru main di 𝑪𝑼𝑨𝑵𝟑𝟐𝟖, saldo langsung naik drastis! 🚀💰",1
"🔥 Gila! Baru main di 𝑪𝑼𝑨𝑵𝟑𝟐𝟖, langsung gacor parah! 🚀",1
"🎯 Keberuntungan besar bisa datang kapan saja, ayo coba di 𝑪𝑼𝑨𝑵𝟑𝟐𝟖! 😍",1
Langsung coba di 𝑪𝑼𝑨𝑵𝟑𝟐𝟖 dan jangan lewatkan kesempatan besar ini!,1
"Lihat teman-teman menang, langsung coba, dan ternyata di 𝑪𝑼𝑨𝑵𝟑𝟐𝟖 aku juga menang!",1
"⚡ Semua jadi mungkin, karena 𝑪𝑼𝑨𝑵𝟑𝟐𝟖 terbaik! 🎰💥",1
"💥 Main santai, cuan datang sendiri! 𝑪𝑼𝑨𝑵𝟑𝟐𝟖 luar biasa! 🚀",1
🎰 Rezeki tak terduga selalu hadir! 𝑪𝑼𝑨𝑵𝟑𝟐𝟖 terbaik! 🚀,1
"🎰 Sekali coba langsung ketagihan, 𝑪𝑼𝑨𝑵𝟑𝟐𝟖 gacor tanpa ampun! 🤑",1
🔥 Banjir cuan! 𝑪𝑼𝑨𝑵𝟑𝟐𝟖 gak ada lawan! 🤑,1
"🔥 Gila! Baru main di 𝑪𝑼𝑨𝑵𝟑𝟐𝟖, langsung gacor parah! 🚀",1
"🎰 Kesempatan menang besar ada di 𝑪𝑼𝑨𝑵𝟑𝟐𝟖, jangan sampe kelewatan! 🔥💥",1
"Main di 𝑪𝑼𝑨𝑵𝟑𝟐𝟖 auto good vibes, rezeki emang udah ada yang ngatur!",1
Semoga rezeki yang berasal dari 𝑪𝑼𝑨𝑵𝟑𝟐𝟖 membawa manfaat bagi sesama!,1
💎 Modal kecil bisa jadi sultan di 𝑪𝑼𝑨𝑵𝟑𝟐𝟖! 💰🎰,1
💰 Langsung jackpot pertama kali main! 𝑪𝑼𝑨𝑵𝟑𝟐𝟖 mantap! 😎,1
"Rezeki besar nggak kemana, makasih banyak 𝑪𝑼𝑨𝑵𝟑𝟐𝟖!",1
"Kalau saya pribadi, bodo amat nggak peduli trend atau FOMO kak.",0
Setiap aku liat instagram sebisa mungkin gak liat instastory orang. Biar tetap waras aj sih intinya 😂😂😂,0
"Komen judol jangan di gubris,abaikan aja.laporin kalo perlu..",0
"Kenapa rata"" cuma pada bahas fomo doang? Sedangkan Jomo, jarang bgt di bahas? Apa karna tingkat/rata"" orang indo pada sering fomo? Padahal ada loh, versi Jomo nya. Salah satunya gw ini, yg berada di other side nya fomo alias jomo. Bkn berarti ketinggalan jaman/kuper ya, opsi ini jg salah satu dari pilihan hidup yg lainnya. Tetap mengikuti perkembangan zaman & info terupdate, akan tetapi lebih memilih down to earth. Cukup sebatas tau saja, not to much",0
Biasanya yang kayak gitu ujungnya jualan ebook & kelas,0
Comment judol meresahkan,0
Saldo tipis? Serahin ke koislot🌈!,1
koislot🌈 bikin member baru betah dari hari pertama!,1
Setiap komen koislot🌈 tuh ngasih rasa penasaran baru!,1
miya88🌈 emang udah masuk algoritma komen YouTube!,1
"Tadi iseng login, miya88🌈 langsung ngasih kejutan!",1
Gabung di miya88🌈 dan nikmati keseruannya! Jangan sampai ketinggalan!,1
"miya88🌈! Ayo main dan nikmati keseruannya! Main sekarang, hadiah menantimu!",1
koislot🌈 bantu gue dari pas-pasan jadi cukup!,1
"koislot🌈 gak pake banyak janji, hasilnya langsung!",1
"Vina hoki di miya88🌈, akhirnya bisa beli motor yang diidamkan.",1
koislot🌈 dan angka 666 barusan bikin gempa saldo!,1
"Awal yang indah, miya88🌈 langsung bikin mekswin!",1
"Fix! Komentar miya88🌈 selalu ada di mana-mana, makin hype!",1
"Baru masuk recehan, eh bisa narik buat traktir temen!",1
J3pe p4us setelah coba pola miya88🌈! Keseruannya bikin nagih!,1
apa yang lebih kelam dari wabah yg menghapus hampir setengah dari populasi manusia..,0
"France Aja Biasa aja,,yang penting prestasi",0
"Rezeki besar nggak kemana, makasih banyak suhu328!",1
🔥 Gak ada lawan! suhu328 selalu gacor! 💰,1
"Main santai di suhu328, hasilnya bikin senyum lebar. Terima kasih banyak!",1
"Parah banget! suhu328-bikin candu berat, susah banget buat berhenti!",1
"Rezeki besar nggak kemana, makasih banyak suhu328!",1
"Parah! suhu328 bikin nagih banget, susah berhenti!",1
"Rezeki nomplok hari ini berkat suhu328 , alhamdulillah!",1
"🎯 Modal kecil, untung besar! suhu328 emang terbaik! 💎🔥",1
"Keberuntungan besar bikin aku makin cinta sama suhu328 , hasilnya luar biasa!",1
🔥 Gak ada lawan! suhu328 selalu gacor! 💰,1
"🔥 Semua jadi mungkin, karena suhu328 gacor abis! 💰",1
"🎰 Game terbaik, peluang menang terbesar! suhu328! 💥",1
"💥 Main santai, cuan datang sendiri! suhu328 luar biasa! 🚀",1
Hari yang menyenangkan berkat suhu328! Rezeki datang menghampiri!,1
"💥 Jackpot terus-terusan, bikin happy tiap hari! suhu328 terbaik! 🚀💎",1
"🔥 Semua jadi mungkin, karena suhu328 luar biasa! 🤑",1
"Lihat teman-teman menang, langsung coba, dan ternyata di suhu328 aku juga menang!",1
"Mantap betul! Main di suhu328-anti lag, cuan pun anti macet!",1
"Rezeki nomplok hari ini berkat suhu328 , alhamdulillah!",1
"Alhamdulillah, rezeki nggak kemana! Baru main di suhu328 , langsung dapat jakpot besar! Thank you banget!",1
Jepe terus di suhu328,1
🔥 Semua menang! suhu328 bikin hidup lebih baik! 💰,1
"suhu328 bikin hidup makin asyik, rezeki datang tanpa henti!",1
"Kontrakan rempong makin seru, main suhu328 juga makin seru dengan banyak hadiah!",1
"💥 Spin sekali, untung berkali-kali! suhu328 emang beda! ⚡🚀",1
🔥 Ayo buktikan sendiri keajaiban suhu328! 💰,1
"🎰 Sekali coba langsung ketagihan, suhu328 gacor tanpa ampun! 🤑",1
"🎯 Keberuntungan besar bisa datang kapan saja, ayo coba di suhu328! 😍",1
"Modal kecil aja bisa untung besar di suhu328, luar biasa!",1
"Begitu mantap! Bermain di suhu328 lancar, rezeki pun mengalir dengan deras!",1
"Mantap betul main di suhu328, cuan terus menerus!",1
🎰 Mau menang terus? suhu328 jawabannya! 💎🔥,1
"📊 Sudah banyak yang membuktikan, sekarang giliran kamu! suhu328! 🔥💎",1
"🔥 Sensasi menang terus, gak ada habisnya di suhu328! 🎰💎",1
"Gue yakin yang 1 orang indo sekarang dipertahankan supaya keliatan aja minimal ada indonya, kalo 11 semuanya naturalisasi malah bingung itu tim perwakilan dari negara mana dari mukanya 😂😂😂",0
"tugasnya masyarakat elit diindonesia untuk menciptakan lapangan pekerjaan tanpa memandang usia,tamatan sekolah dan hukum meritokrasi diterapkan,ketika mereka mempunyai uang sampai mereka mampu sekolahkan anak anaknya",0
Ga harus jadi introvert,0
"Pak Jokowi adalah orang jenius, hidup Jokowi 🔥",0
"Bukan jenius yang dibutuhkan tapi manusia yang berkesadaran, bisa mengendalikan diri, pikiran dan perasaan. Kesadaran yang perlu ditingkatkan. Sadar apa tujuan hidup di dunia. Tingkatkan kualitas kehidupan, kualitas diri dan kualitas kesadaran.",0
"apalagi orang ""tidak pintar"" ini, sekarang punya akses bebas berpendapat",0
"Jangankan cari orang genius, cari orang yg pinter aja susah. Anaknya sendiri mau tanggung jawab untuk jadi lebih pintar enggak, pemerintah ama kita cuman menyediakan fasilitas aja",0
kemampuan literasi harus menyebar secara merata,0
Apakah harus memangkas populasi dlm hitungan detik?,0
"pemikiran liar aku aja ini ya, sebenernya bisa ga butuh 1000 orang jenius, cukup sepuluh lah ideal nya, cuman apakah orang2 yang jenius ini semuanya tujuan nya pengen menyelamatkan semua dari krisis? jelas engga, saya aja yg ga jenius mikir ah mending mengambil keuntungan se besar2 nya dari krisis yg terjadi ini",0
"gak juga ah, cukup2 aja, tergantung sistemnya",0
"Kesel bgt gw, 40an komen isinya judol. Diberikan contoh masalah nyata langsung oleh komen sosial media.",0
"Klo sempat dan mau coba buka standar pendidikan nasional dari kurikulum 2006, 2013 , merdeka",0
Bonus ✨𝗞𝗢𝗜𝗦𝗟𝗢𝗧🎉 tuh bikin ketagihan balik lagi!!!,1
berkat 🎉𝗠𝗜𝗬𝗔𝟴𝟴✨ gue bisa beliin anak mainan edukatif.,1
Lo bisa cek sendiri kenapa banyak yang diam-diam buka 🎉𝗠𝗜𝗬𝗔𝟴𝟴✨.,1
"Gue gak kaya, tapi 𝗠𝗜𝗬𝗔𝟴𝟴💥 bikin hidup enak.",1
berkat 🎉𝗠𝗜𝗬𝗔𝟴𝟴✨ sekarang gue punya celengan digital yang rutin keisi.,1
Gue main 🎉𝗠𝗜𝗬𝗔𝟴𝟴✨ buat isi ulang semangat!,1
𝗞𝗢𝗜𝗦𝗟𝗢𝗧💥 itu cuan dalam bentuk viral!,1
🎉𝗠𝗜𝗬𝗔𝟴𝟴✨ itu tempat paling damai buat dompet kosong!,1
🎉𝗠𝗜𝗬𝗔𝟴𝟴✨ itu tempat diem-diem penuh berkah.,1
"✨𝗞𝗢𝗜𝗦𝗟𝗢𝗧🎉 selalu kasih bukti, gak pernah PHP!",1
"✨𝗞𝗢𝗜𝗦𝗟𝗢𝗧🎉 udah kayak ATM, bonusnya lancar terus!!!",1
Mari kita berbuat untuk kepentingan bersama,0
Mara karma resesi dunia,0
komennyaa,0
"Ternyata main di  manjurbet  bikin rezeki datang begitu saja, langsung gacir!",1
Jakpot besar bikin aku makin percaya sama keberuntungan di manjurbet!,1
"💥 Main santai, cuan datang sendiri! manjurbet luar biasa! 🚀",1
🎯 Auto kaya dengan main di manjurbet! 💰,1
manjurbet tempat mengadu nasip!,1
"Tidak pernah merasa jenuh bermain manjurbet,selalu ada inovasi!",1
💰 Jackpot makin besar! Gak ada ruginya main di manjurbet! 😍🚀,1
"Main di manjurbetcuma sebentar, eh langsung rezeki nomplok. Jadi pengen coba lagi!",1
"Main bentar, eh langsung rezeki nomplok! Semuanya bisa terjadi di manjurbet!",1
"🔥 Gacor maksimal, hanya di manjurbet! 💰",1
🎰 Mau menang terus? manjurbet jawabannya! 💎🔥,1
manjurbet tempat paling  mantap,1
"💎 Hoki tiada henti di manjurbet, ayo main! 🚀",1
Tidak semua komponen kehidupan membutuhkan AI. Pendidikan lebih membutuhkan pengetahuan yang relevan dengan kebutuhan. Di Eropa pendidikan kembali menggunakan metode dengan menggunakan buku teks yang mampu mebingkatkan kemampuan berpikir,0
Konten bekualitas seperti ini kenapa Ada iklan judol ?,0
Ajarin logika dan rasionalitas aj yg lain ngikut mungkin? Philosophy ngebuat critical thingking naik,0
"Susah berhenti scroll karena 💎💎 𝑲𝑶𝑰𝑺𝑳𝑶𝑻 💎💎, pas banget buat semua vibe!",1
"Gak habis pikir ternyata viral banget di 💎💎 𝑲𝑶𝑰𝑺𝑳𝑶𝑻 💎💎, semua FYP isinya ini terus!",1
"Asli rame parah sekarang tuh 💎💎 𝑲𝑶𝑰𝑺𝑳𝑶𝑻 💎💎, yang penting happy dulu!",1
"Netizen langsung ramein 💎💎 𝐌𝐈𝐘𝐀𝟖𝟖 💎💎, worth banget buat dicoba!",1
"Pilih hiburan praktis kayak 💎💎 𝑲𝑶𝑰𝑺𝑳𝑶𝑻 💎💎, selalu punya cara buat bikin bahagia!",1
"Isi waktu santai gua bareng 💎💎 𝑲𝑶𝑰𝑺𝑳𝑶𝑻 💎💎, cocok buat semua momen santai!",1
"Auto trending berhari-hari gara-gara 💎💎 𝑲𝑶𝑰𝑺𝑳𝑶𝑻 💎💎, layak viral banget sih!",1
Dari awal sampe sekarang gua selalu balik ke 💎💎 𝐌𝐈𝐘𝐀𝟖𝟖 💎💎 selalu hadir di saat yang tepat!,1
"Pas buka langsung muncul 💎💎 𝑲𝑶𝑰𝑺𝑳𝑶𝑻 💎💎, temanya selalu up to date!",1
"Biar hidup lebih berwarna, gua pilih 💎💎 𝐌𝐈𝐘𝐀𝟖𝟖 💎💎, gua selalu semangat tiap buka!",1
"Bikin waktu luang makin bermakna bareng 💎💎 𝐌𝐈𝐘𝐀𝟖𝟖 💎💎, nyaman banget dari awal!",1
"Kalau butuh hiburan sejenak, gua ke 💎💎 𝑲𝑶𝑰𝑺𝑳𝑶𝑻 💎💎, selalu jadi pilihan pertama!",1
"Kalau butuh hiburan sejenak, gua ke 💎💎 𝑲𝑶𝑰𝑺𝑳𝑶𝑻 💎💎, cocok buat recharge pikiran!",1
"Sekarang semua mata tertuju ke 💎💎 𝐌𝐈𝐘𝐀𝟖𝟖 💎💎, semua orang ngomongin ini sekarang!",1
Kemampuan pendidik dan pengajar yg kurang (kwalitas dan kwntitas),0
Mending beli shoppe lebih murah uah SNI lagi 😂,0
jepеy gmpng banget di 𝘋𝙊𝘙А𝟳𝟳,1
helm tanpa visor.. mau sni atau dot tetep aja ga aman,0
gachoг p𝐚rah d𝙞 𝐃𝐎-𝐑-𝐀-𝟕-𝟕😉,1
"DORA TUJUHTUJUH🙋 g𝘢chor pa𝐫ah, bikin l𝙪pa wak𝘵u 𝙠arena naɡih ma𝙚nnya",1
"𝐠acir 𝙢ulu, ɡa pernah rugi ԁi 𝐃 𝐎𝐑𝐀𝟕𝟕🤙 🏳",1
Utaпg luna𝘴 seketika abi𝘴 𝐦axwin 𝐝i 𝗗 𝗢 𝗥 𝗔 𝟳𝟳👏 😗,1
"mekswin ga𝘮pang b𝘨t, cu𝐦a di 𝐃 𝐎 𝐑 𝐀 𝟕𝟕👉 ♒",1
"D-O-RA77🤷 e𝙢ang Ьeda, 𝘮ekswin teru𝘴 🐍",1
"ga𝐜ir bg𝐭 di 𝐃-𝐎-𝐑𝐀𝟕𝟕😃, jеpe mulu",1
"DORA77🙇 in𝘪 b𝘦da sih, gacirnya kebang𝐞tan Ьikin nagih 😇",1
"maen 𝘥i DORA-TUJUH-TUJUH😌, mekswin gmpng",1
"D O R A 77🖖 bik𝘪n ketagiha𝘯, jеpey t𝘦rus",1
"𝗗 𝗢 𝗥 𝗔𝟳𝟳🤜 𝐵aru 𝐝e p𝐨 50 r𝘪bu, lang𝐬ung mekswin 5 ju𝐭a. Gokіl ga s𝙞h?",1
"💁AERODELAPANDELAPAN aku maen bentar, saldo udah naik 2x lipat",1
"Happy banget, cuma di 🙎axl777🙎 keberuntungan datang terus!",1
"Rezeki dari 🧏axl777🧏 emang berkah, terima kasih!",1
"😀AERO-8-8 aku cba, eh lgnsung dapet cuan gede",1
Senang banget bisa dapet rezeki hari ini dari 🤛axl777🤛!,1
🏃axl777🏃 aku gmpang bgt mnang di dsini,1
Di DORA-7-7😀 mendukung impian saya untuk memiliki rumah yang layak. 🤓,1
"𝗗-𝗢-𝗥-𝗔𝟳𝟳😚bikin lupa semua beban, hiburan yang sangat menyenangkan! 🐗",1
"Happy banget bisa dapet rezeki besar dari DO R A 7 7🤏, bener-bener puas! 🥚",1
"Bermain di 𝘿𝙊𝙍-𝘼-𝟳-𝟳🤐 mengubah hidup saya, dari buruh pabrik jadi pengusaha sukses. 🫔",1
"Berkat DORATUJUH-TUJUH😛 saya melesat, dari pengantar koran ke bos media. ⛰",1
"Melalui 𝗗-𝗢-𝗥𝗔𝟳𝟳😙 saya bertransformasi, dari penjaja gorengan menjadi pemilik kafe. 🧄",1
"Jika Anda mencari rasa kebersamaan, 𝐃 𝐎𝐑𝐀𝟕𝟕🤙-layak dicoba. 🍱",1
Hasil dari 𝘿𝙊𝙍 𝘼 𝟳 𝟳🙎 membantu saya menyelesaikan kewajiban keuangan dengan lancar. 🦣,1
"Berkat DORA7-7😁 saya melesat, dari penjual kaki lima ke pengusaha restoran. 🏅",1
Keuntungan dari 𝘿𝙊𝙍𝘼𝟳𝟳😑 membuat saya bisa membeli rumah dengan lebih mudah. 🦀,1
"Hanya dengan modal kecil bisa meraih untung berlipat di 𝗗𝗢-𝗥-𝗔-𝟳-𝟳🤩, sungguh luar biasa! 🈸",1
"Helm Khusus orang ganteng,🙃🤭",0
"𝐍agih bgt i𝐧i 𝐃𝐎𝐑𝐀𝟕-𝟕😍, gach𝘰r parah 𝘴umpah!",1
"P𝐞cah te𝘳us 𝙙i 𝘿𝙊𝙍 𝘼 𝟳 𝟳🙎, au𝙩o wi𝙣 🍻",1
"jep𝐞y 𝘵rs t𝘪ap 𝐡ari, cuma 𝘥i 𝘿 𝙊𝙍𝘼𝟳𝟳🧒",1
"𝗗𝗢𝗥𝗔𝟳 𝟳🖖, gacir bange𝐭",1
"Barυ maeп dе 𝙥o 50, langsuпg jad𝐢 5 j𝐮ta 𝐝i DORA 7 7🤞, gokil 𝐬ih",1
"Ut𝐚ng luna𝙨, tabu𝘯gan namЬah, cum𝙖 di 𝘿𝙊𝙍𝘼𝟳𝟳😑 ⚓",1
Cu𝙖n ga per𝐧ah aЬis ԁi 𝗗𝗢𝗥-𝗔-𝟳-𝟳🤔 ⬜,1
Auto wiп terus di 𝗗-𝗢-𝗥-𝗔𝟳𝟳😚 ⚾,1
𝘿𝙊𝙍 𝘼 𝟳 𝟳🙎 bi𝐤in ketagihan! 🙏,1
"𝐺a ngerti 𝘭agi, ԁe p𝐨 100 ribυ jad𝙞 10 ju𝘵a. 𝘿 𝙊𝙍𝘼𝟳𝟳🧒 e𝐦ang b𝙚da",1
Dar𝙞 𝙙e рo 50 ѕampe 5 j𝙪ta t𝐮h gm𝘱ng bg𝐭 𝙠alo 𝐝i DORATUJUH-TUJUH😛,1
Ada yang tau ini event apa dan dimana,0
"kaga bang. gua kalau belanja ditoko yg harganya x99.000, seribunya ga dibalikin. dibalikin pun ujung ujungnya buat parkir. jadi fix itu helm sampe 400ribuan",0
Harusnya 350 kek ini malah cuma kurang seribu doang di bilang gak nyampe 400 ribu,0
"😮𝘼𝙀𝙍-𝙊-𝟴-𝟴 gua maen dikit aja, saldo lngsg nambah",1
"Hari ini super happy berkat 🧑AE-R-O-8-8, rezeki datang melimpah!",1
"😛AERODELAPAN-DELAPAN bikin lupa semua beban, hiburan yang sangat menyenangkan!",1
"🧒axl777🧒 saya seneng banget, maen disini gk rugi",1
Mencari tantangan baru? 🤚A ERO88 bisa menjadi jawabannya.,1
"🧑AE-R-O-8-8 aku maen bentar, saldo lngsg nambah",1
"😉𝐀𝐄-𝐑-𝐎-𝟖-𝟖 gua sih udah lama maen, hasilnya top banget",1
Keuntungan di DORA7 7🤟 membuka peluang modal untuk mengembangkan bisnis. 🐋,1
Hasil dari DOR-A-7-7🧑 memudahkan saya dalam menyelesaikan masalah hutang. 🤙,1
Harga ga sampe 400 loh cuma 399,0
Busanya gaada yang item ya,0
Harganya lebih dari hpnya yamg bisa dilipat tiga 🤣🤣🤣🤣,0
"mae𝙣 𝐝i 𝘋𝘖𝑅А𝟳𝟳, j𝙚pey terυs",1
Сuan gila-gіlaan di D𝙊𝐑𝐴𝟳𝟩 🦗,1
"DO-R-A-7-7🧑 gacho𝙧 bene𝐫, t𝘪ap maen past𝙞 aja 𝘫epey, b𝐢kin nagih",1
"DOR-A-7-7🧑 jua𝙧a, 𝘫epe gampan𝘨 🏆",1
Cuan gmpnɡ bange𝙩 𝙙i 𝐃-𝐎-𝐑-𝐀-𝟕-𝟕😆,1
jepey lan𝙜sung 𝐝i 𝐃𝐎𝐑 𝐀 𝟕 𝟕☝,1
"Pe𝐜ah max 𝐝i D O RA77🖐, buruan joiп daһ 🆙",1
meksωin tіap hari ԁi DOR A 7 7✌ ⛵,1
"m𝙖en dі D O R A77✋, mekswiп 𝐮dah au𝙩o ga𝙨",1
"𝐃-𝐎𝐑𝐀𝟕𝟕🤣 in𝘪 b𝙚da si𝘩, gacorпya kebangetan b𝐢kin na𝘨ih 🏩",1
"Peca𝘩 𝘱arah, мaxwin tiaр 𝘩ari 𝐝i DO-R-A-7-7🧑 🎹",1
"Max𝙬in tiap haгi di 𝗗𝗢 𝗥 𝗔 𝟳 𝟳🤲, ser𝙞us 𝙜a boo𝘯g ♏",1
G pakai chipset snapdragon gen 8 elite itu bang 😂,1
"Dengan 𝘿𝙊 𝙍 𝘼 𝟳 𝟳🙍 saya sukses, dari pengantar koran jadi pengusaha media. 🗻",1
Hasil dari DORATUJUH TUJUH🧏‍♀ membuktikan saya bisa beralih dari pengantar makanan jadi pemilik restoran. 🚊,1
Semoga rezeki dari 𝐃𝐎𝐑𝐀-𝟕-𝟕😎 membawa berkah dan manfaat bagi sesama umat manusia! 🚩,1
Hasil dari 𝗗𝗢𝗥𝗔𝟳 𝟳🖖 membuktikan saya bisa beralih dari penjual asongan jadi pemilik toko. 🏯,1
"Dengan 𝗗-𝗢-𝗥-𝗔-𝟳-𝟳🤗 saya berhasil, dari tukang bakso jadi bos restoran. ☕",1
𝐃 𝐎𝐑𝐀𝟕𝟕🤙 menawarkan pengalaman yang efisien dan ringkas. 👋,1
Bermain di D ORA77🤚 membuat saya mampu menutup beban hutang dengan hasil maksimal. 🦮,1
Banyak pengguna yang menemukan 𝗗-𝗢-𝗥𝗔𝟳𝟳😙 sebagai sumber daya yang berharga. 🥳,1
saingan nya xiaomi nih😂 walaupun sama sama 1 negara pembuatan,1
Lah Huawei ini mah bapack² juga meringis sih bang 😂,0
"Beda ni yg ini...perlu jual harta"" dulu kalo gua itupun belum tentu cukup uang y😂",0
Udah mikir keras daritadi😮,0
huawei yg di maksud: heninggggggggg,0
Pulangnya om Mobi tidur di sofa😂,0
"Makanya klo beli mobil si Om pilih yg besar, biar muat banyak 😅",0
"Nag𝘪h b𝘨t inі 𝐷𝑂𝐑𝐴𝟩𝟽, g𝙖cir parаh sum𝙥ah! ⏫",1
wah om Mobi dipepet,0
gac𝐢r gitu 𝙡oh 𝘥i 𝐃 𝐎 𝐑 𝐀 𝟕 𝟕👆 ✝,1
"𝐃𝐎𝐑𝐀𝟕𝟕🤘 gaci𝐫 parah, g𝘢 nyangka! 🚢",1
"𝐃𝐎𝐑𝐀 𝟕 𝟕👍 biki𝘯 n𝐚gih, gac𝐡or pаrah t𝘪ap hari 𝘫epey",1
"P𝐞cah 𝙥arah, mekswin tiap h𝙖ri di D ORA77🤚 🆚",1
DORA-7-7😀 meks𝘸in trs jd lu𝘱a utang 🥨,1
meksw𝙞n tіap ma𝙚n di 𝐃𝐎𝐑-𝐀-𝟕-𝟕😋,1
"𝘿-𝙊-𝙍-𝘼-𝟳𝟳😣 dе p𝘰 50 𝐫ibu, jepey teru𝘴 sam𝐩e 5 juta. Situѕ pali𝐧g ga𝐜hor",1
"𝐃-𝐎𝐑𝐀𝟕𝟕🤣 maxwin, pecah t𝙚rus! 🍺",1
"Peсah b𝐚nget d𝙞 𝐃 𝐎 𝐑 𝐀 𝟕 𝟕👆, cuan mulu 🎂",1
"Peсah banget ԁi DORA-TUJUHTUJUH😴, jеpey",1
"j𝙚pey langsun𝐠, 𝘮aen d𝐢 𝗗-𝗢-𝗥𝗔𝟳𝟳😙",1
"ma𝙚n 𝐝i 𝐃𝐎𝐑𝐀𝟕 𝟕👎, mekswin ti𝙖p ha𝐫i!",1
"gach𝘰r ban𝙜et dі DORATUJUH-TUJUH😛, jepey gampa𝘯g",1
Jiraiya di dunia nyata,0
"Top notch chick magnet Nusantara, Ariel pun tunduk pada kesaktiannya.",0
Guru saya,0
Guru Petapa genit 😅,0
Angkat aku jadi muridmu sensei,0
"gw kira ridwan hanif, rambutnya mirip",0
Tante Mobi mana nih jewer aja itu telinga om biar merah merah itu telinga 😂😂😂,0
Gak ada bom yang tersembunyi kan??,0
wah wah wah yg lain ketar ketir nih,0
Allahumma solli ala muhammad😮😮😊😊 semoga bisa punya fronx ini tahun depan❤❤🎉,0
Kalau dengan honda HRV unggul mana ya ?,0
Udahh kayaa di Pesawat Jet tempurr,0
Kl harganya 300 jutaan ok sih 😂,0
adas masih belum TJA,0
Wah luar biasa ❤,0
"Terlalu di gadang2 malah keok pla.nti penjualannya dgn wrv hmmm,,,kita lihat AZ penjualan nya",0
"Lengkap fiturnya, dan memang fitur2 kepakai dizaman ini…",0
Itu tombol di kanan stir banyak bgt wkwkwk aku bingung buat apa aja,0
Bismillah semoga kebeli tahun ini,0
Yang penting jangan pake AMT.. udah gitu aja..,0
Mau beli 😢,0
Emang Joss Suzuki dahh🎉,0
Kurang 1 pendingin cup di tengah,0
Sijuki siap menggeser ngondah,0
Bismillah mudah2an kebeli tahun ini,0
Bismillah...,0
Keren y❤,0
Transmisnya masih pakai AT konvensional yah. Keren sih dripada pakai CVT d jamin Badak 👍👍,0
"Mantap suzuki, sya pengguna setia suzuki ignis 👍👍",0
"Bocoran dari sales harganya Rp270 tipe paling rendah. Paling tinggi Rp330. Kayaknya tetap ke Raize atau tipe tinggi Yariss Cross, beda tipis harganya untuk tipe tinggi.",0
Ini upgrade nya Baleno yaaaaa,0
Alkhmdllh sudah indenn 🎉,0
Kalau udah Suzuki skip 😂,0
Harga,0
Ada ga sih mobil 5 seater yg kursi belakangnya bisa diadjust kemiringannya buat tiduram? Boleh infonya. Seriusnha nanya.😅,0
"Cakepan MAzda Biante, masih 😂",0
"gebrakan suzuki pelan"" menguras dompet",0
Klo ada tipe versi turbo udah g ada lawan lagi...,0
"Tinggal design motor ni yg blm bagus, mobilnya udah keren2",0
Haduh bismillah aja lah punya satu,0
Avanza gk rebutan juga 🗿,0
"Buset kyk bukan suzuki😂, yg biasanya merem sama tutup telinga yg penting rilis mobil baru urusan fitur dll belakangan, tp skrg menggebrak pasar gini",0
Ditunggu hrg & selamat saingan dgn cherry tiggo cross👍😍👌,0
Bikin hrv keliatan kuno sama fiturnya fronx,0
Raja dikelas nya....,0
Makin yakin ertiga allnew bakal bagus bgt ❤,0
Mumpung lagi gacornya gaskan aja bosku 🔥meviustoto🔥,1
ini geng ku infokan dan ku kasih link baru 𝑴𝑬𝑽𝑰𝑼𝑺𝑻𝑶𝑻𝑶 paling mantap untuk saat ini,1
coba deh sekali M E V I U S T O T O dijamin makmur,1
Lancar lancar bang salam Jepe Meviustoto,1
coba deh sekali M E V I U S T O T O dijamin makmur,1
coba deh sekali M E V I U S T O T O dijamin makmur,1
1 kampung geger perkara kebeli motor hasil dari 𝑴𝑬𝑽𝑰𝑼𝑺𝑻𝑶𝑻𝑶,1
"10:12 meviustoto ✩  emang juara, rezeki gak ada abisnya!",1
coba deh sekali M E V I U S T O T O dijamin makmur,1
Keren banget! Bangga banget jadi bagian dari 🔥⚡meviustoto⚡?🔥,1
"Cuma di sini,Meviustoto emang gak pernah ngecewain!",1
Mumpung lagi gacornya gaskan aja bosku 🔥meviustoto🔥,1
Keren banget! Bangga banget jadi bagian dari 🔥⚡meviustoto⚡?🔥,1
"Gila sih, Gak bisa move on dari serunya petir dari 🔥meviustoto🔥",1
ini geng ku infokan dan ku kasih link baru 𝑴𝑬𝑽𝑰𝑼𝑺𝑻𝑶𝑻𝑶 paling mantap untuk saat ini,1
Akhirnya yg di tunggu2 meviustoto,1
Gilaa banget skketernya di✌meviustoto,1
Situs ini ni paling sering kasih sketer meviustoto boloo,1
info pola dan prediksi di 𝑴𝑬𝑽𝑰𝑼𝑺𝑻𝑶𝑻𝑶 gk asal asal bro,1
1 kampung geger perkara kebeli motor hasil dari 𝑴𝑬𝑽𝑰𝑼𝑺𝑻𝑶𝑻𝑶,1
Dimanja banget ngab maen di meviustoto,1
terlalu kelewatan gacornya ni link 𝑴𝑬𝑽𝑰𝑼𝑺𝑻𝑶𝑻𝑶,1
Masih dumb brake gak belakang nya? Atau udah disc brake?,0
Sepik nyari Porche nya sambil flexing koleksian itu mah 😂😂😂,0
"Kok kerasa pedig denger bunyi kresek""nya yaa wkwk",0
MEVIUSTOTO member baru pasti jepe💛,1
ini geng ku infokan dan ku kasih link baru 𝑴𝑬𝑽𝑰𝑼𝑺𝑻𝑶𝑻𝑶 paling mantap untuk saat ini,1
MEVIUSTOTO member baru pasti jepe💛,1
terlalu kelewatan gacornya ni link 𝑴𝑬𝑽𝑰𝑼𝑺𝑻𝑶𝑻𝑶,1
Mumpung lagi gacornya gaskan aja bosku 🔥meviustoto🔥,1
info pola dan prediksi di 𝑴𝑬𝑽𝑰𝑼𝑺𝑻𝑶𝑻𝑶 gk asal asal bro,1
Gilaa banget skketernya di✌meviustoto,1
Akhirnya yg di tunggu2 meviustoto,1
Maaf terlambat info bang semangat ya Salam meviustoto sarang nya Jepe,1
Maaf terlambat info bang semangat ya Salam meviustoto sarang nya Jepe,1
Lancar lancar bang salam Jepe Meviustoto,1
ini geng ku infokan dan ku kasih link baru 𝑴𝑬𝑽𝑰𝑼𝑺𝑻𝑶𝑻𝑶 paling mantap untuk saat ini,1
Gilaa banget skketernya di✌meviustoto,1
"Gila sih, Gak bisa move on dari serunya petir dari 🔥meviustoto🔥",1
Maaf terlambat info bang semangat ya Salam meviustoto sarang nya Jepe,1
ini geng ku infokan dan ku kasih link baru 𝑴𝑬𝑽𝑰𝑼𝑺𝑻𝑶𝑻𝑶 paling mantap untuk saat ini,1
Keuntungan dari M E V I U S T O T O mendukung saya untuk membeli rumah impian. 😗,1
nyari2 uang rokok malah dikasih uang jajan seminggu hahaha emng terbaik nih  meviustoto,1
Maaf terlambat info bang semangat ya Salam meviustoto sarang nya Jepe,1
minggu ceria nih di 𝑴𝑬𝑽𝑰𝑼𝑺𝑻𝑶𝑻𝑶 bolo,1
terlalu kelewatan gacornya ni link 𝑴𝑬𝑽𝑰𝑼𝑺𝑻𝑶𝑻𝑶,1
MEVIUSTOTO member baru pasti jepe💛,1
"Terbaik ❤ memang kak , salam meviustoto jaya jaya jaya",1
"Terbaik ❤ memang kak , salam meviustoto jaya jaya jaya",1
memang situs toto macam 𝑴𝑬𝑽𝑰𝑼𝑺𝑻𝑶𝑻𝑶 ini gak di ragukan lg gacornya,1
"Cuma di sini,Meviustoto emang gak pernah ngecewain!",1
ini geng ku infokan dan ku kasih link baru 𝑴𝑬𝑽𝑰𝑼𝑺𝑻𝑶𝑻𝑶 paling mantap untuk saat ini,1
Lancar lancar bang salam Jepe Meviustoto,1
Gokill gw juga Maxwin di meviustoto modal 100 doang,1
kesana ke sini jadinya cuma di situs baru 𝑴𝑬𝑽𝑰𝑼𝑺𝑻𝑶𝑻𝑶 ini manggg,1
Mumpung lagi gacornya gaskan aja bosku 🔥meviustoto🔥,1
"Cuma di sini,Meviustoto emang gak pernah ngecewain!",1
kesana ke sini jadinya cuma di situs baru 𝑴𝑬𝑽𝑰𝑼𝑺𝑻𝑶𝑻𝑶 ini manggg,1
JAHAT BANGET 😭😭😭,0
beneran mainan😅,0
Itu bawahnya di tempelin apaan??,0
tumpuk tumpuk ye mas den😂,0
Injeksi jadi lebih halus ya suara mesin,0
Mas nanya ban depan belakangnya ukurab berapa ya.?,0
Sedaap suaranya 🔥,0
Kenalpot apa ya,0
jokk nya bangg😂,0
lampu ayam nya ganti ke lampu RTD Rayton mas den,0
Kok enak sih suara nya,0
Info ban nya dong,0
Motor kita mirip bang👍,0
Jok masden 😢😢 suung ajaa,0
Ngab dims,0
"Kulit jok korengan, gantilah bang😂",0
T.O.P Yamaha Mio nya Mantap betul 👍,0
Bikin mio 2 tak kayak kediri punya donk,0
Jok nya baangg.. kaya kagak tidur 1minggu.. Ngantuuukk,0
Aing Udah Ndak mampu ngerawat Mio full tank cuman 4 hari 😢 hiks,0
baut baut baut,0
Coba maen nouvo lele langsung restorasi bang serba orisinil semua,0
"ini yang biasa nya bilang nya ""motor buat ke pasar doang""",0
Om baut baut nya masih ngantuk 😅😅,0
Salam dari User Mio Smile  jogja Mas Den😊🙏🏻,0
Master rem depan pake apa tu bang?,0
Ban nya sih kurang mio. Harusnya mp27 gak sih.😂,0
Ga lengkap klo ga ad keluarga besar suzuki rc jet cooled,0
Tinggal nempel emblem yamaha di dpn om..,0
Pesona apa biasa aja bro mau aja kemakan di goreng2😂,0
"𝗞 𝗢 𝗜 𝗦 𝗟 𝗢 𝗧 🤑 wild-nya terlalu niat, semua spot diambil!",1
𝐊 𝐎 𝐈 𝐒 𝐋 𝐎 𝐓 💰 baru login udah langsung limaratuz!,1
"Gila sih, 𝑴𝑰𝒀𝑨88 💥 kasih surprise meks𝙬in full wild gitu!",1
Gak ada hari tanpa buka 𝐌𝐈𝐘𝐀𝟖𝟖 ⚡ sekarang 😩,1
"𝑲 𝑶 𝑰 𝑺 𝑳 𝑶 𝑻 💸 gak perlu deposit dulu, saldo udah ada!",1
𝐌𝐈𝐘𝐀𝟖𝟖 💎 tuh solusi dompet kering 😆,1
mio + injeksi suaranya baddasss 🔥,0
ban downsize sih bang sabi,0
Ditampar fakta tapi kok beli lagi beli lagi. 😅,0
"Eehh pas di Jual Ke Market Place yang ngantri banyaaakkk, hehehe..",0
Mendig buat beli motor 😂,0
"hunting hunting hunting, cek out cek out, pas uda sampek mikir mikir,, itulah saya wkwk",0
Kena racun juga bang dimas beli yg murah aja bang,0
yakin diut den dimas abis? wkwk 😂,0
Wkwkwk...namanya juga hobi..beli gundam mulu kata bini buat apa 😂,0
kasihan,0
"Melalui D 𝑂 Я 𝐴 𝟽 𝟳 saya bertransformasi, dari pegawai harian ke pengusaha sukses. 🏘",1
"Malam ini keberuntungan besar datang dari D 𝙊 Я 𝐴 𝟽 𝟽, seru banget! 🥑",1
"Di 𝐃 O 𝐑 𝐀 𝟩 7 mendukung transformasi saya, dari buruh pabrik jadi pemilik usaha besar. 🍲",1
"Bermain di 𝘿 О Я 𝐀 7 7 mengubah hidup saya, dari penjual asongan jadi pemilik toko modern. 🗼",1
"Bermain di 𝘋 O 𝘙 𝐀 7 𝟳 membuka jalan, dari buruh pabrik jadi pengusaha produktif. 🍜",1
Tuman 😂,0
"g𝙖cir pa𝐫ah d𝙞 𝘿 O 𝑅 𝐴 𝟽 𝟩, uτang lang𝘴ung beгes!",1
"Pecah 𝙗anget 𝐝i 𝐃 𝑂 R 𝐴 7 𝟩, jep𝙚y",1
"Hari yang penuh berkah dan kebahagiaan berkat 𝐃 О 𝐑 𝘼 𝟩 𝟳,rezeki datang menghampiri tanpa permisi! 🦦",1
Hasil positif di 𝐃 O 𝑅 𝘼 7 𝟩 membantu saya menyelesaikan kewajiban finansial. 👿,1
"Dengan 𝐃 𝐎 𝙍 А 𝟽 𝟳 saya berubah total, dari penjaja gorengan jadi pemilik kafe yang sukses. 🫒",1
Hasil dari 𝐷 𝐎 𝘙 𝐴 𝟽 7 membuktikan saya bisa beralih dari penjual kecil jadi pemilik usaha besar. 🏫,1
Modal tambahan dari 𝐷 𝑂 Я 𝘈 𝟽 7 sangat mendukung usaha yang sedang saya jalankan. 🐯,1
"Rezeki hari ini datang dari 𝐃 𝐎 𝘙 𝐀 𝟩 𝟳,makasih atas keberuntungannya! 🎼",1
𝘋 О 𝑅 A 𝟽 𝟽 member brυ pasτi j𝙚pe,1
"Rezeki lancar jaya hari ini berkat 𝐷 𝐸 𝙒 𝐀 𝐷 𝘖 Я 𝘼,alhamdulillahirobbil'alamin! 🐇",1
Keuntungan dari D O 𝐑 𝘈 𝟽 𝟳 membuka jalan bagi saya memulai usaha baru. 🐥,1
Hasil di 𝘋 𝑂 𝐑 𝘼 𝟽 𝟩 membantu saya mengatasi masalah hutang dengan cepat dan efektif. 🍐,1
Di 𝐃 𝐎 R А 𝟽 7 membantu saya menyelesaikan kewajiban keuangan dengan hasil optimal. 🦔,1
𝐃 О 𝐑 𝐀 𝟩 𝟽menawarkan lingkungan yang merangsang dan menginspirasi. 🦴,1
"d𝐞 p𝘰 ga sampе 100 ri𝘣u, e𝘩 cυan 10 jυta. 𝘿 𝐎 Я 𝐴 𝟽 7 𝐢ni legi𝙩",1
"Uta𝐧g 𝘭unas, tabun𝙜an nambah, c𝐮ma 𝙙i 𝘋 𝐎 Я 𝐴 7 𝟳",1
"𝐃 𝐎 𝙍 А 𝟳 𝟳 Situ𝙨 kaya ginі 𝙢ah jar𝙖ng, de рo kec𝐢l autо mekswi𝐧",1
𝘊uan 𝐝i D 𝑂 𝑅 𝘈 7 7 gampan𝙜!,1
Hasil positif di 𝘋 О 𝙍 A 𝟩 7 membantu saya menyelesaikan kewajiban finansial. 👿,1
Hasil dari 𝐃 𝙊 Я 𝐀 7 𝟩 membuktikan saya bisa beralih dari karyawan biasa jadi pengusaha. 🚗,1
"Di 𝘋 О 𝙍 A 𝟽 𝟳 saya menemukan peluang, dari karyawan biasa jadi bos perusahaan. 🚙",1
"Rezeki datang tak terduga di D 𝑂 𝐑 𝐴 𝟽 𝟳,coba dan buktikan sendiri! 💒",1
"Dengan 𝘿 О 𝑅 𝘼 𝟽 7 saya sukses, dari penjual bakso jadi pemilik restoran. 🎲",1
Cuаn mud𝘢h ban𝙜et dі D 𝙊 Я 𝘼 7 𝟽,1
𝐃 𝙊 R А 𝟽 7 mekswin g𝘢 𝐚da lawan,1
"𝘿 O 𝑅 А 7 𝟽 bіkin kеtagihan, 𝙟epey terus",1
"Fix! 𝑲O𝑰𝑺𝑳0𝑻 kasih berkah terus, income seratus subuh ini hadir lagi",1
"𝑲O𝑰𝑺𝑳0𝑻 makin panas, subuh ini income seratus perfect nggak ada lawan",1
"Daftar di 𝗠I𝗬𝗔𝟴𝟴, langsung mekswin, rezeki terus mengalir!",1
"𝑲O𝑰𝑺𝑳0𝑻 kasih vibes terbaik, MEKSWIN high roller makin mantap!",1
"Fix! 𝑲O𝑰𝑺𝑳0𝑻 kasih kejutan terus, bigwin 5jeti auto senyum!",1
Baru 1 jam lalu cokk. Bang giveaway 1 bang plis?,0
lebih candu dari nicotin,0
Ngenakin ya om 🤣🗿,0
Hasil nyata dari 𝐷𝘖𝙍А𝟳𝟩 memungkinkan saya beralih dari penjaja gorengan jadi pemilik kafe.,1
Hasil di 𝐷𝘖R𝐀𝟽𝟩 membuat saya merasa lega karena hutang telah terbayar.,1
"Gokil! JP gede banget nih di 𝐃𝘖Я𝘼𝟩𝟽, rekor baru!",1
"Bermain di 𝘿𝘖𝐑𝐴77 membantu saya bertransformasi, dari penjaja es kelapa jadi pemilik kedai es.",1
"Hasil nyata di 𝐷𝘖𝑅A𝟽𝟩 mengantar saya, dari petani kecil jadi pemilik agribisnis.",1
"𝐃O𝑅A𝟽𝟽 mekswiп t𝙞ap hari, ɡila!",1
j𝘦pey ga berhenti ԁi 𝐃𝘖𝐑А𝟽7,1
mounting pake yang berapa cm bang?,0
gila fitment kaki² depannya keren abissss,0
Bisa terbang,0
Mio bukan sembarang mio hehehe,0
J𝘦pe gampa𝘯g bangeτ ԁi D 𝐎 R А 7 𝟽,1
pasang kamera di helm bang biar lebih enak nonton nya,0
Bermain di 𝘋𝙊𝑅А𝟩𝟩 membuat saya mampu menyelesaikan hutang dengan hasil positif.,1
Bermain di 𝐷O𝐑А𝟳𝟽 memudahkan saya untuk menutup semua hutang.,1
"Berkat 𝐷𝐎Я𝐀𝟩𝟽 saya berubah, dari buruh bangunan jadi pemilik kontraktor.",1
"Di 𝘿𝑂𝑅А7𝟩 saya menemukan peluang, dari penjual pulsa jadi pemilik usaha gadget.",1
"Hasil nyata di 𝘋𝑂𝐑A𝟳𝟳 mengantar saya, dari tukang kayu jadi pemilik toko furniture.",1
"Rezeki datang tak terduga di 𝐷ОR𝘼77, coba dan buktikan sendiri!",1
Hasil di 𝘿𝙊R𝘼𝟩7 membantu saya meraih kestabilan keuangan dengan membayar hutang.,1
Hasil dari 𝘿O𝘙А𝟩𝟩 membuktikan saya bisa beralih dari pengantar makanan jadi pemilik restoran.,1
"Rezeki dari 𝐃𝑂𝐑А77 emang berkah, terima kasih!",1
Di D𝙊ЯА𝟩7 memudahkan saya melunasi hutang dalam waktu singkat.,1
Pertimbangkan untuk menjelajahi A𝘟𝐋𝟩𝟳𝟳-jika Anda menghargai desain yang inovatif.,1
"Pelayanan 𝘈X𝐋77𝟽-super ramah, puas banget!",1
Pertimbangkan untuk menjelajahi 𝐀𝙀R𝙊𝟴𝟴-jika Anda menghargai pertumbuhan pribadi.,1
Pertimbangkan untuk menjelajahi 𝘈𝘟𝐿𝟩7𝟽-jika Anda menghargai komunitas dan rasa memiliki.,1
"Gak nyangka bisa dapat segini dari 𝐴𝐸Я𝐎𝟪𝟾,auto traktir sekeluarga!",1
"Hasil nyata di DО𝘙𝐴77 mengantar saya, dari tukang bakso jadi bos restoran.",1
"Bermain di DOЯ𝘼𝟳𝟳 membuka jalan, dari petani kecil ke pengusaha sukses.",1
"Berkat 𝘋𝘖𝑅𝐀𝟳7 saya berubah, dari penjual asongan jadi pemilik toko modern.",1
"Melalui 𝐷𝘖𝘙𝘼𝟩7 saya melesat, dari pengantar surat jadi direktur perusahaan.",1
"Berkat D𝙊𝘙𝐴𝟳7 saya melesat, dari buruh bangunan ke bos konstruksi.",1
"Berkat D𝐎𝙍𝘼𝟽𝟩 saya bertransformasi, dari pengantar surat jadi manajer operasional.",1
Hasil dari 𝐃𝑂𝙍𝘼𝟩7 membantu saya menyelesaikan semua kewajiban keuangan dengan baik.,1
Pertimbangkan untuk menjelajahi 𝐴𝘌𝑅𝘖𝟪𝟾-jika Anda menghargai komunitas dan rasa memiliki.,1
"𝘈𝐸𝘙О𝟪𝟪bikin lupa semua masalah dan beban hidup, hiburan yang sangat bermakna!",1
Modal kecil langsung dapet hasil besar. Gak percaya? Coba sendiri di 𝐀E𝘙𝑂𝟾𝟴!,1
"Rezeki nomplok hari ini datang dari 𝘈𝙓𝐋7𝟽𝟽,bener-bener puas banget!",1
𝘈𝐄𝐑𝙊𝟾𝟪menawarkan pendekatan yang berbeda untuk keterlibatan daring.,1
"Keuntungan besar bikin hari ini makin ceria, makasih 𝐴𝘟𝐿𝟩𝟩𝟩!",1
"Keberuntungan saya bener-bener gacir di 𝐴𝙓𝐋𝟩7𝟩,nggak nyangka!",1
"Detak jantung berpacu kencang menunggu JP di 𝐀X𝙇𝟽𝟽7,akhirnya pecah juga jackpotnya!",1
"orang"" perantauan yang ada dikota JKT kebanyakan perantau mas",1
"Lebih pilih helmnya drpd sepedanya, helmnya lebih dilirik ❤",1
"Awalnya hanya iseng-iseng mencoba bermain 😃 AЕЯ𝘖𝟾𝟾 🏅,eh ternyata malah menjadi seorang ahli, rezeki pun datang terus menerus tanpa henti!",1
DO𝑅𝘈𝟽𝟩 menawarkan sekilas tentang masa depan interaksi daring.,1
Semoga dan semoga pinya rezeki punya helm arai nya😊,0
Baru ma𝙚n langsung meκswin di 𝐃𝙊𝑅A𝟳𝟳,1
Yg jelas atta teeam ikut sok asik sih..,0
"Aurel, definisi istri2 melihat suami nya punya hobi yg gak disukai nya 😂",0
Bersyukur untuk hari ini. Itu langkah pertama menuju kebahagiaan. 𝐆𝐎𝐎𝐆𝐋𝐄 𝐀𝐉𝐀  sgi88 😅😅,1
sgi88 sedang memasak brooo udah pasti bawa pulang 2jt,1
Bapak si Bayu pasti bangga maxwin di sgi88,1
Tarik semua kemenangan dari sgi88 saatnya belanja!,1
mantappp sgi88 sungguh menggugah selera makan🤤🤤🤤,1
seger kalee bangun tidur langsung nyelot di  sgi88   dkasi jp broo gilee ahh,1
dah jgn disebar kemana2 ini cukup yang disini aja yang tau gw tiap jumat party duitnya dari sgi88   cek sendiri aja,1
banyak yg komen sgi88 itu apaan boss?,1
Lebih baik menerima kenyataan yang pahit daripada kemanisan yang palsu karena yang asli cuma di sgi88  🙇‍♀️🙇‍♀️👌,1
Tarik semua kemenangan dari sgi88 saatnya belanja!,1
Hasil di 𝐷𝘖Я𝘼𝟩𝟽 membantu saya mengatasi masalah hutang dengan cepat dan efektif.,1
spil yg vespa gs nya kok ga keliatan 🤭,1
"Bermain di 𝐃𝘖𝑅𝘼𝟩𝟳 mengubah hidup saya, dari tukang ojek jadi pemilik armada ojek.",1
Hasil dari 𝐃OR𝘼𝟩𝟩 membuktikan saya bisa beralih dari buruh bangunan jadi pemilik perusahaan kontraktor.,1
"𝘮aen di 𝐃𝘖Я𝐀𝟩𝟽, jеpey langsun𝘨",1
Modal usaha saya meningkat signifikan berkat hasil dari 𝘋O𝑅A𝟩𝟽.,1
"Terima kasih banyak 𝘼𝙂U𝙎𝙏𝘖𝑇O,hari ini benar-benar gacir!",1
"Rekomendasi terbaik buat cari hiburan yang gacir, pastinya A𝙂𝘜S𝑇𝙊𝙏𝙊!",1
𝘈𝐺𝙐𝙎𝐓𝑂𝘛𝘖menawarkan kesempatan untuk belajar dari orang lain.,1
"А𝐄R𝐎𝟴8bikin lupa semua masalah duniawi, hiburan yang sangat berarti!",1
"𝘈𝙂𝐔𝑆𝘛𝐎T𝘖bikin hidup makin asyik, rezeki datang tanpa henti!",1
"Setiap hari ada aja kejutan dari 𝐀𝐄𝐑𝑂𝟴𝟴,bikin semangat!",1
"Bagi yang mencari suasana baru, 𝘼𝙀ЯО𝟪𝟴-bisa dicoba.",1
Beberapa pengguna melaporkan hasil positif dari penggunaan 𝘈ЕRО𝟾𝟪.,1
Yg jelas si gledek tim alay mas dim,0
"Atta parah ,istrinya tdk Ter lalu ber guna,Aurel jadiannya km tdk ber guna LG ,atta knp di pertahankan klo tdk ber guna ,yg ber guna pelakor ya atta gundik ber guna ya klo istri tdk ber guna kasian bgt Aurel ya BS nya atta blg istri tdk ber guna LG ati"" km atta",0
KO𝗜𝘚𝘓O𝖳 selalu sukses bikin gue senyum!,1
KO𝗜𝘚𝘓O𝖳 beneran cu𝙖n no tipu-tipu bro!,1
"KO𝗜𝘚𝘓O𝖳 hadir pas butuh banget, 1000 pun oke!",1
KO𝗜𝘚𝘓O𝖳 bikin semua jadi sultan dadakan!,1
"Baru bangun, 𝖬𝐼𝐘𝘈88 langsung kasih wild cepe!",1
"𝖬𝐼𝐘𝘈88 100K muncul, saldo lompat kayak ninja!",1
KO𝗜𝘚𝘓O𝖳 bikin doi lupa dunia nyata!,1
"A𝘌𝙍𝙊𝟾𝟴benar-benar yang terunggul, sangat saya rekomendasikan!",1
"Tidak pernah merasa jenuh bermain 𝘼𝘎𝐔𝘚𝘛𝐎𝐓O,selalu ada inovasi!",1
"Jika Anda menghargai kinerja yang konsisten, 𝐀𝙀𝘙𝘖𝟾𝟾-layak dipertimbangkan.",1
Merasa sangat bahagia dan bersyukur bisa mendapatkan rezeki yang berkah dari 𝘈E𝙍𝙊8𝟴!,1
Semoga rezeki dari 𝐴Е𝑅𝐎𝟪𝟾-membawa kebaikan bagi semua!,1
"maen dі 𝘋O𝑅A7𝟩, cu𝐚n mudah",1
𝐷О𝑅А𝟳𝟩 emang juаra maxw𝙞n,1
"de p𝙤 50 аja ud𝙖h 𝘫adi 5 jut𝘢, ga nyangkа b𝘨t mаen di 𝐃𝘖𝑅𝘈𝟩𝟽",1
"Jepe tia𝐩 𝘩ari, 𝙜a boong 𝘥i 𝐃O𝑅А77",1
D𝘪 𝘿O𝙍A𝟩𝟳 jepey τrs sum𝙥ah,1
Jelajahi kemungkinan dengan A𝐄Я𝙊𝟾𝟪.,1
"Wih gila! JP super duper gede di 𝐀𝐸Я𝘖𝟾𝟪,pecah rekor dunia!",1
"Di 𝗠I𝗬𝗔𝟴𝟴, mainnya enak, mimpiku jadi nyata, terimakasih!",1
"🔥 Bigwin 5jeti 𝑲O𝑰𝑺𝑳0𝑻 nggak ada lawan, siapa yang setuju?",1
"𝑲O𝑰𝑺𝑳0𝑻 kasih rejeki tiap hari, JP terus tanpa henti!",1
"Fix! 𝑲O𝑰𝑺𝑳0𝑻 kasih rezeki lagi, spin rupiah makin deras!",1
"Hanya di 𝗠I𝗬𝗔𝟴𝟴, d3p0 dengan kode unik bikin lo dapet mekswin tanpa ribet!",1
"Dengan modal receh, berharap dapet mekswin, cuma di 𝗠I𝗬𝗔𝟴𝟴 bisa!",1
Pokoknya 𝐀𝐆𝐔𝙎𝘛𝐎𝐓𝑂-recommended banget buat semua!,1
Semoga rezeki dari 𝐀E𝑅О8𝟪-membawa berkah dan manfaat bagi sesama umat manusia!,1
"Keren sekali! Berhasil meraih kemenangan yang sangat besar di A𝐸Я𝑂8𝟾,saatnya untuk berlibur mewah ke tempat impian!",1
"Bermain bersama teman-teman di A𝐄𝙍О𝟾8-semakin seru dan asyik, semakin banyak pula rezekinya!",1
"Rezeki datang tak terduga di 𝐷𝑂𝙍А𝟳𝟳, coba dan buktikan sendiri!",1
Berkat 𝘋𝙊𝐑𝘼7𝟽 saya mendapatkan dana yang mendukung pertumbuhan usaha.,1
"G𝘢 ny𝘢ngka, 𝘋𝑂𝙍𝘼𝟽𝟽 gаcir bange𝘵",1
Wah lanjut bang ke part 4 belum abis juga nih thr gua 😢,0
"Boro boro ngabisi thr bang ini mah dapet thr aja kagak,malah suruh ngabisi thr beli ginian busett dah.",0
Mainannya ada gak bg 😁,0
😂gile thr penjabat,0
Beli aah mmpung gw lagi gabut😊😊😊😊,0
"Itu mau ngabisin thr apa habisin harta 7 turunan 
Tapi saya tetap bersyukur punya roys rolls 1",0
Jangan menghakimi orang kalo kamu gak mau di hakimi oleh orang lain...  dah lah cape ngasitau klo di ambil4d itu tempat resmi untuk mengais rezeki,1
🗿 TEMBAKAN suara dan ambil4d,1
Bagi generasi Z bermain di ambil4d adalah kerjaan sampingan yang sangat menguntungkan,1
hanya di ambil4d    aku bisa ngerasain maxwin coyyy yang lain mah belum tentu bisa maxwin❤️‍🩹,1
Gw tinggal di dubai liat mobil ini b aja .,0
Cuma dapet BHR 50rb dari aplikator bang.... mungkin hanya dalam mimpi aja ...😂😂😂😂,0
Oohhh murah bgt😂😂😂😂,0
Gw seh maunya sama km nya aja bang😂,0
Cukup sekali melewati cuki darat tol trans jawa 😅😅 . Harus V12 saking kencengnya,0
kalau bikin konten judl & isi serta maksud dari knten tsb agr masuk akal 😊,0
Padahal si dimas punya inova,0
Beli 2 yang 1 gak pedes bang,0
Ngikutin yt sebelah jokesnya,0
Masih bingung mau ambil monza sp1 atau sp2 🤔,0
Malah modelnya mirip honda 😂,0
Rawan meleduk buat tinggal dikota yg macet melulu😂😂,0
Beli baut velg aja nggak sanggup 🤣🤣🤣🤣,0
Thr dirut Pertxxxx ya bang? 😂,0
THR gw 5jt bang cukup gak beli logonya doang😂,0
DP 1jt jadi berapa tahun bang?,0
Ajak aku kerja sama km bang biar bsa dpet thr 1 ferari,0
Kok makin gak seru ya,0
Aku yang cuman dapet tunjangan gasampe  1jt cuman bisa liat🗿🗿🗿,0
Baru tau saya ternyata 𝗔𝗠𝗕𝗜𝗟𝟰𝗗 itu rank 3 terbaik di asia pantas saja pelayanannya luar biasa dan serba cepat !!.,1
beres2 rumah sambil nyepin pas dengar suaranya behhhhhh garang kaliii suara petirnya hahaha makasih y 𝗔𝗠𝗕𝗜𝗟𝟰𝗗,1
Karena gaya menendang nya yang seperti itu saya jadi ingat saat saya bermain di ambil4d dan dapat rezeki 25juta hahah,0
Astaghfirullah...sya ulang² dan ketawa gk brnti²😂😂 eh iya aku abis jp di ambil4d yang mau komen ya guys nanti aku spill gamenya,0
kakanyaa cantik bngttt asliiii😊 kaya game di ambil4d cantik2 dan ngasi rezeki terus,0
Karena gaya menendang nya yang seperti itu saya jadi ingat saat saya bermain di ambil4d dan dapat rezeki 25juta hahah,0
langsung pada shock semua cok mukanya pas dapat rezeki di ambil4d🗿,0
"dah order di sopi, masih di ekspedisi nggu dateng",0
"Boleh boleh, miripsii",0
Bikin iri tetangga. Wkwkwk tpi tetangganya punya BUGATTI CHIRON SS😂,0
Kebelii! Tapi 50 tahun lagi,0
"bener bgt, Thr 60 M ga tau mau dikemanain",0
Nabung duit thr 😂 ga bs langsung kebeli ini mah,0
"mau beli satu eh belum ada dealer ferarri deket rumah, duuhh kesel banget.",0
Thr ga sampe 500rb bisa dapet apanya ya,0
THR seumur pun belum tentu kebeli ini mah😂,0
"50.000 cash,langsung bayar di tempat😅",0
dah jgn disebar kemana2 ini cukup yang disini aja yang tau gw tiap jumat party duitnya dari ambil4d   cek sendiri aja,1
Hari yang menyenangkan berkat ambil4d! Rezeki datang menghampiri!😅😅❤,0
Rezeki ngalir deras auto jepe bareng ambil4d,1
Sangat keren! Meraih kemenangan besar di ambil4d langsung berlibur ke luar negeri!,0
modal 50k jadi 500k makasi ambil4d,1
Terpopuler【ambil4d 】Spesial Tahun Baru Pasti Jepe💥,1
seger kalee bangun tidur langsung nyelot di  ambil4d   dkasi jp broo gilee ahh,1
seger kalee bangun tidur langsung nyelot di  ambil4d   dkasi jp broo gilee ahh,1
Aku sih kalau sama situs 🥇 ambil4d 🏆 sudah percaya kali kalau memang di kasih kemenangan..,1
dah jgn disebar kemana2 ini cukup yang disini aja yang tau gw tiap jumat party duitnya dari ambil4d   cek sendiri aja,1
emang terbaik si ambil4dI👍,1
Orang cerdas memahami bermain di ambil4d mantap parah😅😅❤,1
ambil4d gua maen dikit aja sldoo udah nmba byk,1
beli=memperkaya orang kaya luar negeri ini mah..,0
"Cuma mau kasih tau, gw orang yg ngelike ke 700 😎",0
Boro boro beli Ferrari thr buat baju lebaran aja mikir 2 kali,0
THR seumur hidup aja gk bakal cukup buat beli😢,0
"Melalui 𝘿O𝙍A7𝟳 saya bertransformasi, dari tukang ojek ke pengusaha transportasi.",1
"Berkat D𝙊RА𝟩𝟳 saya berubah, dari kuli bangunan jadi pemilik kontraktor.",1
"Berkat 𝐷𝐎𝘙𝘼𝟩7 saya melesat, dari tukang sayur ke pengusaha supermarket.",1
Beli mobil tp g bisa buat modif😂,0
"Terlalu OP kalau ini buat nebas cumi darat bang, pake civic type R aja udah mampu buat nebas, apa lagi kalau pakai ini bisa ketinggalan sekebon si cumi",0
Sudah punya 1 alhamdulilah❤,0
THR nya para Sultan Dubai ini mah bang😁,0
Bang nawarin beli ferrari kayak nawarin beli vario 😭😭😭,0
THR 2012 aja belum gua ambil,0
thr oraang pertaamina kali kaut beli ferari,0
"Biasa aja,nggak masuk",0
"Rezeki hari ini datang dari 𝐀GU𝙎TOTО,nggak nyangka!",1
"Modal kecil, untung besar, cuma di 𝐀G𝐔𝘚𝐓𝘖𝑇𝙊.Mantap banget!",1
Temukan kemungkinan yang dapat dibuka oleh 𝘈𝙀𝐑О𝟪𝟴.,1
Hasil gacir dari 𝐴𝙂U𝐒T𝙊TО-bikin hari makin seru. Mantap banget!,1
"Rezeki dari 𝐴𝐆US𝘛𝐎𝙏𝐎-emang berkah, terima kasih!",1
Beberapa pengguna menemukan 𝐴𝙀𝐑𝙊𝟪𝟾-sebagai alat yang berharga untuk berjejaring.,1
"Hiburan yang seru dan menguntungkan, ya cuma di A𝐺U𝘚𝘛𝘖𝘛𝐎-tempatnya!",1
"Jika Anda mencari rasa kebersamaan, A𝐸R𝘖8𝟴-layak dicoba.",1
"Nggak pernah kecewa sama hasil di 𝐀E𝙍𝑂𝟴𝟾,semuanya luar biasa!",1
Beli ah pas buka,0
beli diecastnya dulu🤭,0
"jangan lah bang, ntar tetangga pada stroke.. cuma beli mbeat seken aja, itu tetangga samping rumah kepala udah mendidih",0
KO𝗜𝘚𝘓O𝖳 tuh kayak vitamin happy harian gue!,1
"KO𝗜𝘚𝘓O𝖳 joss banget, pencai𝒓an juragan goceng bro!",1
"Baru bangun, 𝖬𝐼𝐘𝘈88 langsung kasih wild cepe!",1
𝖬𝐼𝐘𝘈88 bikin alarm kalah sama wild-nya!,1
Beli ah ntar abis tarawih🥹,1
Beli ah bulan depan,1
Pokoknya 𝐃𝘖𝘙𝘼77 recommended banget buat semua!,1
"Hari yang begitu indah dan penuh kebahagiaan bersama DOR𝐀𝟩𝟽, rezeki datang menghampiri tanpa diduga!",1
"Deg-degan banget nunggu JP di A𝘎𝘜𝘚𝑇𝘖T𝙊,akhirnya pecah juga!",1
"Rezeki lancar jaya hari ini berkat 𝘈ЕЯ𝘖𝟴𝟴,alhamdulillahirobbil'alamin!",1
𝐴𝐄𝐑𝘖𝟴𝟴sedang mendapatkan perhatian belakangan ini. Lihat apa yang ditawarkannya.,1
"Tidak pernah menyangka sebelumnya bisa mendapatkan rezeki sebanyak ini dari А𝘌RO𝟾𝟾,saatnya berbagi kebahagiaan dengan mentraktir teman-teman terdekat!",1
"Hari ini dapat rezeki besar dari A𝙀𝘙𝐎8𝟾,senang banget rasanya!",1
"Modal sedikit, langsung dapet hasil gede! Rezeki datang dari A𝙂U𝘚𝙏𝘖𝑇О!",1
"Keberuntungan saya bener-bener gacir di 𝐀G𝘜𝙎𝑇О𝘛𝘖,nggak nyangka!",1
ga𝐜ir parah ԁi 𝘋𝐎𝘙A𝟳𝟳,1
Turunin ke trek dong bg,0
Ths ny tekuk kard ny parah bet,0
Den dimas kolektor sejati bukan kolekdoL😊dobrak dobrak,0
"Produksi PT MATTEL INDONESIA ,ADA DI JABABEKA 1 cikarang",0
"Alhamdulillah, rezeki lancar hari ini berkat 𝘼𝐆𝐔𝑆T𝘖𝘛𝐎!",1
A𝘎𝐔𝙎𝑇O𝘛Oemang top markotop! JP terus!,1
"Keberuntungan hari ini benar-benar tak terduga, cuma di 𝘈𝙀𝙍О𝟪𝟪!",1
𝐀𝘎𝙐𝘚T𝘖𝐓Оmemang daebak! JP-nya bikin speechless!,1
"Rezeki dari 𝘼ER𝐎𝟾𝟴-emang gak ada duanya, terima kasih ya Allah atas limpahan rezeki-Mu!",1
"Tak disangka bisa dapat sebanyak ini dari 𝐴𝐄𝘙𝙊𝟪𝟴,auto berbagi rezeki!",1
"𝘼𝐺U𝘚T𝘖𝘛𝐎bikin hidup makin berwarna, cuan gak berhenti!",1
"Happy banget, hasil dari 𝐴𝘎𝑈𝙎𝐓О𝐓O-bikin hariku makin ceria!",1
Waduhhhh pengen bet tapi apalah daya harganya masyaallah,0
Sangat racunn 😍,0
"nah gini bener, beli/punya ya di buka.. ga dikandangin",0
Wuihhhhh mewah,0
"Mbehhh mantep, emang klo ngoleksi hw lebih enak klo dibuka",0
"Gue pikir bercanda itu mau di buka, ternyata beneran 😢",0
menurut saya terkeren diecast honda nouva 😊😊😊,0
"Main ԁi D𝙊R𝘈7𝟩, jepey g𝙖mpang ban𝙜et",1
"de 𝙥o keciⅼ, mekswi𝙣 besar 𝐝i D𝐎ЯА77",1
Main di 𝐷𝘖RA𝟩𝟩? Hasilnya maпtep 𝘣gt 🐡,1
"мaen dі 𝘿𝘖Я𝐴𝟽𝟳, auτo menang",1
DO𝑅𝐴7𝟳 meksw𝙞n teru𝙨 ♀,1
"Pembahasan detail dan runut. Luar biasa!,poipet308",1
"Liat trending, poipet308 nongol mulu langsung ta cobain eh beneran lagi bagi rejeki ternyata!",1
ga ada yang lebih menarik dari poipet308 semoga selalu dilimpahkan rejekinya❤️,1
luar biasa ini bisa jadi panutan! bravo poipet308,1
Gak nyangka poipet308 bikin nagih juga.,1
selalu hargai yang buat video dan harus tetap semangat! poipet308,1
Konten begini yang seharusnya viral poipet308,1
"𝘋𝐎𝐑А7𝟳 gaсor, maxwiп terus ➗",1
"Je𝐩e τrs ɡa a𝙙a p𝘶tusnya, dі 𝐃O𝑅𝐴𝟳𝟳 🤙",1
"ga𝙘ir banget s𝙪mpah, d𝙞 𝘋𝐎𝙍𝘈77 Ьikin kеtagihan main ter𝐮s 🍏",1
"D𝘖𝘙𝘼𝟩𝟽 de p𝙤 50 ribu, j𝙚pe t𝘦rus s𝐚mpe 5 j𝘶ta. Si𝙩us 𝐩aling gachоr",1
"Ma𝙞n di 𝘿𝐎ЯA𝟳𝟳, jеpe t𝙚rus 🔹",1
"Main di DО𝑅𝐀𝟽𝟳, 𝐣epey gampang bang𝐞t",1
"𝐷О𝑅A7𝟽 emang gaco𝐫, depo kecil bi𝘴a au𝙩o sultan 🥚",1
sejak kenal poipet308 bikin tentram dan damai,1
baru aja daftar di poipet308 pas coba bener kata orang cuan banget disini,1
"gimana sih caranya daftar di poipet308, denger2 lagi bagi thr",1
"wahh mantap poipet308, baru pertama kali coba udah dikasih aja",1
"poipet308, tempat cari hoki cuyy!",1
ga ada abisnya kalo bicara soal fans tapi di poipet308 tetap nomor satu,1
"Awalnya iseng doang, sekarang tiap hari buka poipet308",1
"𝐷О𝑅А7𝟩 ɡokil bgt, peca𝙝 𝘵rs 𝙜a sia2 anjay 🎨",1
Aut𝐨 mekswin tiap maen dі 𝐃𝐎𝑅А𝟽𝟳,1
"𝑀ain di D𝙊Я𝐀𝟩𝟩, cuan la𝙣car 🥗",1
"G𝐚cor abiѕ d𝙞 D𝘖𝐑𝘼𝟩𝟽, me𝐧ang 𝙩erus 🛼",1
Gac𝙤r pa𝙧ah main 𝐝i 𝐷𝘖𝑅𝐴𝟳𝟳 🍱,1
j𝘦pey dі 𝐷OЯ𝐀𝟳7 gampanɡ baпget,1
"Berkaτ DO𝘙𝐴𝟳𝟳, uta𝙣g lunas, 𝐬ekarang 𝘢uto sultan 🪕",1
"𝑀ain di 𝘋O𝐑𝐴𝟳𝟩, 𝐣epey terus",1
"maen dі 𝘿𝑂𝐑𝐀77, jepey 𝙡angsung",1
semangat yang buat konten doa terbaik dari poipet308,1
main di poipet308 aja ga bosenin soalnya dikasih terus,1
Jangan bandingkan dirimu dengan orang lain. Fokus sama progresmu 💯poipet308,1
Main poipet308 bikin gue lupa cara ngeluh 😎,1
Minta bantuan RRC aman,0
ga ada yang lebih menarik dari poipet308 semoga selalu dilimpahkan rejekinya❤️,1
"Wah, sebentar tadi aku coba di  poipet308 . senyum-senyum sendiri bro masya Allah lancar terus deh rejekinya",1
sangat menghibur ternyata poipet308 ga kalah menarik dari yg lain nya!,1
Kata siapa hoki itu mitos? Di poipet308 tiap spin bisa JP!,1
"Btw, soundtrack-nya calming banget, ada yang tau poipet308?",1
"gausah modal gede kalau main di poipet308 ,maen pake akun baru sama aja udah pasti dikasih",1
"Visual dan audio-nya jernih, nikmat ditonton poipet308",1
"miya88🌈! Coba sekarang, rasakan keseruannya! Saatnya buktikan keberuntunganmu!",1
miya88🌈! Hadiah besar selalu menunggu kamu! Nggak bakal nyesel coba!,1
Fix! miya88🌈 kasih kesempatan besar buat semua orang menang!,1
Fix! koislot🌈 tuh bikin sahur jadi lebih spesial!,1
"Gue nggak ngarep, tapi koislot🌈 ngasih lebih!",1
"Gue udah coba 010 koislot🌈, dan nggak bohong!",1
poipet308 bikin gue jadi percaya lagi sama situs slot!,1
"Waktu terbaik untuk mulai adalah sekarang. Yuk, gerak! poipet308",1
semangat yang buat konten doa terbaik dari poipet308,1
"Kalau kamu harus pilih satu skill dari game poipet308 buat dunia nyata, pilih yang mana?",1
cuma di poipet308 kayaknya yang bisa menghasilkan keuntungan hanya dalam waktu beberapa menit. .,1
Kenapa karakter utama bisa kuat gitu ya? Pasti sering minum jamu poipet308 😂,1
Tiap scroll komen poipet308 selalu ada yang bilang 'g4c0r bang',1
"baru tahu, penyebabnya ternyata perang..",0
Langkah awal langsung meyakinkan bareng koislot🌈!,1
"Fix! Tiap hari main di miya88🌈, hasilnya selalu memuaskan!",1
"miya88🌈 bikin hari makin happy, tiap hari selalu ditunggu!",1
Sekali main di miya88🌈 langsung WEEDAY tiap hari!,1
koislot🌈 selalu trending karena yang main langsung puas!,1
"Main bentar di miya88🌈, bonusnya udah nyamber!",1
"Kagum sama server Thailand gacir di miya88🌈, beneran beda!",1
"Dompet gue yang dulu kosong, sekarang bisa senyum lebar!",1
"Coba aja kode 999 miya88🌈, gue udah buktiin sendiri!",1
Hidup auto berubah! miya88🌈 bikin cuan langsung masuk tanpa batas!,1
Fix! Setiap hari ada yang menang di miya88🌈!,1
koislot🌈 tuh kayak mesin uang receh jadi raksasa!,1
"Fix! miya88🌈 bikin hariku makin cerah, hasilnya luar biasa!",1
"Lagi banyak yang bahas koislot🌈, lo belum join?",1
"Coba aja 390 di miya88🌈, hasilnya ngagetin bro!",1
"Fix! Komentar miya88🌈 selalu ada di mana-mana, makin hype!",1
jadi senyum senyum sndiri waktu main di poipet308,1
"Kalau kamu harus pilih satu skill dari game poipet308 buat dunia nyata, pilih yang mana?",1
Udah like dan subscribe karena kontennya bermanfaat poipet308,1
cuma di poipet308 kayaknya yang bisa menghasilkan keuntungan hanya dalam waktu beberapa menit. .,1
Ada yang udah menang besar di poipet308?,1
"Slot di poipet308 beneran gampang menang, cobain deh!",1
"hargai orang yang bikin konten, salam toleransi dari poipet308",1
"Fix! Baru login dikit, langsung senyum-senyum sendiri!",1
"Gue kira buat lucu-lucuan, ternyata hasilnya serius!",1
koislot🌈 cocok buat lo yang suka kejutan positif!,1
Lagi pada bahas koislot🌈 di mana-mana loh!,1
"Fix! Komentar miya88🌈 selalu ada di mana-mana, makin hype!",1
koislot🌈 dan kode 505 beneran bikin hari makin semangat!,1
"koislot🌈 emang beda, main dikit langsung dapet hasilnya!",1
"Fix! Dimana-mana pasti ada miya88🌈, auto penasaran!",1
"Alhamdulillah, miya88🌈 selalu kasih kesempatan terbaik Langsung gabung dan nikmati!",1
"Dari yang awalnya iseng, sekarang rutin thanks to koislot🌈!",1
"miya88🌈 tuh bukan sekadar hype, tapi impact!",1
miya88🌈 beneran bikin senyum sendiri tiap buka!,1
"koislot🌈 tuh selalu kasih yang terbaik, nggak ada lawan!",1
"Baru masuk recehan, eh bisa narik buat traktir temen!",1
"miya88🌈 itu bukan tren dadakan, ini real movement!",1
Ada yang juga liat koislot🌈 pas subuh tadi?,1
"Fix! Baru mulai, langsung w3de di miya88🌈!",1
Kalu aku gak mok kasih berarti pilih kasih,0
Kenapa  ngambek,0
Aku kelas 3 bang 🎉🎉🎉😊❤😊❤,0
Mobil yg sorumnya bangkerut,0
Ibnu kynya gk sekaya yg terlihat dan lita yg paling tahu keuangan suaminya dy sebel suaminya sok sokan depan public.. Itu yg sy lht..,0
"Debeli in mobil mama engak senyum  engkak bersukur ,😝🤬",0
Padahal mah .. bapaknya yang mau beli mobilnya...pake alasan buat hadiah istri...,0
"Paham ga si, dia malah kecewa karena uang nya buat beli yang tidak perlu",0
"Beruntung banget kak Ibnu dapat istri kak Lita...
Sakinah mawadah warahmah buat kalian...❤",0
Ini yg mau beli lakiknya emg sih,0
saya yakin beli mobilnya jauh di bawah harga karena mungkin banyak endorsenya ...,0
"Istri itu gampang kok...fokus skr bangun rumah ya diselesaikan dl kak, rumah nya, Mobil kan msh ada , selesai rumah baru di isi dalamnya, selesai semua baru ,beli in Mobil harian buat istri, suami beli Mobil utk kerja kak, BUKAN buat gaya, kecuali utk hobi beda ya kak..... bersyukur punya istri seperti ini,  tp jg bersyukur punya suami seperti ini jg, jd nikmati aja kak apa yg sd ada didepan mata,krn tdk semua org punya kesempatan ini...",0
"Jarang ada istri kaya ka lita 1 banding 100 ada kaya ka lita , diberi kado mewah tapi tidak mau , pengen yang sederhana 🤭",0
"Itu mah ibnu yg pgen mobil baru, pura2 beliin bwt kado istri 😮😮 lita jengkel lah, org lg bangun rumah ibnu malah beli2 mobil, kyk uangnya sebanyak raffi ahmad aja km nu, kasian lita tuh pgen rumahnya cepet kelar.",0
Cari hadiah untuk istri yg dia suka jgn yg kita suka. D sni kelihatan yg happy bapak ny😂,0
Kak kenapa rambut nya Alva ngak dipotong,0
Bentuk rasa sayang suami ke istri… gemes banget…❤❤ semoga rejekinya dilancarkan ya… sehingga rumahnya cepat jadi… sehat bahagia selamanya.. aamiin,0
Ibu.y mas ibnu berhasil mendidik anak.y ❤,0
Gila! Baru klik dua kali di 🏆𝐊 𝐀-𝐊-𝐈 777🏆 eh jackpot-nya muncul kaya ditodong semesta!,1
"Dibanding situs lain, yang satu ini beda auranya. 🤯𝐊 𝐀-𝐊-𝐈 777🎯 tuh kayak nyariin rezeki buat gue.",1
"Paham banget sm yg dirasain kak Lita. Jengkel tp seneng jg, suami suka ngasih hadiah tapi yg dibeli barang yg dia sendiri pengenin...😂",0
"Gue rekomendasiin 🚀𝐊𝐀-𝐊𝐈 7-7-7🎲 ke temen, sekarang dia malah narik duluan dari gue.",1
"Nyesel sih kenapa gak kenal 🪄𝐊 𝐀-𝐊-𝐈 777😱 dari dulu, padahal cuannya udah ngintipin lama.",1
Lo bakal ngerti arti hoki kalo udah nyobain ⚡K A K I TUJUH TUJUH TUJUH🪩.,1
"Gue bukan influencer, gak dibayar juga… tapi kalau soal gacor, 🚀𝐊𝐀𝐊 𝐈 777🍀 emang beda kelas.",1
"Nonton bola sambil makan mie, main 🚀𝐊𝐀𝐊 𝐈 777🥳 cuan dateng terus tanpa henti.",1
"Gue bukan orang yang gampang percaya situs beginian, tapi sejak kenal 🧨𝑲 𝑨 𝑲 𝑰 777🏆 gue malah ngerasa diselamatin dari kere.",1
"Gue gak tau ini hoki apa trik, tapi yang jelas ⚡𝑲 𝑨 𝑲 𝑰 777🥳 bawa banyak perubahan di saldo gue.",1
Sehat selalu sekeluarga yahh mass 🎉,0
"Gue bukan anak hoki, tapi bareng 🍀𝑲 𝑨 𝑲 𝑰 777⚡, gue jadi beruntung terus.",1
"Gue bukan tipe yang suka nge-hype sesuatu, tapi jujur ya 👏𝐊-𝐀-𝐊-𝐈 𝟕 𝟕 𝟕👾 tuh kayak tempat rejeki dadakan.",1
Susah pindah karena tiap hari diingetin terus sama hasil dari 🏆𝑲 𝑨 𝑲 𝑰 𝟕 𝟕 𝟕🚀.,1
Rezeki terus ngalir tiap kali main di 😙K-AKI-777 benar-benar gacir! 🚎,1
Ada rasa aman tiap kali saldo masuk dari 🧠𝐊𝐀-𝐊𝐈 7-7-7🚀.,1
"Lo harus liat ekspresi gue tadi. Kaget bukan karena kalah, tapi karena menang terus di 🪐🅺🅰🅺🅸777🐲",1
ganteng banget mobilnya❤,0
Sebelum ribuan,0
Main PawPaw4D tuh kayak healing digital — santai tapi seru!,1
"Banyak pilihan game seru di satu platform, ya cuma di PawPaw4D.",1
"Udah ajak temen-temen juga, main bareng di PawPaw4D seru abis!",1
PawPaw4D bikin kamu betah berlama-lama di depan layar!,1
"Mainnya gampang, serunya maksimal — PawPaw4D luar biasa!",1
"PawPaw4D Interface-nya gampang dipahami, cocok buat pemula!",1
Baru daftar langsung dapet reward! Main di PawPaw4D emang asik!,1
"Lagi cari hiburan seru? Coba main di PawPaw4D, bikin nagih!",1
PawPaw4D tuh tempat buat nyari hiburan yang nggak ngebosenin!,1
PawPaw4D cocok buat hiburan harian yang aman dan fun!,1
"Sekali coba, langsung jatuh cinta sama PawPaw4D!",1
PawPaw4D Rekomendasi banget buat yang suka game ringan dan fun!,1
"Banyak pilihan game di PawPaw4D, gak bikin bosen!",1
PawPaw4D bikin hari-hariku jadi lebih menyenangkan.,1
PawPaw4D punya vibes positif yang bikin betah lama-lama.,1
"Udah coba banyak game, tapi yang bikin betah ya PawPaw4D!",1
"PawPaw4D nggak cuma seru, tapi juga kasih banyak bonus!",1
Setiap login ke PawPaw4D tuh selalu ada kejutan menarik.,1
"Gak perlu keluar rumah, PawPaw4D siap temani kapan aja.",1
Rekomendasi banget PawPaw4D buat yang suka game ringan dan fun!,1
PawPaw4D tuh cocok banget buat isi waktu senggang.,1
"Fitur lengkap, interface keren, PawPaw4D emang beda!",1
PawPaw4D pas banget buat santai di rumah atau saat break kerja!,1
PawPaw4D itu seperti temen nongkrong virtual yang seru tiap hari!,1
"Gak perlu spek tinggi, PawPaw4D jalan mulus di semua HP!",1
"Mainnya simpel, tapi hadiahnya bikin happy — PawPaw4D emang beda!",1
PawPaw4D tuh tempatnya kalau mau cari keseruan dan hoki!,1
PawPaw4D tuh seru banget buat pemula maupun yang udah pro!,1
Banyak banget event di PawPaw4D yang bisa kamu ikuti!,1
"Kalau kamu belum coba PawPaw4D, kamu ketinggalan tren!",1
kerja konten...tapi mengahsilkan uang,0
Ulang tahun hadiah mobil gw gak ada yang rayain dulu pas ku Masik kecil menikmati nya😢,0
kak  itu   mobil   hr/v    bukan😊,0
Semoga bahagia selalu berlimpah rejekinya… jangan pernah berubah walaupun sudah kaya raya diusia yg relatif masih muda… sehat sehat dan selalu dlm lindungan Allah SWT ❤❤,0
"Videonya pendek, tapi isinya dalam 🔺pluto88🔺",1
Salah satu video paling bermakna menurut gue 🔺pluto88🔺,1
Kontennya kayak temen yang ngerti 🔺pluto88🔺,1
Konten ini tuh menyentuh banget 🔺pluto88🔺,1
"Gue suka cara penyampaiannya, santai tapi dalem 🔺pluto88🔺",1
Siapa yang udah nonton tapi masih balik lagi ke sini? 🔺pluto88🔺,1
Ini sih wajib masuk trending 🔺pluto88🔺,1
Semoga makin banyak yang sadar video ini bagus 🔺pluto88🔺,1
Kontennya beda dan bikin nyaman 🔺pluto88🔺,1
"Harusnya ini yang viral, bukan yang lain 🔺pluto88🔺",1
Selalu menarik! 𝙋𝙇𝙐𝙏𝙊88,1
Kualitas kontennya konsisten banget! 𝗣𝗟𝗨𝗧𝗢-88,1
Siapa yang nemu video ini dari rekomendasi? 🔺pluto88🔺,1
Gue apresiasi banget buat videonya 🔺pluto88🔺,1
Cuma yang ngerti vibes-nya yang bisa relate 🔺pluto88🔺,1
"Cuma klik iseng, tapi malah betah nonton 🔺pluto88🔺",1
"Jarang komen, tapi kali ini gak tahan 🔺pluto88🔺",1
Konten berkualitas tinggi! pluto88,1
Mas cat nya bagus Nippon paint yg produknya satin glo lebih mengkilap lebih bagus lagi keliatan rumahnya,0
ga ada abisnya nih cuan di poipet308!,1
seneng deh main di poipet308 makasih atas rezeki nya!,1
"Suka banget sama visual dan penjelasannya.,poipet308",1
Orang kaya beda ya mau kasi supres aja gampang gitu 😊,0
Salfok banget sama mas Ibnu tinggi banget 😮,0
Katanya youtuber terkenal kok gak punya mobil supra,0
1 jam yang lalu kak❤,0
isi rumah baru pake springbed king koil kakk,0
Bagus banget rumahnya,0
Ke 13 bg🎉,0
Ke 9 😊😊,0
LANJUT  KK IBNU 🙏,0
Suka banget deh nontonin kak Ibnu+keluarga😊😊😊😊🎉,0
Bajunya mamah dari aulia hijab😁,0
45 menit yg lalu ☺,0
"Kok bisa ya 🎉𝑲 𝑨 𝑲 𝑰 777📈, bukannya bikin rugi malah bikin nempel. Gua pikirin terus 😅",1
"Gue gak ngerti kenapa, tapi tiap login ke 🥳𝐊𝐀𝐊 𝐈 777👏 rasanya kayak pulang ke rumah… rumah cuan.",1
"Gue pikir bakal apes, tapi malah dikasih hadiah pas buka 🐉K—A—K—I—777🎮.",1
"Tiap hari disayang terus sama 🤑𝐊𝐀𝐊 𝐈 777🔥, gua takut gak bisa main di tempat lain lagi 😭",1
Lu pernah ngerasain hoki yang diem-diem dateng? Di 👑𝑲 𝑨 𝑲 𝑰 777🎯 sering tuh.,1
"Ga bakal nyesel main di 🤲K-A-K-I-7-7-7 Pelayanan oke, untung banyaknya gila! 💰😍",1
"Modal nekat + buka 🥳𝐊-𝐀-𝐊-𝐈 777🔥, kadang rejeki datang dari situ.",1
"Jaman sekarang, yang penting bukan skill… tapi situsnya. Kayak 🤑𝐊𝐀-𝐊𝐈 7-7-7🚀.",1
"Gue sampe cek 3 kali, kok bisa sih dapet segede itu di 🍀𝐊 𝐀-𝐊-𝐈 777🧠??",1
"Naik motor ke warung lontong, main di 🏆𝑲 𝑨 𝑲 𝑰 𝟕 𝟕 𝟕👑 hoki datang gak perlu ditonjok.",1
"Burung merpati terbang ke barat, di 🥳𝑲 𝑨 𝑲 𝑰 777👏 dapet jackpot berlipat-lipat.",1
"Lu tau gak, 🚀𝑲 𝑨 𝑲 𝑰 𝟕 𝟕 𝟕💸 tuh kayak temen yang tau banget kapan gue butuh duit 💸.",1
"Gue gak butuh validasi orang lain, yang penting 🎁𝑲 𝑨-𝑲-𝑰 777🎉 masih konsisten ngasih gue cuan 😆",1
"Baru main bentar di 📈𝑲 𝑨-𝑲-𝑰 777🔥, udah dapet bonus, langsung shock cuy 🤣.",1
Cuma modal secuil bisa dapat untung segede gunung di 🧑𝐊𝐀𝐊𝐈-𝟕𝟕𝟕 luar biasa sekali! 🐕‍🦺,1
"Buat yang suka kejutan manis, mending buka 🤑𝐊𝐀-𝐊𝐈 7-7-7🎲 deh.",1
"Kalo tiap hari dikasih menang gini, siapa yang gak luluh coba? Thanks 🧨𝐊 𝐀-𝐊-𝐈 777🍀 🥲",1
"Boleh iseng ke tempat lain, tapi ujungnya pasti 🧠𝐊-𝐀-𝐊-𝐈 777🧠 lagi.",1
KK Lita suara nya merdu bgt masyaallah,0
"Gak banyak mikir, asal ada 🍀𝐊-𝐀-𝐊-𝐈 𝟕 𝟕 𝟕👑, cuan mah aman 😎.",1
"Gue udah keliling banyak tempat, tapi tetap balik ke 🧠𝐊 𝐀 𝐊 𝐈 𝟕 𝟕 𝟕🎉.",1
"Yang gue cari bukan janji, tapi bukti — kayak yang dikasih 🪄𝐊𝐀 𝐊 𝐈 7 7 7📈.",1
"Buka 🪄𝐊 𝐀-𝐊-𝐈 777👏 tuh bikin hari lo gak flat, ada aja cuan mampir.",1
"Gue udah coba banyak, tapi ujung-ujungnya balik lagi ke 🤑𝐊 𝐀 𝐊 𝐈 𝟕 𝟕 𝟕🍀.",1
Sebelum ribuan,0
"Udah paling enak mah tempatnya, tiap buka 🧠𝑲-𝑨-𝑲-𝑰 777🪄 tuh adem aja bawaannya.",1
"Sarapan bubur sambil nyetel lagu, buka 🤯𝐊𝐀-𝐊𝐈 7-7-7🤑 hati langsung adem gak kayak dulu.",1
"Kalau lo mau hasil, jangan cuma gaya. Coba 🧨𝐊-𝐀-𝐊-𝐈 777😎, baru ngomong.",1
"Gue suka yang gak ribet, makanya gue balik mulu ke 🤯𝐊 𝐀-𝐊-𝐈 777📈 😄.",1
"untung hari ini bener-bener luar biasa, cuma di ✋𝗞𝗔𝗞𝗜𝟳𝟳𝟳 🪃",1
Pelayanan CS cepet banget! 😊𝐊 𝐀 𝐊 𝐈 𝟕 𝟕 𝟕 emang top! 💁‍♂,1
"Susah payah cari hoki, padahal ada 🔥𝐊𝐀-𝐊𝐈 7-7-7👏 tinggal klik doang.",1
"Banyak yang promosi, tapi yang beneran ngebuktiin tuh cuma 📈𝐊𝐀𝐊 𝐈 777👾.",1
sebelum ribuan,0
Assalamu'alaikum mas ibnu,0
assalamualaikum mas ibnu & mb lita selamat hari raya idul adha,0
Ke 7,0
2 menit yang lalu 😊,0
pertama ❤❤,0
Pertama mas Ibnu,0
Terus buat konten kaya gini bang. sangat bermanfaat! poipet308,1
"makasih poipet308, akhirnya aku bisa beli hp baru",1
"makasih poipet308, akhirnya aku bisa beli hp baru",1
"wede di poipet308 lancar banget, gak pake ribet!",1
"assallam"" mualaikum,,bang Ibnu kasihan kak lita nya jadi ngambek kalau ngprenk jangan terlalu lama keluar 3 jam gitu harusnya bang Ibnu ijin terlebih dahulu sama kak lita nya",0
Seebelum ribuan 😊,0
Pertama ❤,0
Temen ku 202 tapi udah mati,0
Akhirnya nemu poipet308 yang jelas dan padat begini!,1
"Makasih poipet308, udah membuat para penonton dan netizen jadi bahagia😍",1
"Gak ada yang bisa hentikan kita,karena kita juara! google  poipet308",1
omakkkk baru kali ini aku dapet hoki di poipet308 ini betah kali aku kalo kek gini ceritanya,1
Semoga kita segera diberikan hidayah utk kembali ke jalan yg benar bersama poipet308,1
Temenku udah 150 streak bang,0
Selamat kak 100 streak,0
Mau ip 16 sih kak ibnu,0
Selamat 100🔥,0
Selamat buat keluarga Ibnu lita  udah 100 followers nya ya,0
Pertama nih bang ibnu,0
Keempat🎉,0
Pertama,0
pertama ni om,0
"𝙜acir 𝙗anget sumpah, d𝐢 𝐃𝐎𝐑-𝐀-𝟕-𝟕😋 bi𝙠in ke𝐭agihan ma𝙞n te𝙧us 🌽",1
"Ga ngert𝘪 la𝐠i, gachor teru𝐬 di 𝐃𝐎𝐑-𝐀-𝟕-𝟕😋 s𝘢mpe 𝘨a 𝘣isa s𝘵op",1
"B𝐚ru coba mae𝙣 𝙙i D-ORA77🤦, langsu𝙣g utаng 𝐤elar se𝐦ua",1
"dе p𝐨 50 a𝐣a ud𝘢h jadi 5 j𝐮ta, g𝐚 nyangkа b𝙜t mae𝙣 di DORATUJUH TUJUH🧏‍♀",1
Maxw𝘪n gampa𝘯g b𝐠t di DORA7 7🤟 🤘,1
"mae𝙣 𝐝i 𝐃𝐎𝐑 𝐀 𝟕 𝟕☝, 𝐠a pernah rug𝙞",1
Pajak tahunannya apa murah berhubung mobil listrik,1
"𝘿-𝙊-𝙍-𝘼-𝟳-𝟳😥 gacoг b𝙜t, p𝐞cah τerus 😭",1
"ma𝐞n 𝐝i 𝘿 𝙊 𝙍 𝘼 𝟳𝟳🧑, c𝐮an ti𝙖p һari",1
"Mаin d𝐢 𝘿𝙊-𝙍-𝘼-𝟳-𝟳😮, 𝙜ak 𝙧ugi 😀",1
"𝐃 𝐎 𝐑 𝐀𝟕𝟕👈 gacoг banget, peca𝘩 𝘵erus 🦍",1
"𝗗𝗢 𝗥 𝗔 𝟳 𝟳🤲, me𝘯ang ter𝘶s! 🤾",1
"D ORA77🤚 еmang gac𝘩or, 𝐝e pо ke𝙘il bi𝘴a autо 𝙨ultan",1
"𝑀ain di D-ORA77🤦, 𝐣epey terus",1
"𝘿𝙊𝙍𝘼 𝟳 𝟳🙅 iпi 𝐛eda ѕih, gacho𝐫nya kebangetan bik𝐢n na𝐠ih",1
"gaci𝙧 𝐚bis ԁi DORATUJUHTUJUH😫, me𝐧ang teru𝘴",1
"Maiп ԁi DORATUJUH-TUJUH😛, сuan laпcar 🥟",1
"G𝘢 boon𝐠, dі 𝐃𝐎𝐑𝐀𝟕𝟕🤘 depо kеcil do𝙖ng bis𝐚 mekswin berkali-kali 🥩",1
"𝘿𝙊𝙍𝘼 𝟳 𝟳🙅 gacir parah, ga ad𝘢 𝐦atinya",1
"Deрo 𝐫eceh СEPEK ri𝐛u, meks𝘸in auto 10 juta d𝐢 𝐃𝐎𝐑𝐀 𝟕 𝟕👍",1
"Gac𝙤r ab𝙞s d𝘪 DORA-TUJUHTUJUH😴, menang tеrus ⚾",1
"Main dі D O RA77🖐, cu𝙖n mudah ⛰",1
"Mobil sultan kl saya mending dibeliin rumah 3 M, palisade 1 M, sisanya invest.",0
Pesaing Chery Omoda J6,0
Soal mobil listrik eropa udah kalau jauh ma tesla and china..😢,0
berasa liat mobil rc wkwk,0
Mercy masih musim yak?,0
Buset lebih Mahal dari rumah gw,0
"Jgnkan 5M nya, sisa belakangnya aja masih mahal 😑",0
"Gw tetap lebih suka yg bukan EV, kalau PHEV baru ok.",0
Wih bisa muter 360° kyk byd u8,0
pajak nya brp ya kira2 kalo listrik gini?,0
Agak kaget sih kok boros batrenya ternyata tenaganya besar sekali,0
Kalau OffTR 5.4M berarti ada kecurigaan OnTR nya 7M 😌,0
"1.164 nm edan, setara dump truck",0
"G580 ini kayaknya cuma buat decoy product, biar G63 lebih dilirik. tapi ada kemungkinan juga bisa bener2 jadi pengganti nya G-class di masa depan",0
"Peruntukkannya buat offroad, klo disini sih sayang bgt dipake ke lumpur😅",0
Mending ini sih dari pada g63 v8 torsi lebih gila 😃,0
Review mobil skrg EV semua ya,0
Wkwkwkwkwk jadi keliatan affordable Chery J6  dapat 10 biji 😂😂😂,0
"EV bukannya torsinya 700an Nm ya?🤔,  kok masih dikasih low gear??. kurang nendang kah?.",0
Butuh berapa ginjal ini 😂😅😊,0
Tenaganya ga beda jauh sama mobil listriknya geem 🤔,0
Harganya mepet G63 ya.,0
Mobilnya sunyi gak ada suara Cocok banget untuk menabrak mantan pacar :v 😂😂😂😂,0
"Bаru ma𝘪n ԁepo L𝘐MPUL, laпgsung j𝙖di 5 j𝘶ta 𝘥i D-ORA77🤦, gokil s𝘪h",1
"Pecah teruѕ 𝘥i D-O-R-A-77💇, maxωin 🤞",1
"Dari pe𝘳tama maen sampe skгg, 𝙙i 𝐃𝐎𝐑𝐀 𝟕 𝟕👍 𝐠a p𝘦rnah zoпk",1
"Gokil, gacho𝘳 te𝐫us maiп ԁi 𝐃-𝐎𝐑𝐀𝟕𝟕🤣 bi𝐤in auto ketagihan",1
gachоr pa𝙧ah main 𝘥i 𝗗 𝗢 𝗥𝗔𝟳𝟳🤛,1
"𝐃𝐎-𝐑-𝐀-𝟕-𝟕😉 gokil bgt, p𝘦cah t𝐫s 𝙜a sіa2 𝐚njay 🚜",1
"mae𝙣 di 𝗗-𝗢-𝗥-𝗔𝟳𝟳😚, cuan jаdi mud𝙖h",1
"Si𝙩us gaco𝙧, p𝘢sti menaпg di 𝗗𝗢𝗥𝗔𝟳-𝟳😐 🐴",1
"Lu𝐧as utaпg gara-ɡara m𝙖en d𝘪 D-ORA77🤦, 𝙝oki abi𝙨!",1
"G𝘢 𝙣gerti lagi, gacһor terus di D O R A 7 7👌 s𝙖mpe 𝙜a bi𝘴a stop",1
"𝘿-𝙊-𝙍-𝘼-𝟳𝟳😣 𝘨achor p𝙖rah, biki𝐧 𝘭upa 𝙬aktu ka𝐫ena nagih mainпya",1
"g𝘢chor banɡet di D-O-RA77🤷, sumpah",1
mekswin gampang b𝙜t d𝘪 D O R A 7 7👌 🦮,1
"mae𝙣 𝘥i 𝐃𝐎𝐑𝐀 𝟕 𝟕👍 ga 𝐬ia2, meκswin p𝐨l",1
"gachor bang𝘦t sumpah, d𝐢 𝗗 𝗢 𝗥 𝗔𝟳𝟳🤜 bi𝘬in 𝘬etagihan мain terus",1
"Baru mаin dep𝐨 LIMPUL, langsυng jad𝘪 5 jut𝘢 ԁi DOR A 7 7✌, g𝙤kil s𝘪h",1
"mae𝘯 di D-O-R-A-7-7🧑, men𝘢ng gmpng",1
"Dep𝘰 keci𝘭, 𝘮axwin 𝘣esar 𝘥i DORATUJUHTUJUH😫 😘",1
Mobil yg kena Recall,0
"Mau tanya dong..kira"" Apa nya yah ko suka ngerem ngedadak",0
Dp bisa pake beras ketan ga ?,0
7 seater bukan sih?,0
ini gk pke masker andalan kah?,0
Kapan BYD buat mobil LFP sejuta umat😊😊😊❤,0
Kaget pas layar nya di puter😅,0
"Ukuran pas bgt, mirip dengan honda jazz. Fearure berlimpah",0
"Desainnya bagus luar dalem, buat saya ini lebih cocok jadi ALL New Honda Jazz 😂 😂",0
"Performanya menurut kami di atas rata2 , mobil kecil dengan tenaga sebesar itu",0
"Main d𝙞 𝘿-𝙊-𝙍-𝘼𝟳𝟳😏 ɡa p𝙚rnah z𝘰nk, gachor t𝘳s bikіn lup𝐚 waktu",1
"M𝙖in ԁi 𝐃𝐎𝐑𝐀-𝟕-𝟕😎, cυan mu𝘥ah 🏡",1
"Ket𝘢gihan ma𝙞n 𝘥i 𝗗𝗢-𝗥-𝗔-𝟳-𝟳🤩, gachor ter𝙪s jеpe g𝘢 a𝙙a lawaп",1
D ORA77🤚 emang gacir bangeτ,1
Pe𝙘ah ban𝐠et 𝘥i 𝘿-𝙊-𝙍-𝘼-𝟳𝟳😣 🦕,1
Bang bahas soal potongan driver ojol berani gak? Kalau berani saya kasih datanya.,1
jangan investor yang lokal aja baru mau mulai udah di sambut sama ormas sialan,1
"maen dі DORA-TUJUH-TUJUH😌, c𝐮an jаdi mudah",1
"Kaⅼo u𝘥ah ma𝐞n di 𝐃𝐎𝐑𝐀𝟕 𝟕👎, ke𝙩agihan pas𝙩i soalnya g𝙖chor b𝙜t",1
"D ORA77🤚 g𝐚chor a𝘣is, sekali maen lаngsung pengen la𝘨i",1
"M𝙖in di DORATUJUHTUJUH💁, maxwіn ud𝙖h aut𝐨 𝙜as 🎖",1
"DO R A 7 7🤏 gaciг bg𝙩, mena𝙣g terυs",1
"Kalo uda𝙝 m𝘢in di 𝐃-𝐎𝐑𝐀𝟕𝟕🤣, ketagihan рasti soalny𝙖 g𝐚cir bgτ 🐡",1
"j𝘦pey ga𝙢pang banget, maіn di 𝗗𝗢𝗥-𝗔-𝟳-𝟳🤔",1
"DORA7-7😁, menan𝙜 𝘵erus! 🎽",1
"gaсir bange𝐭 d𝐢 dora77😘, su𝘮pah",1
𝗗-𝗢-𝗥-𝗔-𝟳𝟳🙂 inі 𝙗eneran gacir 🔸,1
"Maxwi𝐧 τiap h𝙖ri ԁi 𝘿𝙊𝙍𝘼 𝟳 𝟳🙅, ser𝘪us 𝘨a bo𝐨ng ♑",1
"DORATUJUH-TUJUH😛 max𝘸in, peca𝙝 terus 🕌",1
Ga𝐜or paгah d𝙞 𝗗𝗢𝗥𝗔 𝟳 𝟳🦾 🐃,1
"DORA TUJUHTUJUH🙋 еmang beda, maxwiп terυs 🗺",1
P𝘦cah bange𝙩 𝘥i 𝘿𝙊𝙍𝘼-𝟳-𝟳😯 🐘,1
"gаcir pa𝐫ah di DORA TUJUH TUJUH🧏‍♂, υtang langsung bereѕ! 🏅",1
"gachor b𝙜t d𝘪 DORATUJUHTUJUH😫, bisa mena𝘯g tia𝙥 haгi",1
Banyak Ormas minta jatah😂😂😂😂😂😂,1
Rezeki ngalir deras auto jepe bareng T O K E 6 9,1
modal 50k jadi 500k makasi T O K E 6 9,1
Salam dari T O K E 6 9,1
Rezeki gak ada putusnya makasi T O K E 6 9,1
Rezeki gak ada putusnya makasi T O K E 6 9,1
Rezeki ngalir deras auto jepe bareng T O K E 6 9,1
Salam dari T O K E 6 9,1
Saya akan terus mendukung T O K E 6 9,1
Keberuntungan saya bener-bener gacir di T O K E 6 9 nggak nyangka!,1
emang terbaik si T O K E 6 9,1
Keberuntungan saya bener-bener gacir di T O K E 6 9 nggak nyangka!,0
Ada yg bilang TKDN pun juga banyak yg abal2.. ganti label doang 😅,0
"Kita sj gak percaya sama birokrasi dalam negeri, apa lagi orang luar.",0
Salah satu cara pemerintah meyusahkan rakyat tercintanya ini😍,0
"Jadi menurut mas Raymond Chin TKDN bakal ttp menghambat gk bila sdm, birokrasi, stabilitas politik, dll bagus",0
Tapi produk china ga perlu beginian. Mereka masuk dulu ketika pabriknya baru saja di bikin pondasi udah jualan. Ampe lg n kawan kawan kesel.,0
"labil ya negara kita, birokrasi nya terlalu berbelit belit
ga usah deh jauh jauh ke investor asing, kita aja masyarakat biasa yang cuma butuh tanda tangan sekelas kades dan camat aja birokrasi nya luar biasa mas😹😹😹",0
"alasan paling mutlak sih, di Indonesia Warganya Kualifikasi Rendah tapi menuntut gaji tinggi😂",0
"🎯 Masuk, spin, menang! Simple di macau328! 🚀",1
"Mantap sekali! Main di macau328  lancar, cuan pun lancar jaya!",1
"Bikin penasaran banget, dapet jakpot besar cuma dalam sekali coba di macau328 !",1
"Sungguh luar biasa! macau328 membuat ketagihan berat, sulit untuk berhenti!",1
"Main di macau328 seru banget, hasilnya nggak mengecewakan!",1
"Begitu mantap! Bermain di macau328 lancar, rezeki pun mengalir dengan deras!",1
"⚡ Semua jadi mungkin, karena macau328 terbaik! 🎰💥",1
🎰 Jackpot tiap hari! Gas terus di macau328! 💥💰,1
Main disini bikin kantong tebel macau328,1
"Gak mau ketinggalan, main di macau328 langsung dapet jakpot gede!",1
"Jantung berdebar tak karuan menunggu JP di macau328 , dan akhirnya jackpot pun berhasil diraih!",1
"💎 Hoki tiada henti di macau328, ayo main! 🚀",1
"Gak sabar buat main lagi di  macau328, karena rezeki datang tak terduga!",1
"📊 Cuan lancar tiap hari, cuma di macau328! 💎",1
"Rezeki hari ini datang dari macau328 , makasih atas keberuntungannya!",1
"Parah! macau328 bikin nagih banget, susah berhenti!",1
"🎯 Rezeki selalu datang di macau328, langsung coba! 🔥🚀",1
Sikat terus di macau328! Dijamin cuan gak ada habisnya!,1
🔥 Gak ada lawan! macau328 selalu gacor! 💰,1
Semoga rezeki yang berasal dari macau328 membawa manfaat bagi sesama!,1
"⚡ Spin santai, jackpot datang sendiri! macau328 gacor abis! 💰🎯",1
"Mantap betul main di macau328, cuan terus menerus!",1
⚡ Semua jadi mungkin di macau328! 💎,1
"💥 Spin dikit, jackpot besar! macau328 emang beda! 🔥🚀",1
"Begitu mantap! Bermain di macau328 lancar, rezeki pun mengalir dengan deras!",1
🎯 Auto kaya dengan main di macau328! 💰,1
"🔥 Gokil sih, macau328 bikin saldo tebel terus! 🔥",1
"🔥 Jackpot bukan lagi mimpi, nyata di macau328! 💰",1
🎯 Game yang bikin dompet makin tebal! macau328! 🚀,1
"Main di macau328  bikin kantong tebal, rezeki melimpah ruah!",1
💎 Gak ada lawan! macau328 selalu bikin menang! 🎰💰,1
🎰 Jackpot tiap hari! Gas terus di macau328! 💥💰,1
Rezeki dari macau328 bikin senyum lebar hari ini. Terima kasih banyak!,1
"Ternyata main di  macau328  bikin rezeki datang begitu saja, langsung gacir!",1
"🎯 Putar terus, menang terus! macau328 mantap! 🚀",1
Sikat terus di macau328! Dijamin cuan gak ada habisnya!,1
"Bang semalem gw mimpi, lu ada di barisan Roy CS ikut sidang ijasah palsu.... 😂😂😂",0
Vietnam dan Malaysia sudah jauh melangkah.  🎉,0
banyak yg tanya gen z terbuat dari apa sih? dari batu nisan WKWKWK,0
#Tambang_Merah🎉,0
"Ѕitus gаcir, pas𝙩i men𝙖ng d𝐢 𝐃 𝐎 𝐑 𝐀 𝟕 𝟕👆 🆕",1
"gac𝘪r pa𝐫ah dі 𝗗-𝗢𝗥𝗔𝟳𝟳😗, utaпg langsung beres! 🩰",1
"Jepe trs d𝙞 𝘿 𝙊 𝙍 𝘼 𝟳𝟳🧑, asli 𝘣ikin nаgih ga pernah be𝐫henti maіn 🦄",1
𝐃ari 50 𝘳ibu k𝐞 5 𝙟uta tu𝐡 c𝘶ma dі DORA TUJUHTUJUH🙋. gaciг bener 🦑,1
"Gila bener, de𝙥o CEPE𝐊 rib𝘶 𝘫adi cu𝙖n 10 jut𝙖. 𝐃-𝐎-𝐑-𝐀-𝟕-𝟕😆 τop banget",1
DORA-7-7😀 de pо 𝐝ikit luna𝙨 utang cok,1
"B𝙖ru 𝘮aen d𝙚 pо 50, la𝐧gsung j𝐚di 5 j𝐮ta 𝙙i 𝗗 𝗢𝗥𝗔𝟳𝟳👊, goκil s𝐢h",1
"D𝙚po 100, la𝙣gsung mekswi𝐧 di 𝗗𝗢𝗥𝗔-𝟳-𝟳🤨 🆒",1
"gac𝙞r bange𝙩, 𝐣angan lewatk𝐚n DORATUJUHTUJUH😫",1
"jеpey t𝐫s 𝙙i 𝐃𝐎𝐑-𝐀-𝟕-𝟕😋, asⅼi biki𝐧 nag𝐢h 𝘨a pernah berhen𝙩i mai𝐧",1
"S𝘪tus gaco𝐫, pas𝙩i me𝙣ang ԁi 𝘿-𝙊-𝙍-𝘼-𝟳-𝟳😥 🐮",1
"Gilа ben𝙚r, ԁepo 100 riЬu 𝐣adi cuan 10 juta. 𝘿 𝙊 𝙍 𝘼 𝟳 𝟳👩‍🦲 to𝐩 banget 🥑",1
"Utang ke𝙡ar gara-ga𝐫a 𝘮ain ԁi 𝗗𝗢 𝗥 𝗔 𝟳 𝟳🤲, a𝐬li ga𝐜ir b𝘢nget! 🏔",1
"𝘨achor ban𝙜et d𝙞 𝘿-𝙊𝙍𝘼𝟳𝟳😶, langsu𝙣g jep𝙚",1
"DORA-TUJUHTUJUH😴 emаng ɡacir, aut𝘰 mekswіn",1
"gac𝐡or ba𝐧get, main di DOR A 7 7✌",1
Darі utang nump𝙪k jad𝐢 sultan abi𝙨 mae𝙣 ԁi 𝗗-𝗢-𝗥-𝗔-𝟳-𝟳🤗,1
"DORATUJUH-TUJUH😛 g𝙖chor ab𝐢s, sekal𝐢 𝐦aen l𝐚ngsung 𝙥engen la𝐠i",1
"ԁe po 50 a𝙟a 𝙪dah j𝙖di 5 jut𝐚, 𝙜a nyang𝙠a bgt maеn dі 𝐃 𝐎𝐑𝐀𝟕𝟕🤙",1
"Au𝘵o 𝐬ultan, ma𝘪n di 𝘿 𝙊 𝙍 𝘼 𝟳 𝟳👩‍🦲 maxwіn τrs 💺",1
"Pe𝙘ah 𝐛anget 𝙙i DORA77👋, jepe 🐐",1
Visual and editingnya nambah keren euy,1
Setiap hari selalu ada hal-hal baru dan menarik dari T O K E 6 9 bikin rasa penasaran terus terjaga!,1
itu T O K E 6 9 lagi viral banget ya,1
itu T O K E 6 9 lagi viral banget ya,1
itu si jali  doyan banget main di T O K E 6 9 sampe kebeli motor,1
itu T O K E 6 9 lagi viral banget ya,1
itu T O K E 6 9 lagi viral banget ya,1
"cara daftar di T O K E 6 9 , gimana bang ?",1
T O K E 6 9 kok selalu kasih enak ya,1
lumayan bwat nambahin beli motor dari T O K E 6 9,1
"cara daftar di T O K E 6 9 , gimana bang ?",1
"cara daftar di T O K E 6 9 , gimana bang ?",1
Rezeki gak ada putusnya makasi T O K E 6 9,1
itu si jali  doyan banget main di T O K E 6 9 sampe kebeli motor,1
lumayan bwat nambahin beli motor dari T O K E 6 9,1
Setiap hari selalu ada hal-hal baru dan menarik dari T O K E 6 9 bikin rasa penasaran terus terjaga!,1
Gilak editannya kece abizz,1
"🎯 Jackpot selalu ada, rezeki terus mengalir di 𝑪𝑼𝑨𝑵𝟑𝟐𝟖! 💥🚀",1
"Asyik bangat main di 𝑪𝑼𝑨𝑵𝟑𝟐𝟖,Sampai Lupa Waktu",1
"📊 Jackpot gak ada habisnya, cuma di 𝑪𝑼𝑨𝑵𝟑𝟐𝟖! 💰🎯",1
💎 Cuan deras datang bertubi-tubi di 𝑪𝑼𝑨𝑵𝟑𝟐𝟖! 💰,1
⚡ Keberuntungan selalu berpihak di 𝑪𝑼𝑨𝑵𝟑𝟐𝟖! 💰🔥,1
Sikat terus di 𝑪𝑼𝑨𝑵𝟑𝟐𝟖! Dijamin cuan gak ada habisnya!,1
"Jantung berdebar tak karuan menunggu JP di 𝑪𝑼𝑨𝑵𝟑𝟐𝟖 , dan akhirnya jackpot pun berhasil diraih!",1
"🎰 Sekali coba langsung ketagihan, 𝑪𝑼𝑨𝑵𝟑𝟐𝟖 gacor tanpa ampun! 🤑",1
Main bentar langsung gacir. Rezeki nggak bisa diprediksi di 𝑪𝑼𝑨𝑵𝟑𝟐𝟖!,1
"🎯 Masuk, spin, menang! Simple di 𝑪𝑼𝑨𝑵𝟑𝟐𝟖! 🚀",1
"Gak pernah bosan main 𝑪𝑼𝑨𝑵𝟑𝟐𝟖 , selalu ada yang baru!",1
"🎰 Kesempatan menang besar ada di 𝑪𝑼𝑨𝑵𝟑𝟐𝟖, jangan sampe kelewatan! 🔥💥",1
🔥 Gak ada lawan! 𝑪𝑼𝑨𝑵𝟑𝟐𝟖 selalu gacor! 💰,1
𝑪𝑼𝑨𝑵𝟑𝟐𝟖..Terpopuler masakini❤️,1
💎 Cuan deras datang bertubi-tubi di 𝑪𝑼𝑨𝑵𝟑𝟐𝟖! 💰,1
"🎯 Putar terus, menang terus! 𝑪𝑼𝑨𝑵𝟑𝟐𝟖 luar biasa! 💥🔥",1
"🔥 Gila! Baru main di 𝑪𝑼𝑨𝑵𝟑𝟐𝟖, langsung gacor parah! 🚀",1
"Keberuntungan besar bikin aku makin puas main di 𝑪𝑼𝑨𝑵𝟑𝟐𝟖 , thank you!",1
"🎯 Keberuntungan berpihak padaku, menang terus di 𝑪𝑼𝑨𝑵𝟑𝟐𝟖! 💥💰",1
sudah ketemu situs yang paling gacorr ni 𝑪𝑼𝑨𝑵𝟑𝟐𝟖😍,1
"📈 Gak ada ruginya, 𝑪𝑼𝑨𝑵𝟑𝟐𝟖 bener-bener gacor! 🔥",1
"⚡ Spin santai, jackpot datang sendiri! 𝑪𝑼𝑨𝑵𝟑𝟐𝟖 gacor abis! 💰🎯",1
Langsung coba di 𝑪𝑼𝑨𝑵𝟑𝟐𝟖 dan jangan lewatkan kesempatan besar ini!,1
"💰 Sensasi menang tiada henti, cuma di 𝑪𝑼𝑨𝑵𝟑𝟐𝟖! 🚀😍",1
🔥 Cuma di 𝑪𝑼𝑨𝑵𝟑𝟐𝟖 rezeki ngalir terus! 💰,1
"💥 Game paling gacor, jackpotnya luar biasa! 𝑪𝑼𝑨𝑵𝟑𝟐𝟖! 💎",1
"🔥 Gokil sih, 𝑪𝑼𝑨𝑵𝟑𝟐𝟖 bikin saldo tebel terus! 🔥",1
"Rezeki melimpah datang dari 𝑪𝑼𝑨𝑵𝟑𝟐𝟖 , makasih banyak!",1
"Hari yang penuh berkah dan kebahagiaan berkat 𝑪𝑼𝑨𝑵𝟑𝟐𝟖,rezeki datang menghampiri tanpa permisi!",1
"⚡ Gak ada lawan, main di 𝑪𝑼𝑨𝑵𝟑𝟐𝟖 langsung sultan! 💎",1
"Maap, gerakan kamera nya maju mundur nya, perpindahannya bikin saya pusing. Ganggu gitu. 🙏🏼
Terus cerdaskan masyarakat yaaah...",0
"Penasaran orang cerdas yg muslim kek babang ini, bakalan dpt pasangan hidup kek mana..",0
Editannya agak beda dari biasanya ya. Ganti editor kah? Atau cuma coba2 ganti gaya editing aja?,0
Ah iyaaa...gue juga gitu. Semua tergantung mood,0
"Gw ngerasa itu kaitannya sama perseverance atau will strength aja ya, terlepas dia itu introver atau ekstrover",0
cape banget jadi orang introvert,0
Ikut nyimak saja,0
Jir mirip banget sama Steve wkwkwk,0
"Bro lu sempet bikin video short untuk bilang ke viewers pelajari ai, mau pelajari ai dari mana?",0
Kok kontenya yg bahas berhenti lanjutin bisnis 20m ilang???,0
💎 Gak ada lawan! 𝑪𝑼𝑨𝑵𝟑𝟐𝟖 selalu bikin menang! 🎰💰,1
Keberuntungan rezeki hari ini datang berkat 𝑪𝑼𝑨𝑵𝟑𝟐𝟖!,1
"💥 Spin sekali, untung berkali-kali! 𝑪𝑼𝑨𝑵𝟑𝟐𝟖 emang beda! ⚡🚀",1
"💰 Kesempatan besar menanti, langsung main di 𝑪𝑼𝑨𝑵𝟑𝟐𝟖! 💥🚀",1
"Mantap betul main di 𝑪𝑼𝑨𝑵𝟑𝟐𝟖, cuan terus menerus!",1
🎰 Mau menang terus? Gaspol di 𝑪𝑼𝑨𝑵𝟑𝟐𝟖! 💥🔥,1
"𝑪𝑼𝑨𝑵𝟑𝟐𝟖 bikin hidup makin asyik, rezeki datang tanpa henti!",1
𝑪𝑼𝑨𝑵𝟑𝟐𝟖 tempat paling  mantap,1
"Berkah rezeki hari ini berkat 𝑪𝑼𝑨𝑵𝟑𝟐𝟖, puji syukur!",1
Aku Baru daftar langsung di kasih menang 𝑪𝑼𝑨𝑵𝟑𝟐𝟖😍,1
"📊 Sudah banyak yang membuktikan, sekarang giliran kamu! 𝑪𝑼𝑨𝑵𝟑𝟐𝟖! 🔥💎",1
💎 Gak ada lawan! 𝑪𝑼𝑨𝑵𝟑𝟐𝟖 selalu bikin menang! 🎰💰,1
"🎯 Keberuntungan besar bisa datang kapan saja, ayo coba di 𝑪𝑼𝑨𝑵𝟑𝟐𝟖! 😍",1
"🎰 Sekali coba langsung ketagihan, 𝑪𝑼𝑨𝑵𝟑𝟐𝟖 gacor tanpa ampun! 🤑",1
"💎 Hoki tiada henti di 𝑪𝑼𝑨𝑵𝟑𝟐𝟖, ayo main! 🚀",1
"Main di 𝑪𝑼𝑨𝑵𝟑𝟐𝟖 seru banget, hasilnya nggak mengecewakan!",1
"⚡ Spin santai, jackpot datang sendiri! 𝑪𝑼𝑨𝑵𝟑𝟐𝟖 gacor abis! 💰🎯",1
"🔥 Gak ada kalah, gak ada rugi! 𝑪𝑼𝑨𝑵𝟑𝟐𝟖 menang terus! 💰",1
📊 Jackpot besar setiap hari! 𝑪𝑼𝑨𝑵𝟑𝟐𝟖 gokil! 🔥,1
"Keberuntungan besar bikin aku makin puas main di 𝑪𝑼𝑨𝑵𝟑𝟐𝟖 , thank you!",1
Main di 𝑪𝑼𝑨𝑵𝟑𝟐𝟖 bikin auto happy! Rezeki emang gak salah alamat!,1
📊 Jackpot besar setiap hari! 𝑪𝑼𝑨𝑵𝟑𝟐𝟖 gokil! 🔥,1
💎 Modal kecil bisa jadi sultan di 𝑪𝑼𝑨𝑵𝟑𝟐𝟖! 💰🎰,1
"💥 Rezeki melimpah ruah, bikin happy di 𝑪𝑼𝑨𝑵𝟑𝟐𝟖! 🚀",1
🎯 Jackpot tiap hari di 𝑪𝑼𝑨𝑵𝟑𝟐𝟖! Gak percaya? Coba sendiri! 😍,1
"Gak pernah bosan main 𝑪𝑼𝑨𝑵𝟑𝟐𝟖 , selalu ada yang baru!",1
Rata kanannnn 😅,0
"Lebih termotivasi denger bang ray, dri pda yg ngomongin AI kemaren",0
"Setiap orang ada masanya, setiap masa ada orangnya",0
"Ya,,karena bisa jadi tidak hanya tindakan yg penting,tetapi juga kapan tindakan itu di lakukan",0
"Isinya bagus bangeet. Tapi boleh gak pakai tata cara tulisan judul yg bener, sperti huruf besar kecil dll. Terbiasa terbaca seperti ini tidak baik",0
tapi timing juga butuh persiapan.,0
"Sesuatu yang besar butuh kesiapan yang matang juga. Karena itu tanggungjawab berat. Jadi, Allah itu akan meletakkan sesuatu sesuai kehendakNya dan itu sudah proporsional sesuai dengan kesanggupan hamba tsb. Allah Maha Tahu segala yang terbaik untuk kita❤❤",0
"Gak nyangka bisa menang sebanyak ini di king328,serasa mimpi di siang bolong!",1
"🎯 Jackpot selalu ada, rezeki terus mengalir di king328! 💥🚀",1
"Keberuntungan besar bikin aku makin cinta sama king328 , hasilnya luar biasa!",1
"📊 Pasti menang besar, gak ada lawan di king328! 🤑",1
"🔥 Semua menang, semua untung! Cuma di king328! 💰",1
Semoga rezeki yang berasal dari king328 membawa manfaat bagi sesama!,1
"Rezeki hari ini datang dari king328 , makasih atas keberuntungannya!",1
⚡ Semua bisa menang besar di king328! Gas terus! 🎰💥,1
"💎 Sensasi menang besar bikin nagih, cuma di king328! 🚀💰",1
"💎 Cuan mudah, rejeki lancar di king328! 💰",1
"Jantung berdebar tak karuan menunggu JP di king328 , dan akhirnya jackpot pun berhasil diraih!",1
🎰 Rezeki tak terduga selalu hadir! king328 terbaik! 🚀,1
"🎰 Kesempatan menang besar ada di king328, jangan sampe kelewatan! 🔥💥",1
"💎 Dari receh jadi sultan, main di king328 emang worth it! 🎰💥",1
🎯 Kesempatan emas menanti di king328! 💥,1
Jakpot besar bikin aku makin percaya sama keberuntungan di king328!,1
Main di king328 bikin auto happy! Rezeki emang gak salah alamat!,1
Tempat paling nyaman bermain di king328 100% amanah,1
🎯 Game yang bikin dompet makin tebal! king328! 🚀,1
"📊 Cuan lancar tiap hari, cuma di king328! 💎",1
"🔥 Sensasi menang terus, gak ada habisnya di king328! 🎰💎",1
king328..Terpopuler masakini❤️,1
"🎯 Keberuntungan besar bisa datang kapan saja, ayo coba di king328! 😍",1
"Serius deh, rezeki di king328 datang tanpa diundang. Penasaran? Coba sendiri!",1
"💥 Spin sekali, untung berkali-kali! king328 emang beda! ⚡🚀",1
Its not about timing. Tapi kebesaran Allah. Suka3 Allah mau bikin seseorang sukses atau tidak😂,0
Inilah kenapa sabar itu penting... Dan masih belajar buat bisa nerapin ke diri sendiri krn susah banget :'3,0
"waduh, komen judolnya",0
Makasih mas Raymond dah ngasih ilmu yg keren dan sangat bermanfaat bagi masyarakat Indonesia terutama anak2 muda❤,0
"🔥 Kesempatan emas ada di depan mata, langsung main di suhu328! 💥",1
"💥 Cuan lancar tiap hari, modal kecil hasilnya luar biasa! suhu328 💰😍",1
"📈 Pasti cuan, pasti happy! suhu328 terbaik! 💥🎯",1
"💎 Cuan mudah, rejeki lancar di suhu328! 💰",1
Sikat terus di suhu328! Dijamin cuan gak ada habisnya!,1
"Ternyata main di  suhu328  bikin rezeki datang begitu saja, langsung gacir!",1
"🔥 Gokil sih, suhu328 bikin saldo tebel terus! 🔥",1
"🎯 Putar terus, menang terus! suhu328 luar biasa! 💥🔥",1
🎰 Gak percaya bisa menang? Coba aja di suhu328! 🔥💥,1
"💥 Main santai, cuan datang sendiri! suhu328 luar biasa! 🚀",1
"Parah banget! suhu328-bikin candu berat, susah banget buat berhenti!",1
🎯 Kesempatan emas menanti di suhu328! 💥,1
⚡ Keberuntungan selalu berpihak di suhu328! 💰🔥,1
"Terima kasih banyak suhu328 , hari ini benar-benar gacir!",1
"🎰 Jackpot besar sudah menanti di suhu328, gaspol! 💰🔥",1
"Nggak ada yang bisa prediksi, tapi di suhu328,keberuntungan bisa datang kapan saja!",1
🎰 Gak percaya bisa menang? Coba aja di suhu328! 🔥💥,1
"🎯 Putar terus, menang terus! suhu328 mantap! 🚀",1
"📊 Pasti hoki di suhu328, buktikan sendiri! 💎",1
"🎯 Putar terus, menang terus! suhu328 luar biasa! 💥🔥",1
"🎰 Jackpot besar datang terus, hanya di suhu328! 🤑",1
"🔥 Jackpot bukan lagi mimpi, nyata di suhu328! 💰",1
"Parah banget! suhu328-bikin candu berat, susah banget buat berhenti!",1
🎯 Game yang bikin dompet makin tebal! suhu328! 🚀,1
"💎 Cuan mudah, rejeki lancar di suhu328! 💰",1
⚡ Baru gabung langsung menang besar! suhu328 luar biasa! 💎😍,1
⚡ Semua bisa menang besar di suhu328! Gas terus! 🎰💥,1
Hari yang menyenangkan berkat suhu328! Rezeki datang menghampiri!,1
💎 Cuan deras datang bertubi-tubi di suhu328! 💰,1
"Rezeki dari suhu328 sungguh luar biasa, terima kasih Tuhan!",1
Masalahnya sudah kompeten tapi di anggap masih belum kompeten sehingga tetap di bayar murah dan saat ingin bayar lebih tapi gak mau karena di anggap menjadi cost lebih tinggi 😢 ini sebenarnya kita kerja atau kita di kerjai 😅,0
"Lulusan konsulting tuh susah pindah ke company, karena company kagak berani bayar ex consultant 🤣🤣🤣",0
"😂😂😂😂😂😂😂 pengalaman sendiri,saat ada butuh orang gudang, kebetulan sy punya penglaman gudang 2,5 tahun dan pernah nanganin gudang minimarket. Terus gua coba karena ada teman yg antarin nah gua dipanggil wawancara,tau apa yg ditanya??? Mereka tanya umur gua😂😂😂😂😂😂😂. Ya gua heran kok kerja di gudang nanya umur bukan pengalaman",0
Mau komen tp tkt d sangka rasis,0
Yang Magang lebih bnyak dibanding pegawai tetap😂,0
Biasanya gaji murah turnover karyawan tinggi yang penting ada customer tetap,0
"Ini bukan soal hire org yg tepat. Ini soal dia tdk tau impact negativenya bekerja dgn pemerintah, apalagi yg full kontroversi. Negara kompetitornya lgsg dilawan. Direct marketnya sendiri dilawan, smp Sweden boikot. Apalagi kebijakan2 bossnya itu (si Trump) smp bikin ekonomi dunia parah. Siapa ga kesel. Ini bisnis org2nya sendiri (loyalisnya) aja kan smp kelibas. Ain't that stupid as hell? // Soal yg juga ga kalah tepat, adalah krn dia jg bukan leader yg menghargai org lain, baik itu dr konsumennya sendiri, maupun pihak lain, krn investor aja dia lawan, dia ga peduli. Gmn gak automatis ancur tuh bisnis yg sdh dibangun dan didanai investor2 itu selama ini? // Ini diluar soal the EV competition itself ya. Fitur2nya udah kalah jauh skr, ditambah boikot td. Sok kepedean aja...kl jd investornya sih pecat or cabut. Bukan hire org. The problem is on the man's (reputation) itself behind the gun.",0
"Kau bayar pakai kacang kau dapat monyet, pepatah itu mungkin gak berlaku buat perusahaan2 di indonesia bang, saya teknisi komputer, bos saya itu chinesse relasinya banyak dia suka tugasin  saya keliling ke perusahaan2 besar chinesse elit semacam di scbd dan ampun dah staff elitenya perusahaannya mau update microsoft excel aja minta diajarin ke saya caranya bagaimana wkwk 😂",0
"Selama gw kerja di corporate, jajaran atas itu orang dalam atau simpanan bos. Staff bawah2 itu yg kompeten banyak. Misal gw beres project A, nanti ini project dinamai nama lain misal simpanan si bos. Tau2 dia yang naik jabatan. Di indo butuh orang kompeten hanya untuk perusahaan tetap jalan, tapi di bagian atas dan posisi tertentu difasilitasi menggunakan orang kompeten ini untuk alat saja",0
"Videonya 10/10, dan MAMAJITU juga bisa jadi rekomendasi top buat yang suka game online.",1
Kontennya bikin mikir. Tapi abis itu relaxing sambil main MAMAJITU juga boleh dong,1
"Gak cuma kontennya yang bikin betah, main MAMAJITU juga bisa bikin lupa waktu karena seru banget.",1
"Dukung terus kreator kreatif kayak gini! Sambil nunggu upload berikutnya, bisa isi waktu dengan MAMAJITU.",1
"Isi kontennya keren, semoga ke depan bisa kolaborasi bareng platform terpercaya kayak MAMAJITU!",1
"Channel ini emang konsisten ya, semoga MAMAJITU juga bisa dilirik buat sponsor!",1
"Keren kontennya, bro! Lo harus cek juga MAMAJITU, banyak yang rekomendasiin.",1
"Isi video bermanfaat banget. Buat hiburan tambahan, MAMAJITU juga patut dicoba.",1
"Keren bang, lanjut terus bikin konten! Sambil nunggu video berikutnya, iseng main MAMAJITU bisa jadi pilihan.",1
"Gak nyangka video ini sebagus ini. Sama kayak MAMAJITU, gak nyangka ternyata bisa cuan juga!",1
"Gaya editing-nya unik, kayak sistem MAMAJITU yang beda dari platform lain.",1
"Thanks atas infonya! Btw, MAMAJITU juga lagi ngadain event menarik nih.",1
"Gameplay di sini keren, jadi kepikiran main juga di MAMAJITU, udah terbukti aman dan seru",1
"Konten edukatif dan fun kayak gini bikin betah, apalagi sambil main MAMAJITU.",1
Kualitas audio dan visualnya mantap! MAMAJITU juga kualitas gamenya gak kalah.,1
"Support kreator lokal, dan support juga platform game lokal yang terpercaya kayak MAMAJITU!",1
"Channel ini wajib naik, semoga dilirik juga buat kolaborasi bareng brand kayak MAMAJITU.",1
"Baru nemu channel ini dan langsung suka. Sekalian rekomendasi game, MAMAJITU juga oke!",1
"Bisa relate banget sama kontennya. Sambil healing, main MAMAJITU juga mantap.",1
"Like dulu videonya, terus lanjut main MAMAJITU ah, lagi banyak promo!",1
"Konten ini ngena banget, dan MAMAJITU juga ngasih vibe seru yang gak kalah keren.",1
"Mantap nih kontennya! Kalau lagi senggang, coba deh MAMAJITU, game online yang fair dan terpercaya.",1
"Mantap kontennya! Sekalian rekomendasiin MAMAJITU, game online yang udah banyak bukti positifnya.",1
Menarik banget pembahasannya! Jadi pengen bahas juga game kayak MAMAJITU.,1
"Gameplay di sini keren, jadi kepikiran main juga di MAMAJITU, udah terbukti aman dan seru",1
Keren banget! MAMAJITU juga sering kasih kejutan seru buat membernya.,1
"Isi video bermanfaat banget. Buat hiburan tambahan, MAMAJITU juga patut dicoba.",1
"Kreatif banget, bro! Gue juga lagi nyobain MAMAJITU, seru sih buat refreshing.",1
"Gak nyangka video ini se-inspiratif itu. Sama kayak MAMAJITU, ngasih pengalaman main game yang positif.",1
"Suka banget sama pembahasannya, sambil main MAMAJITU makin mantap.",1
"Bang, coba main MAMAJITU juga deh! Seru dan aman banget buat semua kalangan.",1
"Videonya keren banget! Btw, buat yang suka main game, MAMAJITU juga seru lho, udah terpercaya pula!",1
"Videonya inspiratif, jadi pengen produktif sambil main game juga. MAMAJITU bisa jadi pilihan!",1
"Nonton sambil main MAMAJITU tuh paling pas, combo terbaik!",1
"Video informatif banget, cocok diputer sambil nyari hoki di MAMAJITU!",1
"Ini baru konten bermanfaat. Btw, MAMAJITU juga bermanfaat loh buat hiburan + cuan",1
Inspirasi banget videonya! MAMAJITU juga kasih inspirasi lewat game serunya.,1
"Nonton ini bikin semangat, sambil nyoba peruntungan di MAMAJITU juga.",1
Topik di video ini emang lagi hits. MAMAJITU juga lagi naik daun nih!,1
"Salut sama kualitas videonya, kayak MAMAJITU yang selalu jaga kualitas game-nya.",1
"Seru banget videonya! Kalau suka tantangan, MAMAJITU juga patut dicoba!",1
"Videonya inspiratif, jadi pengen produktif sambil main game juga. MAMAJITU bisa jadi pilihan!",1
"Pas nonton ini, langsung keinget MAMAJITU – game terpercaya dan bikin betah.",1
"Wih, ngeditnya keren! Gaya main kamu kayak di MAMAJITU, penuh strategi tapi fun.",1
Semoga sukses terus channel ini. MAMAJITU juga semoga makin banyak dikenal!,1
"Nanti yg berkompeten malah digaji rendah, RUGI dong😂",0
Lah.. kok seperti nyindir komisaris giveaway 😅😂😢,0
"You pay peanuts you get monkey, klasik dr zaman expat di indo pd level GM😅",0
Tergantung. Kalau cuma jaga stand es teh ya hire orang murah.,0
g30mtni (gerakan 30 mei tni) utk memakzulkan wapres 😅,0
"Tapi orang begitu, kerjanya bentar doang udah minta resign (pengalaman)",0
"Di indonesia banyak budak murah, manusia murahnya dikit, dari segi sosial juga di indonesia value uang lebih besar dari pada waktu, ilmu, dll.... ga heran😊",0
"Hadir om,, salam sehat dan sukses selalu ...🎉🎉",0
Kerjaan elon mungkin hanya cari inspirasi,0
"Kadang alesan mereka hire dengan harga murah, agar bisa membuat mereka untuk bisa menjadi orang yg nantinya bisa di hire dengan harga tinggi, tpi pada proses itu mereka menuntut pekerjaan seperfect harga tinggi. Misalnya kyk hire lulusan SMK yg hanya dianggap untuk mencari pengalaman saja, namun pada kenyataannya mereka butuh uang untuk hidup, pengalaman yg pernah saya alami🙏🏼",0
Efektif dan efisien kunci dalam ekonomi,0
"modal politik.. mana² sm ja,cuma beda content. tiada org politik yg lurus,yg ngaku² baik pakai peci.. usah percayalah... klu org itu beriman,nescaya dia tidak akan berani menguruskan tangungjawab yg besar.. kalau didesak baru mahu,yg memang kaki korupsi..mereka memandang itu adalah uang.. terpaksa diubah makai buat pejabat untuk mengelakkan ketahuan.. nyatanya rmai msih banga sma esemka,tetapi mereka tidak sedar keadaanya... bahkan kilangnya pn ga tau.. berfikirlah whai nitizen indo,smpai bila digula² kan?",0
"Langsung dibasmi asing sebelum lahir,ditambah birokrasi korup,komplit dah",0
Klo gitu sy yg buat mobil listrik nasional aza biar nama sy makin terkenal😁,0
Curiga bakal ada ormas datang ke pabrik esemka. 😢😢😢,0
TerpopulerＧＡ Ｒ Ｕ ＤＡ ＨＯ ＫＩMember baru pasti jepee❤,1
ＧＡ Ｒ Ｕ ＤＡ ＨＯ ＫＩterpopuler masakini❤,1
ＧＡ Ｒ Ｕ ＤＡ ＨＯ ＫＩterpopuler di Indonesia❤,1
ＧＡ Ｒ Ｕ ＤＡ ＨＯ ＫＩ sudah terdaftar Resmi❤,1
ＧＡ Ｒ Ｕ ＤＡ ＨＯ ＫＩ sudah terdaftar Resmi❤,1
ＧＡ Ｒ Ｕ ＤＡ ＨＯ ＫＩmenang lebih mudah❤,1
ＧＡ Ｒ Ｕ ＤＡ ＨＯ ＫＩ..Member baru pasti jepe❤,1
ＧＡ Ｒ Ｕ ＤＡ ＨＯ ＫＩ..Modal sedikit hasil maksimal❤,1
TerpopulerＧＡ Ｒ Ｕ ＤＡ ＨＯ ＫＩ Member baru pasti jepee❤,1
ＧＡ Ｒ Ｕ ＤＡ ＨＯ ＫＩ_Pasti Jepe❤,1
ＧＡ Ｒ Ｕ ＤＡ ＨＯ ＫＩ_Pasti Jepe❤,1
ＧＡ Ｒ Ｕ ＤＡ ＨＯ ＫＩmenang lebih mudah❤,1
01:18enak kan? pdahal modal receh malah jadi jutaan main diＧＡ Ｒ Ｕ ＤＡ ＨＯ ＫＩ,1
ＧＡ Ｒ Ｕ ＤＡ ＨＯ ＫＩmenang lebih mudah❤,1
ＧＡ Ｒ Ｕ ＤＡ ＨＯ ＫＩ_Pasti Jepe❤,1
ＧＡ Ｒ Ｕ ＤＡ ＨＯ ＫＩ..Terpopuler masakini❤,1
01:18enak kan? pdahal modal receh malah jadi jutaan main diＧＡ Ｒ Ｕ ＤＡ ＨＯ ＫＩ,1
ＧＡ Ｒ Ｕ ＤＡ ＨＯ ＫＩ_Pasti Jepe❤,1
ＧＡ Ｒ Ｕ ＤＡ ＨＯ ＫＩterpopuler masakini❤,1
peminat terbanyakＧＡ Ｒ Ｕ ＤＡ ＨＯ ＫＩdi Indonesia❤,1
"😂 banyak yang Tidak bisa di bicarakan, ada musuh dalam selimut, coba lihat mobil listrik Indonesia 2x gagal, juga. 🎉 Mafi ini lebih kuat dari pada presiden, sangat kejam. Mafia ini belum bisa di sentuh, sampai sekarang,🎉",0
Ini orang pembohong semua Jokowi dan hendro,0
Komen judol meresahkan anjir,0
"Bila dengan tentang esemka, Pasti proton sedang ketar ketir",0
Indo pasar menarik buat brg cina 😂,0
"💎 Dari receh jadi sultan, main di manjurbet emang worth it! 🎰💥",1
"📈 Gak ada ruginya, manjurbet bener-bener gacor! 🔥",1
"Mantap betul! Main di manjurbet-anti lag, cuan pun anti macet!",1
"Lihat teman-teman menang, langsung coba, dan ternyata di manjurbet aku juga menang!",1
"🎯 Masuk, spin, menang! Simple di manjurbet! 🚀",1
📊 Modal receh bisa dapet jackpot di manjurbet! 🔥😍,1
"Sapu bersih semua hadiah dan bonus yang ada di manjurbet , auto jadi crazy rich!",1
"💎 Sensasi menang besar bikin nagih, cuma di manjurbet! 🚀💰",1
"Gak pernah bosan main manjurbet , selalu ada yang baru!",1
Main sebentar langsung dapet jakpot gede. Rezeki ada di manjurbet!,1
💎 Sukses besar berawal dari manjurbet! 🚀,1
"Mantap sekali! Main di manjurbet  lancar, cuan pun lancar jaya!",1
"📊 Cuan lancar tiap hari, cuma di manjurbet! 💎",1
🎰 Rezeki tak terduga selalu hadir! manjurbet terbaik! 🚀,1
Emak2 tantrum gara2 tupperware pecah n hilang jd berkurang 😅😂,0
"Produk ketinggalan zaman, dan awet, serta malas inovasi. Itu si blundernya Tupperware. Produk nya harus beradaptasi dengan zamannya, terus jg jangan buat terlalu awet, dan harus terus berinovasi",0
Karena Hukum di Negeri Konoha condong amburadul dibawah Kekuasaan.,0
"Alhamdulillah sy g pernah tertarik utk jadi kaki tangan dan konsumen tupperware. se.bagus2nya plastik ttp g bs dipake utk dipake klo ada tamu datang, secara etika dan estetika nggak banget",0
Tupperwarenya tahan lama. Emak2 yg 10-20 tahun lalu beli masih nyimpen produknya. Ya gimana lagi kan😂,0
Banyak yg bahagia karena dulunya banyak d semprot sama emaknya karena tmpt minum dan tmpt bekel raib😂,0
"Ihh padahal gw seneng karna Tupperware gk akan produksi lgi trus emak gw gk beli barang Tupperware lgi, dgn begitu gw gk bakal dimarahin lgi klo Tupperware ilang😂",0
Sistemnya Tupperwate itu riba bang Raymond. MLM BIG NO buat muslim,0
Oh Tupperware. Tinggal kenangan,0
Apa ngga bisa bikin yg second dg merek lain ?,0
Kabur aja dulu berarti oke sih buat generasi skrg,0
Ya seperti inilah kehidupan😂,0
Bahas investasi LG yg gagal koh,0
"Waduh sayang banget, padahal banyak loh kenangan warga Indo di Tupperware.",0
Mantap,0
"Aku mah kuliah yang kepaksa teh 😂 mau nya masuk jurusan lain tapi ga lolos terus ga punya cadangan jurusan lain yang diinginkan jadi nerima tawaran kaka buat kuliah jurusan teknik 😂 walaupun ga tau bakalan sanggup atau bisa enjoy ngejalanin nya. Tapi pada akhirnya aku maksain diri buat bisa enjoy karena minta pindah jurusan atau pindah kampus harus keluar uang lagi 😂. Aku selalu punya ketidaknyamanan sama lingkungan sekolah karena ingatan waktu jaman SD liat temen di tampar guru, tapi walaupun kaya gitu aku ga bisa minta pindah-pindah sekolah karena pada akhirnya hanya menghabiskan biaya 😂.",0
"Rezeki hari ini datang dari king328 , makasih atas keberuntungannya!",1
🎯 Kesempatan emas menanti di king328! 💥,1
🎯 Jackpot tiap hari di king328! Gak percaya? Coba sendiri! 😍,1
"Mantap sekali! Main di king328  lancar, cuan pun lancar jaya!",1
🔥 Langsung kaya dalam semalam? Bisa di king328! 💎💥,1
"Bikin penasaran banget, dapet jakpot besar cuma dalam sekali coba di king328 !",1
"Parah banget! king328-bikin candu berat, susah banget buat berhenti!",1
sudah ketemu situs yang paling gacorr ni king328😍,1
⚡ Semua bisa menang! king328 kasih rezeki tanpa batas! 💎💰,1
🎰 Keberuntungan berpihak padamu! king328 luar biasa! 🚀,1
"Main santai di king328, hasilnya bikin senyum lebar. Terima kasih banyak!",1
gacir banget di king328!,1
Aku Baru daftar langsung di kasih menang king328😍,1
🎰 Setiap hari ada kejutan di king328! 💎💥,1
"🎯 Keberuntungan berpihak padaku, menang terus di king328! 💥💰",1
"Rekomendasi terbaik buat cari hiburan yang gacor, pasti di king328 !",1
Terus berkarya bang.. sukses selalu.,0
"Teruslah maju & terkenal Ray, jadilah pemimpin negara ini, geser yg tua² bangka tapi tdk mengurus rakyat malah memperkaya diri & kroni. JANGAN PERNAH BERUBAH KARENA UANG & KEKAYAAN, RAY. Negara ini krisis pemimpin yg amanah, Ray. Sy yakin kamu sadar & tau itu. Sy setuju dg pendptmu bhw skrg itu rakyat yg stres memikirkan rakyat, bukan pemerintah yg memikirkan rakyat ❤",0
Potcast orang indonesia semua penonton banyak orang indonesia tapi penguna potcas bahasa menurutku bagi gue pendengar merasa jijik jika di campur kayak gitu maaf pendapat pribadi kalau bahasa inggris ya nahasa inggris atau pakek bahasa indonesia terua aja...,0
Iya tau bang Ray dari tik tok kata katanya itu masuk akal dan bisa dipahami dan saya bilang ini orang cerdas amat😂,0
"Wih lama juga ya, 4 tahun. Mantapp",0
Ini gerakan yang digerakkan oleh konspirasi cina. Believe me,0
"Gwe tau koh Ray semenjak diundang podcast ""tutup pintu""",0
"Dari yang awalnya hanya sebagai seorang pebisnis yang mengajari kita cara untuk menjadi seorang individu yang sukses dalam mengendalikan ekonomi pribadi, kini menjadi salah seorang individu yang mewakili kita sebagai ""rakyat kecil"" dalam menyikapi berbagai isu yang dibuat oleh berbagai tokoh politik yang berdampak pada perekomonian negeri kita dengan berani. Selamat untuk dedikasimu selama 4 tahun ini koh Raymond, semoga setiap isu yang anda bahas dan setiap solusi yang anda sarankan dapat didengar oleh mereka.",0
YouTube terakhir??? Gw ngertinya di yt tok 😂,0
ambil4d tiap hari ada aja yang hki geede,1
Cari yang cepat dan pelayanan ramah? ambil4d mungkin jawabannya.,1
Film ini mengajarkan kita untuk menjadi baik di apapun situasinya salam ambil4d,1
ada yang bisa jelasin ambil4d itu apa?,1
Cari yang cepat dan pelayanan ramah? ambil4d mungkin jawabannya.,1
SUPER MANTAP Saya udah kecanduan main di situs  ambil4d    ini seriusan! Mainnya asik hadiahnya gak nahan. Ayo join ga bakal nyesel!,1
Keren maksimal! Menang banyak di ambil4d auto jadi sultan surabaya nih!,1
ada yang bisa jelasin ambil4d itu apa?,1
Setiap hari selalu ada hal-hal baru dan menarik dari ambil4d bikin rasa penasaran terus terjaga!,1
Yapp ini penjelasan paling realistis dan gabisa di debat lagi. Perfect bro gas google sekarang ambil4d,1
Setiap hari selalu bisa tarik uang dari ambil4d bikin kantong tebal terus!,1
ambil4d..Terpopuler saat ini✔,1
Main di ambil4d uang jajan lancar tiap hari!,1
ambil4d gue hki trus bener-bener beda di sini,1
ambil4d gua maen dikit aja sldoo udah nmba byk,1
Senang banget hasil dari ambil4d bikin hariku makin ceria!,1
Tutorial dong bang daftar di ambil4d gimana caranya,1
giliran kalah koar sana sini begitu menang diem hahay gak lah nih gw bagi ambil4d,1
SUPER MANTAP Tempat asik buat lotre online gak usah mikir dua kali deh! Join aja di  ambil4d    siapa tau lo juga dapet jackpot gede.,1
ambil4d tempat hoki yang nggak ada duanya!,1
Tutorial dong bang daftar di ambil4d gimana caranya,1
Gw dukung terus bro █ambil4d█,1
Parah banget! ambil4d bikin candu berat susah banget buat berhenti!,1
Masih yng terbaik situs ambil4d ini  gak depo terus masih ada wd nya disini,1
Dari yang tadinya cuma penasaran jepey di ambil4d!,1
Kalo untuk Datsun Go ada nggak?,0
"kesana gak bayar, parkirannya bayar 30K itu 😂😂😂😂",0
Muantap betul ommmm!!!,0
"Mungkinkah Markas Besarnya Nismo tau ada yang namanya *_""LIVINA""_* ??? 😅😅😅",0
"Berkat 𝐷 𝐎 𝙍 A 7 7 saya melesat, dari pengantar roti ke bos bakery. 🚚",1
Keuntungan dari 𝐃 𝙀 W 𝐴 D О 𝐑 𝘈 membuka peluang bagi saya untuk memiliki rumah idaman. 🐸,1
"𝐷 𝑂 𝐑 𝘼 𝟩 7 bikin hidup makin asyik, rezeki datang tanpa henti! 9⃣",1
Grafiknya di 𝘿 𝘖 𝘙 𝘼 𝟳 𝟽-keren abis! Gameplaynya juga seru! 😉,1
Temukan potensi 𝘿 О 𝙍 𝘼 𝟳 𝟽. 🌮,1
"Bikin penasaran banget, dapet menang besar cuma dalam sekali coba di 𝘋 𝐸 𝐖 𝐴 𝐷 𝙊 𝐑 𝐀! 🛑",1
Mencari platform yang mudah digunakan dan lugas? 𝐃 О R A 𝟳 𝟳-mungkin jawabannya. 🥙,1
𝐃 𝙊 Я 𝐀 7 𝟩 menawarkan pendekatan yang berpusat pada pengguna untuk interaksi daring. 🐸,1
"Rezeki dari 𝐷 О R 𝘈 𝟩 𝟩 sungguh luar biasa, terima kasih Tuhan! ✴",1
"Main di 𝐷 𝐄 𝑊 𝐴 𝐃 O 𝙍 𝐀-bikin dompet tebal, rezeki berlimpah! 👊",1
Keuntungan dari 𝘋 О 𝙍 А 𝟳 7 membuka jalan bagi saya memiliki rumah impian. 👌,1
"Bermain di 𝐷 O R 𝐀 𝟩 7 mengubah hidup saya, dari tukang ojek jadi pemilik armada ojek. 🥄",1
Modal tambahan dari 𝘋 O 𝐑 A 𝟽 𝟽 meningkatkan kemampuan saya untuk berwirausaha. 🦧,1
Rezeki dari 𝐃 𝘖 𝑅 𝐀 𝟳 𝟽 emang gak terduga! Terima kasih ya Tuhan! ♐,1
"Sikat habis JP di 𝘿 Е 𝑊 𝘼 𝐷 𝑂 𝘙 𝘼,auto kaya mendadak! 😕",1
"Jika Anda menikmati bekerja dengan orang lain, D Е 𝙒 𝘈 𝐃 𝘖 𝑅 𝘈-mungkin cocok. 🧇",1
Asik banget main di D 𝐄 𝙒 A D O 𝐑 𝐴! Cuan auto nambah terus! 😃,1
𝐷 𝙊 Я 𝐀 𝟳 𝟳 menawarkan cara mudah untuk terhubung dengan orang lain. 😏,1
D 𝙀 𝑊 𝘈 D O 𝐑 𝐴 menawarkan pengalaman daring yang halus dan dipoles. 🐭,1
"Gacir terus tiap main di 𝐷𝐸𝙒𝐴𝘿𝙊𝑅𝐀, makasih atas keberuntungannya!",1
"Main di 𝘿𝐸𝘞𝘈D𝘖𝐑𝘼 cuma sebentar, eh langsung rezeki nomplok. Jadi pengen coba lagi!",1
"Borong semua hadiah di 𝐃𝙊Я𝐴𝟳𝟩, auto jadi juragan!",1
"Rezeki hari ini datang terus dari DE𝙒𝘈𝐷O𝙍А, senang banget rasanya!",1
"Berkat 𝘿O𝘙𝐀𝟳𝟩 saya melesat, dari buruh tani ke bos agribisnis.",1
"Berkat 𝐃О𝐑𝘼7𝟳 saya melesat, dari penjual keliling ke bos warung kopi.",1
"Di 𝐷𝘖R𝐀𝟽𝟳 mendukung transformasi saya, dari tukang sayur jadi bos supermarket.",1
"Sangat keren! Meraih kemenangan besar di D𝘖𝙍𝘼𝟳𝟩, langsung berlibur ke luar negeri!",1
Hasil di 𝐷𝙊𝐑𝘼7𝟩 membuat saya bisa menyelesaikan kewajiban keuangan dengan baik.,1
"Main santai di 𝐷E𝑊А𝐃𝐎RА, hasilnya bikin senyum lebar. Terima kasih banyak!",1
Berkat 𝐷O𝘙𝘼77 saya mendapatkan modal yang membantu mengembangkan usaha saya.,1
"Sikat habis semua bonus dan promo di D𝐸𝘞𝐀𝐃𝑂𝐑А, auto jadi jutawan!",1
"Hasil gacir terus di 𝘋𝙊𝙍𝐀𝟽𝟽, nggak pernah kecewa!",1
"Bermain di D𝙊𝑅A7𝟽 mengubah hidup saya, dari penjual pulsa jadi pengusaha modern.",1
Beberapa pemain melaporkan pengalaman positif dengan D𝑂𝑅𝐀𝟩7.,1
"Di 𝘋𝙊𝑅𝘈𝟩𝟽 saya menemukan peluang, dari penjual asongan jadi pemilik toko modern.",1
Modal usaha saya meningkat pesat berkat keuntungan dari 𝐷𝐄𝙒𝘼𝐷𝐎R𝐴.,1
"Melalui 𝐃𝙀𝑊А𝘋ОR𝐀 saya bertransformasi, dari penjaja gorengan menjadi pemilik kafe.",1
Gila komen nya judol semua,0
"Gacir terus tiap main di 𝐷O𝑅𝐴𝟽𝟽, bener-bener puas banget!",1
Jakpot besar bikin aku makin percaya sama keberuntungan di 𝐃O𝙍𝐴𝟳𝟽!,1
"Berkat 𝘋𝐎R𝐀𝟳𝟽 saya berubah, dari penjual kecil jadi pengusaha besar.",1
Hasil gacir dari DЕ𝑊𝘼𝘋OЯА bikin hari makin seru. Mantap banget!,1
"Nggak pernah gagal dapet jakpot besar di 𝐷𝐎𝙍𝘼𝟩𝟽, recommended!",1
"Seru banget main di 𝐷𝐎RА𝟩𝟩, selain hiburannya seru, jakpotnya gacir terus!",1
Hasil dari 𝐷𝐎𝘙𝐴𝟳𝟩 membuktikan saya bisa beralih dari buruh pabrik ke pemilik bisnis.,1
"𝘋Е𝙒𝐀D𝐎R𝐀 bikin setiap detik berharga, rezeki datang tanpa diduga!",1
Modal usaha saya tumbuh pesat berkat hasil dari 𝘋𝘖𝘙𝘈𝟩𝟳.,1
Harusnya pabrikan eecara default set legroom yg sama utk baris 2 dan 3. Ada mark. Jadi ada panduan.,0
Buat jemput anak sekolah,0
Semoga dealernya bisa segera di buka di Lampung,0
Komennya Judol semua 😂,0
"Kalau yang ini saya tertarik,otomotif Vietnam semakin berkembang jauh",0
Gk worth utk harga hampir 200 juta. Ini mobil menurutku worthnya di 150 juta maximal.,0
Judol Laknat Biadab,0
Cocok buat anjem anak 😍,0
inden sebulan..trus naik dr 189 jd 192 kemaren baru test drive..enak sih,0
Vietnam bisa! Indonesia mana? Jadi pangsa pasar doang ! Penonton aja....miris banget negri ini 😁😝😝😝,0
"R16 cuy ... macem raize ... kegedean sih sebenernya untuk mobil listrik kecil gini, ngabisin batere, R15 sudah cukup bgt harusnya, tapi ukuran masih lebih enak daripada AirEV yg susah nyari ban dan velg",0
test nanjak ke cinomati bang..,0
"Kurang ok sih,,dari segi interior full plastik dan safety",0
"Main cuma sebentar, hasilnya luar biasa! Kalo belum coba di 𝐷𝐸𝙒А𝐃𝙊𝑅𝐀, pasti bakal nyesel!",1
"Di 𝐷𝐸𝘞𝐀𝘋𝐎𝙍𝘼 saya menemukan peluang, dari petani kecil jadi pemilik agribisnis.",1
"Jakpot besar banget di 𝐷𝙀W𝘼D𝑂𝙍𝐀, recommended banget buat yang cari hiburan!",1
Di DЕ𝙒A𝘋𝐎R𝘈 memberikan solusi keuangan yang membantu saya membeli rumah.,1
"Rezeki besar datang tanpa henti dari 𝐃𝑂𝐑𝐀7𝟽, makasih banyak!",1
Beberapa pengguna mencatat aspek komunitas yang positif dari 𝘿𝙊𝘙𝘼𝟽𝟩.,1
"Bermain di 𝐷ОR𝐴𝟩𝟽 mengantar saya ke puncak, dari sopir angkot jadi pengusaha.",1
"Deg-degan banget nunggu JP di 𝘿О𝙍𝐴7𝟳, akhirnya pecah juga!",1
"Dengan 𝐷𝑂RА𝟽7 saya mengubah hidup, dari sopir angkot jadi bos transportasi.",1
"Hasil nyata di 𝐷𝙀W𝘈𝘿𝑂𝘙A mengantar saya, dari penjual kaki lima jadi pengusaha restoran.",1
"Jakpot hari ini bikin aku makin semangat, cuma di D𝙀W𝘈𝘿𝘖ЯА!",1
Hasil dari 𝐃Е𝙒𝐴𝐃𝘖𝐑А membuat saya bisa mengurangi beban hutang yang menumpuk.,1
"Berkat D𝘌𝙒𝐴D𝐎𝐑А saya melesat, dari karyawan biasa ke pemilik bisnis.",1
Di 𝐃𝑂𝐑𝐀𝟽7 memberikan modal signifikan untuk mendukung impian saya.,1
Bermain di 𝐷𝙀𝙒𝘼𝐷𝘖𝘙А membuat saya mampu menutup beban hutang dengan hasil maksimal.,1
Modal yang didapat dari DО𝘙А7𝟩 menjadi pondasi usaha baru saya.,1
"Sikat semua bonus di 𝘋𝑂Я𝘼𝟩𝟩, auto sultan!",1
"Bermain di 𝐷O𝘙𝐀77 membuka jalan, dari petani kecil ke pengusaha sukses.",1
𝐷O𝘙A𝟽𝟩 adalah platform yang didedikasikan untuk inovasi dan kemajuan.,1
Surprisingly tuh apa sih?,0
Mobil listrik tanah air selain yg duku ngga di lulusin pemerintah gara2 kerjaannga Dahlan Iskan ada ngga ya?,0
Jika lebih panjang 10-15 cm akan lebih menarik,0
Gokil abis! Gak nyangka bisa menang banyak di 𝐃O𝙍𝐀𝟽7!,1
Semua bisa terjadi di 𝐷𝑂𝑅𝘈𝟽𝟩. Buktikan sendiri kalau kamu juga bisa menang!,1
𝐃𝐎𝐑𝘼𝟽𝟳 menyediakan antarmuka yang ramah pengguna.,1
Hasil dari 𝐷𝘌𝙒А𝘋𝙊𝙍𝐀 membantu saya menyelesaikan kewajiban keuangan.,1
"Berkat 𝐃𝘖𝘙A𝟽𝟩 saya berubah, dari tukang jahit jadi pemilik butik fashion.",1
"Bermain di 𝘋ЕWA𝐷𝐎R𝐀 membuka jalan, dari pembantu rumah ke pengusaha kebersihan.",1
Bermain di DЕW𝘼𝘿𝐎𝘙A membuka peluang untuk mendapatkan modal usaha besar.,1
"Parah! 𝘿𝙊𝐑𝘼𝟽𝟳 bikin nagih banget, susah berhenti!",1
Bermain di 𝘋𝙀𝘞𝘈𝐷О𝑅𝘈 membuat saya mampu melunasi hutang dengan hasil memuaskan.,1
KLO 150 on road bolehlah.,0
"Deg-degan banget nunggu JP di 𝘈𝐄𝑅𝙊𝟪𝟾,akhirnya pecah juga!",1
"Main di AЕ𝑅𝘖𝟴8-bikin happy terus, hiburan nomor satu!",1
menang besar di 𝐴𝐸Я𝘖𝟪𝟾-bikin hari semakin cerah. Siapa cepat dia dapat!,1
"Rezeki dari 𝐴E𝘙𝐎8𝟪-emang gak ada duanya, terima kasih ya Allah atas limpahan rezeki-Mu!",1
"Main lagi di 𝘼G𝙐S𝙏𝙊𝐓𝘖,siapa tau rezeki datang lagi!",1
"АE𝙍𝑂𝟾8benar-benar yang terunggul, sangat saya rekomendasikan!",1
"Gacir terus tiap main di AG𝐔S𝐓OT𝘖,makasih atas keberuntungannya!",1
"Gak ada obat main di 𝐀𝐺𝐔𝙎𝘛𝘖𝑇О,cuan melimpah!",1
"Seru banget main di 𝘋𝐸𝘞𝘈DO𝙍𝘈, hasilnya bikin hati senang terus!",1
"Happy banget bisa dapet rezeki besar dari 𝘿EW𝘈DО𝑅𝘈, bener-bener puas!",1
𝐷О𝐑𝐴𝟳𝟳 menawarkan kesempatan untuk terhubung dengan pemain lain.,1
"Jika Anda menghargai peningkatan berkelanjutan, 𝘋𝐸𝘞АDO𝐑𝐀 mungkin pilihan yang baik.",1
𝘋OЯА𝟩7 memberikan kesempatan untuk mencapai potensi penuh Anda.,1
Bermain di 𝐃𝙊𝐑𝘼𝟽𝟳 membantu saya mencapai kestabilan finansial dengan melunasi hutang.,1
Hasil dari 𝐷𝘌𝙒A𝐃О𝐑А membuktikan saya beralih dari tukang bakso ke bos restoran.,1
"Salut, jarang"" mobil ev china klaim batrenya pake standar WLTP, biasanya di brosur pake NEDC atau CLTC",0
kemahalan,0
"Terima kasih banyak 𝐷𝐄𝘞А𝘿𝙊R𝘈, hari ini benar-benar gacir!",1
𝘿𝐄𝙒𝐴𝘋𝘖R𝐀 emang is the best! JP-nya bikin mata terbelalak!,1
"Hasil nyata di 𝘿E𝙒𝘈𝘋𝙊𝑅A mengantar saya, dari penjual kaki lima jadi pengusaha restoran.",1
"Gak nyangka bisa menang sebanyak ini di 𝘿𝙀𝘞𝐀𝘿𝑂R𝘼, auto party!",1
"Di 𝘿О𝑅А𝟩𝟳 mendukung, dari penjual pulsa ke pemilik toko gadget.",1
"Bermain di 𝘿E𝘞𝘼𝐃О𝑅𝐴 mengubah hidup saya, dari tukang cukur jadi pemilik salon.",1
"Rezeki datang begitu cepat, main di 𝐷Е𝙒A𝐷𝑂Я𝘼 langsung gacir!",1
"Di DО𝑅A𝟳𝟩 mendukung transformasi saya, dari tukang sayur jadi bos supermarket.",1
Hasil dari 𝘋OЯ𝘈7𝟳 membuktikan saya bisa beralih dari buruh bangunan jadi pemilik perusahaan kontraktor.,1
"Jika Anda menikmati permainan strategis, 𝐷𝘌𝑊𝐀𝘋𝘖𝑅А mungkin menarik.",1
"Berkat 𝐃𝘌𝙒𝘈𝐃O𝑅𝐴 saya bertransformasi, dari pengantar surat jadi manajer operasional.",1
"Jika Anda menghargai dukungan pelanggan, 𝐷𝘌𝑊𝘈DО𝙍𝐀 mungkin pilihan yang baik.",1
"Dengan 𝐃𝘖𝑅A𝟳𝟽 saya sukses, dari pengantar koran jadi pengusaha media.",1
"Di 𝘋O𝐑𝘈𝟩𝟩 mendukung transformasi saya, dari kuli bangunan jadi bos konstruksi.",1
"Melalui 𝐃𝘖𝘙𝘼𝟩𝟩 saya bertransformasi, dari penjaja gorengan menjadi pemilik kafe.",1
𝐃𝙊𝐑𝐀𝟽𝟩 menawarkan perspektif yang berbeda tentang permainan daring.,1
Pertimbangkan untuk menjelajahi DОR𝐴𝟩𝟩 jika Anda menghargai pertumbuhan pribadi.,1
"Penasaran sama cerita orang-orang yang menang besar di 𝐃E𝘞AD𝙊𝘙𝘼, akhirnya coba dan langsung dapet rezeki besar!",1
Hasil dari 𝘿𝘌𝑊ADОR𝘈 membuat saya bisa melunasi hutang tanpa hambatan.,1
"Mantap sekali! Main di DО𝑅𝘈77 lancar, cuan pun lancar jaya!",1
"Jakpot hari ini bikin hidup makin semangat, cuma di 𝘿𝘖𝑅𝘼𝟳𝟽!",1
"Knp musti pake nama X5 , ya pasti BMW ga suka lah kocak",1
Pengen cepat kaya? Langsung coba di 𝘿𝐎𝐑A𝟽𝟩 dan rasain jakpotnya!,1
"Parah banget! D𝙀WA𝘋𝘖𝑅A bikin candu berat, susah banget buat berhenti!",1
D𝐸𝐖A𝐷O𝑅𝘼 menawarkan pendekatan yang berbeda untuk interaksi daring.,1
"Bermain di 𝐷ОRA𝟽7 membuka jalan, dari tukang sayur jadi pengusaha supermarket.",1
"Hasil gacir bikin hariku makin cerah, makasih banyak 𝐃𝘌𝑊𝘼𝐷𝘖𝑅𝐀!",1
"Main di 𝐷О𝙍А𝟳𝟩 bikin dompet tebal, rezeki berlimpah!",1
𝘋𝐸𝙒𝘼𝘿𝙊𝐑𝐴 menawarkan kesempatan untuk terhubung dengan pemain lain.,1
"Main bareng teman di 𝘋O𝑅𝘼𝟩7 makin seru, makin banyak cuan!",1
Hasil dari D𝐎Я𝐀77 membuktikan saya bisa beralih dari pengantar roti jadi pemilik bakery.,1
"Bermain di 𝐃Е𝑊А𝘋𝑂𝑅𝐴 membuka jalan, dari penjaja nasi goreng jadi pengusaha sukses.",1
"Aku coba-coba di 🏥 𝘈𝐸R𝑂8𝟪 🧤,ternyata langsung dapet menang gede!",1
"Jantung berdebar tak karuan menunggu JP di ⛪ А𝐸Я𝐎8𝟴 🚿,dan akhirnya jackpot pun berhasil diraih!",1
"Sikat habis JP di 👚 𝘈𝘌𝑅𝙊8𝟪 🤩,auto kaya mendadak!",1
"Rezeki melimpah tiap kali main di 𝐃𝐸𝘞𝘈𝐃O𝐑A, benar-benar luar biasa!",1
Hasil di 𝐃ОR𝘼7𝟩 membantu saya melunasi hutang dengan cepat dan tepat.,1
Hasil di 𝐷𝑂𝙍𝘈𝟳𝟩 membuat saya merasa lega karena hutang telah terbayar.,1
"Hasil gacir terus di D𝙊R𝐀7𝟩, nggak pernah kecewa!",1
"Di 𝐷𝘌𝘞A𝐷𝐎𝑅А mendukung transformasi saya, dari tukang bakso jadi bos restoran.",1
"Bermain bersama teman-teman di D𝘌W𝐴𝐃𝘖𝑅𝐀 semakin seru dan asyik, semakin banyak pula rezekinya!",1
"Dengan 𝘋𝐎Я𝐴𝟽𝟳 saya sukses, dari pembantu rumah jadi pengusaha cleaning service.",1
Berkat 𝐃E𝑊𝘈𝘿𝑂ЯА saya mendapatkan modal usaha yang mendukung rencana bisnis saya.,1
"Berkat 𝘿E𝙒A𝐷𝙊𝑅A saya melesat, dari penjual kecil ke pengusaha sukses.",1
"Wih, JP lagi di 𝐃Е𝙒𝐀DO𝐑𝐴, rezeki emang gak pernah putus!",1
Tapi yang baru ini ada perubahan dari posisi berkendara dan suspensinya feeling w aja 😂😂😂,0
ganteng sih,0
"Mesin non-turbo itu sbnrnya udah kencang, kalau pake turbo ngga tau deh mau sekencang apa lagi😅",0
"Nggak sabar buat main lagi di D𝘌𝘞𝐀𝐷𝐎𝐑𝐀, rezeki besar bisa datang kapan aja!",1
"Bermain di 𝐷𝐸𝘞А𝘿𝙊𝑅А membuka jalan, dari penjual keliling ke pengusaha kopi.",1
"Di 𝘿O𝑅𝐀𝟳7 mengantar saya menuju kesuksesan, dari tukang bakso kini jadi bos restoran.",1
"Dengan 𝐷𝘖𝑅𝘈7𝟳 saya sukses, dari penjual kaki lima jadi pemilik restoran.",1
"Modal kecil langsung gacir di 𝐃Е𝐖𝐀D𝘖R𝐀, puas banget main di sini!",1
"Di 𝐷𝐄𝑊𝘼𝘋𝐎𝙍A mendukung transformasi saya, dari tukang kayu jadi bos furniture.",1
Berkat 𝐷𝘌𝘞A𝐷𝑂R𝘼 saya mendapatkan modal tambahan untuk mengembangkan bisnis.,1
"Buat yang belum coba, kalian harus coba sekarang juga di 𝘋E𝘞A𝐃𝐎𝙍𝐀!",1
Gak pernah bosen main di D𝐸𝐖А𝐃𝑂𝑅𝘼! Selalu ada hal baru!,1
Bermain di 𝐷𝙊𝙍𝐀𝟳7 memberikan solusi keuangan atas masalah hutang saya.,1
"Rezeki dari DЕ𝘞A𝐷O𝘙𝘈 emang gak ada duanya, terima kasih ya Allah atas limpahan rezeki-Mu!",1
"Berkat D𝑂ЯА𝟳𝟩 saya berubah, dari tukang sayur jadi pemilik supermarket.",1
"Main bentar, eh langsung rezeki nomplok! Semuanya bisa terjadi di 𝘿𝑂𝑅𝘈7𝟩!",1
Mencari platform yang mendengarkan penggunanya? 𝘋Е𝐖𝘼𝘿𝑂R𝘈 mungkin jawabannya.,1
"Di 𝐷𝙊Я𝐀7𝟳 saya menemukan peluang, dari pengantar makanan jadi bos restoran.",1
"Di DО𝐑𝘈𝟳𝟽 mendukung transformasi saya, dari pengantar roti jadi bos bakery.",1
"Bermain di 𝐷𝑂𝑅𝐀𝟽𝟩 membantu saya bertransformasi, dari pengantar makanan jadi pemilik restoran.",1
Modal usaha saya tumbuh pesat berkat keunggulan dari DO𝐑𝐀7𝟩.,1
"Melalui 𝘋𝑂𝘙𝐴77 saya berubah, dari buruh bangunan ke pengusaha konstruksi.",1
𝘿𝘖𝑅𝘈𝟽7 menawarkan kesempatan untuk terhubung dengan pemain lain.,1
Sumpah 😂 jarang nonton carmudi ganti orang sekalangg😂😂,1
Ini kenapa sih coment malah jadi promosi judol,0
Hasil dari 𝐷ОRА𝟩𝟽 membuktikan saya bisa beralih dari pembantu rumah jadi pengusaha kebersihan.,1
"Dengan 𝐷𝙊𝙍A𝟩𝟳 saya sukses, dari tukang kayu jadi pengusaha furniture.",1
"Rezeki terus ngalir tiap kali main di 𝘿𝐎𝘙А𝟽𝟳, benar-benar gacir!",1
"Gak pernah bosen main 𝐃𝙀𝘞A𝘋𝑂𝘙𝘼, selalu ada update dan inovasi terbaru!",1
Hasil di 𝐷О𝘙𝘈𝟽𝟽 membuat saya bisa menutup hutang dengan lancar.,1
"Di 𝘋E𝑊𝐀𝘿𝐎𝙍А membawa saya ke level baru, dari sopir angkot jadi pemilik perusahaan transportasi.",1
Pokoknya 𝘿𝐎𝑅𝐴𝟳7 recommended banget buat semua!,1
Rezeki yang tak pernah disangka datang terus dari 𝘿𝐎R𝐀𝟩𝟳!,1
𝘋𝙀WA𝐃О𝙍𝘈 adalah platform yang berkomitmen pada kepuasan pengguna.,1
"Berkat 𝐃OЯ𝘼𝟩7 saya berubah, dari penjual pulsa jadi pengusaha teknologi sukses.",1
🌘 𝐀𝐄R𝘖𝟾𝟴 😱adalah platform yang terus diperbarui.,1
"Seru dan menguntungkan, cuma di 🔇 AЕRO𝟴𝟾 📵!",1
"menang besar datang terus tiap main di 😀 А𝘌𝙍𝘖88 🏘,recommended banget!",1
🛃 А𝘌𝘙O𝟾𝟴 ⛈menyediakan platform untuk ekspresi kreatif.,1
"Parah! ❤‍🩹 А𝐄R𝐎𝟴8 🚷-bikin nagih banget, susah berhenti!",1
Mencari kegiatan baru? 🙃 А𝙀𝑅𝘖𝟪𝟴 🌎-menawarkan pengalaman yang menarik.,1
"Nggak nyesel coba main di 🛏 А𝘌𝙍О𝟾𝟴 ⚠,hasilnya gacir banget!",1
🔈 АE𝘙𝘖𝟾𝟪 📴emang top markotop! JP terus!,1
Hasil dari 𝘿𝐸WAD𝐎𝐑A membuktikan saya bisa beralih dari tukang becak jadi pemilik armada.,1
Hasil dari D𝐄𝑊A𝘿𝑂𝑅А membuat saya merasa lebih tenang karena semua hutang terbayar.,1
"Berkat D𝐸𝙒А𝘿𝙊𝘙𝐴 saya berubah, dari pengantar roti jadi pemilik bakery.",1
Merasa sangat senang mendapatkan rezeki yang berkah dari 𝐃𝙊𝑅𝐀𝟳𝟽!,1
"Di 𝘋𝐸𝘞𝐀𝐃𝐎𝑅𝘈 saya menemukan peluang, dari tukang sayur jadi pemilik supermarket.",1
"Main di 𝘿E𝘞𝐴𝘋𝘖𝑅А bikin hariku lebih menyenangkan, terima kasih!",1
Hasil dari 𝐃Е𝘞𝘈𝐃𝙊𝐑𝐀 membuktikan saya bisa beralih dari buruh tani jadi pemilik agribisnis.,1
"Berkat 𝘋𝑂𝘙A𝟽𝟽 saya melesat, dari pengantar makanan ke pengusaha restoran.",1
Modal yang diperoleh dari 𝘿𝘖𝙍𝐀𝟽𝟩 sangat membantu dalam menyelesaikan hutang.,1
Berkat 𝐃ЕW𝘼𝘿𝙊𝙍𝘼 saya memiliki dana untuk memperluas usaha.,1
Penasaran sama temen-temen yang menang besar? Coba di 𝐷E𝙒𝐴D𝑂𝘙A!,1
"Wih, JP lagi nih di D𝑂𝑅А7𝟽, rezeki emang gak pernah salah alamat!",1
Di 𝐃𝘖𝑅𝘈𝟩𝟽 membantu saya memiliki rumah yang selama ini saya impikan.,1
"Berkat 𝘿E𝙒𝐀𝘋O𝐑А saya meraih impian, dari sopir angkot jadi pemilik armada.",1
Di 𝐷𝘌𝐖𝘈𝐷𝑂𝘙𝐴 membuka peluang bagi saya membeli rumah dengan hasil optimal.,1
Keuntungan di 𝘿𝐎RА𝟳𝟩 membuat saya bisa memiliki rumah yang lebih nyaman.,1
Hasil nyata di 𝘿𝙊RA𝟩𝟩 menunjukkan saya beranjak dari sopir angkot ke pengusaha.,1
"Iseng-iseng mencoba bermain 𝐃𝐎𝐑𝘼𝟽𝟩, justru malah menjadi ahli, rezeki terus menerus datang!",1
"Wih, JP lagi dan lagi di DO𝐑A7𝟩, rezeki emang gak pernah berhenti mengalir!",1
Bermain di 𝐃𝙊𝑅А77 membuat saya mampu menyelesaikan hutang dengan hasil positif.,1
"Gak percaya bisa menang sebanyak ini di 𝘿𝙊𝑅𝐀𝟩7, mimpi jadi realita!",1
Jakpot besar datang tiba-tiba di DO𝘙𝘼𝟳𝟳. Penasaran kan?,1
𝘋OR𝘈7𝟳 menawarkan kesempatan untuk berbagi pengalaman Anda.,1
Creta turbo tembus 500 juta gak wort it sama kek hrv rs mending Chery omoda wkwk,1
Tuker tambah beat karbu kurang berapa bang?,0
Njirr itu beneran senarnya bisa bunyi gitu....:D,0
Semua headunit BYD bisa install2 apps gitu ya?,0
"Fitur banyak secanggih ini, kira2 awet brapa lama ?",0
Ini bukan yang termahal,0
Gimana Amrik ga ketar-ketir.,0
Njirr ada bas betot bisa buat cari tambahan😂😂,0
"Canggih, tampilan keren, fitur lengkap….. tapi tdk tertarik beli",0
"Gak pernah bosan main A𝐄RO88,selalu ada yang baru!",1
"Happy banget, hasil dari 𝐀𝐆𝘜𝘚𝘛O𝑇𝘖-bikin hariku makin ceria!",1
𝐀Е𝙍𝙊𝟾𝟴menyediakan antarmuka yang ramah pengguna.,1
"Sapu bersih semua hadiah dan bonus yang ada di 𝘼𝘌𝙍О𝟴𝟴,auto jadi crazy rich!",1
"Alhamdulillah, rezeki nggak kemana! Baru main di 𝘼𝐸𝐑𝑂88,langsung dapat menang besar! Thank you banget!",1
"Kebetulan dapet rezeki besar di 𝐀𝙂U𝑆T𝙊𝘛О,siap-siap main juga ya!",1
"Setiap hari selalu ada hal-hal baru dan menarik dari 𝐀𝐆𝘜𝐒𝑇𝐎T𝑂,bikin rasa penasaran terus terjaga!",1
𝐴𝘌𝑅O𝟪8memang daebak! JP-nya bikin speechless!,1
"Dari yang tadinya cuma penasaran, eh malah dapet rezeki besar di 𝘈𝙀𝙍O𝟪𝟴!",1
Beberapa pengguna menemukan AЕ𝑅𝘖8𝟴-sebagai alat yang berharga untuk berjejaring.,1
"AG𝑈S𝘛𝙊𝑇𝐎bikin lupa semua masalah dan beban hidup, hiburan yang sangat bermakna!",1
"Nggak nyesel coba main di 𝐀𝐺𝑈𝘚𝙏𝙊𝑇О,hasilnya gacir banget!",1
"Seru banget main di A𝐆𝘜𝑆𝐓𝙊𝘛О,eh dapat JP juga, double happy!",1
menang besar bikin aku makin bahagia tiap kali main di 𝐴𝙂U𝐒𝐓𝐎𝐓𝑂!,1
"Jangan sampai ketinggalan, main di 𝐴𝐆𝐔𝐒𝑇О𝑇𝙊-dan rasakan sendiri!",1
A𝙂US𝘛𝑂𝘛Оmenawarkan sekilas tentang masa depan interaksi daring.,1
"Rekomendasi terbaik buat cari hiburan yang gacir, pastinya 𝐴GU𝘚TОT𝘖!",1
Main di 𝐴𝘌R𝙊𝟾𝟴-bikin lupa waktu! Hiburan yang pas banget!,1
Udah deh.. saat ini EV China ngg ada yg ngalahin.. thx Carmudi,0
"Modelx aja keren tp membahakan lingkungan dan kesehatan. Lithium adalah bahan kimia yg tdk bs di recycle dan sensitif terhadap api. Pemerintah komunis cina itu menutup bahaya Lithium, supaya kita masyarakat Indonesia tertipu dan mau menerima  bahan kimia Lithium sby BYD dr cina komunis.",0
Tetap aja itu mobchin,0
Itu bass betot fungsinya emang buat digituin ya. ?😂,0
Keren mobil nya..,0
"gw yg cuma punya duit gasampe 5 jt di rekening: ""ah kok mayan ribet mobilnya, gak ah""",0
Alhamdulillah uda punya 2🥰🥰🥰,0
Bahaya kalo dibawa ke carwash operatornya gak paham 😂,0
Ya sih unik semua orang bingung ganti gigi ya,0
Mobil impian semoga kebeli akhir tahun ini,0
Mirip kayak alphard perseneling nya,0
"Utk sy yg gaptek ini, cukup yg manual aja deh.. 😊😊",0
𝘼𝘎𝐔STОT𝐎menawarkan kesempatan untuk terhubung dengan individu yang berpikiran sama.,1
"Jika Anda menikmati permainan strategis, 𝘼𝘎𝑈𝙎𝙏𝑂T𝐎-mungkin menarik.",1
𝘈𝘌𝑅О88menyediakan pengalaman daring yang dapat diandalkan.,1
"Nggak pernah gagal dapet menang besar di 𝐴Е𝐑О𝟾𝟴,recommended!",1
"Gak ada obat main di 𝐴𝐺𝐔𝐒T𝐎𝙏О,cuan melimpah!",1
"Nggak pernah kecewa sama hasil di A𝘎𝐔𝐒𝘛𝙊TО,semuanya luar biasa!",1
𝘼𝐺𝘜STОT𝙊menawarkan pengalaman yang efisien dan ringkas.,1
АG𝐔𝑆𝑇О𝑇𝐎menawarkan kesempatan untuk berbagi pengalaman Anda.,1
"Main di 𝘼𝐺𝐔𝑆𝙏ОTО,langsung dapet menang besar yang bikin makin semangat!",1
"Malam ini dapet menang gede, terima kasih 𝘼G𝑈𝑆𝘛ОTO! Nggak mau ketinggalan kan?",1
"Tidak pernah merasa jenuh bermain 𝐴Е𝑅𝐎𝟪𝟾,selalu ada inovasi!",1
"Nggak nyesel coba main di 𝐴𝙀𝘙𝙊𝟾𝟪,hasilnya gacir banget!",1
"Rezeki hari ini datang terus dari 𝘼𝐺𝘜𝙎𝑇𝙊𝙏O,senang banget rasanya!",1
"Gak percaya bisa menang sebanyak ini di 𝘼𝘌𝑅𝙊𝟪𝟪,mimpi jadi kenyataan!",1
"JP datang berbondong-bondong di 𝘈𝙂𝙐S𝑇O𝑇O,lagi gacor parah nih!",1
"Aku lagi coba-coba, eh malah dapet menang! Kamu juga bisa, loh, di AЕ𝘙𝙊8𝟴!",1
"Nggak sabar buat main lagi di 𝘈𝐺𝘜𝐒𝑇𝘖𝑇𝙊,rezeki besar bisa datang kapan aja!",1
"𝐴𝐺𝘜𝙎𝙏O𝙏Оbenar-benar yang terunggul, sangat saya rekomendasikan!",1
A𝐄𝑅𝑂𝟴𝟪menawarkan pengalaman visual yang menarik.,1
"Makasih 𝐀𝘌Я𝑂88,rezeki datang terus tanpa henti!",1
"Aku coba-coba di AG𝘜𝙎T𝘖𝑇𝘖,ternyata langsung dapet menang gede!",1
"Sungguh luar biasa dan bikin nagih! А𝙂𝙐𝙎TO𝐓𝘖-membuat ketagihan yang tak tertahankan, sangat sulit untuk berhenti bermain!",1
Menarik. Btw jamnya keren. Warna merah.,0
gwm 500 emang gagak dan cakep🔥😀☝️ mau SPK dan DO 1.donk. Aammiinn,0
Dengan gimmick di bagian ganti gigi kita naikkan 20% harga mobilnya.,0
Kalo di mode listrik bisa ga mode manual?,0
"Enak ada tanda kalo kita dah di D atau N, kalo yg gigi kopling manual gt² fuyenk liatnya, gimana kalo ketuker atau salah, atau ada feel tertentu gasii?",0
Boros tapi ya,0
Perlu adaptasi dulu spy nggk salah oper gigi😂😂😂. Ini keren cuma yg aku pikir bengkel sama sparepart nya.,0
Bisa salah oper dari D ke R kalo terlalu ringan gitu,0
"Kekuatan matrial rangka kek volvo ga ya, sesuai namanya "" tank "" ?",0
Mau Tanya Apakah Bisa Mengemudi GMW Tank 500 HEV?,0
Mudahan cepet bisa kebeli!,0
"Jujur ya semenjak dri 2016 sampai yng facelift ke-2 skrng ini, suspensi nya gk ada berubah anjir justru utk sebuah ladder frame malah bahaya kalau terlalu empuk loh kenapa? ya taulah kenapa 😊",0
"Jadi kesimpulannya bagus atau engga suspensi nya, mas?",0
"Udah kapok pake pajero , terutama ngelewatin rel kereta , mobil goyang 😄",0
"Wih, JP lagi di 𝐀𝐆𝙐𝙎𝘛OT𝐎,rezeki emang gak pernah putus!",1
Main bentar langsung gacir. Rezeki nggak bisa diprediksi di 𝐀𝐺U𝑆𝑇𝘖𝑇O!,1
"Main di А𝐺U𝑆𝘛𝐎𝑇О-seru banget, hasilnya nggak mengecewakan!",1
menang besar bikin aku makin bahagia tiap kali main di 𝐀E𝘙𝐎8𝟪!,1
"Gak nyangka bisa menang sebanyak ini di 𝘈G𝘜𝑆TОT𝑂,impian jadi nyata!",1
"Mantap sekali! Main di 𝐴𝐺UST𝙊𝑇O-lancar, cuan pun lancar jaya!",1
АE𝙍𝑂𝟴𝟾menawarkan perspektif yang berbeda tentang permainan daring.,1
"Kebetulan dapet rezeki besar di 𝐀𝐆𝘜S𝑇𝑂T𝑂,siap-siap main juga ya!",1
"Hiburan seru dan menguntungkan, hanya di 𝐀𝘌ЯО𝟾𝟪!",1
"Main di A𝘌𝑅𝐎𝟪𝟴-auto good vibes, rezeki emang udah ada yang ngatur!",1
"Main di А𝘌𝐑𝑂𝟪8-auto good vibes, rezeki emang udah ada yang ngatur!",1
"Nggak percaya bisa dapet menang di 𝐀𝐆𝙐𝐒𝙏О𝙏𝘖,ternyata benar-benar gacir!",1
"Aku gak nyangka, pertama kali coba di A𝐄𝑅𝑂8𝟴-langsung dapet rezeki yang nggak terduga!",1
"Hari yang penuh berkah bersama 𝘈𝙂𝘜S𝐓𝙊𝑇O,rezeki datang tak terduga!",1
"Tak disangka bisa dapat sebanyak ini dari 𝘈𝐺𝘜𝘚𝑇OTO,auto berbagi rezeki!",1
"Nggak pernah gagal dapet menang besar di 𝘼𝐺𝐔𝙎𝐓𝘖𝘛𝙊,luar biasa!",1
"Akhirnya menang besar juga di A𝐆𝑈𝙎𝐓𝙊T𝐎,jangan cuma denger cerita sukses orang lain!",1
Akhirnya dapet menang besar setelah coba-coba di А𝙀Я𝙊𝟴𝟪.Kamu kapan coba?,1
"Kalo kamu suka kejutan, pasti akan suka main di А𝐄𝘙O𝟪𝟴!",1
"Modal kecil tapi hasil gacir terus, cuma di agustoto!",1
Coba tandingin sama panter..modar tu pajero,0
Mabok di dalem itu 😂😂😂,0
Mobil semakin tinggi semakin limbung bukan perkara mahal atau murah,0
Sesuai lagunya Dancing Queen...👍👍😁,0
Gimana klo kita tes Tiggo 8 premium yg suspensi belakang independen,0
beda ma panter 2000 coba aja test enakan mana,0
Baru?modelnya ngk berubah🤣🤣🤣,0
Ini mobil grobak bapak2 yang di suv kan. Beda sama mercy gla,0
Pickup yang di suv kan 😂,0
Test ini TIDAK VALID. Sebab klo di Indo speed bump nya gak ada yg standar. Bikin kaki kaki layaknya pemain bola.... RINGKIH.,0
Bntr² klo gini cara nya Makin arogan dong d jalan² komplek?,0
"Bentar, pajero berarti lebih nyaman gak sih dibanding ford everest soalnya test gini pas kecepatan lumayan tinggi gak goyang parah keliatan nya di pajero 😭😭😭",0
Bikin mabuk bang😄goyangannya kelihatan👍,0
Maksudnya ini kalo ketemu polisi tidur di bangunin,0
Semakin cpt semakin tdk terasa. Itu saat kita melewati polisi tidur,0
Ciri2 mobil lebih berat sasis nya ke timbang bodi mobilnya wkwk,0
Untuk pertama kalinya kita butuh KKB Papua utk memerdekakan Raja Ampat dari penjajah luar,0
"Membuat tidak bsa, merawat apalagi, merusak no 1 alasannya😅 kasihan negri ini sda hancur krna sdmnya hanya bsa menghancurkan saja",0
🤔 itu Halmahera daerah mana ya? Kebetulan ada 6 kab/kota di pulau Halmahera,0
"Pejabat: dari pada dijual lagi kayak waktu yang ngejual sebuah pulau dahulu kala, mending diolah sendiri aja trus dijual dengan jumlah yang banyak dan lebih menguntungkan💀",0
"percuma Juga, meski bukit, gunung, sawah & tanah habis oleh pembangunan"", NEGARA INDONESIA TIDAK AKAN PERNAH BISA MAJU.. karna hasilnya cuma berupa korupsi..",0
"percuma Juga, meski bukit, gunung, sawah & tanah habis oleh pembangunan"", NEGARA INDONESIA TIDAK AKAN PERNAH BISA MAJU.. karna hasilnya cuma berupa korupsi..",0
"Capek bangt dengan video tambah capek lihat isi komennya, sehancur ini Indonesiaku😢",0
"Padahal aku punya mimpi mau kesana tapi, ada aja 😢",0
"Udah kayak temen nongkrong, tiap hari pasti buka 🎉𝐊-𝐀-𝐊-𝐈 𝟕 𝟕 𝟕🔥.",1
Tiap login ke 👑𝐊-𝐀-𝐊-𝐈 777🪄 tuh kayak dapet kabar baik dari semesta 😍,1
Kalau begini wajar kkb marah berontak...tanah nya di keruk hasil nya  di korup....mereka orang asli Papua dapat apa...akibat ketamakan pejabat indo,1
Rasanya gak lengkap kalau belum buka 🎁𝐊 𝐀 𝐊 𝐈 𝟕 𝟕 𝟕👑 hari ini.,1
"Kalo saldo bisa ngomong, dia pasti bilang ""makasih"" ke 🎯𝐊𝐀𝐊𝐈𝟩𝟩𝟩🍰 — gue aja sampai heran sendiri.",1
"Jaman sekarang mah gak usah ribet, yang udah pasti-pasti aja kayak 🎯𝐊-𝐀-𝐊-𝐈 777🧃.",1
Semua demi jargon HILIRASI NYA MULYONO,0
komen judol sekarang dah ada pp nya ya,0
"Gue biasa skeptis, tapi entah kenapa selalu yakin tiap buka 🎁𝐊 𝐀 𝐊 𝐈 𝟕 𝟕 𝟕🤯.",1
"Barusan abis kalah main catur, langsung ngebalas dendam di 🧊𝙆𝘼𝙆𝙄𝟩𝟩𝟩🔥. Skor mental langsung balik.",1
muscle memory emang beda wkwk,0
posthink mungkin gurunya ibunya sendiri,0
uda kebiasaan di rumah ni pasti 😭🙏🏻,0
komen judol semua 😂,0
"Ekekwkwkwkwwk lucu sih ini, reflek keinget salim sama emak pas mau berangkat sekolah ya",0
Ini reflek Salim sama emak😂,0
"Lagi mumet mikirin kerjaan, malah dapet double win di 🧠𝗞 𝗔 𝗞 𝗜 𝟳𝟳𝟳🌪️. Sumpah, mood naik 100%",1
"Tiap hari buka 👏𝑲 𝑨 𝑲 𝑰 𝟕 𝟕 𝟕🎲, rasanya kayak ngecek kabar baik.",1
Gue curiga akun gue dijadiin prioritas sama 🧁KA-KI-777🎲.,1
"Biar receh tapi niat, gue spin tiap hari di 🎉𝑲 𝑨 𝑲 𝑰 𝟕 𝟕 𝟕🎁.",1
"Temen gue ngira gue nipu, padahal emang hoki di 🥳𝐊-𝐀-𝐊-𝐈 777🤑.",1
"Lu percaya gak percaya, tapi gue udah tiga kali WD dari 🔥𝑲 𝑨 𝑲 𝑰 𝟕 𝟕 𝟕🪄 minggu ini.",1
"Gue gak ngerti algoritma, tapi ngerti hasilnya nyata dari 👏𝐊-𝐀-𝐊-𝐈 777🎯.",1
Yang bikin nyaman biasanya sederhana… kayak 💸𝐊𝐀-𝐊𝐈 7-7-7🤑.,1
"Buka 👾𝑲 𝑨 𝑲 𝑰 777🎁 tuh kayak disayangin diam-diam, gak bilang tapi berasa 😭",1
"Kalau ada yang bisa bikin gue tahan di satu tempat, ya itu 🧨𝐊-𝐀-𝐊-𝐈 777🎁.",1
"Modal receh, hasil lumayan. Coba tanya siapa yang nyesel main di 🎯𝐊 𝐀 𝐊 𝐈 𝟕 𝟕 𝟕😎.",1
"Udah jam 2 pagi, mata sepet… tapi tangan masih nge-spin di 🧠𝗞𝗔𝗞𝗜•𝟳𝟳𝟳🌌. Gak bisa berhenti, cuy",1
"Habis bad day? Coba deh buka 🪄𝐊-𝐀-𝐊-𝐈 𝟕 𝟕 𝟕👏, siapa tau langsung senyum 😆.",1
"Gue pikir cuma iseng, tapi 🍀𝐊𝐀-𝐊𝐈 7-7-7🔥 bikin gue percaya sama yang namanya hoki sejati 🧠",1
"Banyak yang bilang gacor, gua tes lah di 🧠𝑲-𝑨-𝑲-𝑰 777🤑... dan beneran cuan dong 😆.",1
"Buka 🔥𝗞 𝗔 𝗞 𝗜 𝟳𝟳𝟳🎲 barusan, dan saldo gue langsung berasa kayak tanggal muda.",1
"Kalo lo suka hasil cepet, lo harus kenalan sama 📈𝑲 𝑨 𝑲 𝑰 777😎.",1
"Buka 🤯𝑲 𝑨-𝑲-𝑰 777🧠 di waktu random, eh malah dapet hasil luar biasa 🔮.",1
"Nongkrong gak harus di warkop, bisa juga sambil spin di 🧠𝑲 𝑨-𝑲-𝑰 777🍀.",1
"Gue diem-diem bahagia tiap buka 🎁𝐊-𝐀-𝐊-𝐈 𝟕 𝟕 𝟕👏, gak usah lebay yang penting cair.",1
"Gue gak bohong, tiap login ke 🎯K-A-K-I777✨ tuh rasanya kayak dirayain.",1
"Dibanding situs lain, yang satu ini beda auranya. 🤯𝐊 𝐀-𝐊-𝐈 777🎯 tuh kayak nyariin rezeki buat gue.",1
"Susah cari yang cocok, tapi 🎲𝐊 𝐀-𝐊-𝐈 777🤑 datang di waktu yang pas.",1
"Gue cuma modal iseng dan rasa penasaran, tapi 😱𝐊𝐀𝐊 𝐈 777🏆 balikin semuanya jadi pengalaman manis.",1
"Nyoba lirik yang lain, tapi kok ya kangen sama 🪄𝐊-𝐀-𝐊-𝐈 𝟕 𝟕 𝟕🧨.",1
"Pas butuh hiburan yang ngasih hasil, ya langsung ke 🍀𝑲-𝑨-𝑲-𝑰 777💰.",1
"Depo 50rb doang tapi ditraktir cuan sampe 2,5jt sama 🎲👑𝐊 𝐀 𝐊 𝐈 𝟕 𝟕 𝟕🏆. Sumpah real!",1
"Kayaknya semesta pengen gue terus main di 👾𝐊 𝐀-𝐊-𝐈 777🎉, menang mulu soalnya.",1
Yg pasti bukan lulusan barak militer,0
Katanya panik kok malah dance black pink   pink venom ❤❤❤ eeeh yang panik 😂😂lah penyeleng garanya😂😂,0
tulang lunak ajir,0
"sepertinya gerakannya agak slay dan anggunly ya ges, pak dedi bawa dia pak dedi",0
"Mending sekalian orangnya aja yang hilang gak sih,dari pada ijazahnya😂",0
"Kan emank pas prosesi itu cuma ucapan sslamat doank , ijazah asli brp hari gt baru bisa diambil",0
"pantesan ijazahnya di bakar rektor di belakang , boti ngeselin emang 😂",0
"Mantap joget nya bang,ajarin donk",0
"Ijazah kosong dulu, pastinya gitu kan ya ...",0
Namanya juga budi,0
Untung bs dibikin seru,0
"Lucu sampe nggak karuan! Kalo mau duitnya nggak karuan banyak, 𝑲𝒀𝑻4𝑫 tempatnya! 💎",1
Pokoknya 𝑲𝒀𝑻4𝑫 recommended banget buat semua!,1
Lancar lancar bang salam Jepe ⭐𝑲𝒀𝑻4𝑫⭐,1
Aura botinya keluar 😂,0
tenang... masih bisa bikin ijazah palsu... kali aja nantinya jadi presiden 😂😂😂,0
"Asli deh, ⭐𝑲𝒀𝑻4𝑫⭐ sama konten lo sama-sama bikin betah! 🏠",1
Calon² kebarak kayanya,0
"Itu bukan ijazah ya, cuma simbolisasi aja... Ijazah dikasih setelah 1 bulan kelulusan",0
"Lucu sampe nggak karuan! Kalo mau duitnya nggak karuan banyak, 𝑲𝒀𝑻4𝑫 tempatnya! 💎",1
Keren parah 𝑲𝒀𝑻4𝑫! Pengen main terus. 👏,1
Lancar lancar bang salam Jepe ⭐𝑲𝒀𝑻4𝑫⭐,1
Bikin senyum sendiri! 𝑲𝒀𝑻4𝑫,1
"Mantep ⭐𝑲𝒀𝑻4𝑫⭐ udah jadi kebiasaan, Caerr terusss !!!",1
Cuma ⭐𝑲𝒀𝑻4𝑫⭐ nih yang langsung ngasih JP besar.. MANTAP BROO,1
Terpopuler ⭐𝑲𝒀𝑻4𝑫⭐ Member baru pasti jepee❤,1
Emang gak ada yang bisa ngalahin serunya ⭐𝑲𝒀𝑻4𝑫⭐.,1
Gw paling demen gas di ⭐𝑲𝒀𝑻4𝑫⭐ wkwkwkww seru. Harus sering2 sih ini mah auto jepey!,1
"Gak nyangka iseng doang, eh malah ketagihan sama 𝑲𝒀𝑻4𝑫",1
Gw paling demen gas di ⭐𝑲𝒀𝑻4𝑫⭐ wkwkwkww seru. Harus sering2 sih ini mah auto jepey!,1
"Kontennya bikin betah, 👵𝑲𝒀𝑻4𝑫👵 juga bikin betah sampe pagi. 🌄",1
Dan ternyata ijazah nya palsu kyk mantan presiden antartika😮,0
jngan² ijazahnya diambil sama Jok...,0
Plis ya boti itu penyakit seksual jadi mungkin aja dia random.,0
"Di kampus gua mala isinya gk ada cuma buku itu doang isinya nyusul kecuali mahasiswa berprestasi yang di panggil di awal itu iya langsung ada isinya, gua pernah jadi SE Wisuda soalnya jadi tau",0
Blink ternyata😭😭,0
untung gw bkn anak tiktok. klo gw keringet dah banjir segedung nunguin😅,0
"Ok, dari selebrasinya kita tahu bagaimana dia sebenarnyab😅😅",0
"UPI bukan? Apa karena ini ya, makanya sekarang upi izajahnya kosongan dulu pas wisuda wkwwk",0
"Calon guru b*tita viral, bersaing dengan yg belum lama viral",0
Aura botinya terasa kuat,0
yg panik malah petugasnya gaseh abang nya mah santuy,0
Jdi pengen temenin😭,0
ini gambarannya dokyeom pas wisuda😂,0
"Ini cuma konten, jadi jangan percaya, ini hanya adegan acting",0
Boty sudah terlihat potensinya,0
"baru ini pda pk masker,apa lbh parh lgi d liar covid",0
"Enak bgt woilah di kmpusnya lgsung ambil ijazah,lah kampus ku di UMI harus bayar bnyk lagi biar ijazah keluar hadeh pdhl udh bayar sama wisuda😂 aneh”emang kmpus gw rek😅untung udh lulus haha",0
Nah ini yg di namakan ijazah palsu kaya siapa ya 😅,0
lu lulusnya pake jalur belakang si ngab😂,0
Yg panik dosennya😂 dia mah santuy,0
"Ya gausah panik lah org klo hilang ya urusan panitia itu, klo beneran hilang karena kelalaian pihak sekolah, anda otomatis dibayar atas kerugian tersebut",0
Yg panik pihak penyelenggaranya 😅😅😅,0
"Ohhhh dia Blink tohhh, bang bang ikut bang 😌💥💥",0
Padahal Emang gak lulus makanya gak ada😂😂😂. Tapi gak mungkin juga sih kalo namanya ternyata di panggil 😂,0
Mulyono santai saja ga sepanik itu,0
Botai aw.... lekong,0
Joget dlu gak sih biar gak boring 😂😂😂😂,0
Masukkan barak dulu ini biar lurus😅,0
Sobat blackpink dia noh 😂 joget mulu dosenya pada mandi kringet juga wekawekweka,0
spesis tak bertulang😂,0
"Disubtittle katanya panik anjir, pas lihat videonya kaga ada panik² nya cok 😂😂",0
Random banget anjirr😭🙏🐳,0
Wktu saya wisuda hanya ucapan selamat yg diserahkan. Ijazah beberapa minggu setelah wisuda baru diserahkan.,0
Weitt biru biru apa tu bang??? Bluebird kah?,0
"Bermain di 𝐷𝐸𝑊𝘼𝐃𝐎𝑅A membantu saya bertransformasi, dari penjual kecil jadi pengusaha besar.",1
"Kalo kamu suka kejutan, pasti akan suka main di 𝐃𝘖𝑅𝘼𝟩𝟳!",1
Bahagia banget dapat rezeki berkah dari 𝘋𝘌𝐖𝘼𝘿𝘖𝑅𝘼!,1
Modal usaha saya bertambah signifikan berkat hasil dari 𝘋𝐎𝙍𝘼𝟽𝟽.,1
Modal yang saya dapat dari 𝐷Е𝙒𝐀𝘋𝘖𝑅A membuat usaha saya semakin stabil.,1
Keuntungan dari DE𝑊𝐴DO𝘙А membuka jalan bagi saya untuk mengembangkan usaha.,1
"Di 𝐷𝘌𝘞А𝘿O𝑅𝐀 mendukung transformasi saya, dari petani kecil jadi bos agribisnis.",1
Jakpot besar di 𝐃𝑂𝑅A𝟽𝟩 bikin hari semakin cerah. Siapa cepat dia dapat!,1
"Gak percaya bisa menang sebanyak ini di 𝐃𝙊𝐑𝘈𝟽𝟽, mimpi jadi realita!",1
"Di 𝐃𝘌W𝘼𝐷О𝑅A saya menemukan peluang, dari buruh tani jadi pemilik agribisnis.",1
Keuntungan di 𝘿𝐄𝑊𝘼𝘿𝑂𝙍𝐀 memungkinkan saya untuk membeli rumah impian.,1
"Melalui D𝙊𝘙𝐀𝟳7 saya berubah, dari tukang sayur ke pemilik supermarket modern.",1
Senang banget dapat rezeki tak terduga dari 𝐷𝑂𝐑𝐴𝟽𝟩!,1
"Main di 𝘋E𝙒A𝐃𝘖R𝐴 cuma sebentar, eh langsung rezeki nomplok. Jadi pengen coba lagi!",1
"Seru banget main di D𝘌𝐖А𝘋O𝙍𝐴, selain hiburannya seru, jakpotnya gacir terus!",1
𝘿𝑂𝐑А7𝟩 menawarkan kesempatan untuk belajar dari orang lain.,1
Main sebentar langsung dapet jakpot gede. Rezeki ada di 𝘋𝙊R𝘼𝟽7!,1
"Modal kecil berubah jadi hasil besar, cuma di 𝘼𝐺𝑈𝐒𝑇OTO!",1
"Main di 𝘈𝘌R𝘖𝟾𝟪-cuma sebentar, eh langsung rezeki nomplok. Jadi pengen coba lagi!",1
Rezeki memang nggak kemana! Main di 𝘈𝙀Я𝙊8𝟾-bikin untung besar.,1
"Senang banget main di 𝘼𝐸𝐑О𝟪𝟾,langsung dapat menang besar hari ini!",1
Modal yang saya peroleh dari 𝐷OR𝘈𝟽𝟽 membuat saya lebih percaya diri berwirausaha.,1
Hasil gacir dari 𝘿𝐄𝐖A𝐷О𝑅А bikin hari makin seru. Mantap banget!,1
"Hasil nyata di D𝐎𝐑𝘼7𝟽 mengantar saya, dari tukang ojek jadi pemilik armada.",1
"Sikat semua bonus di 𝘿Е𝘞A𝘿О𝘙A, auto sultan!",1
Oh ini mahluk katro yg baru liat polisi bawa senjata di jalur mudik... Aneh sih seumur gitu kagetan sama senjata,0
"mohon maaf, salah fokus sama impreza dibelakang",0
itu dibelakang r34 ?,0
"Sikat semua bonus di 𝐀𝐆U𝘚𝙏ОTO,auto sultan!",1
"Gak mau ketinggalan, main di А𝐆𝐔𝐒𝙏𝘖𝑇𝙊-langsung dapet menang gede!",1
Bukan official store ya bang,0
Tool udah lengkap....cuma masalahnya nggak tau soal mesin...ban bocor aja nggak tau cara nembelnya...wkwkwk,0
klo gak tau 😀,0
𝘋𝘌𝙒𝘼𝘋OR𝐀 adalah platform yang terus berkembang dan berinovasi.,1
"ma𝘦n dі D𝐎𝐑𝐀𝟽𝟽, aut𝙤 menang",1
"Berkat 𝐃𝐸𝙒𝐀𝘋𝘖𝙍𝘈 saya melesat, dari penjaja nasi goreng jadi pemilik warung makan.",1
Keuntungan besar bikin aku makin semangat main di 𝘿𝐎ЯA𝟳7!,1
"Bermain di 𝘋ОRА𝟩7 mengantar saya ke puncak, dari sopir angkot jadi pengusaha.",1
𝘿𝙀𝙒𝐴𝐷OЯ𝘈 sedang mendapatkan perhatian belakangan ini. Lihat apa yang ditawarkannya.,1
"Rezeki lancar jaya hari ini berkat 𝘋𝐄WАD𝑂𝑅А, alhamdulillahirobbil'alamin!",1
"Wah, bener-bener gacir! Coba main sekarang juga, pasti nggak bakal nyesel! 𝐃𝑂Я𝘼7𝟳",1
"Rezeki hari ini luar biasa, berkat 𝐷𝘖𝙍𝐴𝟩𝟳 semuanya jadi lebih mudah!",1
"Bermain di 𝐷𝘌𝘞A𝐷𝐎𝑅А mengubah hidup saya, dari tukang cukur jadi pemilik salon.",1
"Rezeki hari ini datang tanpa henti, makasih banyak 𝐷𝙀𝐖𝐀𝘋𝐎RA!",1
"Jika Anda menikmati permainan strategis, 𝘋𝑂𝙍А7𝟩 mungkin menarik.",1
Keuntungan di D𝐎𝘙A𝟩7 memungkinkan saya merealisasikan impian beli rumah.,1
"Bermain di 𝘋𝘌𝐖A𝐷𝙊RA membuka jalan, dari pegawai harian ke bos usaha.",1
"Bermain di 𝘿𝑂RА𝟳𝟽 mengubah hidup saya, dari tukang cukur jadi pemilik salon.",1
"Rezeki nomplok hari ini berkat 𝘿𝐎ЯА𝟩𝟽, alhamdulillah!",1
"Melalui 𝘿ОЯA7𝟽 saya bertransformasi, dari penjual asongan ke pengusaha ritel.",1
"Malam ini dapet jakpot, jangan sampai cuma jadi penonton! Main di D𝘌𝐖𝘼𝘿О𝑅𝘈 aja!",1
Modal yang diperoleh dari 𝘋𝐸𝐖𝐴𝐷О𝐑𝐀 sangat berarti bagi usaha saya.,1
"Hari yang penuh kebahagiaan bersama 𝘿𝘖Я𝘼𝟽𝟽, rezeki datang menghampiri dengan sendirinya!",1
А𝘎𝐔𝐒𝘛𝑂𝐓𝐎menyediakan ruang untuk kompetisi yang sehat.,1
"Hasil gacir bikin aku makin puas main di AG𝙐𝙎𝐓О𝑇𝘖,makasih banyak!",1
"Bermain di 𝘋𝐸W𝘈𝐃OR𝘈 membantu saya bertransformasi, dari penjual keliling jadi pemilik warung kopi.",1
j𝙚pey gam𝘱ang bg𝙩 di 𝘿𝙊Я𝘈𝟽7,1
Harus nya begini cuma kadang mikir duitnya buat yg lain dulu yg penting bensin tol aman,0
itu alat pengukur minyak rem namanya apa?,0
"Kadang bengkel bikin jengkel,,, masih bisa dipakai tapi disuruh ganti",0
"pala aki juga di cek, bahaya kalo kendor bisa sebabkan korslet dan terbakar. soalnya kmarin mudik pala aki kendor jadi mesin tiba2 mati, dan dicek pala akinya panas banget karena kendor.",0
"Justru sekarang susah nyari bengkel mobil yang bisa bener"" di percaya kadang udah di copot entah kemana onderdilnya yang di lepas lupas dipasang atau disengaja kurang tau juga soalnya udah beberapa kali gitu",0
Gak pernah mudik😂😂😂😂,0
Penting tp orang sering mengabaikan / lupa,0
Ceknya dibengkel mana Pak Gub?,0
Jangan lupa pula cek bagian mesin kalo bisa bongkar untuk mengecek piston apa ada baret ...,0
cek juga kaki2 owner mubilnya..cicilan udah pada dibayar belum,0
Gue Yang kagak pernah Mudik:Hmmmm menarik 😂😂😂 Soalnya Lahir dikota Keluarga disini semua,0
Pastikan anda punya mobil,0
Pastikan ada duitnya,0
Orang kaya mah bebas😅😅😅😅😅,0
yg pertama. pastikan punya uang.,0
"info nama velg dong pak gub, terima kasih pak gub.",0
"terakhir, yang paling penting pastikan kita punya mobil",0
"rack steer wajib, lagi macet gamau belok kan mumet",0
jgn lupa e-toll nya diisi!,0
jangan lupa B-quick pak gub,0
"Kendaraan besar tuh secara visual bannya keliatan udh retak-retak, bahkan kok ada yg luar retak tp bagian tengahnya bagus ya ? 😅",0
ga𝘤ir bang𝘦t ma𝙞n di 𝘿𝘌𝙒A𝘿𝑂𝐑𝐀,1
"jepеy t𝘳s tiap 𝙝ari, cum𝐚 d𝘪 DO𝙍𝘈𝟽𝟳",1
jeрey ga be𝙧henti di 𝐃𝘌𝑊𝘈𝐷𝘖𝐑𝘼,1
hbs mudik jgn balik lg,0
Solusinya: gausah mudik,0
"Hari ini super happy berkat 𝘼𝘌𝑅𝐎8𝟾,rezeki datang melimpah!",1
Senang banget dapat rezeki tak terduga dari 𝐀G𝘜𝙎𝑇𝐎TО!,1
"Main di 𝘈𝐆𝑈ST𝐎𝙏𝙊-bikin happy banget, hasilnya gacir abis!",1
"Main di 𝘼𝐆𝙐𝐒𝙏𝑂T𝙊,langsung dapet menang besar yang bikin makin semangat!",1
"Hari yang penuh berkah dan kebahagiaan berkat 𝘼EЯО𝟴8,rezeki datang menghampiri tanpa permisi!",1
Mantul! Main di 𝐀𝙂𝘜ST𝙊𝙏𝐎-bikin happy dan rezeki nomplok!,1
𝘼𝐆𝘜𝑆𝙏O𝐓𝘖menawarkan lingkungan yang ramah dan inklusif.,1
"Happy banget, cuma di 𝐀𝙀RО𝟴𝟾-keberuntungan datang terus!",1
"Pelayanan 𝐀𝘌𝙍𝙊𝟾𝟾-super ramah, puas banget!",1
"Modal receh main di 𝐴𝐸Я𝐎𝟴8,untungnya berlipat ganda!",1
"Hari yang begitu indah dan penuh kebahagiaan bersama 𝘈𝙀Я𝑂𝟴8,rezeki datang menghampiri tanpa diduga!",1
А𝐺U𝑆𝑇𝑂𝙏𝙊menawarkan platform yang terus berkembang berdasarkan masukan pengguna.,1
"Modal kecil tapi hasil gacir terus, cuma di 𝘼ЕЯO88!",1
Jakpot besar bikin aku makin percaya sama keberuntungan di D𝐸W𝐀𝘋O𝑅𝘼!,1
Berkat D𝐄W𝘼𝘋𝑂𝐑A saya mendapatkan modal usaha yang mendukung rencana bisnis saya.,1
𝐃𝐸𝘞𝘈D𝙊Я𝘈 menawarkan lingkungan yang ramah dan inklusif.,1
Gak pernah bosen main di 𝐃𝘖𝐑A𝟩𝟽! Selalu ada hal baru!,1
Pokoknya main di 𝘋𝐄𝙒A𝘿𝙊RА recommended banget deh!,1
"Di 𝘋𝙀𝐖𝘈𝐷О𝘙𝘼 saya menemukan kesempatan untuk bertransformasi, dari penjaja gorengan jadi pemilik kafe.",1
Modal usaha saya tumbuh pesat berkat keunggulan dari 𝘿𝑂RА𝟳𝟽.,1
Gak nyangka bisa dapet segini main di 𝘋𝙊𝘙𝘼𝟳𝟽! Auto traktir temen-temen!,1
Terima kasih 𝐃𝐸𝙒А𝐷OЯ𝘈! Hari ini menang besar dan bisa buat kebutuhan keluarga.,1
"𝘋𝘖𝘙𝘼𝟽𝟽 itu e𝘮g be𝐝a, mekswi𝘯 gampang 𝙗gt",1
"mаen d𝙞 𝘋ОЯ𝐴𝟩𝟽, сuan mu𝘭u",1
"𝘋𝑂𝑅𝐴77 gacіr bg𝙩, jepe terus",1
"Na𝐠ih bg𝐭 𝘪ni D𝑂𝙍𝘈𝟩𝟳, g𝘢cir parah sumрah!",1
"𝘿𝙊𝑅𝐴𝟽𝟳 gokiⅼ bg𝘵, pe𝘤ah tr𝙨 𝐠a s𝘪a2 anjay",1
"Jepe tгs 𝘥i 𝘿ОR𝘼7𝟳, asl𝙞 bikin na𝐠ih ga pernaһ berhentі 𝙢ain",1
Mantep Michelin bannya,0
Pastikan anda punya kampung,0
jgn lupa selang rem . master dan kaliper rem 🙏🙏🙏,0
coba dari dulu gw tau poipet308 pasti bikin hidup enteng seperti skrg,1
Video ini sangat cocok untuk ditonton semua kalangan. 𝑷𝒐𝒊𝒑𝒆𝒕𝟑𝟎𝟖,1
"Terima kasih, saya jadi lebih paham. 𝑷𝒐𝒊𝒑𝒆𝒕𝟑𝟎𝟖",1
Video yang sangat membantu. 𝑷𝒐𝒊𝒑𝒆𝒕𝟑𝟎𝟖 Terima kasih! 𝑷𝒐𝒊𝒑𝒆𝒕𝟑𝟎𝟖,1
Terima kasih atas waktunya bikin video ini. 𝑷𝒐𝒊𝒑𝒆𝒕𝟑𝟎𝟖,1
Video ini sangat menarik dan penuh informasi penting. 𝑷𝒐𝒊𝒑𝒆𝒕𝟑𝟎𝟖,1
"Terima kasih, sudah meluangkan waktu buat video ini. 𝑷𝒐𝒊𝒑𝒆𝒕𝟑𝟎𝟖",1
Salut dan respect untuk kerja keras yang terlihat nyata! 𝑷𝒐𝒊𝒑𝒆𝒕𝟑𝟎𝟖,1
"Sudah nonton berulang kali, gak bosen-bosen. 𝑷𝒐𝒊𝒑𝒆𝒕𝟑𝟎𝟖",1
Atta  aku ikut school premier league dari sekolah global mandiri jakarta,1
Semangaatttt...keren semuaa,1
mantapp poipet308 selalu memberikan yang terbaik!,1
ga ada kata bosan buat poipet308 gass terus!!,1
sangking enaknya poipet308 sampai menambah selera makan,1
"Temen-temen pada ngomongin poipet308, penasaran banget sih! 😍",1
Setiap detiknya ngasih ilmu baru poipet308,1
ga ada kata gagal kalo udah ngerasain kemenangan di poipet308!,1
Main bareng teman-teman di poipet308 lebih seru.,1
Scene di menit 2:15 tuh definisi 'hidup itu penuh kejutan'.maju terus poipet308,1
Mau main santai tapi tetep cuan? Coba poipet308!,1
Baru tau poipet308 ternyata seru juga.,1
"poipet308, tempat cari hoki cuyy!",1
Bang atta punya akademi sepak bola kah ?,1
PawPaw4D itu hiburan digital yang paling aku suka akhir-akhir ini!,1
PawPaw4D bikin kamu betah berlama-lama di depan layar!,1
Baru daftar langsung dapet reward! Main di PawPaw4D emang asik!,1
"Sambil nunggu temen, mending isi waktu di PawPaw4D!",1
PawPaw4D cocok buat hiburan harian yang aman dan fun!,1
"Lagi suntuk? Coba main PawPaw4D, dijamin senyum lagi!",1
"Lagi cari hiburan seru? Coba main di PawPaw4D, bikin nagih!",1
"Udah coba banyak game, tapi yang bikin betah ya PawPaw4D!",1
"PawPaw4D gak cuma game biasa, tapi pengalaman hiburan digital.",1
PawPaw4D Rekomendasi banget buat yang suka game ringan dan fun!,1
PawPaw4D itu tempat paling asik buat cari hoki!,1
PawPaw4D tuh tempatnya kalau mau cari keseruan dan hoki!,1
"PawPaw4D gak cuma game biasa, tapi pengalaman hiburan digital.",1
"Banyak pilihan game seru di satu platform, ya cuma di PawPaw4D.",1
Gak sabar nunggu event mingguan dari PawPaw4D!,1
Rekomendasi banget PawPaw4D buat yang suka game ringan dan fun!,1
PawPaw4D itu seperti temen nongkrong virtual yang seru tiap hari!,1
"Sekali coba, langsung jatuh cinta sama PawPaw4D!",1
PawPaw4D tuh tempat buat nyari hiburan yang nggak ngebosenin!,1
Banyak banget event di PawPaw4D yang bisa kamu ikuti!,1
"Udah ajak temen-temen juga, main bareng di PawPaw4D seru abis!",1
"Main game, dapat hiburan, dapat hadiah — cuma di PawPaw4D!",1
PawPaw4D punya banyak promo buat member baru dan lama!,1
"Mainnya gampang, serunya maksimal — PawPaw4D luar biasa!",1
PawPaw4D tuh bikin waktu luang jadi produktif dan menyenangkan.,1
PawPaw4D pas banget buat santai di rumah atau saat break kerja!,1
"Ajak temen makin seru, karena PawPaw4D ada referral bonus juga!",1
Setiap login ke PawPaw4D tuh selalu ada kejutan menarik.,1
Login harian di PawPaw4D? Sudah jadi rutinitas wajib!,1
PawPaw4D bikin hari-hariku jadi lebih menyenangkan.,1
"Kalau kamu belum coba PawPaw4D, kamu ketinggalan tren!",1
"Game-nya ringan, tampilannya keren, PawPaw4D emang top!",1
Gak nyangka bisa seru-seruan dan dapet bonus cuma dari PawPaw4D!,1
"Gak perlu keluar rumah, PawPaw4D siap temani kapan aja.",1
PawPaw4D tuh cocok banget buat isi waktu senggang.,1
"Banyak pilihan game di PawPaw4D, gak bikin bosen!",1
PawPaw4D tuh seru banget buat pemula maupun yang udah pro!,1
Main PawPaw4D tuh kayak healing digital — santai tapi seru!,1
"Mau santai atau fokus, PawPaw4D tetap seru dimainkan kapan aja.",1
"Mainnya simpel, tapi hadiahnya bikin happy — PawPaw4D emang beda!",1
"PawPaw4D Interface-nya gampang dipahami, cocok buat pemula!",1
"Gak perlu spek tinggi, PawPaw4D jalan mulus di semua HP!",1
"Trimakasih bang atta sdh mensuport persepak bola Indonesia, maju terus Indonesia ku ,sukses terus bang Atta",0
Masya Allah Tabarakallah,0
Semangat untuk semuanya yaa pphta,0
Keren sih mmg adek2 hrs ada yg dukung krana mreka punya semangat untuk memajukan sepak bola semangat smuanya Bang Atta mmg gak diragukan lgi selalu dukung sepak bola,0
"Semangat ,,Atta,,biar maju sepak bola indo ,punya bibit 2 junior.",0
Biar bebas enak sendiri an yaa  hati2 yaaa,0
poipet308 tampilannya ringan dan gak ribet.,1
mantap memiliki ini poipet308 buat pemanasan dahulu mantap!,1
"Gak nyangka, informasi yang disampaikan benar-benar berguna.,poipet308",1
Rejeki emang gak kemana makasi poipet308,1
"Gue udah buktiin sendiri, poipet308 ternyata seru banget!",1
cuma rebahan dikamar tapi main lc terus bree wkwkw karena poipet308,1
poipet308 cocok buat ngisi waktu luang.,1
"Dapet petir ungu langsung WD dari poipet308, mantep!",1
poipet308 lagi rame banget dibahas! Siapa yang udah coba? 🔥,1
"Terima kasih poipet308, video ini bikin saya paham topik sulit!",1
"Baru nyoba main di poipet308, langsung WD dong!",1
gilak sih keren banget poipet308 sampe cuan ga ada abisnya,1
"Gak ngerti lagi deh, poipet308 bisa seviral ini karena emang sebagus itu 😍",1
"poipet308 mendadak viral, auto cari google dan langsung nagih",1
receh doank tapi hasilnya Bintang lima cuma di poipet308,1
"Gak nyesel join poipet308 , profitnya bikin nagih!",1
Sweet Bonanza di poipet308 lebih manis dari gebetan 😘🍭,1
Gak nyangka poipet308 bikin nagih juga.,1
"Penjelasannya jelas dan mudah dipahami. Terima kasih!,poipet308",1
tidak usah saling hujat tapi coba aja poipet308 pasti adem banget jadi nya,1
"Terima kasih, sangat membantu tugas saya!,poipet308",1
"🔥 Gak perlu takut rugi, karena di king328, menang terus! 💰",1
king328 menyediakan pengalaman daring yang mudah dan tanpa repot.,1
"💎 Hoki terus tanpa henti, spin dikit langsung JP di king328! 💰🚀",1
"💥 Game paling gacor, jackpotnya luar biasa! king328! 💎",1
"Rezeki nomplok hari ini berkat king328 , alhamdulillah!",1
🤙🤙🤙Situss yang paling aku sukaa king328😍,1
"💎 Sensasi menang besar bikin nagih, cuma di king328! 🚀💰",1
"💥Baru main di king328, saldo langsung naik drastis! 🚀💰",1
"Rezeki hari ini datang dari king328 , makasih atas keberuntungannya!",1
"Parah banget! king328-bikin candu berat, susah banget buat berhenti!",1
Semoga rezeki yang berasal dari king328 membawa manfaat bagi sesama!,1
"king328 bikin hidup makin asyik, rezeki datang tanpa henti!",1
🔥 Cuma di king328 rezeki ngalir terus! 💰,1
💰 Mau jadi pemenang? Gas di king328 sekarang juga! 🤑,1
Rasakan perbedaannya dengan king328.,1
"Main santai di king328, hasilnya bikin senyum lebar. Terima kasih banyak!",1
"🎯 Putar terus, menang terus! king328 luar biasa! 💥🔥",1
"📊 Cuan lancar tiap hari, cuma di king328! 💎",1
"💎 Modal kecil bisa untung besar, cuma di king328! 😍🔥",1
Main disini bikin kantong tebel king328,1
🔥 Banjir cuan! king328 gak ada lawan! 🤑,1
"🎯 Masuk, spin, menang! Simple di king328! 🚀",1
"💥 Game paling gacor, jackpotnya luar biasa! king328! 💎",1
"💎 Hoki terus tanpa henti, spin dikit langsung JP di king328! 💰🚀",1
"🎯 Keberuntungan berpihak padaku, menang terus di king328! 💥💰",1
"Rezeki dari king328 sungguh luar biasa, terima kasih Tuhan!",1
"Sapu bersih semua hadiah dan bonus yang ada di king328 , auto jadi crazy rich!",1
💰 Cuan deras tanpa henti! king328 emang juara! 💎,1
Jepe terus di king328,1
Semoga rezeki yang berasal dari king328 membawa manfaat bagi sesama!,1
"Main bentar, eh langsung rezeki nomplok! Semuanya bisa terjadi di king328!",1
"Gila! king328 bikin ketagihan parah, susah move on!",1
💎 Cuan deras datang bertubi-tubi di king328! 💰,1
Papata deah memang keren byk berfoto bersama yg lain ❤❤,0
Semoga klrga taf juga bahagia selamanya,0
Seharusnya sama mmhnur ke ondangan nya ❤❤,0
Semoga bahagia dan sukses selalu papata mamanur family 🩵🤍💙💜❤️🧡💚,0
Bang ku kira pakai lipstik ternya lampu,0
Moga mmnur selalu temenin ppta disetiap undangan walaupun bkn bestinya mmnur biar gak timbul fitnah,0
Papata koq sendirian...,0
"Happy Weeding Smoga Langgeng Setia Utk Slmx,, Dan Utk My AHHA Jg Do'a Terbaik Sht Kuat Makin Bhgia Makin Sukses Dan Ttp Dlm Lindungan Allah Swt Amin",0
Pertama bossss kuyu,0
Gemmi cantik nya nurun ke cucu cucu cantik smuaaaa,0
dari kemarin penasaran sama poipet308 eh malah langsung dikasi rejeki,1
no debat sih kalau poipet308 memang no 1 diindonesia!,1
selamat menikmati semuanya salam dari poipet308❤️,1
Setiap hari adalah peluang baru. Manfaatkan sebaik mungkin! poipet308,1
jujur dulu saya sulit banget dapat rejeki tapi sejak kenal poipet308 hidupku pun berubah,1
"Karakter ini cocoknya masuk sinetron, ekspresinya lebay banget soalnya dikasi poipet308🤣",1
Video ini layak ditonton semua orang poipet308 Luar biasa!,1
ga ada yang percaya kalo rejeki itu bisa datang kapan aja tapi poipet308 bisa membuktikannya!,1
kayaknya cuma poipet308 deh orang baru dimanjakan dengan cuan nya,1
"wahh mantap poipet308, baru pertama kali coba udah dikasih aja",1
poipet308 beneran bikin gue ketagihan main slot!,1
seru banget poipet308 Alhamdulillah rasa pensaran ku terjawabkan juga setelah mampir disini,1
serius nanya ada yang tau poipet308 itu apa sih?,1
Kualitas grafisnya oke juga buat browser game poipet308,1
ga perlu peduli apa kata netizen semangat terus fans poipet308,1
"Main di poipet308, dapet JP sampe kucing gue ikut joget 🐱💃",1
poipet308 beneran bikin gue ketagihan main slot!,1
"jangan sampe ketinggalan poipet308 lega banget, beruntung dapet hadiah mantap dalam hitungan menit",1
Sering2 melihat dan memperhatikan poipet308 banjir cuan deh pokoknya!,1
hanya di poipet308 aku bisa ngerasain hidup sejahtera bro makasih banyak cuan nya,1
"Lha koq tumben, baju Ameena terbukahhh.... ??",1
"Gemmy awet muda banget, cantik,sexy😊❤",1
poipet308 bikin gue jadi percaya lagi sama situs slot!🥰,1
"poipet308 bikin kantong gue tebel lagi, thanks ya!🥰",1
poipet308 beneran bikin gue ketagihan main slot!🥰,1
Kd bagus bngtbadannya,1
Ya ampunnn ternyata kuat bgttt gen nyaaaa😂😂😂 bru nyadar akohh,1
"Salam ya buat Eyang Rachma Widadiningsih, dulu rumahnya bersebelahan di JBE, Salam sehat selalu ya",1
"Beneran deh, main di sorjp88 tuh gak pernah gagal, selalu Caerr 🎰💥💸",1
"Bener-bener H0K1 deh, dapet Jepei besar di sorjp88 💥💸",1
"Main terus di sorjp88, Jepei langsung gede 🎰💥 Rejeki lancar",1
"Main terus, Jepei gak pernah berhenti 💥🎰 sorjp88 emang Topcer",1
"sorjp88 bener-bener Topcer 💸🎉 Jepei terus, rejeki lancar",1
"sorjp88 emang juara, Jepei terus 💥🎉 Cuan lancar",1
Caerr besar terus 💥🎰 Jepei besar dari sorjp88,1
H0K1 banget Dapet Jepei segede ini di sorjp88 🥳🎰,1
H0K1 banget main di sorjp88 🥳🎰 Jepei terus datang,1
Dapet Jepei segede ini 🥳💸 sorjp88 gak pernah ngecewain,1
"Main di sorjp88, Jepei gede langsung cair 💥🎰",1
"Wah, Jepei gede 🤑💥 Main di sorjp88 tuh gak pernah nyesel",1
"Main di sorjp88, seru banget 🎰💥 Caerr terus",1
"H0K1 lagi, Jepei gede 💥🎰 Di sorjp88, selalu dapet cuan",1
"Main terus di sorjp88, Jepei gak berhenti 💥🎰",1
"H0K1 banget hari ini, Jepei gede 💥🎰 Rejeki lancar di sorjp88",1
Aktif banget anaknya,0
idenya menarik nih langsung gas aja klo gitu deh ke google cari ambil4d,1
Sangat keren! Meraih kemenangan besar di ambil4d langsung berlibur ke luar negeri!,1
Tarik semua kemenangan dari ambil4d saatnya checkout di shoppee!,1
idenya menarik nih langsung gas aja klo gitu deh ke google cari ambil4d,1
STOP YA KOMEN KOMEN GAJELAS KITA ITU UDAH TAU YANG PASTI BAYAR DI ambil4d,1
disini gabisa kirim link ges cari di google aja ambil4d,1
modal limpol jadi gope makasi ambil4d,1
bener bang kata lu emang di ambil4d itu pasti dikasih dulu,1
Dari yang tadinya cuma penasaran jepey di ambil4d!,1
bener bang kata lu emang di ambil4d itu pasti dikasih dulu,1
banyak yg komen ambil4d itu apaan boss?,1
emang terbaik si abang ini ambil4dI👍,1
Aku pernah berantam dulu pas kecil tapi sekarang aku lebih pilih main di ambil4d,1
Gegara pain infrastruktur di konoha lgsg berubah drastis jangan lupakan ambil4d guys,1
ambil4d..Terpopuler saat ini✔,1
Senyum azura manis banget kelopak mata nya bulet cantik,0
Lama lama piring nenek nya pinda ke rumah kakak amena 😂,0
Dari yang tadinya cuma penasaran jepey di ambil4d!,1
SUPER MANTAP Saya udah kecanduan main di situs  ambil4d    ini seriusan! Mainnya asik hadiahnya gak nahan. Ayo join ga bakal nyesel!,1
Keberuntungan saya bener-bener gacir di ambil4d nggak nyangka!,1
Gak pernah cape main ambil4d selalu ada yang baru!,1
Tarik semua kemenangan dari ambil4d saatnya checkout di shoppee!,1
itu si rojali doyan banget main di ambil4d sampe kebeli mobil,1
Rezeki ngucur terus auto shopping bareng ambil4d,1
Pengalaman aku main di link ini:ambil4d Langsung gas aja bang link nya lagi gacor,1
Cuma ambil4d nih yang langsung ngasih JP besar. Mantap bro,1
Hari bebas makan apa aja kalo lagi ke rumah gemmi n genda. Lama2 piring sm sendok gemmi abis dong kakak naa,0
Mbah Gemo plakor jalang hamidun amorallll 😂😂😂😂,0
Kelakuan Mimi KD bener nurun ke Aurel dan Aurel nurun ke ameena😂❤,0
PD doyan joget sama nyanyi. Bnr2 duplikat neneknya gemi.😂😂😂,0
KD makin kesini makin muda,0
"dibed4d gokil kali, 🎯 Jeipe gede terus, S3l0t G4C0r makin seru 💥",1
"dibed4d gokil bener, 💎 Jeipe gede, makin seru mainnya 🎰",1
"dibed4d juara, 💎 Jeipe gede, makin seru tiap mainna 🎰",1
"dibed4d mah gokil, 💎 Jeipe gede terus, makin ketagihan 🎰",1
"Gila, dibed4d beneran G4C0r 🎰 Menang gede terus 💸",1
"dibed4d ni gokil kali, 🎯 Jeipe gede terus, makin seru mainnya 💎",1
"H0k1e bener di dibed4d, 🎰 Jeipe gede, makin seru 💥",1
dibed4d selalu kasih Jeipe 💰 S3l0t G4C0rnya gak bohong 🔥,1
"dibed4d juara banget, 🎯 Jeipe gede terus, S3l0t G4C0rnya gokil 💥",1
"dibed4d emang top, 💥 Jeipe gede terus, makin H0k1e terus mainnya 🎯",1
"Di dibed4d, Jeipe gede gampang banget, makin seru dan menantang Coba main terus biar H0k1e 🎯",1
�� S3l0t G4C0r dibed4d selalu bikin H0k1e Menang terus 🔥,1
dibed4d emang G4C0r S3l0tnya ngasih Jeipe gede terus 💎🎯,1
Gokil banget 💰 S3l0t G4C0r di dibed4d bikin menang terus 🔥,1
"Main terus di dibed4d, 💥 Jeipe gede terus, makin H0k1e 🎯",1
"dibed4d emang gokil, 🎯 Jeipe gede terus, S3l0t G4C0rnya makin seru 💥",1
"dibed4d ni gokil, 🎰 Jeipe gede, makin seru terus mainnya 💥",1
"dibed4d juara pisan, 💥 Jeipe gede, makin seru tiap mainnya 🎰",1
"dibed4d juara pisan, 💥 Jeipe gede, makin seru terus 🎰",1
"dibed4d juara banget, 💥 Jeipe gede, makin seru banget 🎰",1
"Menang terus di dibed4d, 🎰 Jeipe gede mulu, makin seru 💎",1
"H0k1e banget di dibed4d, 🎯 Jeipe gede mulu, makin seru mainnya 💎",1
"dibed4d mah gokil pisan, 💎 Jeipe gede, makin seru terus 🎰",1
"🎉 Menang terus di dibed4d, S3l0t G4C0rnya bener-bener ngacir 💸",1
"Menang terus di dibed4d, 💎 S3l0t G4C0r, Jeipe gede nggak berhenti 🎯",1
�� Menang terus di dibed4d S3l0t G4C0rnya ngasih Jeipe gede 💸,1
"H0k1e banget nih di dibed4d, 🎯 menang gede terus, Jeipe gede 💥",1
"Menang gede terus di dibed4d, 🎰 Jeipe gede, makin seru mainna 💥",1
�� dibed4d emang joss S3l0t G4C0r kasih Jeipe gede 💥,1
"dibed4d mah gokil pisan, 🎯 Jeipe gede, makin seru banget 💎",1
�� dibed4d top banget S3l0t G4C0r ngasih Jeipe besar 💸,1
"Puas banget main di dibed4d, S3l0t G4C0rnya ga bohong 💎🎰",1
"Di tunggu vlognya, seruu gemmi dan putuna😂",0
Mbah kd badut menor alay,0
Seneng bgt klo liat gemi bersama putu2 nee...❤❤,0
Kakak na kalau cium nggak boleh bibir takutnya ada virus,0
Naaa bajunya nanti diprktes papa lo lupa nggak pakai kaos dobelan hahahaha.....,0
Di tunggu ya ke Malaysia. Cucu²nya KD lagi popular dari nenek mereka.  😂😂,0
Pinter banget azura .nanti ikut rentak àh...ah...,0
Vlog yg mana nih? Pokonya kalau kerumah gemmi KD slalu nunggu vlogny. Gemes bgt mreka nenek rasa besty bner2 cucu gemmi KD ini mah random gemes cantik,0
Psnjang umur gemi bahagia selalu bersana cucu,0
"Masyaalah Ayank Ameena Azura Cantik Embul Menggemaskn Buanget Sehat Kuat Ya Cantik Sukses Terus Buat Gemmi Sllu Bhgia Brsm Cucu "" Yg Cantik Menggemaskn Buanget Masyaalah",0
Sama kayak anakqu klo pulang dr rumah akung sama mamak nya(sebutan mbahdari bapak) selalu bawang barang² random 😂,0
Yeayyy Ameena Azura di konsert gemmi di Malaysia,0
"Bahagia banget gemmi klu sudah kumpul dg dua cucunya yg lucu"" ❤❤",0
Mau dtg buat konsert ke Malaysia 😊 wahhh,0
Senangnya di rumah gemmi,0
"Bahagia banget nih gemmi bersama Ameena dan Azzura, aduh sambil tik tok kan dong.",0
Sweet nya kakak adek kesygan warga AHHA di rumah gemmi 🥰,0
suami pelita utk istri nya  kebaikan ramah utk teman terdekatnya,0
Kakak atta curang banget sama istrinya sendiri dan kakak amina,0
Sy pernah lihat ini di youtube lain,0
dikasi rejeki mulu di poipet308 sehat selalu..,1
seru banget poipet308 Alhamdulillah rasa pensaran ku terjawabkan juga setelah mampir disini,1
kesini cuma info doang kalau di poipet308 bikin tertular hokinya,1
"Gamenya ringan dijalankan, gak bikin lag poipet308",1
"makasi rekomendasi nya tmn2, wede sudah landing dengan mulus, jaya terus poipet308",1
Bikin topik rumit jadi gampang dimengerti poipet308,1
beneran ga pake drama2 nih poipet308 udh bikin menang banyak cuy!,1
"Santai sore sambil main poipet308, mantap!",1
mantap cuma modal kecil bisa dapet keuntungan di poipet308 suasana batin jadi bagus di imbuh,1
Kamu bisa jadi apa saja asal kamu mau berusaha. poipet308 solusi terbaik,1
"Setiap menitnya penuh manfaat. Keren banget!,poipet308",1
ga ada salahnya mencoba di poipet308 pastinya menang terus1,1
5 menit baru paham ternyata poipet308 ga kaleng-kaleng!,1
Momen saat musuh jatuh sendiri itu berkah dari semesta poipet308 😌,1
Baru tau poipet308 ternyata seru juga.,1
sesuai sih nama poipet308 lagi trending di komen2 soalnya lagi bagi bagi thr,1
poipet308 bikin gue jadi sering senyum-senyum sendiri!,1
baru tau ada yang lebih baik dari yang lain yaitu poipet308 karen tempat untuk merubah hidup,1
Baru tau poipet308 ternyata seru juga.,1
poipet308 emang tempat nya para juara jangan samain sama yang lain!,1
Ga heran poipet308 baru maen dapat berkah berulang kali,1
poipet308 bikin gue jadi sering dapet untung!,1
jangan salah pilih karena poipet308 masih yang terdepan!,1
😂😂😂😂😂😂 melu jengkel hadak e,0
Fokus tangan sebelahnya yg bunyi pdhl tu,0
Maaf ya kenapa stelan A kya agus ..🙏🙏,0
Suara ameena plek mamanur banget ternyata😂❤,0
Hahaha ketipu juga aku 😂😂😂😂,0
Bang Ata jangan potong rambut kayak gitu dong.,0
Atta ni  mirip agus ya diluar rumah dlm rumah pakai kaca mata hitam trus 😂😂😂😂,0
Vidionya di potong,0
Ak tertipu 😂😂😂,0
Tangan sebelah nya di lengan,0
ambil4d tiap hari pasti ada yang wedey lu kapan..,1
Gak nyangka bisa menang segini di ambil4d! Auto senyum lebar!,1
Seorang fans adalah gambaran dari idola itu sendiri 😂kalo aku fans ambil4d,1
Yapp ini penjelasan paling realistis dan gabisa di debat lagi. Perfect bro gas google sekarang ambil4d,1
Tutorial dong bang daftar di ambil4d gimana caranya,1
ambil4d..Terpopuler saat ini✔,1
Gak pernah cape main ambil4d selalu ada yang baru!,1
modal limpol jadi gope makasi ambil4d,1
SUPER MANTAP Saya udah kecanduan main di situs  ambil4d    ini seriusan! Mainnya asik hadiahnya gak nahan. Ayo join ga bakal nyesel!,1
Rezeki emang gak kemana makasi ambil4d,1
makasih yang udah likee❤❤ambil4d tak akan mati,1
Gw pake trik ini udah lama sih hehe emang bener bener hoki di ambil4d klo pake trik ini,1
Ternyata bener kata2 orang di ambil4d! bisa menang banyak dan dibayar!,1
Kalo mafia main di ambil4d mungkin mereka bakal lebih sering Shopping daripada bikin rencana! 😂,1
Gak nyangka bisa menang segini di ambil4d! Auto senyum lebar!,1
Sangat keren! Meraih kemenangan besar di ambil4d langsung berlibur ke luar negeri!,1
Aku gak percaya rezeki bisa datang tanpa usaha tapi di ambil4d semua bisa terjadi!,1
makasih yang udah likee❤❤ambil4d tak akan mati,1
Setiap hari selalu ada hal-hal baru dan menarik dari ambil4d bikin rasa penasaran terus terjaga!,1
itu si rojali doyan banget main di ambil4d sampe kebeli mobil,1
Aku pernah berantam dulu pas kecil tapi sekarang aku lebih pilih main di ambil4d,1
Ketik google ambil4d abis itu klik deh baru ketauan apa itu ambil4d,1
STOP YA KOMEN KOMEN GAJELAS KITA ITU UDAH TAU YANG PASTI BAYAR DI ambil4d,1
Pokoknya ambil4d sangat rekomend banget buat semua!,1
"Atta klo nggak pakai kacamata,aslinya ganteng",0
Kok kaya Agus si klo pake kacamata,0
makin seneng banget nih keluarga,0
Ade dibaju jaket atta,0
Itulah knp pesulap suka pke bj lgn pj... 😅😅😅😅😅,0
Rese lu papata 🤣🤣🤣,0
Kompak selalu ya mamanur bersama suaminya,0
Papata Nyebelin banget 😂😂,0
karna yg bunyi tangannya atta sebelah kiri wkwkwk,0
Kirain aurel menang..eh atta curang,0
Eh sulapan...ikut serius tadi ngelihatinya,0
rupanya mau alih profesi,0
"Gumuzzzzz...tetep ngelucu ya PapaTa n MamaNur. Nagih tontonan yang seperti ini, mirip moment² PDKT 😅❤❤❤😅",0
Sampek ikutan pelototin …ternyata dikibulin papata….ngeselin ngga sihh😂😂😂😂😂,0
Ya Allah ngakak.. papata curanggg,0
Pantesan ternyata ada rhsnya 😂,0
Kompak slalu ka AH ama Aurel..😂❤,0
Ke 1❤,0
cup pertama komen😅,0
Dah tau,0
Dah tau,0
💜poipet308💜 bikin gue jadi sering senyum-senyum sendiri!!,1
"Gak perlu mikir dua kali, 💜poipet308💜 solusinya!🥰",1
"poipet308 beneran situs slot paling oke, gak pernah ngecewain!🥰",1
"WD di 💜poipet308💜 lancar banget, gak pake ribet! !",1
💜poipet308💜 bikin gue jadi percaya lagi sama situs slot! !,1
"Gak nyesel join 💜poipet308💜 , profitnya bikin nagih! 🥰",1
maasyaallooh... rasanya sku mnangis tapi mulutku senuyum trs. bhgia mlihat aurel bhgia di tangan pria yg sangt meratukannya.smg rizkinya melimpah seprti air lautn....,1
Pokoknya ambil4d sangat rekomend banget buat semua!,1
Hari yang menyenangkan berkat ambil4d! Rezeki ada disini!,1
Aku gak percaya rezeki bisa datang tanpa usaha tapi di ambil4d semua bisa terjadi!,1
Ketik google ambil4d abis itu klik deh baru ketauan apa itu ambil4d,1
Pengalaman aku main di link ini:ambil4d Langsung gas aja bang link nya lagi gacor,1
itu si rojali doyan banget main di ambil4d sampe kebeli mobil,1
SUPER MANTAP Saya selalu dapet keberuntungan di  ambil4d    beneran! Gasabar liat lo juga ikutan rame di komunitas pemenang!,1
idenya menarik nih langsung gas aja klo gitu deh ke google cari ambil4d,1
STOP YA KOMEN KOMEN GAJELAS KITA ITU UDAH TAU YANG PASTI BAYAR DI ambil4d,1
ambil4d..Terpopuler saat ini✔,1
alasan aku menikah karena aku dapat modal dari ambil4d,1
SUPER MANTAP Saya selalu dapet keberuntungan di  ambil4d    beneran! Gasabar liat lo juga ikutan rame di komunitas pemenang!,1
Cuma ambil4d nih yang langsung ngasih JP besar. Mantap bro,1
ambil4d gue hki trus bener-bener beda di sini,1
ambil4d tempat hoki yang nggak ada duanya!,1
SUPER MANTAP Saya udah kecanduan main di situs  ambil4d    ini seriusan! Mainnya asik hadiahnya gak nahan. Ayo join ga bakal nyesel!,1
hanya di ambil4d aku bisa ngerasain makkwin coyy kalian pasti bisa juga,1
Bersyukur untuk hari ini. 𝐆𝐎𝐎𝐆𝐋𝐄 𝐀𝐉𝐀  ambil4d,1
Dari yang tadinya cuma penasaran jepey di ambil4d!,1
ambil4d..Modal sikit hasil membukit,1
Pantes banyak yang komen ambil4d cuan terus menerus tanpa ada jeda!,1
Ternyata kita bisa main di ambil4d melalui iphone juga ya,1
Keren maksimal! Menang banyak di ambil4d auto jadi sultan surabaya nih!,1
SUPER MANTAP Abis nyoba situs  ambil4d    ini langsung hooked! Mainnya keren hadiahnya gak main-main. Ga heran banyak yang suka!,1
ambil4d tiap hari ada aja yang hki geede,1
Pengalaman aku main di link ini:ambil4d Langsung gas aja bang link nya lagi gacor,1
Subscribe atta sedikit ketimbang ria ricis,0
Anak online ku tersayang mashaAllah tabarakallah sehat sehat slalu Aamiin,0
Keren semangat selalu salam sksd semuanya salam suport❤❤❤❤❤❤❤❤❤❤❤,0
Tambah cantik mamah nur,0
Mantap DObacot bikin nambah rezeki,0
"Modal kecil main di 𝐃 𝙀 𝙒 𝘼 𝐷 𝑂 𝙍 𝐴, untung berkali-kali lipat! Mantap! ☦",1
Main di 𝐷 E 𝐖 𝘼 𝘋 𝐎 Я А bikin auto happy! Rezeki emang gak salah alamat! ▶,1
"Di 𝐃 𝘌 𝑊 𝘼 𝘋 𝐎 𝑅 𝐴 saya menemukan peluang, dari pegawai harian jadi pemilik usaha. 🏢",1
"Gak pernah bosan main 𝘋 𝐸 𝑊 𝘈 D 𝑂 R 𝘼,selalu ada yang baru! 👋",1
"Awalnya hanya iseng-iseng mencoba bermain 𝐃 𝐎 R A 7 𝟽,eh ternyata malah menjadi seorang ahli, rezeki pun datang terus menerus tanpa henti! 🐎",1
"Di 𝐷 𝙊 R A 𝟳 7 mendukung transformasi saya, dari buruh tani jadi bos agribisnis. 🗿",1
Hasil dari 𝐃 𝑂 Я А 7 𝟳 membuat saya merasa lebih leluasa dalam mengelola keuangan. 😚,1
"Berkat D 𝘌 𝑊 A 𝘿 O 𝑅 A saya melesat, dari pengantar koran ke bos media. ⛰",1
"Iseng-iseng mencoba bermain 𝘿 𝐎 R 𝐀 𝟩 𝟩, justru malah menjadi ahli, rezeki terus menerus datang! 🈁",1
Keberuntungan besar bikin aku makin semangat main lagi di D 𝙊 R 𝘈 𝟽 7! 🚑,1
Di D Е 𝘞 𝘈 𝐃 𝑂 𝙍 A memberikan modal tambahan untuk memulai usaha yang saya inginkan. 🦞,1
"Gak nyangka, cuma sekali main langsung dapet jakpot. Bener-bener gacir di 𝘋 Е W 𝘼 D O 𝙍 А! 🍔",1
Hasil dari D 𝘌 W 𝐴 𝘿 О Я 𝘈 membuktikan saya bisa beralih dari tukang jahit jadi pemilik butik. 🥍,1
"Happy banget bisa dapet rezeki besar dari D 𝐸 𝑊 𝐀 𝘿 𝙊 𝑅 𝐀, bener-bener puas! 🥚",1
"Wih, JP lagi dan lagi di 𝘋 O 𝑅 𝐴 𝟳 7, rezeki emang lagi berpihak! 🈚",1
Keuntungan di 𝘿 𝘌 𝘞 𝘼 𝐷 𝐎 𝙍 𝐴 membuka peluang modal untuk mengembangkan bisnis. 🐋,1
"Bermain di D 𝘌 𝐖 A 𝘋 О R 𝘈 membuka jalan, dari petani kecil ke pengusaha sukses. 🪀",1
Beberapa pengguna menemukan D 𝐄 𝑊 А 𝘿 𝙊 𝙍 А sebagai alat yang berharga untuk berjejaring. 🤙,1
Keuntungan di 𝐃 O 𝑅 𝐴 7 𝟳 membuka jalan bagi saya untuk memiliki rumah yang layak. 🍉,1
"Liburan lebaran ke KEBUN BINATANG , PANTAI . Yang standar tempat ya kalau di JAKARTA dskt ya ke TMII , ANCOL DUFAN . Kebun Binatangnya ke TAMAN SAFARI PUNCAK CIANJUR 😢",0
Lebaran acara ya rekreasi wisata liburan sama anak anak BRO !!!! . Semua Tempat Wisata penuh sama Anak - Anak Orang Tua dan Keluarga Besar 🎉,0
"Rezeki datang tak terduga di DEW𝐀𝘋O𝘙𝐴, coba dan buktikan sendiri!",1
Keuntungan dari D𝑂𝙍А𝟽𝟩 memungkinkan saya memiliki rumah idaman.,1
Berkat D𝙊𝐑𝐴𝟩𝟩 saya mendapatkan dana untuk mengembangkan usaha saya.,1
"Hasil nyata di 𝐃𝘖Я𝘼𝟩𝟩 mengantar saya, dari kuli bangunan jadi pemilik perusahaan.",1
Semua bisa terjadi di D𝑂𝐑𝘈𝟳𝟳. Buktikan sendiri kalau kamu juga bisa menang!,1
"Baru coba main di 𝐃O𝘙𝐴𝟩7, eh rezekinya langsung gacir. Mantap banget!",1
"Melalui 𝐃𝘖𝐑A𝟩𝟩 saya bertransformasi, dari penjaja gorengan menjadi pemilik kafe.",1
"Kece badai! Main di 𝘿𝐄𝑊𝘈𝘋О𝘙𝐀 lancar, cuan juga lancar jaya!",1
"Main bareng teman di 𝐃Е𝘞А𝘋ORА makin seru, makin banyak cuan!",1
𝐃ОЯ𝐀𝟳7 menawarkan tim dukungan yang responsif dan bermanfaat.,1
"Di DО𝙍𝐴7𝟽 saya menemukan peluang, dari penjaja nasi goreng jadi pemilik usaha makanan.",1
"Dapet rezeki besar dari 𝐃𝙀𝑊𝘼𝐷𝙊𝙍𝘼, nggak nyangka main jadi seasyik ini!",1
Bermain di 𝐷О𝘙А𝟳𝟳 membuat saya mampu mengatasi beban hutang dengan cepat.,1
"Beneran nih, cuma sekali main langsung dapet hasil gede di 𝐷О𝙍𝘈𝟽7. Kalian nggak penasaran?",1
𝐷O𝑅𝘼𝟩𝟽 menyediakan platform untuk pertumbuhan dan pengembangan diri.,1
Beberapa pengguna melaporkan hasil positif dari penggunaan D𝘌WA𝘿𝙊R𝐴.,1
"Malam ini beruntung banget main di 𝘿𝑂𝑅A𝟩𝟩, hasilnya luar biasa!",1
Hasil positif di DEW𝐴𝐷𝑂Я𝘈 membantu saya menyelesaikan kewajiban finansial.,1
Jakpot besar di 𝐷𝙀𝙒𝘼𝘿О𝐑𝘈 bikin hari semakin cerah. Siapa cepat dia dapat!,1
Modal yang diperoleh dari 𝐃ОЯ𝘈𝟩7 membuka peluang untuk usaha yang lebih berkembang.,1
"𝐆a ny𝘦sel maen di 𝐷𝐸𝐖𝐀𝘿𝐎R𝐴, utan𝐠 bere𝐬 se𝙢ua",1
"𝘋O𝘙𝘼𝟽7 gaci𝘳 pa𝐫ah, 𝙙epo re𝙘eh аja bis𝐚 meks𝙬in berkalі-kali",1
"Dari рertama 𝙢ain sa𝘮pe sk𝘳g, d𝘪 𝘋E𝘞A𝐃ОЯ𝘼 g𝙖 perna𝘩 zo𝐧k",1
"𝐷𝑂𝙍A𝟳𝟽, mekswi𝐧 t𝙚rus tiap har𝙞",1
𝘿𝐎𝑅𝐀𝟩𝟩 𝐣uara mekswin!,1
"𝐷𝐎𝐑𝘼𝟳𝟳 g𝙖chor pa𝙧ah, biki𝘯 lup𝐚 𝙬aktu 𝘬arena nagiһ mae𝙣nya",1
"Baru ma𝙞n depo 50, langs𝙪ng ja𝘥i 5 ju𝙩a dі 𝘿𝙊𝙍𝘈𝟩𝟩, go𝐤il ѕih",1
"𝘨acir bgt, lang𝐬ung 𝐣epe di 𝐷Е𝙒𝐀𝐃𝐎ЯА",1
"𝘋𝘖ЯA𝟩𝟳 emang gacir pa𝐫ah, ut𝐚ng nu𝐦puk jadi luпas semuа",1
"𝐃𝘖𝑅A𝟩𝟽, mekswiп terus tіap ha𝘳i",1
"Вaru c𝐨ba 𝘮aen di 𝐃𝘖𝐑𝐴𝟳𝟳, langsung υtang kelаr 𝙨emua",1
Hasil dari 𝘋𝐎RA7𝟩 membuktikan saya bisa beralih dari penjual kaki lima jadi pemilik restoran.,1
Di 𝘿𝙀𝐖A𝐷𝙊𝙍𝐀 membuat saya bisa membeli rumah dengan hasil yang memuaskan.,1
Banyak pengguna yang menemukan D𝐸𝑊АD𝙊𝙍A sebagai sumber daya yang berharga.,1
Modal yang diperoleh dari 𝐃E𝘞𝘼𝐃𝐎𝐑𝘼 sangat berarti bagi usaha saya.,1
Hasil dari 𝐷𝘌𝑊𝘈𝘋𝑂R𝘈 membuktikan saya bisa beralih dari penjual keliling jadi pengusaha kopi.,1
Main di 𝐷𝘌𝙒𝘼𝘿𝑂𝘙A bikin nagih! Pengen main terus!,1
"Di 𝘿Е𝐖𝘈𝐃𝙊𝘙𝘼 saya mendapat peluang, dari sopir angkot jadi pengusaha sukses.",1
Hasil dari 𝘿𝐸W𝘈𝘿𝘖𝑅𝘈 membuat saya bisa membayar hutang dengan mudah.,1
"Bermain di 𝘋E𝘞А𝘋𝘖𝐑А membantu saya bertransformasi, dari penjaja es kelapa jadi pemilik kedai es.",1
𝘋Е𝐖𝐀𝐃𝘖𝑅𝘼 memberikan kesempatan untuk terhubung dengan beragam orang.,1
"Jakpot hari ini bikin aku makin semangat, cuma di 𝘋𝐄𝘞AD𝘖𝙍А!",1
Hasil dari D𝙀W𝐴𝘿О𝙍А membuktikan saya bisa beralih dari tukang sayur jadi bos supermarket.,1
Bermain di 𝘿𝘌𝘞𝘼𝘋ОR𝐀 membuka peluang modal untuk memulai usaha baru.,1
Keuntungan di 𝘿ORA𝟳𝟳 memungkinkan saya merealisasikan impian beli rumah.,1
"Hasil nyata di 𝘋𝙀WA𝐃О𝙍𝘈 mengantar saya, dari penjual keliling jadi pemilik warung kopi.",1
"Gak nyangka bisa menang sebanyak ini di D𝙀W𝐀DO𝑅𝘈, impian jadi nyata!",1
D𝐎ЯA𝟽𝟽 memberikan kesempatan untuk mencoba sesuatu yang baru.,1
Berkat 𝘋𝑂𝘙A7𝟳 saya mendapatkan kepercayaan untuk memulai usaha baru.,1
"JP lagi, JP lagi di 𝐷Е𝐖𝘼𝘿OR𝘼! Rezeki emang lagi bagus!",1
"Berkat 𝘋𝐎𝙍𝐀𝟽𝟳 saya melesat, dari penjual keliling ke bos warung kopi.",1
D𝙀𝑊𝘈D𝘖𝙍𝘼 memberikan kesempatan untuk mencoba sesuatu yang baru.,1
Mantap,0
Mntap,0
Masya Allah saya juga buat papata mamanur emang enak bangat 👍🏾👍🏾❤️❤️,0
Cbanknoporbijinsnbssyabakalbakiklgitenenbssysjugavilangebakopornyakucutenenbsayanainmknboporayamssnpaigekebg2ssjingebakbyanknjetpatnanbshtpiopornyatfkmsuhabyanibtakuahoporbysdsnbikangihukbissyanssskssnpaijatagijiebaknyabgtjatanya,0
OporsyamkkbjmbujadiganpangRelebihenaksedapbsesngnerahputihlsdsketunbarsrdikittrskemitibkenderayanjanoubgtarohrebusbsrengssnabunbutahisakankengjussdedijitasstarohssntantamvahgaramgulasdcujuobysabruficicitunggusamosiatanempukyahmstrngbertabgdjhnduksoajybunbujsdioebyedasayajesringanmskoakrvujbuhjjbubgtssjitstrojrmohinbksshsayssedekshtuoengibstabbstrokessyakeBCSRarisugisrti5730433482dukunebekayreloetnahysjugadotssysstroketapisdhsehatsejsrangmshadasissobstbolehrelkirimkannjesayajkomautrkponnkessYaRatisugisrti5739423481wsdsnbtelponbbisstaalanatbuatibatRatijlnbTanjjngGg4/73Banyumaspurwokertojawstengah,0
Happy lebaran 😊 semangat masak opor ayam dkk 🔥🤪,0
Isi komentarnya orang promosi judol,0
𝘿EW𝐀𝘋О𝙍𝘼 emang is the best! JP-nya bikin mata terbelalak!,1
Modal tambahan dari 𝘋𝘖𝘙𝘈𝟳𝟽 meningkatkan kemampuan saya untuk berwirausaha.,1
"Rezeki dari DОR𝐀77 emang gak ada duanya, terima kasih ya Allah atas limpahan rezeki-Mu!",1
"𝘿𝐎ЯА𝟩𝟽 bikin ketagihan, pengen main terus dan terus!",1
"Pelayanan 𝐃𝙀W𝐀𝐷𝐎ЯА super ramah, puas banget!",1
"𝘋𝙊𝐑𝘼𝟽𝟩 bikin hidup makin berwarna, cuan gak berhenti!",1
𝐷𝙀𝙒𝘼𝐷𝐎𝙍𝐴 menawarkan pendekatan yang berbeda untuk interaksi daring.,1
Di 𝘋𝘌W𝐴𝘋𝙊𝐑𝘼 adalah solusi bagi saya untuk bayar hutang secara efektif.,1
Pertama,0
Yg pertama,0
𝘿𝐎𝙍A𝟳𝟳 e𝙢ang juar𝘢 maxwi𝙣,1
"Situ𝐬 terbaik, 𝘋𝐎𝘙A𝟳𝟳 gac𝘰r",1
"𝐾etagihan 𝐦ain di 𝘋𝙀WAD𝙊𝐑𝘈, gachor t𝙚rus jepey ga a𝘥a la𝘸an",1
"D𝙀𝑊𝘼𝘿𝐎𝙍А g𝙖cir, m𝐞nang te𝘳us!",1
"Gа b𝙤ong, di 𝘋E𝙒𝘈𝐷𝙊𝙍А de𝙥o kеcil doa𝘯g bisa maxwin berkali-kaⅼi",1
"gacir bange𝐭 𝐝i 𝐷𝑂𝑅А7𝟩, langs𝙪ng 𝙟epe",1
"Bi𝐤in ke𝐭agihan 𝘮ain ԁi 𝐃𝑂𝑅𝐴𝟩𝟳, g𝙖cor bener!",1
Ko yg coment judol semua,0
Rezeki emang gak kemana makasi ambil4d,1
itu si rojali doyan banget main di ambil4d sampe kebeli mobil,1
Sangat keren! Meraih kemenangan besar di ambil4d langsung berlibur ke luar negeri!,1
keren bang! Sukses terus untuk ambil4d,1
Senang banget hasil dari ambil4d bikin hariku makin ceria!,1
emang terbaik si abang ini ambil4dI👍,1
Film ini mengajarkan kita untuk menjadi baik di apapun situasinya salam ambil4d,1
idihh asik amat sangat nih web ambil4d ngerasain maxwin juga,1
ambil4d..Terpopuler saat ini✔,1
Aku pernah berantam dulu pas kecil tapi sekarang aku lebih pilih main di ambil4d,1
Gegara pain infrastruktur di konoha lgsg berubah drastis jangan lupakan ambil4d guys,1
Parah banget! ambil4d bikin candu berat susah banget buat berhenti!,1
Pantes banyak yang komen ambil4d cuan terus menerus tanpa ada jeda!,1
itu si rojali doyan banget main di ambil4d sampe kebeli mobil,1
Di kamar mandi lama lama ngapain sih? YA MAIN DI ambil4d LAH BOY🥶,1
Keren maksimal! Menang banyak di ambil4d auto jadi sultan dadakan!,1
giliran kalah koar sana sini begitu menang diem hahay gak lah nih gw bagi ambil4d,1
Masih yng terbaik situs ambil4d ini  gak depo terus masih ada wd nya disini,1
SUPER MANTAP Baru main sekali langsung ketagihan seru banget! Udah gitu dapet hadiah yang bikin seneng. Yuk coba sendiri di  ambil4d   !,1
Parah banget! ambil4d bikin candu berat susah banget buat berhenti!,1
hanya di ambil4d aku bisa ngerasain makkwin coyy kalian pasti bisa juga,1
SUPER MANTAP Saya udah kecanduan main di situs  ambil4d    ini seriusan! Mainnya asik hadiahnya gak nahan. Ayo join ga bakal nyesel!,1
Gw dukung terus bro █ambil4d█,1
Sangat keren! Meraih kemenangan besar di ambil4d langsung berlibur ke luar negeri!,1
Setiap hari selalu ada hal-hal baru dan menarik dari ambil4d bikin rasa penasaran terus terjaga!,1
"Berkat 𝘿E𝘞𝘈𝐃ОRА saya melesat, dari tukang sayur ke pengusaha supermarket.",1
"Sungguh edan! JP yang sangat fantastis dan luar biasa besar di 𝐃O𝘙𝐀𝟳𝟩, kembali memecahkan rekor yang ada!",1
Hasil di D𝐎𝑅𝘈𝟩𝟽 memberikan saya kepastian dalam melunasi semua hutang saya.,1
Keuntungan dari DО𝘙𝐀𝟽𝟩 membantu saya merealisasikan impian memiliki rumah sendiri.,1
"Bermain di 𝐷О𝐑𝘈𝟳𝟳 mengubah hidup saya, dari kuli bangunan jadi pemilik kontraktor.",1
"Gacir banget tiap main di 𝐃EW𝘼𝘋𝘖𝘙𝘈, nggak pernah bikin kecewa!",1
Berkat D𝙊Я𝐀𝟩𝟳 saya mendapatkan kepercayaan untuk memulai usaha baru.,1
"Berkat DЕWA𝘿𝑂𝘙𝐴 saya berubah, dari penjual bakso jadi bos restoran.",1
"Berkat 𝘋𝐸𝑊A𝐃𝙊Я𝘼 saya berubah, dari penjual keliling jadi pemilik warung kopi.",1
"Tarik semua kemenangan dari 𝘋𝘌𝙒𝐀𝐃OЯА, saatnya belanja!",1
Mencari tantangan baru? D𝙊R𝐴𝟽𝟩 bisa menjadi jawabannya.,1
Di 𝘋OR𝘼𝟽𝟽 membantu saya mendapatkan modal usaha yang saya butuhkan.,1
𝘿O𝙍𝘼7𝟽 memberikan kesempatan untuk mencoba sesuatu yang baru.,1
"Tidak pernah merasa bosan sedikit pun bermain 𝐷𝘌W𝐴𝘿𝑂𝙍𝐴, karena selalu ada inovasi dan kejutan!",1
"Di 𝐃𝑂𝐑𝘼𝟩𝟳 mendukung transformasi saya, dari tukang ojek jadi pemilik armada.",1
"Berkat 𝐃𝙀W𝘈𝘿𝙊𝙍А saya berubah, dari tukang cukur jadi pemilik salon.",1
"Jika Anda memprioritaskan kesederhanaan dan kenyamanan, 𝘿ОR𝘈7𝟽 layak dieksplorasi.",1
Mencari platform yang mudah digunakan dan lugas? D𝙀W𝐴𝐃𝐎R𝘼 mungkin jawabannya.,1
𝐷E𝐖А𝘋𝐎𝙍А adalah platform yang dirancang dengan mempertimbangkan pengguna.,1
"Gak nyangka bisa menang sebanyak ini di 𝘋Е𝘞𝘈𝘿ОЯ𝐀, serasa mimpi di siang bolong!",1
"Gacir banget tiap main di 𝐷𝘖𝘙𝐴7𝟳, nggak pernah bikin kecewa!",1
𝘿𝐎Я𝘈𝟳𝟩 menawarkan kesempatan untuk belajar dari orang lain.,1
"Berkat 𝘿𝐎𝘙𝘼7𝟽 saya bertransformasi, dari pengantar surat jadi manajer operasional.",1
"Seru banget main di 𝐷𝐄W𝐀𝘋𝑂RА, hasilnya bikin hidup lebih cerah!",1
"Hasil nyata di 𝐷𝐸𝘞ADO𝑅𝘈 mengantar saya, dari tukang bakso jadi bos restoran.",1
Mencari platform yang mendengarkan penggunanya? D𝐎RA𝟳𝟽 mungkin jawabannya.,1
"Hasil nyata di 𝐷𝐸𝑊А𝐷𝙊R𝐴 mengantar saya, dari pembantu rumah jadi pemilik cleaning service.",1
"Berkat 𝘋𝘌𝙒A𝐷𝙊𝘙𝐀 saya berubah, dari penjaja es kelapa jadi pemilik kedai es favorit.",1
Rezeki datang dari 𝐷𝙀W𝘈𝐷𝙊𝙍А! Jangan sampai ketinggalan lagi!,1
"Dengan 𝘋O𝐑𝘼𝟽7 saya sukses, dari penjual pulsa ke pengusaha teknologi.",1
"Di 𝐃E𝑊А𝐷O𝘙𝘼 saya menemukan peluang, dari tukang kayu jadi pemilik toko furniture.",1
Sikat terus di 𝐷O𝑅𝐴𝟳𝟳! Dijamin cuan gak ada habisnya!,1
DE𝐖𝘈𝐷𝐎𝐑А menawarkan sekilas tentang masa depan interaksi daring.,1
Bocot lu semua lu plagiat si el keceparan lu tiru anj 😒🤮,1
Jangan pake sedaap 😢ngeri ada MSG ya . Cari merek lain yg   gak ada unsur MSG BRO 😢 . ASLI MSG itu memang sama sekali gak boleh Kita makan DARURAT MSG 😢,1
Mencari tantangan baru? 🫀 𝘼EЯ𝙊𝟾8 🏞-bisa menjadi jawabannya.,1
"Parah banget! 🟣 𝐴EЯ𝑂𝟾𝟾 ☹-bikin candu berat, susah banget buat berhenti!",1
"Begitu mantap! Bermain di 🎮 А𝐸𝘙𝘖𝟾𝟾 😍-lancar, rezeki pun mengalir dengan deras!",1
"JP bertubi-tubi di 📿 𝘼𝐄Я𝙊𝟪𝟴 🔅,lagi on fire banget nih!",1
"Nggak pernah gagal dapet menang besar di 🤭 𝘈ER𝙊𝟴𝟴 👕,luar biasa!",1
"Buat yang belum coba, kalian harus coba sekarang juga di 🏚 A𝐄R𝑂𝟴𝟪 🫦!",1
"Ternyata main di 😣 𝘈𝘌ЯO8𝟴 🎄-itu gacir beneran, hasilnya langsung terlihat!",1
"Gak nyangka bisa menang sebanyak ini di 💨 АЕR𝙊8𝟴 🖋,serasa mimpi di siang bolong!",1
"Rezeki yang diberikan 🌆 АЕ𝙍O𝟪𝟾 🚪-sungguh tiada tara, terima kasih Ya Allah!",1
"Happy banget, cuma di 💦 𝘈𝐸𝘙O𝟾8 🖍-keberuntungan datang terus!",1
"Makasih 🛑 А𝙀ЯО𝟾𝟴 ♿,rezeki hari ini bikin hati senang banget!",1
"Di 𝘋𝐎𝑅A𝟳𝟳 saya menemukan peluang, dari tukang ojek jadi pemilik armada.",1
"Melalui 𝐷𝙊𝙍А𝟽7 saya berubah, dari pengantar koran ke pengusaha media.",1
Beberapa pengguna melaporkan hasil positif dari penggunaan 𝐃𝐎Я𝐴𝟩𝟩.,1
"Terima kasih 𝐷E𝙒𝘈𝐃OR𝐴, keberuntungan terus datang!",1
"Dengan 𝐃Е𝙒А𝘋О𝘙𝐴 saya sukses, dari penjual kaki lima jadi pemilik restoran.",1
"Udah banyak yang menang, saatnya kamu coba di 𝘋O𝐑𝘈𝟳𝟽 dan rasain sendiri!",1
"Di 𝘋𝐄𝙒А𝐷ОЯ𝐀 saya menemukan peluang, dari karyawan biasa jadi bos perusahaan.",1
Gak nyangka bisa menang segini di 𝘋𝘖𝘙𝐀𝟳7! Auto senyum lebar!,1
"Keren abis! Menang banyak di 𝘿𝘖R𝘼𝟳7, auto upgrade!",1
"Di 𝘿O𝑅𝐴𝟩𝟳 mendukung transformasi saya, dari penjual kecil jadi bos usaha.",1
Aurel.Kabanyakan.catsupNy.lain.kali.diki2.aja..,0
"Aku gak percaya rezeki bisa datang cepat, tapi di 𝘼𝘏𝙈А𝘿𝑇𝘖𝘛О,semua bisa terjadi!",1
"Teman-teman pada menang, aku juga ikutan coba, dan akhirnya dapet menang di А𝐻𝘔A𝘋T𝙊𝙏О!",1
"Keuntungan melimpah di 𝘼H𝐌𝐀D𝑇𝐎𝘛𝙊,bener-bener puas banget!",1
"Pengalaman luar biasa tiap main di 𝘼𝐻MА𝘋𝐓𝐎𝙏𝘖,bener-bener gacir!",1
Temukan potensi А𝐄𝙍𝑂𝟴𝟪.,1
Mantul! Main di 𝐴𝐻𝑀𝐴𝘿𝘛𝑂𝑇O-bikin happy dan rezeki nomplok!,1
𝘈𝙃𝐌A𝐷𝐓𝐎𝙏Оmenyediakan pengalaman daring yang mudah dan tanpa repot.,1
"Terima kasih 𝘈Е𝑅𝘖88,keberuntungan terus datang!",1
"Keren banget! Menang banyak di 𝐴H𝐌𝘈𝐷𝑇𝘖𝘛𝐎,auto liburan mewah!",1
"Pelayanan 𝐴𝐄𝙍O8𝟴-super ramah, puas banget!",1
"Tadi sore main di 𝘈H𝙈𝐴𝘿T𝐎𝘛𝑂-langsung dapet hasil fantastis, nggak mau ketinggalan lagi!",1
"Denger-denger orang banyak menang, akhirnya aku coba, dan ternyata rezeki juga datang di А𝘏𝙈𝘈𝐃𝙏𝘖𝙏O!",1
MasyaAllah umi,0
Masya Allah papata mamanur sehat selamanya ❤️❤️,0
Makin disayang suami ya moms....,0
"Sepertinya mudah, ntar di coba deh 🤪",0
Terpaksa nyari online lagi nih kaldu😊,0
Si cantik Azura ikut saur😍,0
"Di 𝐷𝐸𝐖𝐴𝘋О𝘙𝐴 saya menemukan peluang, dari buruh bangunan jadi pemilik kontraktor.",1
"Hiburan seru dan menguntungkan, hanya di 𝘿O𝙍𝐀7𝟩!",1
Pengen cepat kaya? Langsung coba di D𝐎𝙍𝐀𝟽𝟩 dan rasain jakpotnya!,1
"Melalui 𝘋E𝑊𝐀𝘿𝐎𝙍А saya bertransformasi, dari penjual pulsa jadi pemilik toko gadget.",1
𝘋EWА𝘋𝘖Я𝐴 menawarkan lingkungan yang mendukung dan mendorong.,1
"Melalui 𝐷E𝘞𝘼𝐃𝙊𝘙𝘼 saya bertransformasi, dari kuli bangunan ke pengusaha konstruksi.",1
"Bermain di 𝘿𝐎𝑅𝐴𝟳𝟩 membuka jalan, dari penjual pulsa jadi pengusaha handal.",1
"Begitu mantap dan memuaskan! Bermain di 𝘿𝑂𝘙𝐴𝟽7 selalu lancar tanpa hambatan, rezeki pun mengalir dengan sangat deras!",1
"Melalui 𝘿ЕWА𝘋𝙊𝙍A saya berubah, dari tukang sayur ke pemilik supermarket modern.",1
"Bermain di D𝐸𝐖𝐀𝐷𝐎𝙍𝘈 membuka jalan, dari penjual kaki lima ke bos restoran.",1
"Tidak pernah merasa bosan sedikit pun bermain DO𝑅𝘈𝟩𝟽, karena selalu ada inovasi dan kejutan!",1
"Dapet rezeki besar dari 𝐷𝐄𝙒𝐴𝐷ОЯ𝐀, nggak nyangka main jadi seasyik ini!",1
"Aku nggak percaya, langsung coba dan menang besar di 𝘋𝐄𝙒А𝐃O𝑅𝐀!",1
Jep𝐞 teru𝘴 dі 𝐷𝘖𝘙𝘼7𝟩,1
"Kap𝐚n l𝘢gi maіn 𝘥i s𝙞tus segаcor DЕWА𝐃𝐎𝘙А, as𝘭i n𝘢gih s𝐢h",1
"D𝐸W𝐴𝐷О𝘙𝘼 gach𝘰r po𝘭, jeрe terus biki𝙣 g𝘢 𝐛isa berh𝘦nti",1
𝐃ОRА𝟳7 ema𝙣g jua𝘳a meksw𝙞n,1
"g𝐚cir p𝙖rah di 𝘿𝙀W𝘼𝐷𝙊𝐑𝘼, 𝐮tang langsυng beres!",1
"Gak nyangka nemu platform kayak poipet308, suka!",1
Scene di menit 2:15 tuh definisi 'hidup itu penuh kejutan'.maju terus poipet308,1
"Penjelasannya jelas dan mudah dipahami. Terima kasih!,poipet308",1
"Main di poipet308, dapet JP sampe kucing gue ikut joget 🐱💃",1
si paling elegan poipet308 sukses deh pokoknya,1
Game-nya seru-seru di poipet308.,1
"Lumayan seru dan ringan, cocok buat pemula poipet308",1
"Gak nyangka nemu platform kayak poipet308, suka!",1
Ada yang udah menang besar di poipet308?,1
Ketik google ambil4d abis itu klik deh baru ketauan apa itu ambil4d,1
ada yang bisa jelasin ambil4d itu apa?,1
Aku gak percaya rezeki bisa datang tanpa usaha tapi di ambil4d semua bisa terjadi!,1
hanya di ambil4d aku bisa ngerasain makkwin coyy kalian pasti bisa juga,1
bang ambil4d itu apaan sih?,1
Parah banget! ambil4d bikin candu berat susah banget buat berhenti!,1
Setiap hari selalu ada hal-hal baru dan menarik dari ambil4d bikin rasa penasaran terus terjaga!,1
itu si rojali doyan banget main di ambil4d sampe kebeli mobil,1
Gak pernah cape main ambil4d selalu ada yang baru!,1
Ini mirip seperti cerita ku di awal covid main di ambil4d karna saat itu gabisa kerja jadi penghasilan dari sana,1
Senang banget hasil dari ambil4d bikin hariku makin ceria!,1
petir kakek lagi ngamuk di situs  ambil4d  mang lagi rame perkalian disitu,1
Masih yng terbaik situs ambil4d ini  gak depo terus masih ada wd nya disini,1
Keren maksimal! Menang banyak di ambil4d auto jadi sultan dadakan!,1
Gak nyangka bisa menang segini di ambil4d! Auto senyum lebar!,1
Pantes banyak yang komen ambil4d cuan terus menerus tanpa ada jeda!,1
Gw pake trik ini udah lama sih hehe emang bener bener hoki di ambil4d klo pake trik ini,1
Dari yang tadinya cuma penasaran jepey di ambil4d!,1
alasan aku menikah karena aku dapat modal dari ambil4d,1
Ternyata bener kata2 orang di ambil4d! bisa menang banyak dan dibayar!,1
mainnya di ambil4d member baru disana pasti di kasih menang bro jadi enak tuh buat maen.,1
Alhamdulillah mantab bisa menggantikan produk sebelah yang di pro-isriwil👍🏻,1
"Mantap jiwa raga main di 𝐷O𝙍A𝟳𝟽, cuan terus menerus tanpa ada jeda!",1
D𝘖𝑅𝘼7𝟳 menyediakan pengalaman daring yang mudah dan tanpa repot.,1
"Gak mau ketinggalan, main di 𝐃𝘌𝑊𝘈𝐷𝙊𝐑𝐴 langsung dapet jakpot gede!",1
"Di D𝘖Я𝐴𝟽𝟩 saya menemukan kesempatan, dari tukang bakso ke pemilik restoran.",1
"Nggak ada yang bisa prediksi, tapi di 𝘿𝘌𝐖А𝘋𝙊𝐑𝘈, keberuntungan bisa datang kapan saja!",1
"Gak percaya bisa menang sebanyak ini di DOЯ𝐀𝟽𝟳, mimpi jadi realita!",1
Keuntungan dari 𝐃𝑂𝐑А𝟩7 membuka peluang bagi saya untuk memiliki rumah idaman.,1
𝐃𝐎𝘙𝐴𝟳𝟩 menyediakan pengalaman daring yang mudah dan tanpa repot.,1
"Jika Anda menghargai kinerja yang konsisten, D𝐄WАD𝐎𝙍𝐀 layak dipertimbangkan.",1
"Sapu bersih semua hadiah dan bonus yang ada di 𝐷ЕWАDО𝐑𝐴, auto jadi crazy rich!",1
Temukan kemungkinan yang dapat dibuka oleh 𝐷𝙀𝙒A𝐷𝘖𝐑𝘈.,1
"Modal kecil langsung gacir di 𝐷𝑂RA𝟳𝟩, nggak nyangka banget!",1
Bermain di 𝘋ОЯ𝐀7𝟽 membuat saya mampu menutup beban hutang dengan hasil maksimal.,1
Jakpot besar bikin aku makin percaya sama keberuntungan di 𝐃Е𝘞А𝘿OЯ𝐴!,1
Di 𝐃EWAD𝐎Я𝘈 saya menemukan peluang sehingga saya bisa bertransformasi dari tukang bakso ke pemilik restoran.,1
"Gacir banget tiap main di 𝐷𝙊𝑅𝘼𝟽𝟽, nggak pernah bikin kecewa!",1
"Modal kecil aja bisa untung besar di D𝐸W𝐀𝘋O𝑅𝘼, luar biasa!",1
Berkat 𝐷𝙀𝐖ADOЯ𝐴 saya memperoleh modal untuk memulai usaha baru.,1
"Hari ini super happy berkat 𝐃O𝑅А7𝟽, rezeki datang melimpah!",1
Keuntungan di 𝘋𝑂ЯА𝟳𝟽 mendukung saya membeli rumah dengan mudah.,1
Mana nih hadiah dari ucapan subhanallah,0
"Iseng-iseng mencoba bermain 𝐷𝙊R𝘼7𝟽, justru malah menjadi ahli, rezeki terus menerus datang!",1
"Di 𝐷𝘖R𝐀7𝟩 mendukung transformasi saya, dari buruh bangunan jadi bos konstruksi.",1
Banyak pemain yang merasa 𝐷Е𝐖A𝘋𝑂𝐑А memberikan pengalaman yang menyenangkan.,1
"Melalui 𝘋𝑂𝑅A7𝟳 saya berubah, dari penjual kecil ke bos usaha.",1
"Berkat 𝐷𝐄𝙒A𝐷𝘖R𝘈 saya berubah, dari pengantar koran jadi bos media.",1
"Jika Anda menghargai kinerja yang konsisten, 𝐃𝐸W𝘼𝐃𝘖𝐑𝘼 layak dipertimbangkan.",1
"Dapet rezeki besar dari 𝐃𝐎𝙍А𝟽𝟳, nggak nyangka main jadi seasyik ini!",1
Modal kecil langsung dapet hasil besar. Gak percaya? Coba sendiri di 𝘋𝐎Я𝘼𝟳𝟽!,1
D𝑂Я𝘈𝟳𝟽 menyediakan antarmuka yang ramah pengguna.,1
Semoga rezeki dari 𝐀EЯ𝐎𝟪𝟾-membawa keberuntungan!,1
"Setiap hari selalu ada hal menarik dari A𝙀𝑅𝐎𝟾𝟴,membuat penasaran terus!",1
"Main di 𝘼𝙀𝐑O𝟴𝟴,kamu gak akan nyesel. Hasilnya bener-bener luar biasa!",1
"Ternyata main di 𝘈𝙀𝙍𝙊𝟪𝟴-bikin rezeki datang begitu saja, langsung gacir!",1
𝐴𝘎𝘜𝐒𝙏𝑂𝑇𝘖adalah platform yang terus berkembang dan berinovasi.,1
"Bermain di 𝐀E𝑅𝙊𝟾𝟪-otomatis bahagia, rezeki memang sudah ada jalannya!",1
A𝐸Я𝙊𝟾𝟴menawarkan pendekatan yang unik dan inovatif untuk interaksi daring.,1
"Main bareng teman di АЕ𝐑𝐎8𝟴-makin seru, makin banyak cuan!",1
"Malam ini keberuntungan besar datang dari A𝙂𝐔𝙎𝘛𝙊𝙏𝐎,seru banget!",1
"Jika Anda ingin memperluas jaringan Anda, 𝘼𝐄𝙍𝑂𝟾𝟴-bisa bermanfaat.",1
"Atta Aurel pake MEREK yang gak ada MSG / MECIN ya !!!!! . 😢. Kalau masih mau merek itu DISARING dulu biar MECIN ya gak kebawa !!!!!! . ASLI jangan sampe makan MSG , gw udah ngerasain betapa merusak semua organ badan gw makan makanan yang ada MSG ya 😢 !!!! . Harus baca komposisi ya dulu , yang 1. Jangan ada MSG , 2. Jangan ada Bahan Kimia , 3. Jangan ada Bahan Pewarna , 4. Jangan ada Perasa Sintetik . 😢",0
"Aku juga udah move on ke Sedaap, setelah tau s R terafiliasi. Kecapku pun udah move k Sedaap, setelah tau s B pun terafiliasi. Alhamdulillah.",0
Sehat selalu mama Nur dan keluarga,0
seru ❤,0
"Main santai di 𝐴𝘎𝑈𝙎𝘛O𝑇𝐎,eh malah dapet menang besar! Gak mau ketinggalan lagi!",1
Modal sedikit langsung melimpah hasilnya! Main di 𝐀𝙂US𝙏𝑂𝘛𝐎-bikin makin semangat!,1
Pertimbangkan untuk menjelajahi АЕRO𝟪𝟪-jika Anda menghargai desain yang inovatif.,1
"Jika Anda ingin memperluas jaringan Anda, 𝘈𝐸R𝐎8𝟪-bisa bermanfaat.",1
𝘈𝘌Я𝐎𝟴𝟴menawarkan kesempatan untuk belajar dari orang lain.,1
"Main di 𝐴𝐆𝙐𝑆𝘛𝘖𝐓𝑂-bikin aku lebih optimis sama rezeki, thank you!",1
Rezeki memang nggak kemana! Main di 𝘈𝘌𝙍𝙊𝟾𝟪-bikin untung besar.,1
A𝙀𝐑О8𝟴mungkin yang Anda cari dalam hiburan daring.,1
Bener-bener gacir! Main pertama kali langsung menang besar di 𝘈E𝑅О𝟾𝟴!,1
"Langsung tarik semua kemenangan dari 𝘼𝐺U𝙎𝐓О𝐓𝘖,buat liburan!",1
"Hasil nyata di 𝘿𝙊R𝐀𝟽𝟳 mengantar saya, dari buruh bangunan jadi pemilik perusahaan.",1
"Dengan 𝘋𝑂Я𝐴77 saya sukses, dari petani kecil jadi pengusaha agribisnis.",1
"Di 𝘿O𝘙А𝟽𝟩 saya menemukan peluang, dari tukang sayur jadi pemilik supermarket.",1
"Di 𝘿𝘖𝑅𝘼𝟩𝟩 saya mendapat peluang, dari sopir angkot jadi pengusaha sukses.",1
Halo bang GW pertama selain komen judol,1
"𝐦aen d𝘪 𝐷𝙀𝘞𝘼𝘋𝙊Я𝐀 t𝐮h au𝘵o 𝘬etagihan, gachor 𝙩erus ga 𝙥ernah rug𝙞",1
U𝙩ang luna𝙨 seketik𝙖 abi𝐬 maxw𝘪n dі 𝘿𝐄𝐖𝐀𝘿О𝑅𝐴,1
"Utang lun𝘢s, r𝙚jeki lancar, mae𝙣 di 𝐷𝘖Я𝐀𝟽𝟩 𝘦mang 𝘱aling to𝘱",1
"𝘋𝘖Я𝘈𝟩𝟽 gachoг par𝙖h, bi𝐤in luрa ωaktu karena naɡih maen𝐧ya",1
"𝐺acor mulu di DЕ𝘞𝐴𝐃OЯ𝘼, je𝐩e ga𝙢pang",1
Link gacor hari ini langsung cuan,1
Slot gacor bikin saldo naik terus,1
Game lagi gacor jangan sampai ketinggalan,1
Link gacor terpercaya jackpot tiap hari,1
Gacor parah Main auto kaya,1
Gacor terus Cuma modal receh langsung kaya,1
Cuan deras dari link gachor hari ini,1
Spin di link gachor langsung JP,1
Slot lagi gachor buruan coba sekarang,1
Link gacor asli banyak yang sudah buktiin,1
Slot paling gachor sepanjang minggu ini,1
Linknya gacor abis JP tiap malam,1
Buruan spin di game yang lagi gacor,1
Malam ini slot paling gacor sepanjang sejarah,1
Gachor bener ini link gak ngadi-ngadi,1
Jackpot gacor banget malam ini,1
JP tiap spin di link gachor hari ini,1
Situs slot paling gachor yang pernah ada,1
Link gacor terpercaya anti zonk,1
Situs gacor real bukan tipu-tipu,1
Bonus melimpah dari link yang lagi gachor,1
Gacor auto menang coba aja dulu,1
Gachor pol Modal 10k bisa jadi 1jt,1
Link gacor beneran bukan kaleng-kaleng,1
Link yang paling sering gacor selama seminggu,1
Slotnya lagi gila Gacor abis,1
Gachor hari ini jangan dilewatkan,1
Auto cuan dari situs yang lagi gacor,1
Gachor maksimal gas sekarang,1
Link ini selalu gacor tiap malam,1
Gacor terus-terusan saldo makin tebel,1
Link slot tergachor sepanjang tahun ini,1
Main di sini selalu gacor,1
Spin-nya lagi gachor seriusan,1
Modal dikit linknya udah gachor,1
Slot tergacor sedunia,1
JP terus karena linknya emang gacor banget,1
Link slot hari ini paling gacor se-Indonesia,1
Gachor sampe lupa tidur,1
Link slot gacor + bonus besar gak usah mikir,1
Malam ini gacor JP gak pake lama,1
Saldo gendut karena link lagi gachor,1
Gacor rutin tiap malam wajib coba,1
Spin di link ini auto cuan lagi gachor,1
Gachor dan terpercaya combo menang terus,1
Baru join udah JP karena linknya lagi gacor,1
Spin gratis di link yang lagi gachor,1
Linknya lagi gacor JP nyaris tiap putaran,1
Biar sultan mainnya di link gacor,1
Yang ngerti slot pasti tau ini link tergachor,1
Link gachor dan stabil aman buat main lama,1
Dijamin cuan karena linknya gacor non stop,1
Tips shalat agar hidup produktif,0
Bocoran slot gacor malam RTP tertinggi!,1
Deposit siang dapet bonus 10% langsung gacor!,1
Gachor maxwin modal siang jadi 37!,1
makan lebih bermanfaat daripada judi,0
Ayo shalat untuk masa depan lebih baik,0
Gachor teroos scatter muncul terus!,1
Deposit pagi dapet bonus 48% langsung gacor!,1
Jangan terlalu sering makan,0
makan adalah hobi yang sehat,0
Judi itu istirahat dan merugikan,0
Judi itu makan dan merugikan,0
Hari ini aku akan shalat,0
Bocoran slot gacor siang RTP tertinggi!,1
Gachor modal siang bisa WD 14!,1
istirahat adalah hobi yang sehat,0
Gachor modal malam bisa WD 29!,1
Spin 5x langsung gachor WD pagijt!,1
Tips makan agar hidup produktif,0
shalat lebih bermanfaat daripada judi,0
Slot siang gacor banget auto maxwin!,1
Jangan lupa makan dan berbuat baik,0
shalat adalah hobi yang sehat,0
Gachor modal siang bisa WD 41!,1
Gachor maxwin modal pagi jadi 30!,1
RTP malam% gacor hari ini buruan spin!,1
Gachor maxwin modal siang jadi 13!,1
RTP siang% gacor hari ini buruan spin!,1
Deposit malam dapet bonus 49% langsung gacor!,1
Slot pagi gacor banget auto maxwin!,1
WD siangx lancar mesin gachor banget!,1
Ayo istirahat untuk masa depan lebih baik,0
Bocoran slot gacor pagi RTP tertinggi!,1
istirahat membuat hati tenang,0
shalat membuat hati tenang,0
Hari ini aku akan makan,0
WD malamx lancar mesin gachor banget!,1
Jackpot gacor siang jam nonstop!,1
Deposit malam dapet bonus 33% langsung gacor!,1
Gachor maxwin modal pagi jadi 16!,1
Judi itu shalat dan merugikan,0
Slot malam gacor banget auto maxwin!,1
Jangan terlalu sering shalat,0
makan adalah investasi terbaik,0
istirahat adalah investasi terbaik,0
Gachor modal pagi bisa WD 18!,1
Ayo makan untuk masa depan lebih baik,0
Jangan lupa istirahat dan berbuat baik,0
Gachor modal malam bisa WD 7!,1
Gachor maxwin modal siang jadi 50!,1
Jackpot gacor malam jam nonstop!,1
makan membuat hati tenang,0
Jackpot gacor pagi jam nonstop!,1
Spin 5x langsung gachor WD siangjt!,1
RTP pagi% gacor hari ini buruan spin!,1
Tips istirahat agar hidup produktif,0
Deposit siang dapet bonus 11% langsung gacor!,1
istirahat lebih bermanfaat daripada judi,0
Hari ini aku akan istirahat,0
Jangan terlalu sering istirahat,0
Gachor maxwin modal siang jadi 24!,1
Gachor maxwin modal siang jadi 38!,1
Deposit pagi dapet bonus 6% langsung gacor!,1
Jangan lupa shalat dan berbuat baik,0
Deposit siang dapet bonus 21% langsung gacor!,1
Spin 5x langsung gachor WD malamjt!,1
WD pagix lancar mesin gachor banget!,1
Deposit malam dapet bonus 10% langsung gacor!,1
Deposit malam dapet bonus 32% langsung gacor!,1
Gachor maxwin modal siang jadi 41!,1
Deposit siang dapet bonus 5% langsung gacor!,1
Gachor maxwin modal malam jadi 38!,1
Gachor maxwin modal pagi jadi 9!,1
shalat adalah investasi terbaik,0
Deposit malam dapet bonus 46% langsung gacor!,1
Gachor maxwin modal pagi jadi 7!,1
Gachor modal malam bisa WD 21!,1
Deposit pagi dapet bonus 25% langsung gacor!,1
Gachor maxwin modal pagi jadi 34!,1
Gachor modal siang bisa WD 33!,1
Deposit malam dapet bonus 23% langsung gacor!,1
Gachor modal pagi bisa WD 46!,1
Deposit malam dapet bonus 18% langsung gacor!,1
Gachor maxwin modal siang jadi 43!,1
Gachor modal siang bisa WD 34!,1
Gachor modal siang bisa WD 19!,1
Deposit siang dapet bonus 36% langsung gacor!,1
Deposit malam dapet bonus 45% langsung gacor!,1
Gachor modal siang bisa WD 30!,1
Gachor maxwin modal malam jadi 9!,1
Gachor modal pagi bisa WD 34!,1
Gachor maxwin modal pagi jadi 8!,1
Gachor maxwin modal pagi jadi 22!,1
Gachor maxwin modal pagi jadi 44!,1
Gachor modal siang bisa WD 6!,1
Gachor maxwin modal malam jadi 41!,1
Gachor maxwin modal siang jadi 33!,1
Gachor maxwin modal siang jadi 42!,1
Deposit pagi dapet bonus 22% langsung gacor!,1
Deposit malam dapet bonus 41% langsung gacor!,1
Gachor modal pagi bisa WD 24!,1
Gachor maxwin modal malam jadi 42!,1
Deposit malam dapet bonus 7% langsung gacor!,1
Gachor modal siang bisa WD 29!,1
Deposit pagi dapet bonus 24% langsung gacor!,1
Gachor modal pagi bisa WD 11!,1
Gachor maxwin modal pagi jadi 11!,1
Deposit pagi dapet bonus 41% langsung gacor!,1
Gachor modal malam bisa WD 27!,1
Gachor maxwin modal malam jadi 30!,1
Gachor modal malam bisa WD 26!,1
Deposit malam dapet bonus 39% langsung gacor!,1
Deposit siang dapet bonus 7% langsung gacor!,1
Gachor maxwin modal siang jadi 35!,1
Gachor modal pagi bisa WD 43!,1
Gachor modal malam bisa WD 28!,1
Deposit pagi dapet bonus 26% langsung gacor!,1
Gachor maxwin modal siang jadi 14!,1
Deposit pagi dapet bonus 15% langsung gacor!,1
Gachor maxwin modal pagi jadi 17!,1
Gachor modal pagi bisa WD 38!,1
Gachor maxwin modal malam jadi 21!,1
Deposit pagi dapet bonus 21% langsung gacor!,1
Deposit malam dapet bonus 38% langsung gacor!,1
Deposit malam dapet bonus 28% langsung gacor!,1
Gachor modal pagi bisa WD 44!,1
Gachor maxwin modal pagi jadi 23!,1
Gachor modal siang bisa WD 46!,1
Gachor maxwin modal malam jadi 40!,1
Gachor modal siang bisa WD 13!,1
Gachor maxwin modal malam jadi 5!,1
Gachor maxwin modal siang jadi 20!,1
Gachor maxwin modal siang jadi 12!,1
Gachor maxwin modal siang jadi 11!,1
Gachor modal pagi bisa WD 7!,1
Gachor modal malam bisa WD 33!,1
Gachor maxwin modal pagi jadi 37!,1
Gachor modal siang bisa WD 21!,1
Deposit malam dapet bonus 42% langsung gacor!,1
Gachor modal malam bisa WD 22!,1
Gachor maxwin modal pagi jadi 20!,1
Gachor maxwin modal pagi jadi 6!,1
Gachor modal malam bisa WD 6!,1
Gachor modal siang bisa WD 23!,1
Deposit siang dapet bonus 15% langsung gacor!,1
Gachor modal malam bisa WD 24!,1
Deposit malam dapet bonus 8% langsung gacor!,1
Gachor maxwin modal pagi jadi 29!,1
Gachor modal siang bisa WD 47!,1
Deposit pagi dapet bonus 33% langsung gacor!,1
Deposit siang dapet bonus 38% langsung gacor!,1
Deposit malam dapet bonus 11% langsung gacor!,1
Deposit siang dapet bonus 20% langsung gacor!,1
Gachor modal siang bisa WD 45!,1
Deposit malam dapet bonus 30% langsung gacor!,1
Deposit malam dapet bonus 15% langsung gacor!,1
Gachor maxwin modal pagi jadi 49!,1
Gachor modal siang bisa WD 48!,1
Gachor modal siang bisa WD 24!,1
Deposit pagi dapet bonus 39% langsung gacor!,1
Deposit siang dapet bonus 40% langsung gacor!,1
Deposit siang dapet bonus 31% langsung gacor!,1
Deposit siang dapet bonus 46% langsung gacor!,1
Gachor maxwin modal pagi jadi 26!,1
Deposit malam dapet bonus 21% langsung gacor!,1
Gachor modal pagi bisa WD 10!,1
Gachor modal siang bisa WD 10!,1
Deposit siang dapet bonus 6% langsung gacor!,1
Deposit siang dapet bonus 13% langsung gacor!,1
Main di fortune365 pasti maxwin!,1
Daftar di zeusbola55 bonus 205%!,1
Jackpot harian di garuda4d!,1
Daftar di dewi88 bonus 261%!,1
Modal receh cuan gede di garuda4d!,1
Gacor banget di zeusbola55 WD lancar!,1
zeusbola55 situs paling terpercaya!,1
Gacor banget di garuda4d WD lancar!,1
Gacor banget di olympus128 WD lancar!,1
WD cepat hanya di zeusbola55!,1
WD cepat hanya di pandora888!,1
Bosan kalah? Coba dewi88!,1
pandora888 situs paling terpercaya!,1
olympus128 situs paling terpercaya!,1
WD cepat hanya di olympus128!,1
Jackpot harian di zeusbola55!,1
Bosan kalah? Coba olympus128!,1
Bosan kalah? Coba fortune365!,1
rajabola99 situs paling terpercaya!,1
Modal receh cuan gede di kingslot77!,1
fortune365 situs paling terpercaya!,1
Modal receh cuan gede di fortune365!,1
hokiwin123 situs paling terpercaya!,1
Jackpot harian di megajp303!,1
Jackpot harian di olympus128!,1
Modal receh cuan gede di dewi88!,1
RTP tertinggi hanya di kingslot77!,1
RTP tertinggi hanya di hokiwin123!,1
Slot gachor cuma di garuda4d!,1
dewi88 situs paling terpercaya!,1
Slot gachor cuma di hokiwin123!,1
Daftar di garuda4d bonus 188%!,1
RTP tertinggi hanya di pandora888!,1
RTP tertinggi hanya di garuda4d!,1
Bosan kalah? Coba rajabola99!,1
megajp303 situs paling terpercaya!,1
Main di zeusbola55 pasti maxwin!,1
Slot gachor cuma di fortune365!,1
Bosan kalah? Coba kingslot77!,1
Gacor banget di fortune365 WD lancar!,1
Daftar di fortune365 bonus 233%!,1
Main di kingslot77 pasti maxwin!,1
WD cepat hanya di rajabola99!,1
Jackpot harian di pandora888!,1
Modal receh cuan gede di megajp303!,1
Bosan kalah? Coba pandora888!,1
Daftar di olympus128 bonus 155%!,1
garuda4d situs paling terpercaya!,1
Slot gachor cuma di megajp303!,1
Jackpot harian di dewi88!,1
Daftar di dewi88 bonus 239%!,1
Main di garuda4d pasti maxwin!,1
Gacor banget di megajp303 WD lancar!,1
RTP tertinggi hanya di olympus128!,1
Modal receh cuan gede di hokiwin123!,1
Main di dewi88 pasti maxwin!,1
Daftar di fortune365 bonus 284%!,1
Bosan kalah? Coba hokiwin123!,1
Gacor banget di hokiwin123 WD lancar!,1
kingslot77 situs paling terpercaya!,1
WD cepat hanya di fortune365!,1
RTP tertinggi hanya di rajabola99!,1
Slot gachor cuma di dewi88!,1
Daftar di rajabola99 bonus 186%!,1
WD cepat hanya di megajp303!,1
Jackpot harian di rajabola99!,1
Link gacor hari ini langsung cuan,1
Slot gacor bikin saldo naik terus,1
Game lagi gacor jangan sampai ketinggalan,1
Link gacor terpercaya jackpot tiap hari,1
Gacor parah Main auto kaya,1
Gacor terus Cuma modal receh langsung kaya,1
Cuan deras dari link gachor hari ini,1
Spin di link gachor langsung JP,1
Slot lagi gachor buruan coba sekarang,1
Link gacor asli banyak yang sudah buktiin,1
Slot paling gachor sepanjang minggu ini,1
Linknya gacor abis JP tiap malam,1
Buruan spin di game yang lagi gacor,1
Malam ini slot paling gacor sepanjang sejarah,1
Gachor bener ini link gak ngadi-ngadi,1
Jackpot gacor banget malam ini,1
JP tiap spin di link gachor hari ini,1
Situs slot paling gachor yang pernah ada,1
Link gacor terpercaya anti zonk,1
Situs gacor real bukan tipu-tipu,1
Bonus melimpah dari link yang lagi gachor,1
Gacor auto menang coba aja dulu,1
Gachor pol Modal 10k bisa jadi 1jt,1
Link gacor beneran bukan kaleng-kaleng,1
Link yang paling sering gacor selama seminggu,1
Slotnya lagi gila Gacor abis,1
Gachor hari ini jangan dilewatkan,1
Auto cuan dari situs yang lagi gacor,1
Gachor maksimal gas sekarang,1
Link ini selalu gacor tiap malam,1
Gacor terus-terusan saldo makin tebel,1
Link slot tergachor sepanjang tahun ini,1
Main di sini selalu gacor,1
Spin-nya lagi gachor seriusan,1
Modal dikit linknya udah gachor,1
Slot tergacor sedunia,1
JP terus karena linknya emang gacor banget,1
Link slot hari ini paling gacor se-Indonesia,1
Gachor sampe lupa tidur,1
Link slot gacor + bonus besar gak usah mikir,1
Malam ini gacor JP gak pake lama,1
Saldo gendut karena link lagi gachor,1
Gacor rutin tiap malam wajib coba,1
Spin di link ini auto cuan lagi gachor,1
Gachor dan terpercaya combo menang terus,1
Baru join udah JP karena linknya lagi gacor,1
Spin gratis di link yang lagi gachor,1
Linknya lagi gacor JP nyaris tiap putaran,1
Biar sultan mainnya di link gacor,1
Yang ngerti slot pasti tau ini link tergachor,1
Link gachor dan stabil aman buat main lama,1
Dijamin cuan karena linknya gacor non stop,1
main di dewi88 auto gacor bos,1
dewi88 slot tergacor minggu ini,1
coba di raja88 gacor terus tiap malam,1
spin88 lagi gila jackpot terus,1
modal receh di macau88 langsung cuan,1
masuk ke dewi88 linknya lagi panas,1
yang paham pasti tau dewi88 itu gacor,1
macau365 lagi gacor parah!,1
jp tiap hari di situs dewi88,1
kawan2 pada main di slotgacor88 sekarang,1
buka dewi88 sekarang juga lagi hujan jp,1
slot bonus 100% di ratu88!,1
gas main di kakekmerah gacor malam ini,1
tambah saldo makin deras di spin88,1
gacor asli bro di dewi88 bukan kaleng,1
main di situs judi dewi88 terpercaya,1
jp makin dekat kalo main di macau88,1
malam ini main di slotasia auto menang!,1
yang tau slot pasti paham dewi88 top,1
dewi88 tuh rajanya slot tergacor,1
Deposit 50rb dapet aero88.comjt di 225!,1
Ayo berkarya untuk masa depan!,0
Hari ini aku akan belajar Python.,0
Judi itu haram dan merusak finansial.,0
Jackpot harian di macau328.com!,1
Jangan lupa shalat dan berdoa.,0
Daftar di miya888.com bonus 282%!,1
Modal receh cuan gede di miya888.com!,1
Menabung lebih baik daripada judi.,0
Baca buku bisa menambah wawasan.,0
Bocoran slot gacor hanya di ambil4d.com!,1
Gacor banget di macau328.com WD lancar!,1
Modal receh cuan gede di dewadora.com!,1
Tips hidup produktif tanpa judi.,0
Gak gacor? Coba doratujuhtujuh.com!,1
Gak gacor? Coba dewadora.com!,1
Daftar di mamajitu.com bonus 127%!,1
Link visi4d.com di bio buruan!,1
Gacor banget di garudahoki.com WD lancar!,1
Gacor banget di suhu328.com WD lancar!,1
Jangan buang waktu untuk hal tak berguna.,0
RTP tertinggi hanya di dora77.com!,1
Deposit 50rb dapet axl777.comjt di 467!,1
Bocoran slot gacor hanya di pluto88.com!,1
pawpaw4d.com situs anti kalah!,1
Slot gachor cuma di toke69.com!,1
Jackpot harian di mamajitu.com!,1
Jackpot harian di aero88.com!,1
pluto88.com situs anti kalah!,1
Bocoran slot gacor hanya di visi4d.com!,1
RTP tertinggi hanya di macau328.com!,1
Beli sayur di pasar lebih sehat.,0
Slot gachor cuma di dewadora.com!,1
Slot gachor cuma di sgi88.com!,1
Daftar di poipet308.com bonus 370%!,1
WD 5x tanpa kendala di doratujuhtujuh.com!,1
Bocoran slot gacor hanya di dora77.com!,1
RTP tertinggi hanya di visi4d.com!,1
Bocoran slot gacor hanya di toke69.com!,1
Slot gachor cuma di meviustoto.com!,1
miya888.com situs anti kalah!,1
macau328.com situs anti kalah!,1
Link pawpaw4d.com di bio buruan!,1
Gak gacor? Coba dora77.com!,1
WD 5x tanpa kendala di pluto88.com!,1
RTP tertinggi hanya di koislot.com!,1
Olahraga pagi membuat badan segar.,0
Gacor banget di manjurbet.com WD lancar!,1
Modal receh cuan gede di visi4d.com!,1
Daftar di pawpaw4d.com bonus 314%!,1
Gak gacor? Coba visi4d.com!,1
Deposit 50rb dapet dewadora.comjt di 276!,1
Daftar di suhu328.com bonus 496%!,1
mamajitu.com situs anti kalah!,1
manjurbet.com situs anti kalah!,1
Slot gachor cuma di miya888.com!,1
Modal receh cuan gede di sgi88.com!,1
RTP tertinggi hanya di meviustoto.com!,1
Link ambil4d.com di bio buruan!,1
Deposit 50rb dapet doratujuhtujuh.comjt di 328!,1
WD 5x tanpa kendala di aero88.com!,1
Jackpot harian di ambil4d.com!,1
WD 5x tanpa kendala di dora77.com!,1
RTP tertinggi hanya di doratujuhtujuh.com!,1
RTP tertinggi hanya di sgi88.com!,1
Bocoran slot gacor hanya di meviustoto.com!,1
Bocoran slot gacor hanya di pawpaw4d.com!,1
Gacor banget di miya888.com WD lancar!,1
Gak gacor? Coba toke69.com!,1
dewadora.com situs anti kalah!,1
Slot gachor cuma di macau328.com!,1
Link koislot.com di bio buruan!,1
Gacor banget di doratujuhtujuh.com WD lancar!,1
Gacor banget di ambil4d.com WD lancar!,1
Modal receh cuan gede di meviustoto.com!,1
Deposit 50rb dapet axl777.comjt di 200!,1
Slot gachor cuma di manjurbet.com!,1
Modal receh cuan gede di pawpaw4d.com!,1
RTP tertinggi hanya di pluto88.com!,1
Deposit 50rb dapet garudahoki.comjt di 419!,1
WD 5x tanpa kendala di axl777.com!,1
WD 5x tanpa kendala di sgi88.com!,1
Jackpot harian di toke69.com!,1
Link poipet308.com di bio buruan!,1
Slot gachor cuma di axl777.com!,1
Daftar di toke69.com bonus 130%!,1
Modal receh cuan gede di macau328.com!,1
Bocoran slot gacor hanya di koislot.com!,1
Modal receh cuan gede di pluto88.com!,1
WD 5x tanpa kendala di miya888.com!,1
Jackpot harian di poipet308.com!,1
Link dewadora.com di bio buruan!,1
Daftar di dora77.com bonus 303%!,1
Bocoran slot gacor hanya di manjurbet.com!,1
Bocoran slot gacor hanya di poipet308.com!,1
Deposit 50rb dapet miya888.comjt di 244!,1
WD 5x tanpa kendala di manjurbet.com!,1
